pdf,thumb,ok,width,height,bytes,error
D:\Documentos\The Liberator\The Liberator 1 - Government Scam\Government  and Wall St Crime and Corruption\9-11 False Flag\Beyond-Misinformation-2015.pdf,D:\Documentos\The Liberator\The Liberator 1 - Government Scam\Government  and Wall St Crime and Corruption\9-11 False Flag\Beyond-Misinformation-2015.cover.jpg,True,464,600,57980,
D:\Documentos\The Liberator\The Liberator 1 - Government Scam\Government  and Wall St Crime and Corruption\9-11 False Flag\The Dancing Israelis- Mossad Foreknowledge by Whitney Webb.pdf,D:\Documentos\The Liberator\The Liberator 1 - Government Scam\Government  and Wall St Crime and Corruption\9-11 False Flag\The Dancing Israelis- Mossad Foreknowledge by Whitney Webb.cover.jpg,True,464,600,59258,
D:\Documentos\The Liberator\The Liberator 1 - Government Scam\Government  and Wall St Crime and Corruption\9-11 False Flag\World-Trade-Center-Physics.pdf,D:\Documentos\The Liberator\The Liberator 1 - Government Scam\Government  and Wall St Crime and Corruption\9-11 False Flag\World-Trade-Center-Physics.cover.jpg,True,450,600,36913,
D:\Documentos\The Liberator\The Liberator 1 - Government Scam\Government  and Wall St Crime and Corruption\Brain Washing and Cult Indoctrination Techniques\9 Reasons Not To Join The US Military by Wise Sloth.pdf,D:\Documentos\The Liberator\The Liberator 1 - Government Scam\Government  and Wall St Crime and Corruption\Brain Washing and Cult Indoctrination Techniques\9 Reasons Not To Join The US Military by Wise Sloth.cover.jpg,True,464,600,39687,
D:\Documentos\The Liberator\The Liberator 1 - Government Scam\Government  and Wall St Crime and Corruption\Brain Washing and Cult Indoctrination Techniques\How and why military basic training brainwashes recruits.pdf,D:\Documentos\The Liberator\The Liberator 1 - Government Scam\Government  and Wall St Crime and Corruption\Brain Washing and Cult Indoctrination Techniques\How and why military basic training brainwashes recruits.cover.jpg,True,464,600,44806,
D:\Documentos\The Liberator\The Liberator 1 - Government Scam\Government  and Wall St Crime and Corruption\Brain Washing and Cult Indoctrination Techniques\The Military is a Cult by Wise Sloth.pdf,D:\Documentos\The Liberator\The Liberator 1 - Government Scam\Government  and Wall St Crime and Corruption\Brain Washing and Cult Indoctrination Techniques\The Military is a Cult by Wise Sloth.cover.jpg,True,464,600,50395,
D:\Documentos\The Liberator\The Liberator 1 - Government Scam\Government  and Wall St Crime and Corruption\Clinton Foundation and Body Count\clinton-foundation-infographic-the-epoch-times.pdf,D:\Documentos\The Liberator\The Liberator 1 - Government Scam\Government  and Wall St Crime and Corruption\Clinton Foundation and Body Count\clinton-foundation-infographic-the-epoch-times.cover.jpg,True,600,593,101346,
"D:\Documentos\The Liberator\The Liberator 1 - Government Scam\Government  and Wall St Crime and Corruption\Diet, Injections and Injunctions - Poisoning Food, Water, and Vaccines\Ancient Science of Food and Mental Lethargy-Alan_Watt_Dec 7 2006.pdf","D:\Documentos\The Liberator\The Liberator 1 - Government Scam\Government  and Wall St Crime and Corruption\Diet, Injections and Injunctions - Poisoning Food, Water, and Vaccines\Ancient Science of Food and Mental Lethargy-Alan_Watt_Dec 7 2006.cover.jpg",True,464,600,66740,
"D:\Documentos\The Liberator\The Liberator 1 - Government Scam\Government  and Wall St Crime and Corruption\Diet, Injections and Injunctions - Poisoning Food, Water, and Vaccines\Artificial Food Colorings\The Dark Side of the Rainbow of Food Dyes Being Used to Color Your Food.pdf","D:\Documentos\The Liberator\The Liberator 1 - Government Scam\Government  and Wall St Crime and Corruption\Diet, Injections and Injunctions - Poisoning Food, Water, and Vaccines\Artificial Food Colorings\The Dark Side of the Rainbow of Food Dyes Being Used to Color Your Food.cover.jpg",True,464,600,45853,
"D:\Documentos\The Liberator\The Liberator 1 - Government Scam\Government  and Wall St Crime and Corruption\Diet, Injections and Injunctions - Poisoning Food, Water, and Vaccines\Atrazine - Pesticide and Endocrine Disruptor\Atrazine induces complete feminization and chemicalcastration in male African clawed frogs-Tyrone Hayes 2010.pdf","D:\Documentos\The Liberator\The Liberator 1 - Government Scam\Government  and Wall St Crime and Corruption\Diet, Injections and Injunctions - Poisoning Food, Water, and Vaccines\Atrazine - Pesticide and Endocrine Disruptor\Atrazine induces complete feminization and chemicalcastration in male African clawed frogs-Tyrone Hayes 2010.cover.jpg",True,449,600,95595,
"D:\Documentos\The Liberator\The Liberator 1 - Government Scam\Government  and Wall St Crime and Corruption\Diet, Injections and Injunctions - Poisoning Food, Water, and Vaccines\Atrazine - Pesticide and Endocrine Disruptor\Atrazine Primer-panna.org.pdf","D:\Documentos\The Liberator\The Liberator 1 - Government Scam\Government  and Wall St Crime and Corruption\Diet, Injections and Injunctions - Poisoning Food, Water, and Vaccines\Atrazine - Pesticide and Endocrine Disruptor\Atrazine Primer-panna.org.cover.jpg",True,464,600,59240,
"D:\Documentos\The Liberator\The Liberator 1 - Government Scam\Government  and Wall St Crime and Corruption\Diet, Injections and Injunctions - Poisoning Food, Water, and Vaccines\Atrazine - Pesticide and Endocrine Disruptor\Hermaphroditic demasculinized frogs after exposure to Atrazine - Tyrone_Hayes_2002_Paper.pdf","D:\Documentos\The Liberator\The Liberator 1 - Government Scam\Government  and Wall St Crime and Corruption\Diet, Injections and Injunctions - Poisoning Food, Water, and Vaccines\Atrazine - Pesticide and Endocrine Disruptor\Hermaphroditic demasculinized frogs after exposure to Atrazine - Tyrone_Hayes_2002_Paper.cover.jpg",True,472,600,87293,
"D:\Documentos\The Liberator\The Liberator 1 - Government Scam\Government  and Wall St Crime and Corruption\Diet, Injections and Injunctions - Poisoning Food, Water, and Vaccines\Atrazine - Pesticide and Endocrine Disruptor\Journal of Andrology - 2013 - TRENTACOSTE - Atrazine Effects on Testosterone Levels and Androgen‐Dependent Reproductive.pdf","D:\Documentos\The Liberator\The Liberator 1 - Government Scam\Government  and Wall St Crime and Corruption\Diet, Injections and Injunctions - Poisoning Food, Water, and Vaccines\Atrazine - Pesticide and Endocrine Disruptor\Journal of Andrology - 2013 - TRENTACOSTE - Atrazine Effects on Testosterone Levels and Androgen‐Dependent Reproductive.cover.jpg",True,450,600,67045,
"D:\Documentos\The Liberator\The Liberator 1 - Government Scam\Government  and Wall St Crime and Corruption\Diet, Injections and Injunctions - Poisoning Food, Water, and Vaccines\BPA and BPS\BPA and BPS_Toxic_Plastics_Can_liners.pdf","D:\Documentos\The Liberator\The Liberator 1 - Government Scam\Government  and Wall St Crime and Corruption\Diet, Injections and Injunctions - Poisoning Food, Water, and Vaccines\BPA and BPS\BPA and BPS_Toxic_Plastics_Can_liners.cover.jpg",True,464,600,65573,
"D:\Documentos\The Liberator\The Liberator 1 - Government Scam\Government  and Wall St Crime and Corruption\Diet, Injections and Injunctions - Poisoning Food, Water, and Vaccines\Breakfast_With_a_Dose_of_Roundup-EWG_2018_Glyphosate_Study.pdf","D:\Documentos\The Liberator\The Liberator 1 - Government Scam\Government  and Wall St Crime and Corruption\Diet, Injections and Injunctions - Poisoning Food, Water, and Vaccines\Breakfast_With_a_Dose_of_Roundup-EWG_2018_Glyphosate_Study.cover.jpg",True,600,464,41094,
"D:\Documentos\The Liberator\The Liberator 1 - Government Scam\Government  and Wall St Crime and Corruption\Diet, Injections and Injunctions - Poisoning Food, Water, and Vaccines\Chemotherapy\vernoncoleman.org-Chemotherapy Fraudulent and Deadly.pdf","D:\Documentos\The Liberator\The Liberator 1 - Government Scam\Government  and Wall St Crime and Corruption\Diet, Injections and Injunctions - Poisoning Food, Water, and Vaccines\Chemotherapy\vernoncoleman.org-Chemotherapy Fraudulent and Deadly.cover.jpg",True,464,600,50487,
"D:\Documentos\The Liberator\The Liberator 1 - Government Scam\Government  and Wall St Crime and Corruption\Diet, Injections and Injunctions - Poisoning Food, Water, and Vaccines\Glyphosate (Monsanto RoundUp) in Wheat, Oats, and Veggies\Breakfast_With_a_Dose_of_Roundup-EWG_2018_Glyphosate_Study.pdf","D:\Documentos\The Liberator\The Liberator 1 - Government Scam\Government  and Wall St Crime and Corruption\Diet, Injections and Injunctions - Poisoning Food, Water, and Vaccines\Glyphosate (Monsanto RoundUp) in Wheat, Oats, and Veggies\Breakfast_With_a_Dose_of_Roundup-EWG_2018_Glyphosate_Study.cover.jpg",True,600,464,41094,
"D:\Documentos\The Liberator\The Liberator 1 - Government Scam\Government  and Wall St Crime and Corruption\Diet, Injections and Injunctions - Poisoning Food, Water, and Vaccines\Glyphosate (Monsanto RoundUp) in Wheat, Oats, and Veggies\FDN_Glyphosate_FoodTesting_Report_p2016-3.pdf","D:\Documentos\The Liberator\The Liberator 1 - Government Scam\Government  and Wall St Crime and Corruption\Diet, Injections and Injunctions - Poisoning Food, Water, and Vaccines\Glyphosate (Monsanto RoundUp) in Wheat, Oats, and Veggies\FDN_Glyphosate_FoodTesting_Report_p2016-3.cover.jpg",True,464,600,79299,
"D:\Documentos\The Liberator\The Liberator 1 - Government Scam\Government  and Wall St Crime and Corruption\Diet, Injections and Injunctions - Poisoning Food, Water, and Vaccines\Refined Grains\Top 10 Reasons Grains Make You Sick by michael kummer.pdf","D:\Documentos\The Liberator\The Liberator 1 - Government Scam\Government  and Wall St Crime and Corruption\Diet, Injections and Injunctions - Poisoning Food, Water, and Vaccines\Refined Grains\Top 10 Reasons Grains Make You Sick by michael kummer.cover.jpg",True,464,600,52350,
"D:\Documentos\The Liberator\The Liberator 1 - Government Scam\Government  and Wall St Crime and Corruption\Diet, Injections and Injunctions - Poisoning Food, Water, and Vaccines\Vaccines\06-25-19-Vaxxed-vs-Unvaxxed-Slides.pdf","D:\Documentos\The Liberator\The Liberator 1 - Government Scam\Government  and Wall St Crime and Corruption\Diet, Injections and Injunctions - Poisoning Food, Water, and Vaccines\Vaccines\06-25-19-Vaxxed-vs-Unvaxxed-Slides.cover.jpg",True,600,338,35461,
"D:\Documentos\The Liberator\The Liberator 1 - Government Scam\Government  and Wall St Crime and Corruption\Diet, Injections and Injunctions - Poisoning Food, Water, and Vaccines\Vaccines\20 THINGS YOU DONT KNOW ABOUT POLIO.pdf","D:\Documentos\The Liberator\The Liberator 1 - Government Scam\Government  and Wall St Crime and Corruption\Diet, Injections and Injunctions - Poisoning Food, Water, and Vaccines\Vaccines\20 THINGS YOU DONT KNOW ABOUT POLIO.cover.jpg",True,464,600,64642,
"D:\Documentos\The Liberator\The Liberator 1 - Government Scam\Government  and Wall St Crime and Corruption\Diet, Injections and Injunctions - Poisoning Food, Water, and Vaccines\Vaccines\48873448-Vaccine-Report-International-Medical-Council-on-Vaccination.pdf","D:\Documentos\The Liberator\The Liberator 1 - Government Scam\Government  and Wall St Crime and Corruption\Diet, Injections and Injunctions - Poisoning Food, Water, and Vaccines\Vaccines\48873448-Vaccine-Report-International-Medical-Council-on-Vaccination.cover.jpg",True,464,600,47239,
"D:\Documentos\The Liberator\The Liberator 1 - Government Scam\Government  and Wall St Crime and Corruption\Diet, Injections and Injunctions - Poisoning Food, Water, and Vaccines\Vaccines\CDC_Paul_Thorsen_Web-of-Alleged-Fraud.pdf","D:\Documentos\The Liberator\The Liberator 1 - Government Scam\Government  and Wall St Crime and Corruption\Diet, Injections and Injunctions - Poisoning Food, Water, and Vaccines\Vaccines\CDC_Paul_Thorsen_Web-of-Alleged-Fraud.cover.jpg",True,600,464,79397,
"D:\Documentos\The Liberator\The Liberator 1 - Government Scam\Government  and Wall St Crime and Corruption\Diet, Injections and Injunctions - Poisoning Food, Water, and Vaccines\Vaccines\dr.-andrew-moulden-every-vaccine-produces-harm-2.pdf","D:\Documentos\The Liberator\The Liberator 1 - Government Scam\Government  and Wall St Crime and Corruption\Diet, Injections and Injunctions - Poisoning Food, Water, and Vaccines\Vaccines\dr.-andrew-moulden-every-vaccine-produces-harm-2.cover.jpg",True,464,600,35945,
"D:\Documentos\The Liberator\The Liberator 1 - Government Scam\Government  and Wall St Crime and Corruption\Diet, Injections and Injunctions - Poisoning Food, Water, and Vaccines\Vaccines\Gardasils_Fraudulent_Research_Revealed_Robert_F_Kennedy.pdf","D:\Documentos\The Liberator\The Liberator 1 - Government Scam\Government  and Wall St Crime and Corruption\Diet, Injections and Injunctions - Poisoning Food, Water, and Vaccines\Vaccines\Gardasils_Fraudulent_Research_Revealed_Robert_F_Kennedy.cover.jpg",True,464,600,50734,
"D:\Documentos\The Liberator\The Liberator 1 - Government Scam\Government  and Wall St Crime and Corruption\Diet, Injections and Injunctions - Poisoning Food, Water, and Vaccines\Vaccines\Illegal vaccine link to Gulf war syndrome- Squalene - The Guardian.pdf","D:\Documentos\The Liberator\The Liberator 1 - Government Scam\Government  and Wall St Crime and Corruption\Diet, Injections and Injunctions - Poisoning Food, Water, and Vaccines\Vaccines\Illegal vaccine link to Gulf war syndrome- Squalene - The Guardian.cover.jpg",True,464,600,58855,
"D:\Documentos\The Liberator\The Liberator 1 - Government Scam\Government  and Wall St Crime and Corruption\Diet, Injections and Injunctions - Poisoning Food, Water, and Vaccines\Vaccines\New Quality-Control Investigations on Vaccines- Contaminents Found in Most Vaccines.pdf","D:\Documentos\The Liberator\The Liberator 1 - Government Scam\Government  and Wall St Crime and Corruption\Diet, Injections and Injunctions - Poisoning Food, Water, and Vaccines\Vaccines\New Quality-Control Investigations on Vaccines- Contaminents Found in Most Vaccines.cover.jpg",True,425,600,65641,
"D:\Documentos\The Liberator\The Liberator 1 - Government Scam\Government  and Wall St Crime and Corruption\Diet, Injections and Injunctions - Poisoning Food, Water, and Vaccines\Vaccines\Physicians-Warranty-of-Vaccine-Safety.pdf","D:\Documentos\The Liberator\The Liberator 1 - Government Scam\Government  and Wall St Crime and Corruption\Diet, Injections and Injunctions - Poisoning Food, Water, and Vaccines\Vaccines\Physicians-Warranty-of-Vaccine-Safety.cover.jpg",True,464,600,27164,
"D:\Documentos\The Liberator\The Liberator 1 - Government Scam\Government  and Wall St Crime and Corruption\Diet, Injections and Injunctions - Poisoning Food, Water, and Vaccines\Vaccines\The-Simpsonwood-Documents-including_Transcript.pdf","D:\Documentos\The Liberator\The Liberator 1 - Government Scam\Government  and Wall St Crime and Corruption\Diet, Injections and Injunctions - Poisoning Food, Water, and Vaccines\Vaccines\The-Simpsonwood-Documents-including_Transcript.cover.jpg",True,464,600,31317,
"D:\Documentos\The Liberator\The Liberator 1 - Government Scam\Government  and Wall St Crime and Corruption\Diet, Injections and Injunctions - Poisoning Food, Water, and Vaccines\Vaccines\THE_POISONED_NEEDLE_by_Elanor_McBean_1957.pdf","D:\Documentos\The Liberator\The Liberator 1 - Government Scam\Government  and Wall St Crime and Corruption\Diet, Injections and Injunctions - Poisoning Food, Water, and Vaccines\Vaccines\THE_POISONED_NEEDLE_by_Elanor_McBean_1957.cover.jpg",True,464,600,82547,
"D:\Documentos\The Liberator\The Liberator 1 - Government Scam\Government  and Wall St Crime and Corruption\Diet, Injections and Injunctions - Poisoning Food, Water, and Vaccines\Vaccines\Vaccination and Depopulation_in Mexico_Mike_Adams.pdf","D:\Documentos\The Liberator\The Liberator 1 - Government Scam\Government  and Wall St Crime and Corruption\Diet, Injections and Injunctions - Poisoning Food, Water, and Vaccines\Vaccines\Vaccination and Depopulation_in Mexico_Mike_Adams.cover.jpg",True,464,600,50020,
"D:\Documentos\The Liberator\The Liberator 1 - Government Scam\Government  and Wall St Crime and Corruption\Diet, Injections and Injunctions - Poisoning Food, Water, and Vaccines\Vaccines\Vaccinations-Deadly_Immunity_Robert_F_Kennedy.pdf","D:\Documentos\The Liberator\The Liberator 1 - Government Scam\Government  and Wall St Crime and Corruption\Diet, Injections and Injunctions - Poisoning Food, Water, and Vaccines\Vaccines\Vaccinations-Deadly_Immunity_Robert_F_Kennedy.cover.jpg",True,464,600,41526,
"D:\Documentos\The Liberator\The Liberator 1 - Government Scam\Government  and Wall St Crime and Corruption\Diet, Injections and Injunctions - Poisoning Food, Water, and Vaccines\Vaccines\Vaccines_and_Sudden_Infant_Death_Syndrome.pdf","D:\Documentos\The Liberator\The Liberator 1 - Government Scam\Government  and Wall St Crime and Corruption\Diet, Injections and Injunctions - Poisoning Food, Water, and Vaccines\Vaccines\Vaccines_and_Sudden_Infant_Death_Syndrome.cover.jpg",True,450,600,60359,
"D:\Documentos\The Liberator\The Liberator 1 - Government Scam\Government  and Wall St Crime and Corruption\Diet, Injections and Injunctions - Poisoning Food, Water, and Vaccines\Vaccines\WHO_Sterilization_Chemicals_in_Vaccines.pdf","D:\Documentos\The Liberator\The Liberator 1 - Government Scam\Government  and Wall St Crime and Corruption\Diet, Injections and Injunctions - Poisoning Food, Water, and Vaccines\Vaccines\WHO_Sterilization_Chemicals_in_Vaccines.cover.jpg",True,443,600,56665,
"D:\Documentos\The Liberator\The Liberator 1 - Government Scam\Government  and Wall St Crime and Corruption\Diet, Injections and Injunctions - Poisoning Food, Water, and Vaccines\Water Fluoridation\fluoridealert.org-Fluoride  and IQ - 53 Studies and summary.pdf","D:\Documentos\The Liberator\The Liberator 1 - Government Scam\Government  and Wall St Crime and Corruption\Diet, Injections and Injunctions - Poisoning Food, Water, and Vaccines\Water Fluoridation\fluoridealert.org-Fluoride  and IQ - 53 Studies and summary.cover.jpg",True,464,600,69315,
"D:\Documentos\The Liberator\The Liberator 1 - Government Scam\Government  and Wall St Crime and Corruption\EMFs, HAARP and Frequency Warfare\Corey_Haag_Primer_on_Microwaves_5G.pdf","D:\Documentos\The Liberator\The Liberator 1 - Government Scam\Government  and Wall St Crime and Corruption\EMFs, HAARP and Frequency Warfare\Corey_Haag_Primer_on_Microwaves_5G.cover.jpg",True,418,600,38168,
D:\Documentos\The Liberator\The Liberator 1 - Government Scam\Government  and Wall St Crime and Corruption\Engineered Food Shortages\Manufactured Food Shortage Farm Land as of April 2023.pdf,D:\Documentos\The Liberator\The Liberator 1 - Government Scam\Government  and Wall St Crime and Corruption\Engineered Food Shortages\Manufactured Food Shortage Farm Land as of April 2023.cover.jpg,True,464,600,85398,
"D:\Documentos\The Liberator\The Liberator 1 - Government Scam\Government  and Wall St Crime and Corruption\Environmental, Social and Governance (ESG) Scores\April_2023-ESG-Report_Heartland_Institute.pdf","D:\Documentos\The Liberator\The Liberator 1 - Government Scam\Government  and Wall St Crime and Corruption\Environmental, Social and Governance (ESG) Scores\April_2023-ESG-Report_Heartland_Institute.cover.jpg",True,464,600,67074,
D:\Documentos\The Liberator\The Liberator 1 - Government Scam\Government  and Wall St Crime and Corruption\Government Public Pension Corruption\2015-Top-200-Illinois-Public-Pension-Corruption.pdf,D:\Documentos\The Liberator\The Liberator 1 - Government Scam\Government  and Wall St Crime and Corruption\Government Public Pension Corruption\2015-Top-200-Illinois-Public-Pension-Corruption.cover.jpg,True,600,464,63009,
D:\Documentos\The Liberator\The Liberator 1 - Government Scam\Government  and Wall St Crime and Corruption\Government Public Pension Corruption\Chicago-Police-Pension-Corruption.pdf,D:\Documentos\The Liberator\The Liberator 1 - Government Scam\Government  and Wall St Crime and Corruption\Government Public Pension Corruption\Chicago-Police-Pension-Corruption.cover.jpg,True,464,600,56281,
D:\Documentos\The Liberator\The Liberator 1 - Government Scam\Government  and Wall St Crime and Corruption\Hunter and Joe Biden Corruption and Treason\481263430-Hunter-Biden-Report.pdf,D:\Documentos\The Liberator\The Liberator 1 - Government Scam\Government  and Wall St Crime and Corruption\Hunter and Joe Biden Corruption and Treason\481263430-Hunter-Biden-Report.cover.jpg,True,425,600,26077,
D:\Documentos\The Liberator\The Liberator 1 - Government Scam\Government  and Wall St Crime and Corruption\Hunter and Joe Biden Corruption and Treason\nypost.com-Inside the shady private equity firm run by Kerry and Bidens kids.pdf,D:\Documentos\The Liberator\The Liberator 1 - Government Scam\Government  and Wall St Crime and Corruption\Hunter and Joe Biden Corruption and Treason\nypost.com-Inside the shady private equity firm run by Kerry and Bidens kids.cover.jpg,True,464,600,38370,
D:\Documentos\The Liberator\The Liberator 1 - Government Scam\Government  and Wall St Crime and Corruption\Intelligence Agency Crimes-CIA NSA\How to Make a Mint_ The Cryptography of Anonymous Electronic Cash.pdf,D:\Documentos\The Liberator\The Liberator 1 - Government Scam\Government  and Wall St Crime and Corruption\Intelligence Agency Crimes-CIA NSA\How to Make a Mint_ The Cryptography of Anonymous Electronic Cash.cover.jpg,True,399,600,40539,
D:\Documentos\The Liberator\The Liberator 1 - Government Scam\Government  and Wall St Crime and Corruption\Intelligence Agency Crimes-CIA NSA\Israeli_Talpiot_Program_Spies_in_the_Ointment_AMDOCS_Comverse_Checkpoint_Narus.pdf,D:\Documentos\The Liberator\The Liberator 1 - Government Scam\Government  and Wall St Crime and Corruption\Intelligence Agency Crimes-CIA NSA\Israeli_Talpiot_Program_Spies_in_the_Ointment_AMDOCS_Comverse_Checkpoint_Narus.cover.jpg,True,464,600,48587,
D:\Documentos\The Liberator\The Liberator 1 - Government Scam\Government  and Wall St Crime and Corruption\Intelligence Agency Crimes-CIA NSA\NSA_Zombie_Slides (3) (2020_05_07 01_01_44 UTC).pdf,D:\Documentos\The Liberator\The Liberator 1 - Government Scam\Government  and Wall St Crime and Corruption\Intelligence Agency Crimes-CIA NSA\NSA_Zombie_Slides (3) (2020_05_07 01_01_44 UTC).cover.jpg,True,464,600,30412,
D:\Documentos\The Liberator\The Liberator 1 - Government Scam\Government  and Wall St Crime and Corruption\Intelligence Agency Crimes-CIA NSA\The CIA Democrats - Parts 1-3 by Patrick Martin.pdf,D:\Documentos\The Liberator\The Liberator 1 - Government Scam\Government  and Wall St Crime and Corruption\Intelligence Agency Crimes-CIA NSA\The CIA Democrats - Parts 1-3 by Patrick Martin.cover.jpg,True,464,600,38476,
D:\Documentos\The Liberator\The Liberator 1 - Government Scam\Government  and Wall St Crime and Corruption\Intelligence Agency Crimes-CIA NSA\The Origins of the Overclass & A Timeline of CIA Atrocities.pdf,D:\Documentos\The Liberator\The Liberator 1 - Government Scam\Government  and Wall St Crime and Corruption\Intelligence Agency Crimes-CIA NSA\The Origins of the Overclass & A Timeline of CIA Atrocities.cover.jpg,True,464,600,63354,
D:\Documentos\The Liberator\The Liberator 1 - Government Scam\Government  and Wall St Crime and Corruption\Intelligence Agency Crimes-CIA NSA\Why Google made the NSA_by_Nafeez_Ahmen.pdf,D:\Documentos\The Liberator\The Liberator 1 - Government Scam\Government  and Wall St Crime and Corruption\Intelligence Agency Crimes-CIA NSA\Why Google made the NSA_by_Nafeez_Ahmen.cover.jpg,True,464,600,47488,
D:\Documentos\The Liberator\The Liberator 1 - Government Scam\Government  and Wall St Crime and Corruption\Intelligence Agency Crimes-CIA NSA\wsws.org-The CIA Democrats in the 2020 elections.pdf,D:\Documentos\The Liberator\The Liberator 1 - Government Scam\Government  and Wall St Crime and Corruption\Intelligence Agency Crimes-CIA NSA\wsws.org-The CIA Democrats in the 2020 elections.cover.jpg,True,464,600,68607,
D:\Documentos\The Liberator\The Liberator 1 - Government Scam\Government  and Wall St Crime and Corruption\IRS Fraud and Criminality\War Tax Resistance (Quit Paying Your Taxes to Fund War)\Contractors_employers_Banks_Tax_Refusal.pdf,D:\Documentos\The Liberator\The Liberator 1 - Government Scam\Government  and Wall St Crime and Corruption\IRS Fraud and Criminality\War Tax Resistance (Quit Paying Your Taxes to Fund War)\Contractors_employers_Banks_Tax_Refusal.cover.jpg,True,389,600,61136,
D:\Documentos\The Liberator\The Liberator 1 - Government Scam\Government  and Wall St Crime and Corruption\IRS Fraud and Criminality\War Tax Resistance (Quit Paying Your Taxes to Fund War)\Controlling_Fed_Tax_Withholding.pdf,D:\Documentos\The Liberator\The Liberator 1 - Government Scam\Government  and Wall St Crime and Corruption\IRS Fraud and Criminality\War Tax Resistance (Quit Paying Your Taxes to Fund War)\Controlling_Fed_Tax_Withholding.cover.jpg,True,389,600,61714,
D:\Documentos\The Liberator\The Liberator 1 - Government Scam\Government  and Wall St Crime and Corruption\IRS Fraud and Criminality\War Tax Resistance (Quit Paying Your Taxes to Fund War)\How_to_Resist_Collection.pdf,D:\Documentos\The Liberator\The Liberator 1 - Government Scam\Government  and Wall St Crime and Corruption\IRS Fraud and Criminality\War Tax Resistance (Quit Paying Your Taxes to Fund War)\How_to_Resist_Collection.cover.jpg,True,389,600,58595,
D:\Documentos\The Liberator\The Liberator 1 - Government Scam\Government  and Wall St Crime and Corruption\IRS Fraud and Criminality\War Tax Resistance (Quit Paying Your Taxes to Fund War)\NWTRCC_WhyHow_to_Refuse_WarTax_brochure_2018.pdf,D:\Documentos\The Liberator\The Liberator 1 - Government Scam\Government  and Wall St Crime and Corruption\IRS Fraud and Criminality\War Tax Resistance (Quit Paying Your Taxes to Fund War)\NWTRCC_WhyHow_to_Refuse_WarTax_brochure_2018.cover.jpg,True,600,365,64406,
D:\Documentos\The Liberator\The Liberator 1 - Government Scam\Government  and Wall St Crime and Corruption\IRS Fraud and Criminality\War Tax Resistance (Quit Paying Your Taxes to Fund War)\Self_Employment_For_Tax_refusal.pdf,D:\Documentos\The Liberator\The Liberator 1 - Government Scam\Government  and Wall St Crime and Corruption\IRS Fraud and Criminality\War Tax Resistance (Quit Paying Your Taxes to Fund War)\Self_Employment_For_Tax_refusal.cover.jpg,True,389,600,58817,
D:\Documentos\The Liberator\The Liberator 1 - Government Scam\Government  and Wall St Crime and Corruption\IRS Fraud and Criminality\War Tax Resistance (Quit Paying Your Taxes to Fund War)\To_File_or_Not_File.pdf,D:\Documentos\The Liberator\The Liberator 1 - Government Scam\Government  and Wall St Crime and Corruption\IRS Fraud and Criminality\War Tax Resistance (Quit Paying Your Taxes to Fund War)\To_File_or_Not_File.cover.jpg,True,389,600,51160,
D:\Documentos\The Liberator\The Liberator 1 - Government Scam\Government  and Wall St Crime and Corruption\IRS Fraud and Criminality\War Tax Resistance (Quit Paying Your Taxes to Fund War)\WarTax_Resitance_at a glance-readers 2018.pdf,D:\Documentos\The Liberator\The Liberator 1 - Government Scam\Government  and Wall St Crime and Corruption\IRS Fraud and Criminality\War Tax Resistance (Quit Paying Your Taxes to Fund War)\WarTax_Resitance_at a glance-readers 2018.cover.jpg,True,389,600,40567,
D:\Documentos\The Liberator\The Liberator 1 - Government Scam\Government  and Wall St Crime and Corruption\Missing Trillions and TARP Bailouts\Audits Of US Monetary Gold Severely Lack Credibility.pdf,D:\Documentos\The Liberator\The Liberator 1 - Government Scam\Government  and Wall St Crime and Corruption\Missing Trillions and TARP Bailouts\Audits Of US Monetary Gold Severely Lack Credibility.cover.jpg,True,464,600,54683,
D:\Documentos\The Liberator\The Liberator 1 - Government Scam\Government  and Wall St Crime and Corruption\Missing Trillions and TARP Bailouts\Mapping-the-Swamp-Open-the-Books.pdf,D:\Documentos\The Liberator\The Liberator 1 - Government Scam\Government  and Wall St Crime and Corruption\Missing Trillions and TARP Bailouts\Mapping-the-Swamp-Open-the-Books.cover.jpg,True,464,600,61665,
D:\Documentos\The Liberator\The Liberator 1 - Government Scam\Government  and Wall St Crime and Corruption\Missing Trillions and TARP Bailouts\Military Industrial Complex Fraud\DoD Inspector General Exposes TransDigm Criminal Fraud.pdf,D:\Documentos\The Liberator\The Liberator 1 - Government Scam\Government  and Wall St Crime and Corruption\Missing Trillions and TARP Bailouts\Military Industrial Complex Fraud\DoD Inspector General Exposes TransDigm Criminal Fraud.cover.jpg,True,464,600,42963,
D:\Documentos\The Liberator\The Liberator 1 - Government Scam\Government  and Wall St Crime and Corruption\Missing Trillions and TARP Bailouts\The Pentagon’s Massive Accounting Fraud Exposed-The Nation.pdf,D:\Documentos\The Liberator\The Liberator 1 - Government Scam\Government  and Wall St Crime and Corruption\Missing Trillions and TARP Bailouts\The Pentagon’s Massive Accounting Fraud Exposed-The Nation.cover.jpg,True,464,600,57546,
D:\Documentos\The Liberator\The Liberator 1 - Government Scam\Government  and Wall St Crime and Corruption\Missing Trillions and TARP Bailouts\These Are the Banks that Own the New York Fed and Its Money Button.pdf,D:\Documentos\The Liberator\The Liberator 1 - Government Scam\Government  and Wall St Crime and Corruption\Missing Trillions and TARP Bailouts\These Are the Banks that Own the New York Fed and Its Money Button.cover.jpg,True,464,600,53204,
D:\Documentos\The Liberator\The Liberator 1 - Government Scam\Government  and Wall St Crime and Corruption\Nord Stream Pipeline Sabotage and Economic Warfare and Gas Industry Monopolization\PART 2 Smoking Guns Nord Stream Sabotage Secret Teams Revealed.pdf,D:\Documentos\The Liberator\The Liberator 1 - Government Scam\Government  and Wall St Crime and Corruption\Nord Stream Pipeline Sabotage and Economic Warfare and Gas Industry Monopolization\PART 2 Smoking Guns Nord Stream Sabotage Secret Teams Revealed.cover.jpg,True,464,600,62413,
D:\Documentos\The Liberator\The Liberator 1 - Government Scam\Government  and Wall St Crime and Corruption\Nord Stream Pipeline Sabotage and Economic Warfare and Gas Industry Monopolization\Secret Team The Nord Stream Pipelin Sabotage - Part 1.pdf,D:\Documentos\The Liberator\The Liberator 1 - Government Scam\Government  and Wall St Crime and Corruption\Nord Stream Pipeline Sabotage and Economic Warfare and Gas Industry Monopolization\Secret Team The Nord Stream Pipelin Sabotage - Part 1.cover.jpg,True,464,600,64123,
D:\Documentos\The Liberator\The Liberator 1 - Government Scam\Government  and Wall St Crime and Corruption\Nord Stream Pipeline Sabotage and Economic Warfare and Gas Industry Monopolization\seymour_hersh - How America Took Out the Nordstream Pipeline.pdf,D:\Documentos\The Liberator\The Liberator 1 - Government Scam\Government  and Wall St Crime and Corruption\Nord Stream Pipeline Sabotage and Economic Warfare and Gas Industry Monopolization\seymour_hersh - How America Took Out the Nordstream Pipeline.cover.jpg,True,464,600,47687,
D:\Documentos\The Liberator\The Liberator 1 - Government Scam\Government  and Wall St Crime and Corruption\Obama Administration Crime and Corruption\2008 Wall Street Complicity Most Ludicrous DOJ Lies - Cui Bono - John Titus.pdf,D:\Documentos\The Liberator\The Liberator 1 - Government Scam\Government  and Wall St Crime and Corruption\Obama Administration Crime and Corruption\2008 Wall Street Complicity Most Ludicrous DOJ Lies - Cui Bono - John Titus.cover.jpg,True,464,600,44364,
D:\Documentos\The Liberator\The Liberator 1 - Government Scam\Government  and Wall St Crime and Corruption\Obama Administration Crime and Corruption\A Company Family The Untold History of Obama and the CIA.pdf,D:\Documentos\The Liberator\The Liberator 1 - Government Scam\Government  and Wall St Crime and Corruption\Obama Administration Crime and Corruption\A Company Family The Untold History of Obama and the CIA.cover.jpg,True,464,600,53156,
D:\Documentos\The Liberator\The Liberator 1 - Government Scam\Government  and Wall St Crime and Corruption\Obama Administration Crime and Corruption\Obama's_Use_of_Hidden_Hypnosis_techniques_in_His_Speeches.pdf,D:\Documentos\The Liberator\The Liberator 1 - Government Scam\Government  and Wall St Crime and Corruption\Obama Administration Crime and Corruption\Obama's_Use_of_Hidden_Hypnosis_techniques_in_His_Speeches.cover.jpg,True,464,600,84067,
D:\Documentos\The Liberator\The Liberator 1 - Government Scam\Government  and Wall St Crime and Corruption\Pentagon and DARPA Crimes and Spying\aim4truth.org-Who Really Owns the Military Industrial Complex The Highland Group Exposed.pdf,D:\Documentos\The Liberator\The Liberator 1 - Government Scam\Government  and Wall St Crime and Corruption\Pentagon and DARPA Crimes and Spying\aim4truth.org-Who Really Owns the Military Industrial Complex The Highland Group Exposed.cover.jpg,True,464,600,57185,
D:\Documentos\The Liberator\The Liberator 1 - Government Scam\Government  and Wall St Crime and Corruption\Political Assassinations\Barry_Jennings_eyewitness_to_bombs_in_WTC7_on_9-11.pdf,D:\Documentos\The Liberator\The Liberator 1 - Government Scam\Government  and Wall St Crime and Corruption\Political Assassinations\Barry_Jennings_eyewitness_to_bombs_in_WTC7_on_9-11.cover.jpg,True,464,600,49229,
D:\Documentos\The Liberator\The Liberator 1 - Government Scam\Government  and Wall St Crime and Corruption\Political Assassinations\Citizens Independent Report on the alleged suicide of Vince Foster by Hugh Sprunt.pdf,D:\Documentos\The Liberator\The Liberator 1 - Government Scam\Government  and Wall St Crime and Corruption\Political Assassinations\Citizens Independent Report on the alleged suicide of Vince Foster by Hugh Sprunt.cover.jpg,True,464,600,30030,
D:\Documentos\The Liberator\The Liberator 1 - Government Scam\Government  and Wall St Crime and Corruption\Political Assassinations\Downard-Hoffman-King-Kill-33-JFK_Masonic.pdf,D:\Documentos\The Liberator\The Liberator 1 - Government Scam\Government  and Wall St Crime and Corruption\Political Assassinations\Downard-Hoffman-King-Kill-33-JFK_Masonic.cover.jpg,True,464,600,24339,
"D:\Documentos\The Liberator\The Liberator 1 - Government Scam\Government  and Wall St Crime and Corruption\Political Assassinations\Experts differ on Ron Brown head wound_Christopher Ruddy_December 3, 1997_Pittsburgh Tribune-Review.pdf","D:\Documentos\The Liberator\The Liberator 1 - Government Scam\Government  and Wall St Crime and Corruption\Political Assassinations\Experts differ on Ron Brown head wound_Christopher Ruddy_December 3, 1997_Pittsburgh Tribune-Review.cover.jpg",True,600,365,47330,
D:\Documentos\The Liberator\The Liberator 1 - Government Scam\Government  and Wall St Crime and Corruption\Political Assassinations\Martin_Luther_King_Jr_Assasination_Conspiracy_Trial_Complete_Transcript.pdf,D:\Documentos\The Liberator\The Liberator 1 - Government Scam\Government  and Wall St Crime and Corruption\Political Assassinations\Martin_Luther_King_Jr_Assasination_Conspiracy_Trial_Complete_Transcript.cover.jpg,True,464,600,34305,
D:\Documentos\The Liberator\The Liberator 1 - Government Scam\Government  and Wall St Crime and Corruption\Political Assassinations\Phillip_Marshall_CIA_Drug_Pilot_Murdered_With_Kids_Dog.pdf,D:\Documentos\The Liberator\The Liberator 1 - Government Scam\Government  and Wall St Crime and Corruption\Political Assassinations\Phillip_Marshall_CIA_Drug_Pilot_Murdered_With_Kids_Dog.cover.jpg,True,458,600,79086,
D:\Documentos\The Liberator\The Liberator 1 - Government Scam\Government  and Wall St Crime and Corruption\Political Assassinations\Reporter Udo Ulfkotte Who Exposed Governments Creating Fake News War Propaganda Found Dead.pdf,D:\Documentos\The Liberator\The Liberator 1 - Government Scam\Government  and Wall St Crime and Corruption\Political Assassinations\Reporter Udo Ulfkotte Who Exposed Governments Creating Fake News War Propaganda Found Dead.cover.jpg,True,464,600,54753,
D:\Documentos\The Liberator\The Liberator 1 - Government Scam\Government  and Wall St Crime and Corruption\Political Assassinations\Vince Foster - Bill and Hillary Clinton Attorney and White House Official Found Dead During Clinton Presidency\Citizens Independent Report on the alleged suicide of Vince Foster by Hugh Sprunt.pdf,D:\Documentos\The Liberator\The Liberator 1 - Government Scam\Government  and Wall St Crime and Corruption\Political Assassinations\Vince Foster - Bill and Hillary Clinton Attorney and White House Official Found Dead During Clinton Presidency\Citizens Independent Report on the alleged suicide of Vince Foster by Hugh Sprunt.cover.jpg,True,464,600,30030,
D:\Documentos\The Liberator\The Liberator 1 - Government Scam\Government  and Wall St Crime and Corruption\Rhodes Scholars and Roundtable Groups\GLOBALISTS_The Power_Elite_Cuddy_Rhodes.pdf,D:\Documentos\The Liberator\The Liberator 1 - Government Scam\Government  and Wall St Crime and Corruption\Rhodes Scholars and Roundtable Groups\GLOBALISTS_The Power_Elite_Cuddy_Rhodes.cover.jpg,True,464,600,67712,
D:\Documentos\The Liberator\The Liberator 1 - Government Scam\Government  and Wall St Crime and Corruption\Spying on the Citizenry and Encrypted Alternatives\Encrypted Communications Solutions Comparison Matrix.pdf,D:\Documentos\The Liberator\The Liberator 1 - Government Scam\Government  and Wall St Crime and Corruption\Spying on the Citizenry and Encrypted Alternatives\Encrypted Communications Solutions Comparison Matrix.cover.jpg,True,600,464,81797,
D:\Documentos\The Liberator\The Liberator 1 - Government Scam\Government  and Wall St Crime and Corruption\State and Local Police Crime and Corruption\Fusion_Center_Abuses.pdf,D:\Documentos\The Liberator\The Liberator 1 - Government Scam\Government  and Wall St Crime and Corruption\State and Local Police Crime and Corruption\Fusion_Center_Abuses.cover.jpg,True,464,600,63904,
D:\Documentos\The Liberator\The Liberator 1 - Government Scam\Government  and Wall St Crime and Corruption\State and Local Police Crime and Corruption\How Prison Labor is the New American Slavery and Most of Us Unknowingly Support it.pdf,D:\Documentos\The Liberator\The Liberator 1 - Government Scam\Government  and Wall St Crime and Corruption\State and Local Police Crime and Corruption\How Prison Labor is the New American Slavery and Most of Us Unknowingly Support it.cover.jpg,True,464,600,67209,
D:\Documentos\The Liberator\The Liberator 1 - Government Scam\Government  and Wall St Crime and Corruption\State and Local Police Crime and Corruption\Taxation-by-Citation-FINAL-USE.pdf,D:\Documentos\The Liberator\The Liberator 1 - Government Scam\Government  and Wall St Crime and Corruption\State and Local Police Crime and Corruption\Taxation-by-Citation-FINAL-USE.cover.jpg,True,464,600,65821,
D:\Documentos\The Liberator\The Liberator 1 - Government Scam\Government  and Wall St Crime and Corruption\The Crimes of Monopoly AMA Medicine\Weaponization of Psychology\Dissent Into Madness The Weaponization of Psychology - Part 1 - Corbett (3-12-23).pdf,D:\Documentos\The Liberator\The Liberator 1 - Government Scam\Government  and Wall St Crime and Corruption\The Crimes of Monopoly AMA Medicine\Weaponization of Psychology\Dissent Into Madness The Weaponization of Psychology - Part 1 - Corbett (3-12-23).cover.jpg,True,464,600,38209,
D:\Documentos\The Liberator\The Liberator 1 - Government Scam\Government  and Wall St Crime and Corruption\The Crimes of Monopoly AMA Medicine\Weaponization of Psychology\Dissent Into Madness The Weaponization of Psychology - Part 2 - Corbett (3-19-23).pdf,D:\Documentos\The Liberator\The Liberator 1 - Government Scam\Government  and Wall St Crime and Corruption\The Crimes of Monopoly AMA Medicine\Weaponization of Psychology\Dissent Into Madness The Weaponization of Psychology - Part 2 - Corbett (3-19-23).cover.jpg,True,464,600,35790,
D:\Documentos\The Liberator\The Liberator 1 - Government Scam\Government  and Wall St Crime and Corruption\The Crimes of Monopoly AMA Medicine\Weaponization of Psychology\Dissent Into Madness The Weaponization of Psychology - Part 3 - Corbett (3-26-23).pdf,D:\Documentos\The Liberator\The Liberator 1 - Government Scam\Government  and Wall St Crime and Corruption\The Crimes of Monopoly AMA Medicine\Weaponization of Psychology\Dissent Into Madness The Weaponization of Psychology - Part 3 - Corbett (3-26-23).cover.jpg,True,464,600,33771,
D:\Documentos\The Liberator\The Liberator 1 - Government Scam\Government  and Wall St Crime and Corruption\The Crimes of Monopoly AMA Medicine\Weaponization of Psychology\Dissent Into Madness The Weaponization of Psychology - Part 4 - Corbett (4-16-23).pdf,D:\Documentos\The Liberator\The Liberator 1 - Government Scam\Government  and Wall St Crime and Corruption\The Crimes of Monopoly AMA Medicine\Weaponization of Psychology\Dissent Into Madness The Weaponization of Psychology - Part 4 - Corbett (4-16-23).cover.jpg,True,464,600,38063,
D:\Documentos\The Liberator\The Liberator 1 - Government Scam\Government  and Wall St Crime and Corruption\Voter Fraud and Rigged Elections\BROWARD_COUNTY_VOTING_2018_FRAUD_EXPOSED-1.pdf,D:\Documentos\The Liberator\The Liberator 1 - Government Scam\Government  and Wall St Crime and Corruption\Voter Fraud and Rigged Elections\BROWARD_COUNTY_VOTING_2018_FRAUD_EXPOSED-1.cover.jpg,True,389,600,35041,
D:\Documentos\The Liberator\The Liberator 1 - Government Scam\Government  and Wall St Crime and Corruption\Voter Fraud and Rigged Elections\FirstNet- NATIONWIDE CELLULAR NETWORK CONNECTS ELECTION EQUIPMENT AND GIVES FEDERAL GOVERNM.pdf,D:\Documentos\The Liberator\The Liberator 1 - Government Scam\Government  and Wall St Crime and Corruption\Voter Fraud and Rigged Elections\FirstNet- NATIONWIDE CELLULAR NETWORK CONNECTS ELECTION EQUIPMENT AND GIVES FEDERAL GOVERNM.cover.jpg,True,464,600,63956,
D:\Documentos\The Liberator\The Liberator 1 - Government Scam\Government  and Wall St Crime and Corruption\Voter Fraud and Rigged Elections\thegatewaypundit.com-HERES THE PROOF The FBI and Attorney General Nessel Hid These from the People of Michigan  Piles of F.pdf,D:\Documentos\The Liberator\The Liberator 1 - Government Scam\Government  and Wall St Crime and Corruption\Voter Fraud and Rigged Elections\thegatewaypundit.com-HERES THE PROOF The FBI and Attorney General Nessel Hid These from the People of Michigan  Piles of F.cover.jpg,True,464,600,47538,
D:\Documentos\The Liberator\The Liberator 1 - Government Scam\Government  and Wall St Crime and Corruption\Wall Street Corruption and Monopolization\charleshughsmith.blogspot.com-The Cost of Financialization-Globalization You Lost 500000 and Gained 13713.pdf,D:\Documentos\The Liberator\The Liberator 1 - Government Scam\Government  and Wall St Crime and Corruption\Wall Street Corruption and Monopolization\charleshughsmith.blogspot.com-The Cost of Financialization-Globalization You Lost 500000 and Gained 13713.cover.jpg,True,464,600,67586,
D:\Documentos\The Liberator\The Liberator 1 - Government Scam\Government  and Wall St Crime and Corruption\Wall Street Corruption and Monopolization\Who Runs The World Blackrock and Vanguard.pdf,D:\Documentos\The Liberator\The Liberator 1 - Government Scam\Government  and Wall St Crime and Corruption\Wall Street Corruption and Monopolization\Who Runs The World Blackrock and Vanguard.cover.jpg,True,464,600,56941,
D:\Documentos\The Liberator\The Liberator 1 - Government Scam\Government  and Wall St Crime and Corruption\World Economic Forum\WEF_YGL_Membership_Database_Aug_28_2022_in_PDF.pdf,D:\Documentos\The Liberator\The Liberator 1 - Government Scam\Government  and Wall St Crime and Corruption\World Economic Forum\WEF_YGL_Membership_Database_Aug_28_2022_in_PDF.cover.jpg,True,464,600,22753,
D:\Documentos\The Liberator\The Liberator 1 - Government Scam\Government - The Biggest Scam- One Pagers\An Open Letter to Freemasonry By Etienne and Mark Passio.pdf,D:\Documentos\The Liberator\The Liberator 1 - Government Scam\Government - The Biggest Scam- One Pagers\An Open Letter to Freemasonry By Etienne and Mark Passio.cover.jpg,True,600,464,95879,
D:\Documentos\The Liberator\The Liberator 1 - Government Scam\Government - The Biggest Scam- One Pagers\Anarchy and Voluntaryism – The Biggest Secret in American Politics.pdf,D:\Documentos\The Liberator\The Liberator 1 - Government Scam\Government - The Biggest Scam- One Pagers\Anarchy and Voluntaryism – The Biggest Secret in American Politics.cover.jpg,True,600,464,97714,
D:\Documentos\The Liberator\The Liberator 1 - Government Scam\Government - The Biggest Scam- One Pagers\CIA Democrats (and Republicans!).pdf,D:\Documentos\The Liberator\The Liberator 1 - Government Scam\Government - The Biggest Scam- One Pagers\CIA Democrats (and Republicans!).cover.jpg,True,600,464,101111,
D:\Documentos\The Liberator\The Liberator 1 - Government Scam\Government - The Biggest Scam- One Pagers\CIA News Networks and The Mighty Wurlitzer.pdf,D:\Documentos\The Liberator\The Liberator 1 - Government Scam\Government - The Biggest Scam- One Pagers\CIA News Networks and The Mighty Wurlitzer.cover.jpg,True,600,464,94155,
D:\Documentos\The Liberator\The Liberator 1 - Government Scam\Government - The Biggest Scam- One Pagers\Consumer Monopoly Consolidation.pdf,D:\Documentos\The Liberator\The Liberator 1 - Government Scam\Government - The Biggest Scam- One Pagers\Consumer Monopoly Consolidation.cover.jpg,True,600,464,88286,
"D:\Documentos\The Liberator\The Liberator 1 - Government Scam\Government - The Biggest Scam- One Pagers\Control of the media and, by extension, human perception.pdf","D:\Documentos\The Liberator\The Liberator 1 - Government Scam\Government - The Biggest Scam- One Pagers\Control of the media and, by extension, human perception.cover.jpg",True,600,464,97028,
D:\Documentos\The Liberator\The Liberator 1 - Government Scam\Government - The Biggest Scam- One Pagers\Controlling Perception with Crisis Actors and Created Legends.pdf,D:\Documentos\The Liberator\The Liberator 1 - Government Scam\Government - The Biggest Scam- One Pagers\Controlling Perception with Crisis Actors and Created Legends.cover.jpg,True,600,464,105014,
D:\Documentos\The Liberator\The Liberator 1 - Government Scam\Government - The Biggest Scam- One Pagers\False Flag Terrorism for War and Domestic Police State.pdf,D:\Documentos\The Liberator\The Liberator 1 - Government Scam\Government - The Biggest Scam- One Pagers\False Flag Terrorism for War and Domestic Police State.cover.jpg,True,600,464,108537,
D:\Documentos\The Liberator\The Liberator 1 - Government Scam\Government - The Biggest Scam- One Pagers\Hierarchy-of-Slavery-Tax-Slavery-Which-One-Are-You.pdf,D:\Documentos\The Liberator\The Liberator 1 - Government Scam\Government - The Biggest Scam- One Pagers\Hierarchy-of-Slavery-Tax-Slavery-Which-One-Are-You.cover.jpg,True,464,600,55061,
D:\Documentos\The Liberator\The Liberator 1 - Government Scam\Government - The Biggest Scam- One Pagers\Is Amazon really A Mason.pdf,D:\Documentos\The Liberator\The Liberator 1 - Government Scam\Government - The Biggest Scam- One Pagers\Is Amazon really A Mason.cover.jpg,True,600,464,94842,
"D:\Documentos\The Liberator\The Liberator 1 - Government Scam\Government - The Biggest Scam- One Pagers\Monopoly, Duopoly and Triopoly.pdf","D:\Documentos\The Liberator\The Liberator 1 - Government Scam\Government - The Biggest Scam- One Pagers\Monopoly, Duopoly and Triopoly.cover.jpg",True,600,464,99424,
D:\Documentos\The Liberator\The Liberator 1 - Government Scam\Government - The Biggest Scam- One Pagers\Organized Crime’s Front Groups & Secret Societies.pdf,D:\Documentos\The Liberator\The Liberator 1 - Government Scam\Government - The Biggest Scam- One Pagers\Organized Crime’s Front Groups & Secret Societies.cover.jpg,True,600,464,106490,
D:\Documentos\The Liberator\The Liberator 1 - Government Scam\Government - The Biggest Scam- One Pagers\Organized Crime’s Front Groups - WEF.pdf,D:\Documentos\The Liberator\The Liberator 1 - Government Scam\Government - The Biggest Scam- One Pagers\Organized Crime’s Front Groups - WEF.cover.jpg,True,600,464,105743,
D:\Documentos\The Liberator\The Liberator 1 - Government Scam\Government - The Biggest Scam- One Pagers\Propaganda Using Religious Symbolism.pdf,D:\Documentos\The Liberator\The Liberator 1 - Government Scam\Government - The Biggest Scam- One Pagers\Propaganda Using Religious Symbolism.cover.jpg,True,600,464,71931,
D:\Documentos\The Liberator\The Liberator 1 - Government Scam\Government - The Biggest Scam- One Pagers\Public (Government) School Indoctrination.pdf,D:\Documentos\The Liberator\The Liberator 1 - Government Scam\Government - The Biggest Scam- One Pagers\Public (Government) School Indoctrination.cover.jpg,True,600,464,104565,
"D:\Documentos\The Liberator\The Liberator 1 - Government Scam\Government - The Biggest Scam- One Pagers\The Basics for Police, Judges, and Government Employees.pdf","D:\Documentos\The Liberator\The Liberator 1 - Government Scam\Government - The Biggest Scam- One Pagers\The Basics for Police, Judges, and Government Employees.cover.jpg",True,600,464,100241,
D:\Documentos\The Liberator\The Liberator 1 - Government Scam\Government - The Biggest Scam- One Pagers\The Private Federal Reserve and Theft of Fractional Reserve Banking.pdf,D:\Documentos\The Liberator\The Liberator 1 - Government Scam\Government - The Biggest Scam- One Pagers\The Private Federal Reserve and Theft of Fractional Reserve Banking.cover.jpg,True,600,464,88170,
D:\Documentos\The Liberator\The Liberator 1 - Government Scam\Government - The Biggest Scam- One Pagers\The Propaganda Matrix.pdf,D:\Documentos\The Liberator\The Liberator 1 - Government Scam\Government - The Biggest Scam- One Pagers\The Propaganda Matrix.cover.jpg,True,600,464,86708,
D:\Documentos\The Liberator\The Liberator 1 - Government Scam\Government - The Biggest Scam- One Pagers\The Religion of Statism.pdf,D:\Documentos\The Liberator\The Liberator 1 - Government Scam\Government - The Biggest Scam- One Pagers\The Religion of Statism.cover.jpg,True,600,464,101720,
D:\Documentos\The Liberator\The Liberator 1 - Government Scam\Government - The Biggest Scam- One Pagers\The Shady History of the Constitution.pdf,D:\Documentos\The Liberator\The Liberator 1 - Government Scam\Government - The Biggest Scam- One Pagers\The Shady History of the Constitution.cover.jpg,True,600,464,102034,
D:\Documentos\The Liberator\The Liberator 1 - Government Scam\Government - The Biggest Scam- One Pagers\The Shady History of the Pledge of Allegiance.pdf,D:\Documentos\The Liberator\The Liberator 1 - Government Scam\Government - The Biggest Scam- One Pagers\The Shady History of the Pledge of Allegiance.cover.jpg,True,600,464,102553,
D:\Documentos\The Liberator\The Liberator 1 - Government Scam\Government - The Biggest Scam- One Pagers\Understanding Genetically Modified Organisms (GMOs) and Monopoly Seed Consolidation.pdf,D:\Documentos\The Liberator\The Liberator 1 - Government Scam\Government - The Biggest Scam- One Pagers\Understanding Genetically Modified Organisms (GMOs) and Monopoly Seed Consolidation.cover.jpg,True,600,464,108712,
D:\Documentos\The Liberator\The Liberator 1 - Government Scam\Government - The Biggest Scam- One Pagers\Understanding Zionist-Statist Domination.pdf,D:\Documentos\The Liberator\The Liberator 1 - Government Scam\Government - The Biggest Scam- One Pagers\Understanding Zionist-Statist Domination.cover.jpg,True,600,464,99436,
D:\Documentos\The Liberator\The Liberator 1 - Government Scam\Government - The Biggest Scam- One Pagers\Why is 666 Hidden in Corporate Logos and Trumps OK sign.pdf,D:\Documentos\The Liberator\The Liberator 1 - Government Scam\Government - The Biggest Scam- One Pagers\Why is 666 Hidden in Corporate Logos and Trumps OK sign.cover.jpg,True,600,464,81023,
D:\Documentos\The Liberator\The Liberator 1 - Government Scam\Government-The_Biggest_Scam_in_History__Sharable-emailable.PDF.pdf,D:\Documentos\The Liberator\The Liberator 1 - Government Scam\Government-The_Biggest_Scam_in_History__Sharable-emailable.PDF.cover.jpg,True,600,464,78353,
D:\Documentos\The Liberator\The Liberator 1 - Government Scam\How to  Make More Liberators\DIY_Liberator_Flash_Drive_Stickers_Medium_Avery_Label_6791.pdf,D:\Documentos\The Liberator\The Liberator 1 - Government Scam\How to  Make More Liberators\DIY_Liberator_Flash_Drive_Stickers_Medium_Avery_Label_6791.cover.jpg,True,600,464,86631,
D:\Documentos\The Liberator\The Liberator 1 - Government Scam\How to  Make More Liberators\How to Make New Liberators.pdf,D:\Documentos\The Liberator\The Liberator 1 - Government Scam\How to  Make More Liberators\How to Make New Liberators.cover.jpg,True,464,600,51740,
D:\Documentos\The Liberator\The Liberator 1 - Government Scam\How to  Make More Liberators\Liberator_Stickers_Small_USB_Drive_Avery_8165.pdf,D:\Documentos\The Liberator\The Liberator 1 - Government Scam\How to  Make More Liberators\Liberator_Stickers_Small_USB_Drive_Avery_8165.cover.jpg,True,464,600,75289,
D:\Documentos\The Liberator\The Liberator 1 - Government Scam\Important Books in PDF\americas-great-game-the-cias-secret-arabists-and-the-shaping-of-the-modern-middle-east.pdf,D:\Documentos\The Liberator\The Liberator 1 - Government Scam\Important Books in PDF\americas-great-game-the-cias-secret-arabists-and-the-shaping-of-the-modern-middle-east.cover.jpg,True,464,600,61031,
D:\Documentos\The Liberator\The Liberator 1 - Government Scam\Important Books in PDF\Anarchy Exposed-by_Shepard_the_Voluntaryist_and_Larken_Rose-Anarchy_Overview_for_Law_Enforcement.pdf,D:\Documentos\The Liberator\The Liberator 1 - Government Scam\Important Books in PDF\Anarchy Exposed-by_Shepard_the_Voluntaryist_and_Larken_Rose-Anarchy_Overview_for_Law_Enforcement.cover.jpg,True,400,600,7145,
D:\Documentos\The Liberator\The Liberator 1 - Government Scam\Important Books in PDF\Anatomy of the State_by_Murray_Rothbard.pdf,D:\Documentos\The Liberator\The Liberator 1 - Government Scam\Important Books in PDF\Anatomy of the State_by_Murray_Rothbard.cover.jpg,True,355,600,78558,
D:\Documentos\The Liberator\The Liberator 1 - Government Scam\Important Books in PDF\Best_Enemy_Money_Can_Buy_Antony_Sutton.pdf,D:\Documentos\The Liberator\The Liberator 1 - Government Scam\Important Books in PDF\Best_Enemy_Money_Can_Buy_Antony_Sutton.cover.jpg,True,376,600,53040,
D:\Documentos\The Liberator\The Liberator 1 - Government Scam\Important Books in PDF\Cultural_Cold_War-_The_CIA_and_the_World_of_Arts_and_Letters_-_Frances_Stonor_Saunders.pdf,D:\Documentos\The Liberator\The Liberator 1 - Government Scam\Important Books in PDF\Cultural_Cold_War-_The_CIA_and_the_World_of_Arts_and_Letters_-_Frances_Stonor_Saunders.cover.jpg,True,464,600,11732,
"D:\Documentos\The Liberator\The Liberator 1 - Government Scam\Important Books in PDF\Dark Alliance The CIA, the Contras, and the Crack Cocaine Explosion.pdf","D:\Documentos\The Liberator\The Liberator 1 - Government Scam\Important Books in PDF\Dark Alliance The CIA, the Contras, and the Crack Cocaine Explosion.cover.jpg",True,464,600,23487,
D:\Documentos\The Liberator\The Liberator 1 - Government Scam\Important Books in PDF\Dumbing_Us_Down_The_Hidden_Curriculum_of_Compulsory_Schooling-John Taylor Gatto_2002.pdf,D:\Documentos\The Liberator\The Liberator 1 - Government Scam\Important Books in PDF\Dumbing_Us_Down_The_Hidden_Curriculum_of_Compulsory_Schooling-John Taylor Gatto_2002.cover.jpg,True,400,600,62615,
D:\Documentos\The Liberator\The Liberator 1 - Government Scam\Important Books in PDF\Etienne-de-La-Boetie-Discourse-on-Voluntary-Servitude.pdf,D:\Documentos\The Liberator\The Liberator 1 - Government Scam\Important Books in PDF\Etienne-de-La-Boetie-Discourse-on-Voluntary-Servitude.cover.jpg,True,451,600,7223,
D:\Documentos\The Liberator\The Liberator 1 - Government Scam\Important Books in PDF\FLOURISH_E_BOOK.pdf,D:\Documentos\The Liberator\The Liberator 1 - Government Scam\Important Books in PDF\FLOURISH_E_BOOK.cover.jpg,True,400,600,57292,
D:\Documentos\The Liberator\The Liberator 1 - Government Scam\Important Books in PDF\For a New Liberty The Libertarian Manifesto_3.pdf,D:\Documentos\The Liberator\The Liberator 1 - Government Scam\Important Books in PDF\For a New Liberty The Libertarian Manifesto_3.cover.jpg,True,400,600,32557,
D:\Documentos\The Liberator\The Liberator 1 - Government Scam\Important Books in PDF\Henry Hazlitt Economics in One Lesson.pdf,D:\Documentos\The Liberator\The Liberator 1 - Government Scam\Important Books in PDF\Henry Hazlitt Economics in One Lesson.cover.jpg,True,411,600,43843,
D:\Documentos\The Liberator\The Liberator 1 - Government Scam\Important Books in PDF\Maj_Geo_Racey_Jordan-FROM_MAJOR_JORDANS_DIARIES.pdf,D:\Documentos\The Liberator\The Liberator 1 - Government Scam\Important Books in PDF\Maj_Geo_Racey_Jordan-FROM_MAJOR_JORDANS_DIARIES.cover.jpg,True,464,600,67609,
D:\Documentos\The Liberator\The Liberator 1 - Government Scam\Important Books in PDF\Natural-Law_Study_Guide.pdf,D:\Documentos\The Liberator\The Liberator 1 - Government Scam\Important Books in PDF\Natural-Law_Study_Guide.cover.jpg,True,425,600,74411,
D:\Documentos\The Liberator\The Liberator 1 - Government Scam\Important Books in PDF\NewLibertarianManifesto_by_Samuel_Konkin_SEK3.pdf,D:\Documentos\The Liberator\The Liberator 1 - Government Scam\Important Books in PDF\NewLibertarianManifesto_by_Samuel_Konkin_SEK3.cover.jpg,True,464,600,11163,
D:\Documentos\The Liberator\The Liberator 1 - Government Scam\Important Books in PDF\Sedition-Subversion-and-Sabatage_FieldManualNo1.pdf,D:\Documentos\The Liberator\The Liberator 1 - Government Scam\Important Books in PDF\Sedition-Subversion-and-Sabatage_FieldManualNo1.cover.jpg,True,400,600,25886,
D:\Documentos\The Liberator\The Liberator 1 - Government Scam\Important Books in PDF\The CIA as Organized Crime_ How Illegal Operations Corrupt America and the World.pdf,D:\Documentos\The Liberator\The Liberator 1 - Government Scam\Important Books in PDF\The CIA as Organized Crime_ How Illegal Operations Corrupt America and the World.cover.jpg,True,464,600,45807,
D:\Documentos\The Liberator\The Liberator 1 - Government Scam\Important Books in PDF\The Market for Liberty_2.pdf,D:\Documentos\The Liberator\The Liberator 1 - Government Scam\Important Books in PDF\The Market for Liberty_2.cover.jpg,True,400,600,14943,
D:\Documentos\The Liberator\The Liberator 1 - Government Scam\Important Books in PDF\the-most-dangerous-superstition-larken-rose-2011.pdf,D:\Documentos\The Liberator\The Liberator 1 - Government Scam\Important Books in PDF\the-most-dangerous-superstition-larken-rose-2011.cover.jpg,True,470,600,88006,
"D:\Documentos\The Liberator\The Liberator 1 - Government Scam\Important Books in PDF\The_Assassinations_Probe_Magazine_on_JFK,_Mlk,_Rfk_and_Malcolm_X_(James_Dieugenio__Lisa_Pease_[Dieugenio_etc.)_(z-lib.org).pdf","D:\Documentos\The Liberator\The Liberator 1 - Government Scam\Important Books in PDF\The_Assassinations_Probe_Magazine_on_JFK,_Mlk,_Rfk_and_Malcolm_X_(James_Dieugenio__Lisa_Pease_[Dieugenio_etc.)_(z-lib.org).cover.jpg",True,464,600,44096,
D:\Documentos\The Liberator\The Liberator 1 - Government Scam\Important Books in PDF\The_End_Of_All_Evil_by_Jeremy_Locke.pdf,D:\Documentos\The Liberator\The Liberator 1 - Government Scam\Important Books in PDF\The_End_Of_All_Evil_by_Jeremy_Locke.cover.jpg,True,600,468,51386,
D:\Documentos\The Liberator\The Liberator 1 - Government Scam\Important Books in PDF\The_Idolatry_of_Statism_ebook_.pdf,D:\Documentos\The Liberator\The Liberator 1 - Government Scam\Important Books in PDF\The_Idolatry_of_Statism_ebook_.cover.jpg,True,427,600,51447,
D:\Documentos\The Liberator\The Liberator 1 - Government Scam\Important Books in PDF\The_Machinery_of_Freedom_by_David_Friedman.pdf,D:\Documentos\The Liberator\The Liberator 1 - Government Scam\Important Books in PDF\The_Machinery_of_Freedom_by_David_Friedman.cover.jpg,True,464,600,25430,
D:\Documentos\The Liberator\The Liberator 1 - Government Scam\Important Books in PDF\The_Mighty_Wurlitzer_How_The_CIA_Played_America_by_Hugh_Wilford.pdf,D:\Documentos\The Liberator\The Liberator 1 - Government Scam\Important Books in PDF\The_Mighty_Wurlitzer_How_The_CIA_Played_America_by_Hugh_Wilford.cover.jpg,True,395,600,36133,
D:\Documentos\The Liberator\The Liberator 1 - Government Scam\Important Books in PDF\The_Police_and_Sheriffs_Dept_Starter_Pack_Handbook.pdf,D:\Documentos\The Liberator\The Liberator 1 - Government Scam\Important Books in PDF\The_Police_and_Sheriffs_Dept_Starter_Pack_Handbook.cover.jpg,True,467,600,81904,
D:\Documentos\The Liberator\The Liberator 1 - Government Scam\Important Books in PDF\The_Politics_of_Nonviolent_Action-Gene_Sharp.pdf,D:\Documentos\The Liberator\The Liberator 1 - Government Scam\Important Books in PDF\The_Politics_of_Nonviolent_Action-Gene_Sharp.cover.jpg,True,397,600,8771,
D:\Documentos\The Liberator\The Liberator 1 - Government Scam\Important Books in PDF\Total_Resistance.pdf,D:\Documentos\The Liberator\The Liberator 1 - Government Scam\Important Books in PDF\Total_Resistance.cover.jpg,True,464,600,50307,
D:\Documentos\The Liberator\The Liberator 1 - Government Scam\Important Books in PDF\Wall_Street_and_the_Bolshevik_Revolution-Antony_Sutton.pdf,D:\Documentos\The Liberator\The Liberator 1 - Government Scam\Important Books in PDF\Wall_Street_and_the_Bolshevik_Revolution-Antony_Sutton.cover.jpg,True,464,600,23275,
D:\Documentos\The Liberator\The Liberator 1 - Government Scam\Important Books in PDF\War_is_a_Racket_by_General_Smedley_Butler_USMC.pdf,D:\Documentos\The Liberator\The Liberator 1 - Government Scam\Important Books in PDF\War_is_a_Racket_by_General_Smedley_Butler_USMC.cover.jpg,True,464,600,32243,
D:\Documentos\The Liberator\The Liberator 1 - Government Scam\Important Books in PDF\zander-marz-beyond-the-government-haunted-world-pdf.pdf,D:\Documentos\The Liberator\The Liberator 1 - Government Scam\Important Books in PDF\zander-marz-beyond-the-government-haunted-world-pdf.cover.jpg,True,389,600,76674,
D:\Documentos\The Liberator\The Liberator 1 - Government Scam\Poster-24x36-Understanding_Our_Slavery.pdf,D:\Documentos\The Liberator\The Liberator 1 - Government Scam\Poster-24x36-Understanding_Our_Slavery.cover.jpg,True,600,400,83886,
D:\Documentos\The Liberator\The Liberator 1 - Government Scam\Printable Flyers and Stencils\BR_2007_who_owns_your_body.pdf,D:\Documentos\The Liberator\The Liberator 1 - Government Scam\Printable Flyers and Stencils\BR_2007_who_owns_your_body.cover.jpg,True,600,464,123082,
D:\Documentos\The Liberator\The Liberator 1 - Government Scam\Printable Flyers and Stencils\BR_Fresh_Air_For_Justice_022011.pdf,D:\Documentos\The Liberator\The Liberator 1 - Government Scam\Printable Flyers and Stencils\BR_Fresh_Air_For_Justice_022011.cover.jpg,True,600,474,97224,
D:\Documentos\The Liberator\The Liberator 1 - Government Scam\Printable Flyers and Stencils\BR_YYYY_2nd_Admendment.pdf,D:\Documentos\The Liberator\The Liberator 1 - Government Scam\Printable Flyers and Stencils\BR_YYYY_2nd_Admendment.cover.jpg,True,600,464,92009,
D:\Documentos\The Liberator\The Liberator 1 - Government Scam\Printable Flyers and Stencils\BR_YYYY_true_or_false.pdf,D:\Documentos\The Liberator\The Liberator 1 - Government Scam\Printable Flyers and Stencils\BR_YYYY_true_or_false.cover.jpg,True,600,464,80149,
D:\Documentos\The Liberator\The Liberator 1 - Government Scam\Printable Flyers and Stencils\Dont_Rob_Your_Neighbors-Printable_Flyer_From_Art_of_Liberty_Foundation.pdf,D:\Documentos\The Liberator\The Liberator 1 - Government Scam\Printable Flyers and Stencils\Dont_Rob_Your_Neighbors-Printable_Flyer_From_Art_of_Liberty_Foundation.cover.jpg,True,600,464,84241,
D:\Documentos\The Liberator\The Liberator 1 - Government Scam\Printable Flyers and Stencils\FAN-Fluoride-Efficacy-Flyer-Print-FINAL-1.pdf,D:\Documentos\The Liberator\The Liberator 1 - Government Scam\Printable Flyers and Stencils\FAN-Fluoride-Efficacy-Flyer-Print-FINAL-1.cover.jpg,True,464,600,77456,
D:\Documentos\The Liberator\The Liberator 1 - Government Scam\Printable Flyers and Stencils\Federal_Reserve_pamphlet.pdf,D:\Documentos\The Liberator\The Liberator 1 - Government Scam\Printable Flyers and Stencils\Federal_Reserve_pamphlet.cover.jpg,True,464,600,59824,
D:\Documentos\The Liberator\The Liberator 1 - Government Scam\Printable Flyers and Stencils\Free_Ross_Poster.pdf,D:\Documentos\The Liberator\The Liberator 1 - Government Scam\Printable Flyers and Stencils\Free_Ross_Poster.cover.jpg,True,600,409,58865,
D:\Documentos\The Liberator\The Liberator 1 - Government Scam\Printable Flyers and Stencils\Freedom Apps\Trive -\Trive_Whitepaper.0.2.6x.pdf,D:\Documentos\The Liberator\The Liberator 1 - Government Scam\Printable Flyers and Stencils\Freedom Apps\Trive -\Trive_Whitepaper.0.2.6x.cover.jpg,True,425,600,14916,
D:\Documentos\The Liberator\The Liberator 1 - Government Scam\Printable Flyers and Stencils\Fully_Informed_Jury_Printable.pdf,D:\Documentos\The Liberator\The Liberator 1 - Government Scam\Printable Flyers and Stencils\Fully_Informed_Jury_Printable.cover.jpg,True,600,464,80149,
D:\Documentos\The Liberator\The Liberator 1 - Government Scam\Printable Flyers and Stencils\Organized Crimes Control of Police and Govt Exposed in Loudoun County VA - Americas Wealthiest County.pdf,D:\Documentos\The Liberator\The Liberator 1 - Government Scam\Printable Flyers and Stencils\Organized Crimes Control of Police and Govt Exposed in Loudoun County VA - Americas Wealthiest County.cover.jpg,True,464,600,80616,
D:\Documentos\The Liberator\The Liberator 1 - Government Scam\Printable Flyers and Stencils\Plandemic_Resistance_Flyer_Feel_Free_To_Copy_Widely.pdf,D:\Documentos\The Liberator\The Liberator 1 - Government Scam\Printable Flyers and Stencils\Plandemic_Resistance_Flyer_Feel_Free_To_Copy_Widely.cover.jpg,True,464,600,86445,
D:\Documentos\The Liberator\The Liberator 1 - Government Scam\Printable Flyers and Stencils\Please Dont Vote to Rob Your Neighbors - Election Flyer.pdf,D:\Documentos\The Liberator\The Liberator 1 - Government Scam\Printable Flyers and Stencils\Please Dont Vote to Rob Your Neighbors - Election Flyer.cover.jpg,True,464,600,82550,
D:\Documentos\The Liberator\The Liberator 1 - Government Scam\Printable Flyers and Stencils\Thick Red Line Card and Printable Flyer.pdf,D:\Documentos\The Liberator\The Liberator 1 - Government Scam\Printable Flyers and Stencils\Thick Red Line Card and Printable Flyer.cover.jpg,True,464,600,70743,
D:\Documentos\The Liberator\The Liberator 1 - Government Scam\Printable Flyers and Stencils\Truth_About_COVID-19.pdf,D:\Documentos\The Liberator\The Liberator 1 - Government Scam\Printable Flyers and Stencils\Truth_About_COVID-19.cover.jpg,True,600,466,88660,
D:\Documentos\The Liberator\The Liberator 1 - Government Scam\Printable Flyers and Stencils\Where_Your_Tax_Money_Goes_War.pdf,D:\Documentos\The Liberator\The Liberator 1 - Government Scam\Printable Flyers and Stencils\Where_Your_Tax_Money_Goes_War.cover.jpg,True,464,600,73877,
D:\Documentos\The Liberator\The Liberator 1 - Government Scam\Printable Flyers\BR_2007_who_owns_your_body.pdf,D:\Documentos\The Liberator\The Liberator 1 - Government Scam\Printable Flyers\BR_2007_who_owns_your_body.cover.jpg,True,600,464,123082,
D:\Documentos\The Liberator\The Liberator 1 - Government Scam\Printable Flyers\BR_Fresh_Air_For_Justice_022011.pdf,D:\Documentos\The Liberator\The Liberator 1 - Government Scam\Printable Flyers\BR_Fresh_Air_For_Justice_022011.cover.jpg,True,600,474,97224,
D:\Documentos\The Liberator\The Liberator 1 - Government Scam\Printable Flyers\BR_YYYY_2nd_Admendment.pdf,D:\Documentos\The Liberator\The Liberator 1 - Government Scam\Printable Flyers\BR_YYYY_2nd_Admendment.cover.jpg,True,600,464,92009,
D:\Documentos\The Liberator\The Liberator 1 - Government Scam\Printable Flyers\BR_YYYY_true_or_false.pdf,D:\Documentos\The Liberator\The Liberator 1 - Government Scam\Printable Flyers\BR_YYYY_true_or_false.cover.jpg,True,600,464,80149,
D:\Documentos\The Liberator\The Liberator 1 - Government Scam\Printable Flyers\FAN-Fluoride-Efficacy-Flyer-Print-FINAL-1.pdf,D:\Documentos\The Liberator\The Liberator 1 - Government Scam\Printable Flyers\FAN-Fluoride-Efficacy-Flyer-Print-FINAL-1.cover.jpg,True,464,600,77456,
D:\Documentos\The Liberator\The Liberator 1 - Government Scam\Printable Flyers\Federal_Reserve_pamphlet.pdf,D:\Documentos\The Liberator\The Liberator 1 - Government Scam\Printable Flyers\Federal_Reserve_pamphlet.cover.jpg,True,464,600,59824,
D:\Documentos\The Liberator\The Liberator 1 - Government Scam\Printable Flyers\Free_Ross_Poster.pdf,D:\Documentos\The Liberator\The Liberator 1 - Government Scam\Printable Flyers\Free_Ross_Poster.cover.jpg,True,600,409,58865,
D:\Documentos\The Liberator\The Liberator 1 - Government Scam\Printable Flyers\Freedom Apps\Trive -\Trive_Whitepaper.0.2.6x.pdf,D:\Documentos\The Liberator\The Liberator 1 - Government Scam\Printable Flyers\Freedom Apps\Trive -\Trive_Whitepaper.0.2.6x.cover.jpg,True,425,600,14916,
D:\Documentos\The Liberator\The Liberator 1 - Government Scam\Printable Flyers\Fully_Informed_Jury_Printable.pdf,D:\Documentos\The Liberator\The Liberator 1 - Government Scam\Printable Flyers\Fully_Informed_Jury_Printable.cover.jpg,True,600,464,80149,
D:\Documentos\The Liberator\The Liberator 1 - Government Scam\Printable Flyers\Plandemic_Resistance_Flyer_Feel_Free_To_Copy_Widely.pdf,D:\Documentos\The Liberator\The Liberator 1 - Government Scam\Printable Flyers\Plandemic_Resistance_Flyer_Feel_Free_To_Copy_Widely.cover.jpg,True,464,600,86445,
D:\Documentos\The Liberator\The Liberator 1 - Government Scam\Printable Flyers\Please Dont Vote to Rob Your Neighbors - Election Flyer.pdf,D:\Documentos\The Liberator\The Liberator 1 - Government Scam\Printable Flyers\Please Dont Vote to Rob Your Neighbors - Election Flyer.cover.jpg,True,464,600,82550,
D:\Documentos\The Liberator\The Liberator 1 - Government Scam\Printable Flyers\The-WHO-and-American-Democracy-Easy-Print-Background (1).pdf,D:\Documentos\The Liberator\The Liberator 1 - Government Scam\Printable Flyers\The-WHO-and-American-Democracy-Easy-Print-Background (1).cover.jpg,True,464,600,79490,
D:\Documentos\The Liberator\The Liberator 1 - Government Scam\Printable Flyers\Thick Red Line Card and Printable Flyer.pdf,D:\Documentos\The Liberator\The Liberator 1 - Government Scam\Printable Flyers\Thick Red Line Card and Printable Flyer.cover.jpg,True,464,600,70743,
D:\Documentos\The Liberator\The Liberator 1 - Government Scam\Printable Flyers\Truth_About_COVID-19.pdf,D:\Documentos\The Liberator\The Liberator 1 - Government Scam\Printable Flyers\Truth_About_COVID-19.cover.jpg,True,600,466,88660,
D:\Documentos\The Liberator\The Liberator 1 - Government Scam\Printable Flyers\Where_Your_Tax_Money_Goes_War.pdf,D:\Documentos\The Liberator\The Liberator 1 - Government Scam\Printable Flyers\Where_Your_Tax_Money_Goes_War.cover.jpg,True,464,600,73877,
D:\Documentos\The Liberator\The Liberator 1 - Government Scam\Scholarship and References from Gov't - The Biggest Scam Being Deleted off the DARPA Internet\web.archive.org-Washingtons Whiskey Woes - BoRs Tossed Aside Immediately.pdf,D:\Documentos\The Liberator\The Liberator 1 - Government Scam\Scholarship and References from Gov't - The Biggest Scam Being Deleted off the DARPA Internet\web.archive.org-Washingtons Whiskey Woes - BoRs Tossed Aside Immediately.cover.jpg,True,464,600,68812,
D:\Documentos\The Liberator\The Liberator 1 - Government Scam\Solving_Covid-The_Covid19_Eugenics_Vaccine-Drug-Scam_Timeline_DRAFT_SolvingCovid_dot_org.pdf,D:\Documentos\The Liberator\The Liberator 1 - Government Scam\Solving_Covid-The_Covid19_Eugenics_Vaccine-Drug-Scam_Timeline_DRAFT_SolvingCovid_dot_org.cover.jpg,True,464,600,60065,
D:\Documentos\The Liberator\The Liberator 1 - Government Scam\The Hidden Curriculum of Mandatory Govt Schools\Crimes of the Educators.pdf,D:\Documentos\The Liberator\The Liberator 1 - Government Scam\The Hidden Curriculum of Mandatory Govt Schools\Crimes of the Educators.cover.jpg,True,464,600,6984,
D:\Documentos\The Liberator\The Liberator 1 - Government Scam\The Hidden Curriculum of Mandatory Govt Schools\DeliberateDumbingDownofAmerica.sml.pdf,D:\Documentos\The Liberator\The Liberator 1 - Government Scam\The Hidden Curriculum of Mandatory Govt Schools\DeliberateDumbingDownofAmerica.sml.cover.jpg,True,502,600,41807,
D:\Documentos\The Liberator\The Liberator 1 - Government Scam\The Hidden Curriculum of Mandatory Govt Schools\Dumbing-Us-Down-by-John-Taylor-Gatto.pdf,D:\Documentos\The Liberator\The Liberator 1 - Government Scam\The Hidden Curriculum of Mandatory Govt Schools\Dumbing-Us-Down-by-John-Taylor-Gatto.cover.jpg,True,400,600,62257,
D:\Documentos\The Liberator\The Liberator 1 - Government Scam\The Hidden Curriculum of Mandatory Govt Schools\john-taylor-gatto-weapons-of-mass-instruction.pdf,D:\Documentos\The Liberator\The Liberator 1 - Government Scam\The Hidden Curriculum of Mandatory Govt Schools\john-taylor-gatto-weapons-of-mass-instruction.cover.jpg,True,401,600,55405,
D:\Documentos\The Liberator\The Liberator 1 - Government Scam\The Hidden Curriculum of Mandatory Govt Schools\Underground_History_of_American_Education_by_John_Gatto.pdf,D:\Documentos\The Liberator\The Liberator 1 - Government Scam\The Hidden Curriculum of Mandatory Govt Schools\Underground_History_of_American_Education_by_John_Gatto.cover.jpg,True,464,600,8135,
D:\Documentos\The Liberator\The Liberator 1 - Government Scam\The White Rose - MUCHO GRANDE - Printable Posters and Stickers\White Rose MUCHO GRANDE posters in PDF\The White Rose - MUCHO GRANDE - Poster 1 - _Government_ overview.pdf,D:\Documentos\The Liberator\The Liberator 1 - Government Scam\The White Rose - MUCHO GRANDE - Printable Posters and Stickers\White Rose MUCHO GRANDE posters in PDF\The White Rose - MUCHO GRANDE - Poster 1 - _Government_ overview.cover.jpg,True,600,400,71628,
D:\Documentos\The Liberator\The Liberator 1 - Government Scam\The White Rose - MUCHO GRANDE - Printable Posters and Stickers\White Rose MUCHO GRANDE posters in PDF\The White Rose - MUCHO GRANDE - Poster 10 - Consumer Goods Monopoliz.pdf,D:\Documentos\The Liberator\The Liberator 1 - Government Scam\The White Rose - MUCHO GRANDE - Printable Posters and Stickers\White Rose MUCHO GRANDE posters in PDF\The White Rose - MUCHO GRANDE - Poster 10 - Consumer Goods Monopoliz.cover.jpg,True,600,400,78046,
D:\Documentos\The Liberator\The Liberator 1 - Government Scam\The White Rose - MUCHO GRANDE - Printable Posters and Stickers\White Rose MUCHO GRANDE posters in PDF\The White Rose - MUCHO GRANDE - Poster 11 - Beer Monopolization.pdf,D:\Documentos\The Liberator\The Liberator 1 - Government Scam\The White Rose - MUCHO GRANDE - Printable Posters and Stickers\White Rose MUCHO GRANDE posters in PDF\The White Rose - MUCHO GRANDE - Poster 11 - Beer Monopolization.cover.jpg,True,600,400,72910,
D:\Documentos\The Liberator\The Liberator 1 - Government Scam\The White Rose - MUCHO GRANDE - Printable Posters and Stickers\White Rose MUCHO GRANDE posters in PDF\The White Rose - MUCHO GRANDE - Poster 12 - 2nd Consumer Goods Monop.pdf,D:\Documentos\The Liberator\The Liberator 1 - Government Scam\The White Rose - MUCHO GRANDE - Printable Posters and Stickers\White Rose MUCHO GRANDE posters in PDF\The White Rose - MUCHO GRANDE - Poster 12 - 2nd Consumer Goods Monop.cover.jpg,True,600,400,90684,
D:\Documentos\The Liberator\The Liberator 1 - Government Scam\The White Rose - MUCHO GRANDE - Printable Posters and Stickers\White Rose MUCHO GRANDE posters in PDF\The White Rose - MUCHO GRANDE - Poster 13 - Airline Monopolization.pdf,D:\Documentos\The Liberator\The Liberator 1 - Government Scam\The White Rose - MUCHO GRANDE - Printable Posters and Stickers\White Rose MUCHO GRANDE posters in PDF\The White Rose - MUCHO GRANDE - Poster 13 - Airline Monopolization.cover.jpg,True,600,400,47441,
D:\Documentos\The Liberator\The Liberator 1 - Government Scam\The White Rose - MUCHO GRANDE - Printable Posters and Stickers\White Rose MUCHO GRANDE posters in PDF\The White Rose - MUCHO GRANDE - Poster 14 - Meat Packing Monopolizat.pdf,D:\Documentos\The Liberator\The Liberator 1 - Government Scam\The White Rose - MUCHO GRANDE - Printable Posters and Stickers\White Rose MUCHO GRANDE posters in PDF\The White Rose - MUCHO GRANDE - Poster 14 - Meat Packing Monopolizat.cover.jpg,True,600,400,32623,
D:\Documentos\The Liberator\The Liberator 1 - Government Scam\The White Rose - MUCHO GRANDE - Printable Posters and Stickers\White Rose MUCHO GRANDE posters in PDF\The White Rose - MUCHO GRANDE - Poster 15 - Organic Food Monopolizat.pdf,D:\Documentos\The Liberator\The Liberator 1 - Government Scam\The White Rose - MUCHO GRANDE - Printable Posters and Stickers\White Rose MUCHO GRANDE posters in PDF\The White Rose - MUCHO GRANDE - Poster 15 - Organic Food Monopolizat.cover.jpg,True,600,400,91411,
D:\Documentos\The Liberator\The Liberator 1 - Government Scam\The White Rose - MUCHO GRANDE - Printable Posters and Stickers\White Rose MUCHO GRANDE posters in PDF\The White Rose - MUCHO GRANDE - Poster 16 - Arms Industry Monopoliza.pdf,D:\Documentos\The Liberator\The Liberator 1 - Government Scam\The White Rose - MUCHO GRANDE - Printable Posters and Stickers\White Rose MUCHO GRANDE posters in PDF\The White Rose - MUCHO GRANDE - Poster 16 - Arms Industry Monopoliza.cover.jpg,True,600,400,67578,
D:\Documentos\The Liberator\The Liberator 1 - Government Scam\The White Rose - MUCHO GRANDE - Printable Posters and Stickers\White Rose MUCHO GRANDE posters in PDF\The White Rose - MUCHO GRANDE - Poster 17 - Biodiversity Corridors i.pdf,D:\Documentos\The Liberator\The Liberator 1 - Government Scam\The White Rose - MUCHO GRANDE - Printable Posters and Stickers\White Rose MUCHO GRANDE posters in PDF\The White Rose - MUCHO GRANDE - Poster 17 - Biodiversity Corridors i.cover.jpg,True,600,400,84672,
D:\Documentos\The Liberator\The Liberator 1 - Government Scam\The White Rose - MUCHO GRANDE - Printable Posters and Stickers\White Rose MUCHO GRANDE posters in PDF\The White Rose - MUCHO GRANDE - Poster 18 - The White Rose Society.pdf,D:\Documentos\The Liberator\The Liberator 1 - Government Scam\The White Rose - MUCHO GRANDE - Printable Posters and Stickers\White Rose MUCHO GRANDE posters in PDF\The White Rose - MUCHO GRANDE - Poster 18 - The White Rose Society.cover.jpg,True,600,407,92046,
D:\Documentos\The Liberator\The Liberator 1 - Government Scam\The White Rose - MUCHO GRANDE - Printable Posters and Stickers\White Rose MUCHO GRANDE posters in PDF\The White Rose - MUCHO GRANDE - Poster 19 - The Censorship Industrial Complex.pdf,D:\Documentos\The Liberator\The Liberator 1 - Government Scam\The White Rose - MUCHO GRANDE - Printable Posters and Stickers\White Rose MUCHO GRANDE posters in PDF\The White Rose - MUCHO GRANDE - Poster 19 - The Censorship Industrial Complex.cover.jpg,True,600,407,53036,
D:\Documentos\The Liberator\The Liberator 1 - Government Scam\The White Rose - MUCHO GRANDE - Printable Posters and Stickers\White Rose MUCHO GRANDE posters in PDF\The White Rose - MUCHO GRANDE - Poster 2 - Media_Control.pdf,D:\Documentos\The Liberator\The Liberator 1 - Government Scam\The White Rose - MUCHO GRANDE - Printable Posters and Stickers\White Rose MUCHO GRANDE posters in PDF\The White Rose - MUCHO GRANDE - Poster 2 - Media_Control.cover.jpg,True,600,400,86182,
D:\Documentos\The Liberator\The Liberator 1 - Government Scam\The White Rose - MUCHO GRANDE - Printable Posters and Stickers\White Rose MUCHO GRANDE posters in PDF\The White Rose - MUCHO GRANDE - Poster 3 - CFR-TC-Bilderberg Penetra.pdf,D:\Documentos\The Liberator\The Liberator 1 - Government Scam\The White Rose - MUCHO GRANDE - Printable Posters and Stickers\White Rose MUCHO GRANDE posters in PDF\The White Rose - MUCHO GRANDE - Poster 3 - CFR-TC-Bilderberg Penetra.cover.jpg,True,600,400,90001,
D:\Documentos\The Liberator\The Liberator 1 - Government Scam\The White Rose - MUCHO GRANDE - Printable Posters and Stickers\White Rose MUCHO GRANDE posters in PDF\The White Rose - MUCHO GRANDE - Poster 4 - Bilderberg Connections.pdf,D:\Documentos\The Liberator\The Liberator 1 - Government Scam\The White Rose - MUCHO GRANDE - Printable Posters and Stickers\White Rose MUCHO GRANDE posters in PDF\The White Rose - MUCHO GRANDE - Poster 4 - Bilderberg Connections.cover.jpg,True,600,400,71991,
D:\Documentos\The Liberator\The Liberator 1 - Government Scam\The White Rose - MUCHO GRANDE - Printable Posters and Stickers\White Rose MUCHO GRANDE posters in PDF\The White Rose - MUCHO GRANDE - Poster 5 - 2006 Media Ownership.pdf,D:\Documentos\The Liberator\The Liberator 1 - Government Scam\The White Rose - MUCHO GRANDE - Printable Posters and Stickers\White Rose MUCHO GRANDE posters in PDF\The White Rose - MUCHO GRANDE - Poster 5 - 2006 Media Ownership.cover.jpg,True,600,400,71097,
D:\Documentos\The Liberator\The Liberator 1 - Government Scam\The White Rose - MUCHO GRANDE - Printable Posters and Stickers\White Rose MUCHO GRANDE posters in PDF\The White Rose - MUCHO GRANDE - Poster 6 - Who Owns the News.pdf,D:\Documentos\The Liberator\The Liberator 1 - Government Scam\The White Rose - MUCHO GRANDE - Printable Posters and Stickers\White Rose MUCHO GRANDE posters in PDF\The White Rose - MUCHO GRANDE - Poster 6 - Who Owns the News.cover.jpg,True,600,400,79225,
D:\Documentos\The Liberator\The Liberator 1 - Government Scam\The White Rose - MUCHO GRANDE - Printable Posters and Stickers\White Rose MUCHO GRANDE posters in PDF\The White Rose - MUCHO GRANDE - Poster 7 - Seed Monopolization.pdf,D:\Documentos\The Liberator\The Liberator 1 - Government Scam\The White Rose - MUCHO GRANDE - Printable Posters and Stickers\White Rose MUCHO GRANDE posters in PDF\The White Rose - MUCHO GRANDE - Poster 7 - Seed Monopolization.cover.jpg,True,600,400,77035,
D:\Documentos\The Liberator\The Liberator 1 - Government Scam\The White Rose - MUCHO GRANDE - Printable Posters and Stickers\White Rose MUCHO GRANDE posters in PDF\The White Rose - MUCHO GRANDE - Poster 8 - Beverage Monopolization.pdf,D:\Documentos\The Liberator\The Liberator 1 - Government Scam\The White Rose - MUCHO GRANDE - Printable Posters and Stickers\White Rose MUCHO GRANDE posters in PDF\The White Rose - MUCHO GRANDE - Poster 8 - Beverage Monopolization.cover.jpg,True,600,400,63542,
D:\Documentos\The Liberator\The Liberator 1 - Government Scam\The White Rose - MUCHO GRANDE - Printable Posters and Stickers\White Rose MUCHO GRANDE posters in PDF\The White Rose - MUCHO GRANDE - Poster 9 - Financial Industry Monopoly.pdf,D:\Documentos\The Liberator\The Liberator 1 - Government Scam\The White Rose - MUCHO GRANDE - Printable Posters and Stickers\White Rose MUCHO GRANDE posters in PDF\The White Rose - MUCHO GRANDE - Poster 9 - Financial Industry Monopoly.cover.jpg,True,600,400,46895,
D:\Documentos\The Liberator\The Liberator 1 - Government Scam\Understanding the CIA Monopoly Media's Propaganda Matrix\2010 Bilderberg CFR Trilateral Chart.pdf,D:\Documentos\The Liberator\The Liberator 1 - Government Scam\Understanding the CIA Monopoly Media's Propaganda Matrix\2010 Bilderberg CFR Trilateral Chart.cover.jpg,True,600,464,97501,
D:\Documentos\The Liberator\The Liberator 1 - Government Scam\Understanding the CIA Monopoly Media's Propaganda Matrix\Busted! Media Propaganda Exposed\EXCLUSIVE Documents expose how Hollywood promotes war on behalf of the Pentagon CIA and NSA.pdf,D:\Documentos\The Liberator\The Liberator 1 - Government Scam\Understanding the CIA Monopoly Media's Propaganda Matrix\Busted! Media Propaganda Exposed\EXCLUSIVE Documents expose how Hollywood promotes war on behalf of the Pentagon CIA and NSA.cover.jpg,True,464,600,43405,
D:\Documentos\The Liberator\The Liberator 1 - Government Scam\Understanding the CIA Monopoly Media's Propaganda Matrix\Busted! Media Propaganda Exposed\globalresearch.ca-Who is Behind Fake News Mainstream Media Use Fake Videos and Images.pdf,D:\Documentos\The Liberator\The Liberator 1 - Government Scam\Understanding the CIA Monopoly Media's Propaganda Matrix\Busted! Media Propaganda Exposed\globalresearch.ca-Who is Behind Fake News Mainstream Media Use Fake Videos and Images.cover.jpg,True,464,600,44156,
D:\Documentos\The Liberator\The Liberator 1 - Government Scam\Understanding the CIA Monopoly Media's Propaganda Matrix\CIA and Organized Crime Media Fact Checking\CIA News Networks and The Mighty Wurlitzer.pdf,D:\Documentos\The Liberator\The Liberator 1 - Government Scam\Understanding the CIA Monopoly Media's Propaganda Matrix\CIA and Organized Crime Media Fact Checking\CIA News Networks and The Mighty Wurlitzer.cover.jpg,True,600,464,94155,
D:\Documentos\The Liberator\The Liberator 1 - Government Scam\Understanding the CIA Monopoly Media's Propaganda Matrix\CIA and Organized Crime Media Fact Checking\How Former CIA fellow Renee DiResta Leads the Censorship Industry.pdf,D:\Documentos\The Liberator\The Liberator 1 - Government Scam\Understanding the CIA Monopoly Media's Propaganda Matrix\CIA and Organized Crime Media Fact Checking\How Former CIA fellow Renee DiResta Leads the Censorship Industry.cover.jpg,True,464,600,53135,
D:\Documentos\The Liberator\The Liberator 1 - Government Scam\Understanding the CIA Monopoly Media's Propaganda Matrix\CIA and Organized Crime Media Fact Checking\Meet the Ex-CIA Agents Deciding Facebooks Content Policy.pdf,D:\Documentos\The Liberator\The Liberator 1 - Government Scam\Understanding the CIA Monopoly Media's Propaganda Matrix\CIA and Organized Crime Media Fact Checking\Meet the Ex-CIA Agents Deciding Facebooks Content Policy.cover.jpg,True,464,600,68780,
D:\Documentos\The Liberator\The Liberator 1 - Government Scam\Understanding the CIA Monopoly Media's Propaganda Matrix\CIA and Organized Crime Media Fact Checking\mintpressnews.com-TikTok Chinese Trojan Horse Is Run by State Department Officials.pdf,D:\Documentos\The Liberator\The Liberator 1 - Government Scam\Understanding the CIA Monopoly Media's Propaganda Matrix\CIA and Organized Crime Media Fact Checking\mintpressnews.com-TikTok Chinese Trojan Horse Is Run by State Department Officials.cover.jpg,True,464,600,53905,
D:\Documentos\The Liberator\The Liberator 1 - Government Scam\Understanding the CIA Monopoly Media's Propaganda Matrix\CIA and Organized Crime Media Fact Checking\The Federal Bureau of Tweets Twitter Is Hiring an Alarming Number of FBI Agents.pdf,D:\Documentos\The Liberator\The Liberator 1 - Government Scam\Understanding the CIA Monopoly Media's Propaganda Matrix\CIA and Organized Crime Media Fact Checking\The Federal Bureau of Tweets Twitter Is Hiring an Alarming Number of FBI Agents.cover.jpg,True,464,600,56072,
D:\Documentos\The Liberator\The Liberator 1 - Government Scam\Understanding the CIA Monopoly Media's Propaganda Matrix\CIA Cable News Network (CNN)\CNN  The CIAs News Network.pdf,D:\Documentos\The Liberator\The Liberator 1 - Government Scam\Understanding the CIA Monopoly Media's Propaganda Matrix\CIA Cable News Network (CNN)\CNN  The CIAs News Network.cover.jpg,True,464,600,70083,
D:\Documentos\The Liberator\The Liberator 1 - Government Scam\Understanding the CIA Monopoly Media's Propaganda Matrix\CIA Cable News Network (CNN)\whale.to-Bizarre moment CNN anchors unsuccessfully try to pretend they are not in the same parking lot.pdf,D:\Documentos\The Liberator\The Liberator 1 - Government Scam\Understanding the CIA Monopoly Media's Propaganda Matrix\CIA Cable News Network (CNN)\whale.to-Bizarre moment CNN anchors unsuccessfully try to pretend they are not in the same parking lot.cover.jpg,True,464,600,50368,
D:\Documentos\The Liberator\The Liberator 1 - Government Scam\Understanding the CIA Monopoly Media's Propaganda Matrix\CIA Facebook\Are You Getting Your Social Media Censored by the CIA.pdf,D:\Documentos\The Liberator\The Liberator 1 - Government Scam\Understanding the CIA Monopoly Media's Propaganda Matrix\CIA Facebook\Are You Getting Your Social Media Censored by the CIA.cover.jpg,True,600,464,102386,
D:\Documentos\The Liberator\The Liberator 1 - Government Scam\Understanding the CIA Monopoly Media's Propaganda Matrix\CIA Facebook\Facebook Censoring Racket News-Matt Taibbi Report on Facebook Censoring.pdf,D:\Documentos\The Liberator\The Liberator 1 - Government Scam\Understanding the CIA Monopoly Media's Propaganda Matrix\CIA Facebook\Facebook Censoring Racket News-Matt Taibbi Report on Facebook Censoring.cover.jpg,True,464,600,46125,
D:\Documentos\The Liberator\The Liberator 1 - Government Scam\Understanding the CIA Monopoly Media's Propaganda Matrix\CIA Facebook\facebook-dangerous-individuals-and-organizations-list-reproduced-snapshot.pdf,D:\Documentos\The Liberator\The Liberator 1 - Government Scam\Understanding the CIA Monopoly Media's Propaganda Matrix\CIA Facebook\facebook-dangerous-individuals-and-organizations-list-reproduced-snapshot.cover.jpg,True,600,389,33124,
D:\Documentos\The Liberator\The Liberator 1 - Government Scam\Understanding the CIA Monopoly Media's Propaganda Matrix\CIA Facebook\mintpressnews.com-Meet the Ex-CIA Agents Deciding Facebooks Content Policy.pdf,D:\Documentos\The Liberator\The Liberator 1 - Government Scam\Understanding the CIA Monopoly Media's Propaganda Matrix\CIA Facebook\mintpressnews.com-Meet the Ex-CIA Agents Deciding Facebooks Content Policy.cover.jpg,True,464,600,68780,
D:\Documentos\The Liberator\The Liberator 1 - Government Scam\Understanding the CIA Monopoly Media's Propaganda Matrix\CIA Facebook\rollingstone.com-Who Will Fix Facebook.pdf,D:\Documentos\The Liberator\The Liberator 1 - Government Scam\Understanding the CIA Monopoly Media's Propaganda Matrix\CIA Facebook\rollingstone.com-Who Will Fix Facebook.cover.jpg,True,464,600,57081,
D:\Documentos\The Liberator\The Liberator 1 - Government Scam\Understanding the CIA Monopoly Media's Propaganda Matrix\CIA Facebook\unlimitedhangout.com-The Military Origins of Facebook.pdf,D:\Documentos\The Liberator\The Liberator 1 - Government Scam\Understanding the CIA Monopoly Media's Propaganda Matrix\CIA Facebook\unlimitedhangout.com-The Military Origins of Facebook.cover.jpg,True,464,600,59866,
D:\Documentos\The Liberator\The Liberator 1 - Government Scam\Understanding the CIA Monopoly Media's Propaganda Matrix\CIA Google\Audit suggests Google favors a small number of major outlets.pdf,D:\Documentos\The Liberator\The Liberator 1 - Government Scam\Understanding the CIA Monopoly Media's Propaganda Matrix\CIA Google\Audit suggests Google favors a small number of major outlets.cover.jpg,True,464,600,38233,
D:\Documentos\The Liberator\The Liberator 1 - Government Scam\Understanding the CIA Monopoly Media's Propaganda Matrix\CIA Google\Examples of Google Censorship\merylnass.substack.com-Google took down my post on depopulation.pdf,D:\Documentos\The Liberator\The Liberator 1 - Government Scam\Understanding the CIA Monopoly Media's Propaganda Matrix\CIA Google\Examples of Google Censorship\merylnass.substack.com-Google took down my post on depopulation.cover.jpg,True,464,600,29337,
D:\Documentos\The Liberator\The Liberator 1 - Government Scam\Understanding the CIA Monopoly Media's Propaganda Matrix\CIA Google\Google censoring Gmail and their AI Social Credit System.pdf,D:\Documentos\The Liberator\The Liberator 1 - Government Scam\Understanding the CIA Monopoly Media's Propaganda Matrix\CIA Google\Google censoring Gmail and their AI Social Credit System.cover.jpg,True,464,600,61231,
D:\Documentos\The Liberator\The Liberator 1 - Government Scam\Understanding the CIA Monopoly Media's Propaganda Matrix\CIA Google\Google hides campaign sites of Trump RFK Jr and other Republican candidates Biden dominates top searc.pdf,D:\Documentos\The Liberator\The Liberator 1 - Government Scam\Understanding the CIA Monopoly Media's Propaganda Matrix\CIA Google\Google hides campaign sites of Trump RFK Jr and other Republican candidates Biden dominates top searc.cover.jpg,True,464,600,51287,
D:\Documentos\The Liberator\The Liberator 1 - Government Scam\Understanding the CIA Monopoly Media's Propaganda Matrix\CIA Google\Googles Gmail favors left-wing candidates sends far more emails from conservatives to spam study.pdf,D:\Documentos\The Liberator\The Liberator 1 - Government Scam\Understanding the CIA Monopoly Media's Propaganda Matrix\CIA Google\Googles Gmail favors left-wing candidates sends far more emails from conservatives to spam study.cover.jpg,True,464,600,35212,
D:\Documentos\The Liberator\The Liberator 1 - Government Scam\Understanding the CIA Monopoly Media's Propaganda Matrix\CIA Google\Googles New Bard AI Is Riddled With Political Bias.pdf,D:\Documentos\The Liberator\The Liberator 1 - Government Scam\Understanding the CIA Monopoly Media's Propaganda Matrix\CIA Google\Googles New Bard AI Is Riddled With Political Bias.cover.jpg,True,464,600,44175,
D:\Documentos\The Liberator\The Liberator 1 - Government Scam\Understanding the CIA Monopoly Media's Propaganda Matrix\CIA Google\Googles True Origin CIA and NSA Research Grants_Jeff-Nesbit.pdf,D:\Documentos\The Liberator\The Liberator 1 - Government Scam\Understanding the CIA Monopoly Media's Propaganda Matrix\CIA Google\Googles True Origin CIA and NSA Research Grants_Jeff-Nesbit.cover.jpg,True,464,600,50076,
D:\Documentos\The Liberator\The Liberator 1 - Government Scam\Understanding the CIA Monopoly Media's Propaganda Matrix\CIA Google\How Google Interferes with Its Search Algorithms and Changes Your Results- WSJ-Nov 2019.pdf,D:\Documentos\The Liberator\The Liberator 1 - Government Scam\Understanding the CIA Monopoly Media's Propaganda Matrix\CIA Google\How Google Interferes with Its Search Algorithms and Changes Your Results- WSJ-Nov 2019.cover.jpg,True,464,600,55178,
D:\Documentos\The Liberator\The Liberator 1 - Government Scam\Understanding the CIA Monopoly Media's Propaganda Matrix\CIA Google\How the CIA made Google by Nafeez Ahmed Jan 22nd 2015.pdf,D:\Documentos\The Liberator\The Liberator 1 - Government Scam\Understanding the CIA Monopoly Media's Propaganda Matrix\CIA Google\How the CIA made Google by Nafeez Ahmed Jan 22nd 2015.cover.jpg,True,464,600,55960,
D:\Documentos\The Liberator\The Liberator 1 - Government Scam\Understanding the CIA Monopoly Media's Propaganda Matrix\CIA Google\Research Proves Google Manipulates Millions to Favor Clinton.pdf,D:\Documentos\The Liberator\The Liberator 1 - Government Scam\Understanding the CIA Monopoly Media's Propaganda Matrix\CIA Google\Research Proves Google Manipulates Millions to Favor Clinton.cover.jpg,True,464,600,50050,
D:\Documentos\The Liberator\The Liberator 1 - Government Scam\Understanding the CIA Monopoly Media's Propaganda Matrix\CIA Google\UN official at WEF We own the science on Climate Change and Google promotes our views.pdf,D:\Documentos\The Liberator\The Liberator 1 - Government Scam\Understanding the CIA Monopoly Media's Propaganda Matrix\CIA Google\UN official at WEF We own the science on Climate Change and Google promotes our views.cover.jpg,True,464,600,60833,
D:\Documentos\The Liberator\The Liberator 1 - Government Scam\Understanding the CIA Monopoly Media's Propaganda Matrix\CIA Media Control\CIA News Networks and The Mighty Wurlitzer.pdf,D:\Documentos\The Liberator\The Liberator 1 - Government Scam\Understanding the CIA Monopoly Media's Propaganda Matrix\CIA Media Control\CIA News Networks and The Mighty Wurlitzer.cover.jpg,True,600,464,94155,
D:\Documentos\The Liberator\The Liberator 1 - Government Scam\Understanding the CIA Monopoly Media's Propaganda Matrix\CIA Media Control\CIAdeceptionMaximsFactFolklore_1980.pdf,D:\Documentos\The Liberator\The Liberator 1 - Government Scam\Understanding the CIA Monopoly Media's Propaganda Matrix\CIA Media Control\CIAdeceptionMaximsFactFolklore_1980.cover.jpg,True,464,600,33389,
D:\Documentos\The Liberator\The Liberator 1 - Government Scam\Understanding the CIA Monopoly Media's Propaganda Matrix\CIA Media Control\Documents Exposing how Hollywood Promotes War on behalf of Pentagon CIA and NSA.pdf,D:\Documentos\The Liberator\The Liberator 1 - Government Scam\Understanding the CIA Monopoly Media's Propaganda Matrix\CIA Media Control\Documents Exposing how Hollywood Promotes War on behalf of Pentagon CIA and NSA.cover.jpg,True,464,600,45875,
D:\Documentos\The Liberator\The Liberator 1 - Government Scam\Understanding the CIA Monopoly Media's Propaganda Matrix\CIA Media Control\Operation Mockingbird.pdf,D:\Documentos\The Liberator\The Liberator 1 - Government Scam\Understanding the CIA Monopoly Media's Propaganda Matrix\CIA Media Control\Operation Mockingbird.cover.jpg,True,464,600,91939,
D:\Documentos\The Liberator\The Liberator 1 - Government Scam\Understanding the CIA Monopoly Media's Propaganda Matrix\CIA Media Control\The CIA and the Media 50 Facts the World Needs to Know - James Tracy.pdf,D:\Documentos\The Liberator\The Liberator 1 - Government Scam\Understanding the CIA Monopoly Media's Propaganda Matrix\CIA Media Control\The CIA and the Media 50 Facts the World Needs to Know - James Tracy.cover.jpg,True,464,600,35357,
D:\Documentos\The Liberator\The Liberator 1 - Government Scam\Understanding the CIA Monopoly Media's Propaganda Matrix\CIA Media Control\The_CIA_and_the_Media_By_James_Tracy.pdf,D:\Documentos\The Liberator\The Liberator 1 - Government Scam\Understanding the CIA Monopoly Media's Propaganda Matrix\CIA Media Control\The_CIA_and_the_Media_By_James_Tracy.cover.jpg,True,464,600,42831,
D:\Documentos\The Liberator\The Liberator 1 - Government Scam\Understanding the CIA Monopoly Media's Propaganda Matrix\Controlled Opposition Media Puppets\Controlled Opposition Media Puppets Who Have Confessed or Been Outed\Hal_Turner_FBI_COINTELPRO_Controlled_Opposition_Media_Busted.pdf,D:\Documentos\The Liberator\The Liberator 1 - Government Scam\Understanding the CIA Monopoly Media's Propaganda Matrix\Controlled Opposition Media Puppets\Controlled Opposition Media Puppets Who Have Confessed or Been Outed\Hal_Turner_FBI_COINTELPRO_Controlled_Opposition_Media_Busted.cover.jpg,True,464,600,38501,
D:\Documentos\The Liberator\The Liberator 1 - Government Scam\Understanding the CIA Monopoly Media's Propaganda Matrix\Controlled Opposition Media Puppets\Controlled Opposition Media Puppets Who Have Confessed or Been Outed\Reporter Udo Ulfkotte Who Exposed Governments Creating Fake News War Propaganda Found Dead.pdf,D:\Documentos\The Liberator\The Liberator 1 - Government Scam\Understanding the CIA Monopoly Media's Propaganda Matrix\Controlled Opposition Media Puppets\Controlled Opposition Media Puppets Who Have Confessed or Been Outed\Reporter Udo Ulfkotte Who Exposed Governments Creating Fake News War Propaganda Found Dead.cover.jpg,True,464,600,54753,
D:\Documentos\The Liberator\The Liberator 1 - Government Scam\Understanding the CIA Monopoly Media's Propaganda Matrix\Controlled Opposition Media Puppets\Controlled Opposition Media Puppets Who Have Confessed or Been Outed\theintercept.com-The CIAs Mop-Up Man LA Times Reporter Ken Dilian Cleared Stories With Agency Before Publication.pdf,D:\Documentos\The Liberator\The Liberator 1 - Government Scam\Understanding the CIA Monopoly Media's Propaganda Matrix\Controlled Opposition Media Puppets\Controlled Opposition Media Puppets Who Have Confessed or Been Outed\theintercept.com-The CIAs Mop-Up Man LA Times Reporter Ken Dilian Cleared Stories With Agency Before Publication.cover.jpg,True,464,600,72497,
D:\Documentos\The Liberator\The Liberator 1 - Government Scam\Understanding the CIA Monopoly Media's Propaganda Matrix\Controlled Opposition Media Puppets\Suspected Controlled Opposition Media Puppets\Anarchapulco\Jeff Berwick\borderlessblog.com-Jeff Berwick is a Conman Scam Artist and Asshole.pdf,D:\Documentos\The Liberator\The Liberator 1 - Government Scam\Understanding the CIA Monopoly Media's Propaganda Matrix\Controlled Opposition Media Puppets\Suspected Controlled Opposition Media Puppets\Anarchapulco\Jeff Berwick\borderlessblog.com-Jeff Berwick is a Conman Scam Artist and Asshole.cover.jpg,True,464,600,24756,
D:\Documentos\The Liberator\The Liberator 1 - Government Scam\Understanding the CIA Monopoly Media's Propaganda Matrix\Controlled Opposition Media Puppets\Suspected Controlled Opposition Media Puppets\Anarchapulco\Jeff Berwick\peakd.com-Earning Money With Bitcoin Mining And Marketing (1).pdf,D:\Documentos\The Liberator\The Liberator 1 - Government Scam\Understanding the CIA Monopoly Media's Propaganda Matrix\Controlled Opposition Media Puppets\Suspected Controlled Opposition Media Puppets\Anarchapulco\Jeff Berwick\peakd.com-Earning Money With Bitcoin Mining And Marketing (1).cover.jpg,True,464,600,46550,
D:\Documentos\The Liberator\The Liberator 1 - Government Scam\Understanding the CIA Monopoly Media's Propaganda Matrix\Facebook\facebook-dangerous-individuals-and-organizations-list-reproduced-snapshot.pdf,D:\Documentos\The Liberator\The Liberator 1 - Government Scam\Understanding the CIA Monopoly Media's Propaganda Matrix\Facebook\facebook-dangerous-individuals-and-organizations-list-reproduced-snapshot.cover.jpg,True,600,389,33124,
D:\Documentos\The Liberator\The Liberator 1 - Government Scam\Understanding the CIA Monopoly Media's Propaganda Matrix\Facebook\responsiblestatecraft.org-Why is Facebook censoring Sy Hershs NordStream report.pdf,D:\Documentos\The Liberator\The Liberator 1 - Government Scam\Understanding the CIA Monopoly Media's Propaganda Matrix\Facebook\responsiblestatecraft.org-Why is Facebook censoring Sy Hershs NordStream report.cover.jpg,True,464,600,56875,
D:\Documentos\The Liberator\The Liberator 1 - Government Scam\Understanding the CIA Monopoly Media's Propaganda Matrix\Media Oligopical Ownership and Consolidation\2006_Media_Ownership.unlocked.pdf,D:\Documentos\The Liberator\The Liberator 1 - Government Scam\Understanding the CIA Monopoly Media's Propaganda Matrix\Media Oligopical Ownership and Consolidation\2006_Media_Ownership.unlocked.cover.jpg,True,600,205,34679,
D:\Documentos\The Liberator\The Liberator 1 - Government Scam\Understanding the CIA Monopoly Media's Propaganda Matrix\Media Oligopical Ownership and Consolidation\Media Ownership Chart.pdf,D:\Documentos\The Liberator\The Liberator 1 - Government Scam\Understanding the CIA Monopoly Media's Propaganda Matrix\Media Oligopical Ownership and Consolidation\Media Ownership Chart.cover.jpg,True,425,600,105563,
D:\Documentos\The Liberator\The Liberator 1 - Government Scam\Understanding the CIA Monopoly Media's Propaganda Matrix\Quora\Dennis_Pratt_Deplatformed_by_quora_com-.pdf,D:\Documentos\The Liberator\The Liberator 1 - Government Scam\Understanding the CIA Monopoly Media's Propaganda Matrix\Quora\Dennis_Pratt_Deplatformed_by_quora_com-.cover.jpg,True,464,600,94103,
D:\Documentos\The Liberator\The Liberator 1 - Government Scam\Understanding the CIA Monopoly Media's Propaganda Matrix\Quora\Did CIA Director William Casey really say We will know our disinformation program is complete when everything the American public believes is false-Quora.pdf,D:\Documentos\The Liberator\The Liberator 1 - Government Scam\Understanding the CIA Monopoly Media's Propaganda Matrix\Quora\Did CIA Director William Casey really say We will know our disinformation program is complete when everything the American public believes is false-Quora.cover.jpg,True,464,600,49371,
D:\Documentos\The Liberator\The Liberator 1 - Government Scam\Understanding the CIA Monopoly Media's Propaganda Matrix\So-called Fact Checkers and Misinformation Busters\dailyclout.io-Meet the Misinformation Busters How They Speak Who Funds T.pdf,D:\Documentos\The Liberator\The Liberator 1 - Government Scam\Understanding the CIA Monopoly Media's Propaganda Matrix\So-called Fact Checkers and Misinformation Busters\dailyclout.io-Meet the Misinformation Busters How They Speak Who Funds T.cover.jpg,True,464,600,56447,
D:\Documentos\The Liberator\The Liberator 1 - Government Scam\Understanding the CIA Monopoly Media's Propaganda Matrix\swprs.org-The Propaganda Multiplier.pdf,D:\Documentos\The Liberator\The Liberator 1 - Government Scam\Understanding the CIA Monopoly Media's Propaganda Matrix\swprs.org-The Propaganda Multiplier.cover.jpg,True,464,600,27903,
"D:\Documentos\The Liberator\The Liberator 1 - Government Scam\Understanding the CIA Monopoly Media's Propaganda Matrix\Tell-a-Vision's Subliminals, Flicker Rate, and Other Tricks\60s USA Govt TV SIgn Off Subliminals Pictured and Listed\Analysis and All Sublims.pdf","D:\Documentos\The Liberator\The Liberator 1 - Government Scam\Understanding the CIA Monopoly Media's Propaganda Matrix\Tell-a-Vision's Subliminals, Flicker Rate, and Other Tricks\60s USA Govt TV SIgn Off Subliminals Pictured and Listed\Analysis and All Sublims.cover.jpg",True,464,600,40584,
D:\Documentos\The Liberator\The Liberator 1 - Government Scam\Understanding the CIA Monopoly Media's Propaganda Matrix\The Censorship Industrial Complex\articles.mercola.com-How the Censorship Industry Works and How We Can Stop It.pdf,D:\Documentos\The Liberator\The Liberator 1 - Government Scam\Understanding the CIA Monopoly Media's Propaganda Matrix\The Censorship Industrial Complex\articles.mercola.com-How the Censorship Industry Works and How We Can Stop It.cover.jpg,True,464,600,70488,
D:\Documentos\The Liberator\The Liberator 1 - Government Scam\Understanding the CIA Monopoly Media's Propaganda Matrix\The Censorship Industrial Complex\Report on the Censorship-Industrial Complex- The Top 50 Organizations by Matt Taibbi.pdf,D:\Documentos\The Liberator\The Liberator 1 - Government Scam\Understanding the CIA Monopoly Media's Propaganda Matrix\The Censorship Industrial Complex\Report on the Censorship-Industrial Complex- The Top 50 Organizations by Matt Taibbi.cover.jpg,True,464,600,47604,
D:\Documentos\The Liberator\The Liberator 1 - Government Scam\Understanding the CIA Monopoly Media's Propaganda Matrix\The Forgotten Media Purges of the Great Depression.pdf,D:\Documentos\The Liberator\The Liberator 1 - Government Scam\Understanding the CIA Monopoly Media's Propaganda Matrix\The Forgotten Media Purges of the Great Depression.cover.jpg,True,464,600,57574,
D:\Documentos\The Liberator\The Liberator 1 - Government Scam\Understanding the CIA Monopoly Media's Propaganda Matrix\Tik Tok\TikTok Chinese Trojan Horse Is Run by State Department Officials-1.pdf,D:\Documentos\The Liberator\The Liberator 1 - Government Scam\Understanding the CIA Monopoly Media's Propaganda Matrix\Tik Tok\TikTok Chinese Trojan Horse Is Run by State Department Officials-1.cover.jpg,True,464,600,53905,
D:\Documentos\The Liberator\The Liberator 1 - Government Scam\Understanding the CIA Monopoly Media's Propaganda Matrix\TrilateralList2010.pdf,D:\Documentos\The Liberator\The Liberator 1 - Government Scam\Understanding the CIA Monopoly Media's Propaganda Matrix\TrilateralList2010.cover.jpg,True,464,600,42878,
D:\Documentos\The Liberator\The Liberator 1 - Government Scam\Understanding the CIA Monopoly Media's Propaganda Matrix\Twitter\30000 Bots on Twitter Use Applied Psychology to Push The Great Reset.pdf,D:\Documentos\The Liberator\The Liberator 1 - Government Scam\Understanding the CIA Monopoly Media's Propaganda Matrix\Twitter\30000 Bots on Twitter Use Applied Psychology to Push The Great Reset.cover.jpg,True,464,600,45732,
D:\Documentos\The Liberator\The Liberator 1 - Government Scam\Understanding the CIA Monopoly Media's Propaganda Matrix\Twitter\Twitter hires army of FBI agents to conduct big brother surveillance.pdf,D:\Documentos\The Liberator\The Liberator 1 - Government Scam\Understanding the CIA Monopoly Media's Propaganda Matrix\Twitter\Twitter hires army of FBI agents to conduct big brother surveillance.cover.jpg,True,464,600,61601,
D:\Documentos\The Liberator\The Liberator 1 - Government Scam\Understanding the CIA Monopoly Media's Propaganda Matrix\Understanding Government Corporate Hollywood Propaganda\A-Citizens-Guide-to-Understanding-Corporate-Media-Propaganda.pdf,D:\Documentos\The Liberator\The Liberator 1 - Government Scam\Understanding the CIA Monopoly Media's Propaganda Matrix\Understanding Government Corporate Hollywood Propaganda\A-Citizens-Guide-to-Understanding-Corporate-Media-Propaganda.cover.jpg,True,464,600,48066,
D:\Documentos\The Liberator\The Liberator 1 - Government Scam\Understanding the CIA Monopoly Media's Propaganda Matrix\Understanding Government Corporate Hollywood Propaganda\Obama's_Use_of_Hidden_Hypnosis_techniques_in_His_Speeches.pdf,D:\Documentos\The Liberator\The Liberator 1 - Government Scam\Understanding the CIA Monopoly Media's Propaganda Matrix\Understanding Government Corporate Hollywood Propaganda\Obama's_Use_of_Hidden_Hypnosis_techniques_in_His_Speeches.cover.jpg,True,464,600,84067,
D:\Documentos\The Liberator\The Liberator 1 - Government Scam\Understanding the CIA Monopoly Media's Propaganda Matrix\Understanding Government Corporate Hollywood Propaganda\The Anatomy of Slavespeak by Frederick Mann.pdf,D:\Documentos\The Liberator\The Liberator 1 - Government Scam\Understanding the CIA Monopoly Media's Propaganda Matrix\Understanding Government Corporate Hollywood Propaganda\The Anatomy of Slavespeak by Frederick Mann.cover.jpg,True,464,600,52253,
D:\Documentos\The Liberator\The Liberator 1 - Government Scam\Understanding the CIA Monopoly Media's Propaganda Matrix\Understanding_Reality-PropagandaMatrix.pdf,D:\Documentos\The Liberator\The Liberator 1 - Government Scam\Understanding the CIA Monopoly Media's Propaganda Matrix\Understanding_Reality-PropagandaMatrix.cover.jpg,True,600,464,80352,
"D:\Documentos\The Liberator\The Liberator 1 - Government Scam\Understanding the CIA Monopoly Media's Propaganda Matrix\WEF, CFR, Bilderberg and Trilateral Control of the Media\The Council on Foreign Relations and Roundtable Groups.pdf","D:\Documentos\The Liberator\The Liberator 1 - Government Scam\Understanding the CIA Monopoly Media's Propaganda Matrix\WEF, CFR, Bilderberg and Trilateral Control of the Media\The Council on Foreign Relations and Roundtable Groups.cover.jpg",True,464,600,52336,
D:\Documentos\The Liberator\The Liberator 1 - Government Scam\Understanding the CIA Monopoly Media's Propaganda Matrix\Wikipedia - Censorship and Propaganda\Pro-Israel Interests Editing Wikipedia-.pdf,D:\Documentos\The Liberator\The Liberator 1 - Government Scam\Understanding the CIA Monopoly Media's Propaganda Matrix\Wikipedia - Censorship and Propaganda\Pro-Israel Interests Editing Wikipedia-.cover.jpg,True,464,600,31203,
D:\Documentos\The Liberator\The Liberator 1 - Government Scam\Understanding the CIA Monopoly Media's Propaganda Matrix\Wikipedia - Censorship and Propaganda\rt.com-CIA moderating Wikipedia  former editor.pdf,D:\Documentos\The Liberator\The Liberator 1 - Government Scam\Understanding the CIA Monopoly Media's Propaganda Matrix\Wikipedia - Censorship and Propaganda\rt.com-CIA moderating Wikipedia  former editor.cover.jpg,True,464,600,43163,
D:\Documentos\The Liberator\The Liberator 1 - Government Scam\Understanding the CIA Monopoly Media's Propaganda Matrix\Wikipedia - Censorship and Propaganda\Wikipedia_Censorship.pdf,D:\Documentos\The Liberator\The Liberator 1 - Government Scam\Understanding the CIA Monopoly Media's Propaganda Matrix\Wikipedia - Censorship and Propaganda\Wikipedia_Censorship.cover.jpg,True,464,600,76530,
D:\Documentos\The Liberator\The Liberator 1 - Government Scam\Understanding the CIA Monopoly Media's Propaganda Matrix\YouTube\ae911truth.org-Comments are Disappearing from our YouTube Videos.pdf,D:\Documentos\The Liberator\The Liberator 1 - Government Scam\Understanding the CIA Monopoly Media's Propaganda Matrix\YouTube\ae911truth.org-Comments are Disappearing from our YouTube Videos.cover.jpg,True,464,600,59426,
D:\Documentos\The Liberator\The Liberator 1 - Government Scam\Understanding the CIA Monopoly Media's Propaganda Matrix\YouTube\youtube_controversial_query_blacklist.pdf,D:\Documentos\The Liberator\The Liberator 1 - Government Scam\Understanding the CIA Monopoly Media's Propaganda Matrix\YouTube\youtube_controversial_query_blacklist.cover.jpg,True,464,600,39850,
D:\Documentos\The Liberator\The Liberator 1 - Government Scam\Visualizing Organized Crimes Power Structure\2009_administration-of-terror-eng.pdf,D:\Documentos\The Liberator\The Liberator 1 - Government Scam\Visualizing Organized Crimes Power Structure\2009_administration-of-terror-eng.cover.jpg,True,600,500,118905,
D:\Documentos\The Liberator\The Liberator 1 - Government Scam\Visualizing Organized Crimes Power Structure\2010 Bilderberg CFR Trilateral Chart.pdf,D:\Documentos\The Liberator\The Liberator 1 - Government Scam\Visualizing Organized Crimes Power Structure\2010 Bilderberg CFR Trilateral Chart.cover.jpg,True,600,464,97501,
D:\Documentos\The Liberator\The Liberator 1 - Government Scam\Visualizing Organized Crimes Power Structure\Bank of International Settlements - Rothschilds\Rothschild The Hidden Sovereign Power Behind BIS.pdf,D:\Documentos\The Liberator\The Liberator 1 - Government Scam\Visualizing Organized Crimes Power Structure\Bank of International Settlements - Rothschilds\Rothschild The Hidden Sovereign Power Behind BIS.cover.jpg,True,464,600,42241,
D:\Documentos\The Liberator\The Liberator 1 - Government Scam\Visualizing Organized Crimes Power Structure\Banking Cartel's Monopoly Consolidation\Craft_Washing_Monopoly_Brewing_Industry.pdf,D:\Documentos\The Liberator\The Liberator 1 - Government Scam\Visualizing Organized Crimes Power Structure\Banking Cartel's Monopoly Consolidation\Craft_Washing_Monopoly_Brewing_Industry.cover.jpg,True,594,600,74322,
D:\Documentos\The Liberator\The Liberator 1 - Government Scam\Visualizing Organized Crimes Power Structure\Banking Cartel's Monopoly Consolidation\Monopoly_Bread_Consolidation.pdf,D:\Documentos\The Liberator\The Liberator 1 - Government Scam\Visualizing Organized Crimes Power Structure\Banking Cartel's Monopoly Consolidation\Monopoly_Bread_Consolidation.cover.jpg,True,472,600,66349,
D:\Documentos\The Liberator\The Liberator 1 - Government Scam\Visualizing Organized Crimes Power Structure\Banking Cartel's Monopoly Consolidation\Monopoly_Consolidation_of_Organic_Food_Companies_2016_Phillip_Howard.pdf,D:\Documentos\The Liberator\The Liberator 1 - Government Scam\Visualizing Organized Crimes Power Structure\Banking Cartel's Monopoly Consolidation\Monopoly_Consolidation_of_Organic_Food_Companies_2016_Phillip_Howard.cover.jpg,True,600,464,108898,
D:\Documentos\The Liberator\The Liberator 1 - Government Scam\Visualizing Organized Crimes Power Structure\Banking Cartel's Monopoly Consolidation\Monopoly_Meat_JBS.pdf,D:\Documentos\The Liberator\The Liberator 1 - Government Scam\Visualizing Organized Crimes Power Structure\Banking Cartel's Monopoly Consolidation\Monopoly_Meat_JBS.cover.jpg,True,600,439,24309,
D:\Documentos\The Liberator\The Liberator 1 - Government Scam\Visualizing Organized Crimes Power Structure\Banking Cartel's Monopoly Consolidation\Monopoly_Meat_WH_Group.pdf,D:\Documentos\The Liberator\The Liberator 1 - Government Scam\Visualizing Organized Crimes Power Structure\Banking Cartel's Monopoly Consolidation\Monopoly_Meat_WH_Group.cover.jpg,True,600,439,20950,
D:\Documentos\The Liberator\The Liberator 1 - Government Scam\Visualizing Organized Crimes Power Structure\Banking Cartel's Monopoly Consolidation\Monopoly_Wine_Industry_Consolidation.pdf,D:\Documentos\The Liberator\The Liberator 1 - Government Scam\Visualizing Organized Crimes Power Structure\Banking Cartel's Monopoly Consolidation\Monopoly_Wine_Industry_Consolidation.cover.jpg,True,600,387,58126,
D:\Documentos\The Liberator\The Liberator 1 - Government Scam\Visualizing Organized Crimes Power Structure\Banking Cartel's Monopoly Consolidation\The_Network_of_Global_Corporate_Control.pdf,D:\Documentos\The Liberator\The Liberator 1 - Government Scam\Visualizing Organized Crimes Power Structure\Banking Cartel's Monopoly Consolidation\The_Network_of_Global_Corporate_Control.cover.jpg,True,464,600,56016,
D:\Documentos\The Liberator\The Liberator 1 - Government Scam\Visualizing Organized Crimes Power Structure\Banking Cartel's Monopoly Consolidation\Visualizing_monopolization_of_Seed_Industry.pdf,D:\Documentos\The Liberator\The Liberator 1 - Government Scam\Visualizing Organized Crimes Power Structure\Banking Cartel's Monopoly Consolidation\Visualizing_monopolization_of_Seed_Industry.cover.jpg,True,425,600,51557,
D:\Documentos\The Liberator\The Liberator 1 - Government Scam\Visualizing Organized Crimes Power Structure\Banking Cartel's Monopoly Consolidation\Who Runs The World Blackrock and Vanguard.pdf,D:\Documentos\The Liberator\The Liberator 1 - Government Scam\Visualizing Organized Crimes Power Structure\Banking Cartel's Monopoly Consolidation\Who Runs The World Blackrock and Vanguard.cover.jpg,True,464,600,56941,
D:\Documentos\The Liberator\The Liberator 1 - Government Scam\Visualizing Organized Crimes Power Structure\Bilderberg Group\The names amp faces of the 150 Bilderbergers who have influenced and controlled the response to COVID.pdf,D:\Documentos\The Liberator\The Liberator 1 - Government Scam\Visualizing Organized Crimes Power Structure\Bilderberg Group\The names amp faces of the 150 Bilderbergers who have influenced and controlled the response to COVID.cover.jpg,True,464,600,49388,
D:\Documentos\The Liberator\The Liberator 1 - Government Scam\Visualizing Organized Crimes Power Structure\Bohemian Society\Bohemian-Grove-2018.pdf,D:\Documentos\The Liberator\The Liberator 1 - Government Scam\Visualizing Organized Crimes Power Structure\Bohemian Society\Bohemian-Grove-2018.cover.jpg,True,464,600,42007,
D:\Documentos\The Liberator\The Liberator 1 - Government Scam\Visualizing Organized Crimes Power Structure\Bohemian Society\list_of_known_bohemian_club_members_wikipedia.pdf,D:\Documentos\The Liberator\The Liberator 1 - Government Scam\Visualizing Organized Crimes Power Structure\Bohemian Society\list_of_known_bohemian_club_members_wikipedia.cover.jpg,True,425,600,46087,
D:\Documentos\The Liberator\The Liberator 1 - Government Scam\Visualizing Organized Crimes Power Structure\Council on Foreign Relations\Corporate Members of the Council on Foreign Relations.pdf,D:\Documentos\The Liberator\The Liberator 1 - Government Scam\Visualizing Organized Crimes Power Structure\Council on Foreign Relations\Corporate Members of the Council on Foreign Relations.cover.jpg,True,464,600,32248,
D:\Documentos\The Liberator\The Liberator 1 - Government Scam\Visualizing Organized Crimes Power Structure\Council on Foreign Relations\Council on Foreign Relations Its Secret British Origin Explained.pdf,D:\Documentos\The Liberator\The Liberator 1 - Government Scam\Visualizing Organized Crimes Power Structure\Council on Foreign Relations\Council on Foreign Relations Its Secret British Origin Explained.cover.jpg,True,464,600,56446,
D:\Documentos\The Liberator\The Liberator 1 - Government Scam\Visualizing Organized Crimes Power Structure\Council on Foreign Relations\Council on Foreign Relations Membership List.pdf,D:\Documentos\The Liberator\The Liberator 1 - Government Scam\Visualizing Organized Crimes Power Structure\Council on Foreign Relations\Council on Foreign Relations Membership List.cover.jpg,True,464,600,9586,
D:\Documentos\The Liberator\The Liberator 1 - Government Scam\Visualizing Organized Crimes Power Structure\Fabian Society\Through its members and offshoot organisations the Fabian Societys influence is global.pdf,D:\Documentos\The Liberator\The Liberator 1 - Government Scam\Visualizing Organized Crimes Power Structure\Fabian Society\Through its members and offshoot organisations the Fabian Societys influence is global.cover.jpg,True,464,600,53044,
D:\Documentos\The Liberator\The Liberator 1 - Government Scam\Visualizing Organized Crimes Power Structure\Federal Reserve System\Federal Reserve Directors -A Study of Corporate and Banking Influence 1976 House Committee Report.pdf,D:\Documentos\The Liberator\The Liberator 1 - Government Scam\Visualizing Organized Crimes Power Structure\Federal Reserve System\Federal Reserve Directors -A Study of Corporate and Banking Influence 1976 House Committee Report.cover.jpg,True,600,466,23728,
D:\Documentos\The Liberator\The Liberator 1 - Government Scam\Visualizing Organized Crimes Power Structure\Pilgrim Society\1940-08-06-GPO-CRECB-1940-pt-19-v86-1-Steps-Toward-British-Union-a-World-State-and-International-Strife-PTS-I-IX-Remarks-of-Hon-J-Thorkelson-MN-House-of-Reps-Gov-Printing-Off-Aug-06-1940.pdf,D:\Documentos\The Liberator\The Liberator 1 - Government Scam\Visualizing Organized Crimes Power Structure\Pilgrim Society\1940-08-06-GPO-CRECB-1940-pt-19-v86-1-Steps-Toward-British-Union-a-World-State-and-International-Strife-PTS-I-IX-Remarks-of-Hon-J-Thorkelson-MN-House-of-Reps-Gov-Printing-Off-Aug-06-1940.cover.jpg,True,464,600,22296,
D:\Documentos\The Liberator\The Liberator 1 - Government Scam\Visualizing Organized Crimes Power Structure\Pilgrim Society\2017-PILGRIMS-SOCIETY-US-British-Historical-Membership-List-includes-Biographies-and-Sources-2548-pgs-per-Name-by-Joel-van-der-Reijden-ISGP-last-updated-2017.pdf,D:\Documentos\The Liberator\The Liberator 1 - Government Scam\Visualizing Organized Crimes Power Structure\Pilgrim Society\2017-PILGRIMS-SOCIETY-US-British-Historical-Membership-List-includes-Biographies-and-Sources-2548-pgs-per-Name-by-Joel-van-der-Reijden-ISGP-last-updated-2017.cover.jpg,True,464,600,76648,
D:\Documentos\The Liberator\The Liberator 1 - Government Scam\Visualizing Organized Crimes Power Structure\Pilgrim Society\2019-08-10-Pilgrims-Society-Summary-NNDB-accessed-Aug-10-2019.pdf,D:\Documentos\The Liberator\The Liberator 1 - Government Scam\Visualizing Organized Crimes Power Structure\Pilgrim Society\2019-08-10-Pilgrims-Society-Summary-NNDB-accessed-Aug-10-2019.cover.jpg,True,464,600,74885,
D:\Documentos\The Liberator\The Liberator 1 - Government Scam\Visualizing Organized Crimes Power Structure\Pilgrim Society\The_Silver_Stealers_Pilgrims_Society_History_C_Savoie.pdf,D:\Documentos\The Liberator\The Liberator 1 - Government Scam\Visualizing Organized Crimes Power Structure\Pilgrim Society\The_Silver_Stealers_Pilgrims_Society_History_C_Savoie.cover.jpg,True,464,600,32475,
D:\Documentos\The Liberator\The Liberator 1 - Government Scam\Visualizing Organized Crimes Power Structure\Rhodes Scholars\en.wikipedia.org-List of Rhodes Scholars.pdf,D:\Documentos\The Liberator\The Liberator 1 - Government Scam\Visualizing Organized Crimes Power Structure\Rhodes Scholars\en.wikipedia.org-List of Rhodes Scholars.cover.jpg,True,464,600,61030,
D:\Documentos\The Liberator\The Liberator 1 - Government Scam\Visualizing Organized Crimes Power Structure\Rhodes Scholars\unlimitedhangout.com-The Rhodes Scholars Guiding Bidens Presidency.pdf,D:\Documentos\The Liberator\The Liberator 1 - Government Scam\Visualizing Organized Crimes Power Structure\Rhodes Scholars\unlimitedhangout.com-The Rhodes Scholars Guiding Bidens Presidency.cover.jpg,True,464,600,74399,
D:\Documentos\The Liberator\The Liberator 1 - Government Scam\Visualizing Organized Crimes Power Structure\Rhodes Scholars\wikispooks.com-List of Rhodes Scholars - Best List.pdf,D:\Documentos\The Liberator\The Liberator 1 - Government Scam\Visualizing Organized Crimes Power Structure\Rhodes Scholars\wikispooks.com-List of Rhodes Scholars - Best List.cover.jpg,True,464,600,28988,
D:\Documentos\The Liberator\The Liberator 1 - Government Scam\Visualizing Organized Crimes Power Structure\Skull and Bones\History of Skull and Bones - Bibliography and references.pdf,D:\Documentos\The Liberator\The Liberator 1 - Government Scam\Visualizing Organized Crimes Power Structure\Skull and Bones\History of Skull and Bones - Bibliography and references.cover.jpg,True,464,600,69018,
D:\Documentos\The Liberator\The Liberator 1 - Government Scam\Visualizing Organized Crimes Power Structure\Skull and Bones\History of Skull and Bones.pdf,D:\Documentos\The Liberator\The Liberator 1 - Government Scam\Visualizing Organized Crimes Power Structure\Skull and Bones\History of Skull and Bones.cover.jpg,True,464,600,74974,
D:\Documentos\The Liberator\The Liberator 1 - Government Scam\Visualizing Organized Crimes Power Structure\Skull and Bones\The secret society that ties Bush and Kerry.pdf,D:\Documentos\The Liberator\The Liberator 1 - Government Scam\Visualizing Organized Crimes Power Structure\Skull and Bones\The secret society that ties Bush and Kerry.cover.jpg,True,464,600,62968,
D:\Documentos\The Liberator\The Liberator 1 - Government Scam\Visualizing Organized Crimes Power Structure\Trilateral Commission\Deep State Behind the Deep State CFR Trilaterals Bilderbergs.pdf,D:\Documentos\The Liberator\The Liberator 1 - Government Scam\Visualizing Organized Crimes Power Structure\Trilateral Commission\Deep State Behind the Deep State CFR Trilaterals Bilderbergs.cover.jpg,True,464,600,60445,
D:\Documentos\The Liberator\The Liberator 1 - Government Scam\Visualizing Organized Crimes Power Structure\World Economic Forum (WEF)\Organized Crime’s Front Groups - WEF.pdf,D:\Documentos\The Liberator\The Liberator 1 - Government Scam\Visualizing Organized Crimes Power Structure\World Economic Forum (WEF)\Organized Crime’s Front Groups - WEF.cover.jpg,True,600,464,105743,
D:\Documentos\The Liberator\The Liberator 1 - Government Scam\Visualizing Organized Crimes Power Structure\World Economic Forum (WEF)\The Kissinger Continuum The Unauthorized History of the WEFs Young Global Leaders Program.pdf,D:\Documentos\The Liberator\The Liberator 1 - Government Scam\Visualizing Organized Crimes Power Structure\World Economic Forum (WEF)\The Kissinger Continuum The Unauthorized History of the WEFs Young Global Leaders Program.cover.jpg,True,464,600,58850,
D:\Documentos\The Liberator\The Liberator 1 - Government Scam\Visualizing Organized Crimes Power Structure\World Economic Forum (WEF)\WEF_YGL_Membership_Database_Aug_28_2022_in_PDF.pdf,D:\Documentos\The Liberator\The Liberator 1 - Government Scam\Visualizing Organized Crimes Power Structure\World Economic Forum (WEF)\WEF_YGL_Membership_Database_Aug_28_2022_in_PDF.cover.jpg,True,464,600,22753,
D:\Documentos\The Liberator\The Liberator 1 - Government Scam\Visualizing Organized Crimes Power Structure\World Economic Forum (WEF)\World_Economic_Forum_Annual_Meeting_FULL_Participant_list_16-20_January_2023.pdf,D:\Documentos\The Liberator\The Liberator 1 - Government Scam\Visualizing Organized Crimes Power Structure\World Economic Forum (WEF)\World_Economic_Forum_Annual_Meeting_FULL_Participant_list_16-20_January_2023.cover.jpg,True,425,600,3668,
D:\Documentos\The Liberator\The Liberator 1 - Government Scam\Visualizing Organized Crimes Power Structure\World Economic Forum (WEF)\World_Economic_Forum_Annual_Meeting_Public_Figures_Participant_list_16-20_January_2023.pdf,D:\Documentos\The Liberator\The Liberator 1 - Government Scam\Visualizing Organized Crimes Power Structure\World Economic Forum (WEF)\World_Economic_Forum_Annual_Meeting_Public_Figures_Participant_list_16-20_January_2023.cover.jpg,True,431,600,61744,
D:\Documentos\The Liberator\The Liberator 1 - Government Scam\Visualizing Organized Crimes Power Structure\Zionism and Their Organized Crime Statism\Israels Talpiot Program Infests Telecommunications and Network Security Companies\Talpiot program - Wikipedia.pdf,D:\Documentos\The Liberator\The Liberator 1 - Government Scam\Visualizing Organized Crimes Power Structure\Zionism and Their Organized Crime Statism\Israels Talpiot Program Infests Telecommunications and Network Security Companies\Talpiot program - Wikipedia.cover.jpg,True,464,600,70169,
D:\Documentos\The Liberator\The Liberator 1 - Government Scam\Visualizing Organized Crimes Power Structure\Zionism and Their Organized Crime Statism\Understanding Zionist-Statist Domination.pdf,D:\Documentos\The Liberator\The Liberator 1 - Government Scam\Visualizing Organized Crimes Power Structure\Zionism and Their Organized Crime Statism\Understanding Zionist-Statist Domination.cover.jpg,True,600,464,99436,
D:\Documentos\The Liberator\The Liberator 2- Fake Terror and Hoax Shootings\Fake Mass Shootings for Gun Control\Parkland Florida-Feb 14 2018\21 Smoking Gun Clues Of the Parkland False Flag Psyop.pdf,D:\Documentos\The Liberator\The Liberator 2- Fake Terror and Hoax Shootings\Fake Mass Shootings for Gun Control\Parkland Florida-Feb 14 2018\21 Smoking Gun Clues Of the Parkland False Flag Psyop.cover.jpg,True,464,600,58220,
D:\Documentos\The Liberator\The Liberator 2- Fake Terror and Hoax Shootings\Fake Mass Shootings for Gun Control\Parkland Florida-Feb 14 2018\Broward County Sheriff’s Deputy Dead at 42 after Parkland.pdf,D:\Documentos\The Liberator\The Liberator 2- Fake Terror and Hoax Shootings\Fake Mass Shootings for Gun Control\Parkland Florida-Feb 14 2018\Broward County Sheriff’s Deputy Dead at 42 after Parkland.cover.jpg,True,464,600,52225,
D:\Documentos\The Liberator\The Liberator 2- Fake Terror and Hoax Shootings\Fake Mass Shootings for Gun Control\Sandy Hook School Shooting-Dec 14 2012\needtoknow.news-The Sandy Hook Shooting  A Huge Controversy that Lingers.pdf,D:\Documentos\The Liberator\The Liberator 2- Fake Terror and Hoax Shootings\Fake Mass Shootings for Gun Control\Sandy Hook School Shooting-Dec 14 2012\needtoknow.news-The Sandy Hook Shooting  A Huge Controversy that Lingers.cover.jpg,True,464,600,56829,
D:\Documentos\The Liberator\The Liberator 2- Fake Terror and Hoax Shootings\Fake Mass Shootings for Gun Control\Sandy Hook School Shooting-Dec 14 2012\NobodyDiedAtSandyHook.pdf,D:\Documentos\The Liberator\The Liberator 2- Fake Terror and Hoax Shootings\Fake Mass Shootings for Gun Control\Sandy Hook School Shooting-Dec 14 2012\NobodyDiedAtSandyHook.cover.jpg,True,399,600,3339,
D:\Documentos\The Liberator\The Liberator 2- Fake Terror and Hoax Shootings\Fake Mass Shootings for Gun Control\Sandy Hook School Shooting-Dec 14 2012\Sandy Hooks Disappearing Witnesses.pdf,D:\Documentos\The Liberator\The Liberator 2- Fake Terror and Hoax Shootings\Fake Mass Shootings for Gun Control\Sandy Hook School Shooting-Dec 14 2012\Sandy Hooks Disappearing Witnesses.cover.jpg,True,464,600,54492,
D:\Documentos\The Liberator\The Liberator 2- Fake Terror and Hoax Shootings\Fake Mass Shootings for Gun Control\Sandy Hook School Shooting-Dec 14 2012\Sandy_Hook_Moms_Ages_ASTRONOMICALLY_Improbable.pdf,D:\Documentos\The Liberator\The Liberator 2- Fake Terror and Hoax Shootings\Fake Mass Shootings for Gun Control\Sandy Hook School Shooting-Dec 14 2012\Sandy_Hook_Moms_Ages_ASTRONOMICALLY_Improbable.cover.jpg,True,464,600,44626,
D:\Documentos\The Liberator\The Liberator 2- Fake Terror and Hoax Shootings\Fake Mass Shootings for Gun Control\Sandy Hook School Shooting-Dec 14 2012\TheSupposedSandyHookDeaths-SearchedDirectlyOnTheSocialSecurityMasterFileCopy.pdf,D:\Documentos\The Liberator\The Liberator 2- Fake Terror and Hoax Shootings\Fake Mass Shootings for Gun Control\Sandy Hook School Shooting-Dec 14 2012\TheSupposedSandyHookDeaths-SearchedDirectlyOnTheSocialSecurityMasterFileCopy.cover.jpg,True,464,600,61782,
D:\Documentos\The Liberator\The Liberator 2- Fake Terror and Hoax Shootings\Fake Terrorism for War and Domestic Police State Measures\1993 World Trade Center Bombing-Feb 26th 1993\FBI_terrorists_among_us_1993_WTC_Bombing_The_mind-boggling_role_of_the_FB.pdf,D:\Documentos\The Liberator\The Liberator 2- Fake Terror and Hoax Shootings\Fake Terrorism for War and Domestic Police State Measures\1993 World Trade Center Bombing-Feb 26th 1993\FBI_terrorists_among_us_1993_WTC_Bombing_The_mind-boggling_role_of_the_FB.cover.jpg,True,464,600,39544,
D:\Documentos\The Liberator\The Liberator 2- Fake Terror and Hoax Shootings\Fake Terrorism for War and Domestic Police State Measures\1993 World Trade Center Bombing-Feb 26th 1993\Gene Sharp - The Politics of Nonviolent Action.pdf,D:\Documentos\The Liberator\The Liberator 2- Fake Terror and Hoax Shootings\Fake Terrorism for War and Domestic Police State Measures\1993 World Trade Center Bombing-Feb 26th 1993\Gene Sharp - The Politics of Nonviolent Action.cover.jpg,True,397,600,8771,
D:\Documentos\The Liberator\The Liberator 2- Fake Terror and Hoax Shootings\Fake Terrorism for War and Domestic Police State Measures\2001 Anthrax Attacks\FBI_Sweeps_Anthrax_Attacks_under_the_Rug-By_Shelia_Casey_and_Barry_Kissin.pdf,D:\Documentos\The Liberator\The Liberator 2- Fake Terror and Hoax Shootings\Fake Terrorism for War and Domestic Police State Measures\2001 Anthrax Attacks\FBI_Sweeps_Anthrax_Attacks_under_the_Rug-By_Shelia_Casey_and_Barry_Kissin.cover.jpg,True,464,600,49231,
D:\Documentos\The Liberator\The Liberator 2- Fake Terror and Hoax Shootings\Fake Terrorism for War and Domestic Police State Measures\Boston Marathon Bombing- April 15 2013\Boston Bombing - Research and Article Compendium.pdf,D:\Documentos\The Liberator\The Liberator 2- Fake Terror and Hoax Shootings\Fake Terrorism for War and Domestic Police State Measures\Boston Marathon Bombing- April 15 2013\Boston Bombing - Research and Article Compendium.cover.jpg,True,464,600,57517,
D:\Documentos\The Liberator\The Liberator 2- Fake Terror and Hoax Shootings\Fake Terrorism for War and Domestic Police State Measures\Boston Marathon Bombing- April 15 2013\boston25news.com-MEMA conducted mock drill involving bomb at marathon in 2012.pdf,D:\Documentos\The Liberator\The Liberator 2- Fake Terror and Hoax Shootings\Fake Terrorism for War and Domestic Police State Measures\Boston Marathon Bombing- April 15 2013\boston25news.com-MEMA conducted mock drill involving bomb at marathon in 2012.cover.jpg,True,464,600,40487,
D:\Documentos\The Liberator\The Liberator 2- Fake Terror and Hoax Shootings\Fake Terrorism for War and Domestic Police State Measures\Boston Marathon Bombing- April 15 2013\Nobody_Died_at_Boston_by_James_Fetzer.pdf,D:\Documentos\The Liberator\The Liberator 2- Fake Terror and Hoax Shootings\Fake Terrorism for War and Domestic Police State Measures\Boston Marathon Bombing- April 15 2013\Nobody_Died_at_Boston_by_James_Fetzer.cover.jpg,True,464,600,69173,
D:\Documentos\The Liberator\The Liberator 2- Fake Terror and Hoax Shootings\Fake Terrorism for War and Domestic Police State Measures\Oklahoma City Bombing-Apr_19_1995\Oklahoma-City-Bombing-Cover-up-demolition-charges-used.pdf,D:\Documentos\The Liberator\The Liberator 2- Fake Terror and Hoax Shootings\Fake Terrorism for War and Domestic Police State Measures\Oklahoma City Bombing-Apr_19_1995\Oklahoma-City-Bombing-Cover-up-demolition-charges-used.cover.jpg,True,464,600,91142,
D:\Documentos\The Liberator\The Liberator 2- Fake Terror and Hoax Shootings\Fake Terrorism for War and Domestic Police State Measures\September 11th 2001 False Flag\Beyond-Misinformation-2015.pdf,D:\Documentos\The Liberator\The Liberator 2- Fake Terror and Hoax Shootings\Fake Terrorism for War and Domestic Police State Measures\September 11th 2001 False Flag\Beyond-Misinformation-2015.cover.jpg,True,464,600,57980,
D:\Documentos\The Liberator\The Liberator 2- Fake Terror and Hoax Shootings\Fake Terrorism for War and Domestic Police State Measures\September 11th 2001 False Flag\Declassified Guantanamo court filing suggests some 911 hijackers were CIA agents.pdf,D:\Documentos\The Liberator\The Liberator 2- Fake Terror and Hoax Shootings\Fake Terrorism for War and Domestic Police State Measures\September 11th 2001 False Flag\Declassified Guantanamo court filing suggests some 911 hijackers were CIA agents.cover.jpg,True,464,600,51853,
D:\Documentos\The Liberator\The Liberator 2- Fake Terror and Hoax Shootings\Fake Terrorism for War and Domestic Police State Measures\September 11th 2001 False Flag\Thermite_Discovered_in_WTC_Dust_Samples_Peer_Reviewed_Paper.pdf,D:\Documentos\The Liberator\The Liberator 2- Fake Terror and Hoax Shootings\Fake Terrorism for War and Domestic Police State Measures\September 11th 2001 False Flag\Thermite_Discovered_in_WTC_Dust_Samples_Peer_Reviewed_Paper.cover.jpg,True,464,600,68240,
D:\Documentos\The Liberator\The Liberator 2- Fake Terror and Hoax Shootings\Fake Terrorism for War and Domestic Police State Measures\September 11th 2001 False Flag\World-Trade-Center-Physics.pdf,D:\Documentos\The Liberator\The Liberator 2- Fake Terror and Hoax Shootings\Fake Terrorism for War and Domestic Police State Measures\September 11th 2001 False Flag\World-Trade-Center-Physics.cover.jpg,True,450,600,36913,
D:\Documentos\The Liberator\The Liberator 3 - Plandemic and Economic Warfare\1918 Spanish Flu\Bayer_and Death_1918_and_Aspirin-Part-1.pdf,D:\Documentos\The Liberator\The Liberator 3 - Plandemic and Economic Warfare\1918 Spanish Flu\Bayer_and Death_1918_and_Aspirin-Part-1.cover.jpg,True,464,600,61699,
D:\Documentos\The Liberator\The Liberator 3 - Plandemic and Economic Warfare\1918 Spanish Flu\Bayer_and Death_Aspirin_Deaths_Continue_Beyond_1918-Part-4.pdf,D:\Documentos\The Liberator\The Liberator 3 - Plandemic and Economic Warfare\1918 Spanish Flu\Bayer_and Death_Aspirin_Deaths_Continue_Beyond_1918-Part-4.cover.jpg,True,464,600,58305,
D:\Documentos\The Liberator\The Liberator 3 - Plandemic and Economic Warfare\1918 Spanish Flu\Bayer_and_Death-A_New_Set_of_Questions_about_1918-Part-5.pdf,D:\Documentos\The Liberator\The Liberator 3 - Plandemic and Economic Warfare\1918 Spanish Flu\Bayer_and_Death-A_New_Set_of_Questions_about_1918-Part-5.cover.jpg,True,464,600,48992,
D:\Documentos\The Liberator\The Liberator 3 - Plandemic and Economic Warfare\1918 Spanish Flu\Bayer_and_Death-Vaccines_and_CDCs_Myth_of_a_1918_Virus-Part-3.pdf,D:\Documentos\The Liberator\The Liberator 3 - Plandemic and Economic Warfare\1918 Spanish Flu\Bayer_and_Death-Vaccines_and_CDCs_Myth_of_a_1918_Virus-Part-3.cover.jpg,True,464,600,55347,
D:\Documentos\The Liberator\The Liberator 3 - Plandemic and Economic Warfare\1918 Spanish Flu\Bayer_and_Death_Aspirin_Killed_Homeopathy_Saved-Part-2.pdf,D:\Documentos\The Liberator\The Liberator 3 - Plandemic and Economic Warfare\1918 Spanish Flu\Bayer_and_Death_Aspirin_Killed_Homeopathy_Saved-Part-2.cover.jpg,True,464,600,59460,
D:\Documentos\The Liberator\The Liberator 3 - Plandemic and Economic Warfare\1918 Spanish Flu\Experiments_to_Determine_Mode_of_Spread_of_Influenza_Dr_Milton_J_Rosenau.pdf,D:\Documentos\The Liberator\The Liberator 3 - Plandemic and Economic Warfare\1918 Spanish Flu\Experiments_to_Determine_Mode_of_Spread_of_Influenza_Dr_Milton_J_Rosenau.cover.jpg,True,451,600,87183,
D:\Documentos\The Liberator\The Liberator 3 - Plandemic and Economic Warfare\1918 Spanish Flu\Frederick_l_Gates_Jan_2018_antimeningitis_Vaccine_Report.pdf,D:\Documentos\The Liberator\The Liberator 3 - Plandemic and Economic Warfare\1918 Spanish Flu\Frederick_l_Gates_Jan_2018_antimeningitis_Vaccine_Report.cover.jpg,True,464,600,32773,
D:\Documentos\The Liberator\The Liberator 3 - Plandemic and Economic Warfare\1918 Spanish Flu\In_1918_Pandemic_Another_Possible-Killer_Aspirin.pdf,D:\Documentos\The Liberator\The Liberator 3 - Plandemic and Economic Warfare\1918 Spanish Flu\In_1918_Pandemic_Another_Possible-Killer_Aspirin.cover.jpg,True,464,600,58776,
D:\Documentos\The Liberator\The Liberator 3 - Plandemic and Economic Warfare\1918 Spanish Flu\ncbi.nlm.nih.gov-The US Military and the Influenza Pandemic of 19181919.pdf,D:\Documentos\The Liberator\The Liberator 3 - Plandemic and Economic Warfare\1918 Spanish Flu\ncbi.nlm.nih.gov-The US Military and the Influenza Pandemic of 19181919.cover.jpg,True,464,600,44929,
D:\Documentos\The Liberator\The Liberator 3 - Plandemic and Economic Warfare\1918 Spanish Flu\Salicylates_and_Pandemic_Influenza_Mortality-1918-1919_by_Dr_Karen_Starko.pdf,D:\Documentos\The Liberator\The Liberator 3 - Plandemic and Economic Warfare\1918 Spanish Flu\Salicylates_and_Pandemic_Influenza_Mortality-1918-1919_by_Dr_Karen_Starko.cover.jpg,True,464,600,52873,
D:\Documentos\The Liberator\The Liberator 3 - Plandemic and Economic Warfare\1918 Spanish Flu\Swine_Flu_Expose_by_Eleanora_McBean_1977_Chapter_2_Covers_1918_Spanish_Flu.pdf,D:\Documentos\The Liberator\The Liberator 3 - Plandemic and Economic Warfare\1918 Spanish Flu\Swine_Flu_Expose_by_Eleanora_McBean_1977_Chapter_2_Covers_1918_Spanish_Flu.cover.jpg,True,424,600,41382,
"D:\Documentos\The Liberator\The Liberator 3 - Plandemic and Economic Warfare\1918 Spanish Flu\Vaccination condemned by all competent doctors (Elben, Eleanor McBean) (z-lib.org).pdf","D:\Documentos\The Liberator\The Liberator 3 - Plandemic and Economic Warfare\1918 Spanish Flu\Vaccination condemned by all competent doctors (Elben, Eleanor McBean) (z-lib.org).cover.jpg",True,393,600,73516,
"D:\Documentos\The Liberator\The Liberator 3 - Plandemic and Economic Warfare\AIDS - Similar Scam, Different Decade\carter-heavy-industries.com-Remdesivir Snake Oil or The Balm ofnbspGilead.pdf","D:\Documentos\The Liberator\The Liberator 3 - Plandemic and Economic Warfare\AIDS - Similar Scam, Different Decade\carter-heavy-industries.com-Remdesivir Snake Oil or The Balm ofnbspGilead.cover.jpg",True,464,600,55683,
"D:\Documentos\The Liberator\The Liberator 3 - Plandemic and Economic Warfare\AIDS - Similar Scam, Different Decade\carter-heavy-industries.com-The Fraudulent Dr Fauci  Part I The AIDSnbspRacket.pdf","D:\Documentos\The Liberator\The Liberator 3 - Plandemic and Economic Warfare\AIDS - Similar Scam, Different Decade\carter-heavy-industries.com-The Fraudulent Dr Fauci  Part I The AIDSnbspRacket.cover.jpg",True,464,600,36524,
"D:\Documentos\The Liberator\The Liberator 3 - Plandemic and Economic Warfare\AIDS - Similar Scam, Different Decade\carter-heavy-industries.com-The Fraudulent Dr Fauci  Part II The RemdesivirnbspScam.pdf","D:\Documentos\The Liberator\The Liberator 3 - Plandemic and Economic Warfare\AIDS - Similar Scam, Different Decade\carter-heavy-industries.com-The Fraudulent Dr Fauci  Part II The RemdesivirnbspScam.cover.jpg",True,464,600,44080,
"D:\Documentos\The Liberator\The Liberator 3 - Plandemic and Economic Warfare\AIDS - Similar Scam, Different Decade\Deadly Deception the Proof That Sex And HIV Absolutely Do Not Cause AIDS - Robert Willner.pdf","D:\Documentos\The Liberator\The Liberator 3 - Plandemic and Economic Warfare\AIDS - Similar Scam, Different Decade\Deadly Deception the Proof That Sex And HIV Absolutely Do Not Cause AIDS - Robert Willner.cover.jpg",True,411,600,57824,
"D:\Documentos\The Liberator\The Liberator 3 - Plandemic and Economic Warfare\AIDS - Similar Scam, Different Decade\Inventing_the_AIDS_virus-by_Peter_H_Duesberg1996.pdf","D:\Documentos\The Liberator\The Liberator 3 - Plandemic and Economic Warfare\AIDS - Similar Scam, Different Decade\Inventing_the_AIDS_virus-by_Peter_H_Duesberg1996.cover.jpg",True,365,600,51312,
D:\Documentos\The Liberator\The Liberator 3 - Plandemic and Economic Warfare\Blank Covid Cards and Vaccine Passports\Blank_Covid_ShotCard-ENGLISH.pdf,D:\Documentos\The Liberator\The Liberator 3 - Plandemic and Economic Warfare\Blank Covid Cards and Vaccine Passports\Blank_Covid_ShotCard-ENGLISH.cover.jpg,True,600,464,12128,
D:\Documentos\The Liberator\The Liberator 3 - Plandemic and Economic Warfare\Blank Covid Cards and Vaccine Passports\Editable_Negative_Covid_Test_Mexico.pdf,D:\Documentos\The Liberator\The Liberator 3 - Plandemic and Economic Warfare\Blank Covid Cards and Vaccine Passports\Editable_Negative_Covid_Test_Mexico.cover.jpg,True,425,600,28358,
"D:\Documentos\The Liberator\The Liberator 3 - Plandemic and Economic Warfare\CDC, WHO and UKs NHS Recommended Treatments Make People Sick or Kill Them\bmj.com-Covid-19 Remdesivir has little or no impact on survival WHO trial shows.pdf","D:\Documentos\The Liberator\The Liberator 3 - Plandemic and Economic Warfare\CDC, WHO and UKs NHS Recommended Treatments Make People Sick or Kill Them\bmj.com-Covid-19 Remdesivir has little or no impact on survival WHO trial shows.cover.jpg",True,464,600,62538,
"D:\Documentos\The Liberator\The Liberator 3 - Plandemic and Economic Warfare\CDC, WHO and UKs NHS Recommended Treatments Make People Sick or Kill Them\cms.gov-New COVID-19 Treatments Add-On Payment NCTAP.pdf","D:\Documentos\The Liberator\The Liberator 3 - Plandemic and Economic Warfare\CDC, WHO and UKs NHS Recommended Treatments Make People Sick or Kill Them\cms.gov-New COVID-19 Treatments Add-On Payment NCTAP.cover.jpg",True,464,600,68824,
"D:\Documentos\The Liberator\The Liberator 3 - Plandemic and Economic Warfare\CDC, WHO and UKs NHS Recommended Treatments Make People Sick or Kill Them\forbes.com-The Strange Story Of Remdesivir A Covid Drug That Doesnt Work.pdf","D:\Documentos\The Liberator\The Liberator 3 - Plandemic and Economic Warfare\CDC, WHO and UKs NHS Recommended Treatments Make People Sick or Kill Them\forbes.com-The Strange Story Of Remdesivir A Covid Drug That Doesnt Work.cover.jpg",True,464,600,27647,
"D:\Documentos\The Liberator\The Liberator 3 - Plandemic and Economic Warfare\CDC, WHO and UKs NHS Recommended Treatments Make People Sick or Kill Them\Mask_Risks_Part2.pdf","D:\Documentos\The Liberator\The Liberator 3 - Plandemic and Economic Warfare\CDC, WHO and UKs NHS Recommended Treatments Make People Sick or Kill Them\Mask_Risks_Part2.cover.jpg",True,464,600,65495,
"D:\Documentos\The Liberator\The Liberator 3 - Plandemic and Economic Warfare\CDC, WHO and UKs NHS Recommended Treatments Make People Sick or Kill Them\Remdesivir Disastrous as COVID Treatment But Government Pays Hospitals to Use It- Mercola and CHD.pdf","D:\Documentos\The Liberator\The Liberator 3 - Plandemic and Economic Warfare\CDC, WHO and UKs NHS Recommended Treatments Make People Sick or Kill Them\Remdesivir Disastrous as COVID Treatment But Government Pays Hospitals to Use It- Mercola and CHD.cover.jpg",True,464,600,61469,
"D:\Documentos\The Liberator\The Liberator 3 - Plandemic and Economic Warfare\CDC, WHO and UKs NHS Recommended Treatments Make People Sick or Kill Them\Remdesivir_ineffective_against_Ebola-The_Journey_of_remdesivir -From_Ebola_to_Covid.pdf","D:\Documentos\The Liberator\The Liberator 3 - Plandemic and Economic Warfare\CDC, WHO and UKs NHS Recommended Treatments Make People Sick or Kill Them\Remdesivir_ineffective_against_Ebola-The_Journey_of_remdesivir -From_Ebola_to_Covid.cover.jpg",True,425,600,70245,
"D:\Documentos\The Liberator\The Liberator 3 - Plandemic and Economic Warfare\CDC, WHO and UKs NHS Recommended Treatments Make People Sick or Kill Them\UKs NHS Euthenizes Elderly with Midazolam and Then Blames Deaths on Covid\expose-news.com-The Evi.pdf","D:\Documentos\The Liberator\The Liberator 3 - Plandemic and Economic Warfare\CDC, WHO and UKs NHS Recommended Treatments Make People Sick or Kill Them\UKs NHS Euthenizes Elderly with Midazolam and Then Blames Deaths on Covid\expose-news.com-The Evi.cover.jpg",True,464,600,64668,
"D:\Documentos\The Liberator\The Liberator 3 - Plandemic and Economic Warfare\CDC, WHO and UKs NHS Recommended Treatments Make People Sick or Kill Them\UKs NHS Euthenizes Elderly with Midazolam and Then Blames Deaths on Covid\UK buys 2 yrs Midaz.pdf","D:\Documentos\The Liberator\The Liberator 3 - Plandemic and Economic Warfare\CDC, WHO and UKs NHS Recommended Treatments Make People Sick or Kill Them\UKs NHS Euthenizes Elderly with Midazolam and Then Blames Deaths on Covid\UK buys 2 yrs Midaz.cover.jpg",True,464,600,51057,
D:\Documentos\The Liberator\The Liberator 3 - Plandemic and Economic Warfare\Covid and 5G\COVID-19 is a Smokescreen for 5G Radiation Sickness.pdf,D:\Documentos\The Liberator\The Liberator 3 - Plandemic and Economic Warfare\Covid and 5G\COVID-19 is a Smokescreen for 5G Radiation Sickness.cover.jpg,False,0,0,0,Cannot open empty file: filename='D:\\Documentos\\The Liberator\\The Liberator 3 - Plandemic and Economic Warfare\\Covid and 5G\\COVID-19 is a Smokescreen for 5G Radiation Sickness.pdf'.
D:\Documentos\The Liberator\The Liberator 3 - Plandemic and Economic Warfare\Covid and 5G\COVID_Significantly_higher_in_States_With_5G_Study.pdf,D:\Documentos\The Liberator\The Liberator 3 - Plandemic and Economic Warfare\Covid and 5G\COVID_Significantly_higher_in_States_With_5G_Study.cover.jpg,True,464,600,70286,
D:\Documentos\The Liberator\The Liberator 3 - Plandemic and Economic Warfare\Covid and 5G\Evidence-for-a-connection-between-coronavirus-disease-19-and-exposure-to-radiofrequency-radiation-from-wireless-communi.pdf,D:\Documentos\The Liberator\The Liberator 3 - Plandemic and Economic Warfare\Covid and 5G\Evidence-for-a-connection-between-coronavirus-disease-19-and-exposure-to-radiofrequency-radiation-from-wireless-communi.cover.jpg,True,464,600,64867,
D:\Documentos\The Liberator\The Liberator 3 - Plandemic and Economic Warfare\Covid Deaths - US and Global Analysis of All Cause Mortality\COVID-19 Data Collection Comorbidity and Federal Law- A Historical Perspective finds Deaths Widely Overstated.pdf,D:\Documentos\The Liberator\The Liberator 3 - Plandemic and Economic Warfare\Covid Deaths - US and Global Analysis of All Cause Mortality\COVID-19 Data Collection Comorbidity and Federal Law- A Historical Perspective finds Deaths Widely Overstated.cover.jpg,True,464,600,75714,
D:\Documentos\The Liberator\The Liberator 3 - Plandemic and Economic Warfare\Covid Deaths - US and Global Analysis of All Cause Mortality\USA_All_Cause_Mortality_into 2021 - article-Denis_R---12d.pdf,D:\Documentos\The Liberator\The Liberator 3 - Plandemic and Economic Warfare\Covid Deaths - US and Global Analysis of All Cause Mortality\USA_All_Cause_Mortality_into 2021 - article-Denis_R---12d.cover.jpg,True,464,600,27846,
D:\Documentos\The Liberator\The Liberator 3 - Plandemic and Economic Warfare\Covid Not Causing Illness but Taking Credit for Illness\Flaws_in_Coronavirus_Panic_Theory_David_Crowe.pdf,D:\Documentos\The Liberator\The Liberator 3 - Plandemic and Economic Warfare\Covid Not Causing Illness but Taking Credit for Illness\Flaws_in_Coronavirus_Panic_Theory_David_Crowe.cover.jpg,True,464,600,40277,
D:\Documentos\The Liberator\The Liberator 3 - Plandemic and Economic Warfare\Covid Not Causing Illness but Taking Credit for Illness\The Brave New World of Bill Gates and Big Telecom.pdf,D:\Documentos\The Liberator\The Liberator 3 - Plandemic and Economic Warfare\Covid Not Causing Illness but Taking Credit for Illness\The Brave New World of Bill Gates and Big Telecom.cover.jpg,True,464,600,67213,
D:\Documentos\The Liberator\The Liberator 3 - Plandemic and Economic Warfare\Covid Visualizations\Netzwerkanalyse-Corona-Komplex(4).pdf,D:\Documentos\The Liberator\The Liberator 3 - Plandemic and Economic Warfare\Covid Visualizations\Netzwerkanalyse-Corona-Komplex(4).cover.jpg,True,600,338,33186,
"D:\Documentos\The Liberator\The Liberator 3 - Plandemic and Economic Warfare\Criminality at WHO, NIH, CDC and NIAID\Reports being removed from VAERS\jessicar.substack.com-The death counts been slowing down but not because fewer are dying.pdf","D:\Documentos\The Liberator\The Liberator 3 - Plandemic and Economic Warfare\Criminality at WHO, NIH, CDC and NIAID\Reports being removed from VAERS\jessicar.substack.com-The death counts been slowing down but not because fewer are dying.cover.jpg",True,464,600,72209,
"D:\Documentos\The Liberator\The Liberator 3 - Plandemic and Economic Warfare\Criminality at WHO, NIH, CDC and NIAID\theepochtimes.com-Nonprofit Watchdog Uncovers 350 Million in Secret Payments to Fauci Collins Others at NIH.pdf","D:\Documentos\The Liberator\The Liberator 3 - Plandemic and Economic Warfare\Criminality at WHO, NIH, CDC and NIAID\theepochtimes.com-Nonprofit Watchdog Uncovers 350 Million in Secret Payments to Fauci Collins Others at NIH.cover.jpg",True,464,600,47927,
D:\Documentos\The Liberator\The Liberator 3 - Plandemic and Economic Warfare\Detoxing the Vaccine\articles.mercola.com-World Council for Health Reveals Spike Protein Detox.pdf,D:\Documentos\The Liberator\The Liberator 3 - Plandemic and Economic Warfare\Detoxing the Vaccine\articles.mercola.com-World Council for Health Reveals Spike Protein Detox.cover.jpg,True,464,600,52199,
D:\Documentos\The Liberator\The Liberator 3 - Plandemic and Economic Warfare\Detoxing the Vaccine\Graphene Oxide Deactivation Protocol.pdf,D:\Documentos\The Liberator\The Liberator 3 - Plandemic and Economic Warfare\Detoxing the Vaccine\Graphene Oxide Deactivation Protocol.cover.jpg,True,464,600,45733,
D:\Documentos\The Liberator\The Liberator 3 - Plandemic and Economic Warfare\Detoxing the Vaccine\Graphene Oxide Detox Protocols For The Vaxxed andnbspUnvaxxed.pdf,D:\Documentos\The Liberator\The Liberator 3 - Plandemic and Economic Warfare\Detoxing the Vaccine\Graphene Oxide Detox Protocols For The Vaxxed andnbspUnvaxxed.cover.jpg,True,464,600,57898,
D:\Documentos\The Liberator\The Liberator 3 - Plandemic and Economic Warfare\Detoxing the Vaccine\organicconsumers.org-How to Detox Spike Protein After COVID or Vaccine.pdf,D:\Documentos\The Liberator\The Liberator 3 - Plandemic and Economic Warfare\Detoxing the Vaccine\organicconsumers.org-How to Detox Spike Protein After COVID or Vaccine.cover.jpg,True,464,600,58634,
D:\Documentos\The Liberator\The Liberator 3 - Plandemic and Economic Warfare\Detoxing the Vaccine\orthomolecular.org-Canceling the Spike Protein Striking Visual Evidence.pdf,D:\Documentos\The Liberator\The Liberator 3 - Plandemic and Economic Warfare\Detoxing the Vaccine\orthomolecular.org-Canceling the Spike Protein Striking Visual Evidence.cover.jpg,True,464,600,67102,
D:\Documentos\The Liberator\The Liberator 3 - Plandemic and Economic Warfare\Doctor Nurse and Funeral Director Whistleblowers\International Alert Message of Health Professionals to the World.pdf,D:\Documentos\The Liberator\The Liberator 3 - Plandemic and Economic Warfare\Doctor Nurse and Funeral Director Whistleblowers\International Alert Message of Health Professionals to the World.cover.jpg,True,425,600,65328,
D:\Documentos\The Liberator\The Liberator 3 - Plandemic and Economic Warfare\Documentaries\courses.jchristoff.com-Documentaries That Prove COVID Fraud.pdf,D:\Documentos\The Liberator\The Liberator 3 - Plandemic and Economic Warfare\Documentaries\courses.jchristoff.com-Documentaries That Prove COVID Fraud.cover.jpg,True,464,600,32046,
D:\Documentos\The Liberator\The Liberator 3 - Plandemic and Economic Warfare\Early outpatient drug interventions like Ivermectin and Hydroxychloroquine Suppressed\Dr_Andrew_Ip_Study_2020.08.20.20178772v1.full.pdf,D:\Documentos\The Liberator\The Liberator 3 - Plandemic and Economic Warfare\Early outpatient drug interventions like Ivermectin and Hydroxychloroquine Suppressed\Dr_Andrew_Ip_Study_2020.08.20.20178772v1.full.cover.jpg,True,464,600,46789,
D:\Documentos\The Liberator\The Liberator 3 - Plandemic and Economic Warfare\Empty Hospitals Around the World\FilmYourHospital Campaign Survey Printable PDF.pdf,D:\Documentos\The Liberator\The Liberator 3 - Plandemic and Economic Warfare\Empty Hospitals Around the World\FilmYourHospital Campaign Survey Printable PDF.cover.jpg,True,464,600,69343,
"D:\Documentos\The Liberator\The Liberator 3 - Plandemic and Economic Warfare\Eugenics - History and Rockefeller, Carnegie, and Harriman Early Funding\Jaffe_Memo_Planned_Parenthood_Lays_out_Encourging_Homosexuality_Encouraging_Women_to_Work.pdf","D:\Documentos\The Liberator\The Liberator 3 - Plandemic and Economic Warfare\Eugenics - History and Rockefeller, Carnegie, and Harriman Early Funding\Jaffe_Memo_Planned_Parenthood_Lays_out_Encourging_Homosexuality_Encouraging_Women_to_Work.cover.jpg",True,425,600,40604,
"D:\Documentos\The Liberator\The Liberator 3 - Plandemic and Economic Warfare\Eugenics - History and Rockefeller, Carnegie, and Harriman Early Funding\Jaffe_Memo_Table_1.pdf","D:\Documentos\The Liberator\The Liberator 3 - Plandemic and Economic Warfare\Eugenics - History and Rockefeller, Carnegie, and Harriman Early Funding\Jaffe_Memo_Table_1.cover.jpg",True,600,464,54504,
"D:\Documentos\The Liberator\The Liberator 3 - Plandemic and Economic Warfare\Eugenics - History and Rockefeller, Carnegie, and Harriman Early Funding\Remdesivir Disastrous as COVID Treatment But Government Pays Hospita.pdf","D:\Documentos\The Liberator\The Liberator 3 - Plandemic and Economic Warfare\Eugenics - History and Rockefeller, Carnegie, and Harriman Early Funding\Remdesivir Disastrous as COVID Treatment But Government Pays Hospita.cover.jpg",True,464,600,63607,
"D:\Documentos\The Liberator\The Liberator 3 - Plandemic and Economic Warfare\Eugenics - History and Rockefeller, Carnegie, and Harriman Early Funding\Robert-N-Proctor-Racial-Hygiene-Medicine-Under-the-Nazis-Harvard-University-Press-1988.pdf","D:\Documentos\The Liberator\The Liberator 3 - Plandemic and Economic Warfare\Eugenics - History and Rockefeller, Carnegie, and Harriman Early Funding\Robert-N-Proctor-Racial-Hygiene-Medicine-Under-the-Nazis-Harvard-University-Press-1988.cover.jpg",True,375,600,45756,
"D:\Documentos\The Liberator\The Liberator 3 - Plandemic and Economic Warfare\Eugenics - History and Rockefeller, Carnegie, and Harriman Early Funding\thenewamerican.com-Eugenics or Scientific Racism in American Education.pdf","D:\Documentos\The Liberator\The Liberator 3 - Plandemic and Economic Warfare\Eugenics - History and Rockefeller, Carnegie, and Harriman Early Funding\thenewamerican.com-Eugenics or Scientific Racism in American Education.cover.jpg",True,464,600,62486,
"D:\Documentos\The Liberator\The Liberator 3 - Plandemic and Economic Warfare\Eugenics - Is Covid designed to kill, sterilize and reduce populations\cv_daniel_callahan.pdf","D:\Documentos\The Liberator\The Liberator 3 - Plandemic and Economic Warfare\Eugenics - Is Covid designed to kill, sterilize and reduce populations\cv_daniel_callahan.cover.jpg",True,464,600,49301,
"D:\Documentos\The Liberator\The Liberator 3 - Plandemic and Economic Warfare\Eugenics - Is Covid designed to kill, sterilize and reduce populations\Eugenics and Public Health Historical Connections and Ethical Implications.pdf","D:\Documentos\The Liberator\The Liberator 3 - Plandemic and Economic Warfare\Eugenics - Is Covid designed to kill, sterilize and reduce populations\Eugenics and Public Health Historical Connections and Ethical Implications.cover.jpg",True,464,600,67582,
"D:\Documentos\The Liberator\The Liberator 3 - Plandemic and Economic Warfare\Eugenics - Is Covid designed to kill, sterilize and reduce populations\grandmageri422.me-THE GATES FAMILY EUGENICS and Covid 19 We Cannot Fully Understand Bill Gates Until We Know About Hi.pdf","D:\Documentos\The Liberator\The Liberator 3 - Plandemic and Economic Warfare\Eugenics - Is Covid designed to kill, sterilize and reduce populations\grandmageri422.me-THE GATES FAMILY EUGENICS and Covid 19 We Cannot Fully Understand Bill Gates Until We Know About Hi.cover.jpg",True,464,600,60471,
"D:\Documentos\The Liberator\The Liberator 3 - Plandemic and Economic Warfare\Eugenics - Is Covid designed to kill, sterilize and reduce populations\James_Corbett-From Bioethics to Eugenics.pdf","D:\Documentos\The Liberator\The Liberator 3 - Plandemic and Economic Warfare\Eugenics - Is Covid designed to kill, sterilize and reduce populations\James_Corbett-From Bioethics to Eugenics.cover.jpg",True,464,600,64752,
"D:\Documentos\The Liberator\The Liberator 3 - Plandemic and Economic Warfare\Eugenics - Is Covid designed to kill, sterilize and reduce populations\moderneugenicsblog.wordpress.com-.pdf","D:\Documentos\The Liberator\The Liberator 3 - Plandemic and Economic Warfare\Eugenics - Is Covid designed to kill, sterilize and reduce populations\moderneugenicsblog.wordpress.com-.cover.jpg",True,464,600,71589,
"D:\Documentos\The Liberator\The Liberator 3 - Plandemic and Economic Warfare\Eugenics - Is Covid designed to kill, sterilize and reduce populations\Rockefeller Funded Fertility Regulating Vaccines\1997_Update_on_Rockefeller_Funded_Fertility.pdf","D:\Documentos\The Liberator\The Liberator 3 - Plandemic and Economic Warfare\Eugenics - Is Covid designed to kill, sterilize and reduce populations\Rockefeller Funded Fertility Regulating Vaccines\1997_Update_on_Rockefeller_Funded_Fertility.cover.jpg",True,424,600,83888,
"D:\Documentos\The Liberator\The Liberator 3 - Plandemic and Economic Warfare\Eugenics - Is Covid designed to kill, sterilize and reduce populations\The Link between the Rockefeller Foundation and Eugenics in Nazi Germany-by-Lia_Weintraub.pdf","D:\Documentos\The Liberator\The Liberator 3 - Plandemic and Economic Warfare\Eugenics - Is Covid designed to kill, sterilize and reduce populations\The Link between the Rockefeller Foundation and Eugenics in Nazi Germany-by-Lia_Weintraub.cover.jpg",True,464,600,9506,
"D:\Documentos\The Liberator\The Liberator 3 - Plandemic and Economic Warfare\Eugenics - Is Covid designed to kill, sterilize and reduce populations\thegreatworkdecoded.com-Eugenics and Bioethics.pdf","D:\Documentos\The Liberator\The Liberator 3 - Plandemic and Economic Warfare\Eugenics - Is Covid designed to kill, sterilize and reduce populations\thegreatworkdecoded.com-Eugenics and Bioethics.cover.jpg",True,464,600,65729,
"D:\Documentos\The Liberator\The Liberator 3 - Plandemic and Economic Warfare\Eugenics - Is Covid designed to kill, sterilize and reduce populations\unlimitedhangout.com-Developers of Oxford-AstraZeneca Vaccine Tied to UK Eugenics Movement.pdf","D:\Documentos\The Liberator\The Liberator 3 - Plandemic and Economic Warfare\Eugenics - Is Covid designed to kill, sterilize and reduce populations\unlimitedhangout.com-Developers of Oxford-AstraZeneca Vaccine Tied to UK Eugenics Movement.cover.jpg",True,464,600,59544,
D:\Documentos\The Liberator\The Liberator 3 - Plandemic and Economic Warfare\Evidence of Anti-Fertility Drugs in Vaccines and Eugenics is US & WHO Policy\1995_Phillipines_WHO_UNICEF_COURT STOPS USE OF ANTI-TETANUS VACCINE IN IMMUNIZATION DRIVE.pdf,D:\Documentos\The Liberator\The Liberator 3 - Plandemic and Economic Warfare\Evidence of Anti-Fertility Drugs in Vaccines and Eugenics is US & WHO Policy\1995_Phillipines_WHO_UNICEF_COURT STOPS USE OF ANTI-TETANUS VACCINE IN IMMUNIZATION DRIVE.cover.jpg,True,464,600,41533,
D:\Documentos\The Liberator\The Liberator 3 - Plandemic and Economic Warfare\Evidence of Anti-Fertility Drugs in Vaccines and Eugenics is US & WHO Policy\Abortifacient_vaccines_loom_as_new_threat_by_Lawrence_Roberge_HLI-1993.pdf,D:\Documentos\The Liberator\The Liberator 3 - Plandemic and Economic Warfare\Evidence of Anti-Fertility Drugs in Vaccines and Eugenics is US & WHO Policy\Abortifacient_vaccines_loom_as_new_threat_by_Lawrence_Roberge_HLI-1993.cover.jpg,True,464,600,46193,
D:\Documentos\The Liberator\The Liberator 3 - Plandemic and Economic Warfare\Evidence of Anti-Fertility Drugs in Vaccines and Eugenics is US & WHO Policy\ewtn.com-Baby-Killing Vaccine Is It Being Stealth Tested.pdf,D:\Documentos\The Liberator\The Liberator 3 - Plandemic and Economic Warfare\Evidence of Anti-Fertility Drugs in Vaccines and Eugenics is US & WHO Policy\ewtn.com-Baby-Killing Vaccine Is It Being Stealth Tested.cover.jpg,True,464,600,45741,
D:\Documentos\The Liberator\The Liberator 3 - Plandemic and Economic Warfare\Evidence of Anti-Fertility Drugs in Vaccines and Eugenics is US & WHO Policy\Genealogy_of_a_Controversy-Development_of_an_Anti-Fertility_Vaccine_by_K-Viswanath_and_P-Kirbat.pdf,D:\Documentos\The Liberator\The Liberator 3 - Plandemic and Economic Warfare\Evidence of Anti-Fertility Drugs in Vaccines and Eugenics is US & WHO Policy\Genealogy_of_a_Controversy-Development_of_an_Anti-Fertility_Vaccine_by_K-Viswanath_and_P-Kirbat.cover.jpg,True,459,600,26330,
D:\Documentos\The Liberator\The Liberator 3 - Plandemic and Economic Warfare\Evidence of Anti-Fertility Drugs in Vaccines and Eugenics is US & WHO Policy\HCG_found_in_WHO_Tetanus_Vaccine_in_Kenya.pdf,D:\Documentos\The Liberator\The Liberator 3 - Plandemic and Economic Warfare\Evidence of Anti-Fertility Drugs in Vaccines and Eugenics is US & WHO Policy\HCG_found_in_WHO_Tetanus_Vaccine_in_Kenya.cover.jpg,True,425,600,16173,
D:\Documentos\The Liberator\The Liberator 3 - Plandemic and Economic Warfare\Evidence of Anti-Fertility Drugs in Vaccines and Eugenics is US & WHO Policy\National_Security_Study_Memorandum_200_Kissenger_Report_Population_Control_Cover_Page.pdf,D:\Documentos\The Liberator\The Liberator 3 - Plandemic and Economic Warfare\Evidence of Anti-Fertility Drugs in Vaccines and Eugenics is US & WHO Policy\National_Security_Study_Memorandum_200_Kissenger_Report_Population_Control_Cover_Page.cover.jpg,True,437,600,31494,
D:\Documentos\The Liberator\The Liberator 3 - Plandemic and Economic Warfare\Evidence of Anti-Fertility Drugs in Vaccines and Eugenics is US & WHO Policy\National_Security_Study_Memorandum_200_Kissenger_Report_Population_Control_Full_Study.pdf,D:\Documentos\The Liberator\The Liberator 3 - Plandemic and Economic Warfare\Evidence of Anti-Fertility Drugs in Vaccines and Eugenics is US & WHO Policy\National_Security_Study_Memorandum_200_Kissenger_Report_Population_Control_Full_Study.cover.jpg,True,464,600,18916,
D:\Documentos\The Liberator\The Liberator 3 - Plandemic and Economic Warfare\Evidence of Anti-Fertility Drugs in Vaccines and Eugenics is US & WHO Policy\nonconsensualresearch20111120.pdf,D:\Documentos\The Liberator\The Liberator 3 - Plandemic and Economic Warfare\Evidence of Anti-Fertility Drugs in Vaccines and Eugenics is US & WHO Policy\nonconsensualresearch20111120.cover.jpg,True,464,600,64425,
D:\Documentos\The Liberator\The Liberator 3 - Plandemic and Economic Warfare\Evidence of Anti-Fertility Drugs in Vaccines and Eugenics is US & WHO Policy\WHO_Research_A_Vaccine_That_Prevents_Pregnancy_in_Women_Aug_1994.pdf,D:\Documentos\The Liberator\The Liberator 3 - Plandemic and Economic Warfare\Evidence of Anti-Fertility Drugs in Vaccines and Eugenics is US & WHO Policy\WHO_Research_A_Vaccine_That_Prevents_Pregnancy_in_Women_Aug_1994.cover.jpg,True,425,600,79286,
D:\Documentos\The Liberator\The Liberator 3 - Plandemic and Economic Warfare\Evidence of Funding and Foreknowledge\April 2020 Rockefeller Foundation Paper Urges Testing and Tracing Entire US Population.pdf,D:\Documentos\The Liberator\The Liberator 3 - Plandemic and Economic Warfare\Evidence of Funding and Foreknowledge\April 2020 Rockefeller Foundation Paper Urges Testing and Tracing Entire US Population.cover.jpg,True,464,600,59617,
D:\Documentos\The Liberator\The Liberator 3 - Plandemic and Economic Warfare\Evidence of Funding and Foreknowledge\articles.mercola.com-The Great COVID Cover-Ups.pdf,D:\Documentos\The Liberator\The Liberator 3 - Plandemic and Economic Warfare\Evidence of Funding and Foreknowledge\articles.mercola.com-The Great COVID Cover-Ups.cover.jpg,True,464,600,61271,
D:\Documentos\The Liberator\The Liberator 3 - Plandemic and Economic Warfare\Evidence of Funding and Foreknowledge\Coronavirus US Senators face calls to resign over insider trading.pdf,D:\Documentos\The Liberator\The Liberator 3 - Plandemic and Economic Warfare\Evidence of Funding and Foreknowledge\Coronavirus US Senators face calls to resign over insider trading.cover.jpg,True,464,600,36626,
D:\Documentos\The Liberator\The Liberator 3 - Plandemic and Economic Warfare\Evidence of Funding and Foreknowledge\Evidence that PCR Tests and Equipment Were Prepositioned before Discovery of the Virus\PCR Purchasing Report Wuhan China.pdf,D:\Documentos\The Liberator\The Liberator 3 - Plandemic and Economic Warfare\Evidence of Funding and Foreknowledge\Evidence that PCR Tests and Equipment Were Prepositioned before Discovery of the Virus\PCR Purchasing Report Wuhan China.cover.jpg,True,425,600,23251,
D:\Documentos\The Liberator\The Liberator 3 - Plandemic and Economic Warfare\Evidence of Funding and Foreknowledge\PCR_Purchasing_Report_Mid-2019_Wuhan_China.pdf,D:\Documentos\The Liberator\The Liberator 3 - Plandemic and Economic Warfare\Evidence of Funding and Foreknowledge\PCR_Purchasing_Report_Mid-2019_Wuhan_China.cover.jpg,True,425,600,23251,
D:\Documentos\The Liberator\The Liberator 3 - Plandemic and Economic Warfare\Evidence of Funding and Foreknowledge\Rockefeller Foundation Lockstep Document.pdf,D:\Documentos\The Liberator\The Liberator 3 - Plandemic and Economic Warfare\Evidence of Funding and Foreknowledge\Rockefeller Foundation Lockstep Document.cover.jpg,True,464,600,43856,
D:\Documentos\The Liberator\The Liberator 3 - Plandemic and Economic Warfare\Evidence of Funding and Foreknowledge\US Government Awards Contracts to Seven Organizations with Ties to Gates Foundation DARPA Big Tech.pdf,D:\Documentos\The Liberator\The Liberator 3 - Plandemic and Economic Warfare\Evidence of Funding and Foreknowledge\US Government Awards Contracts to Seven Organizations with Ties to Gates Foundation DARPA Big Tech.cover.jpg,True,464,600,55923,
"D:\Documentos\The Liberator\The Liberator 3 - Plandemic and Economic Warfare\Evidence of Govt, Media and Academia Censorship and Deception\articles.mercola.com-The Truth Is Coming Out About COVID Deaths.pdf","D:\Documentos\The Liberator\The Liberator 3 - Plandemic and Economic Warfare\Evidence of Govt, Media and Academia Censorship and Deception\articles.mercola.com-The Truth Is Coming Out About COVID Deaths.cover.jpg",True,464,600,58210,
"D:\Documentos\The Liberator\The Liberator 3 - Plandemic and Economic Warfare\Evidence of Govt, Media and Academia Censorship and Deception\COVID-19 and the Shadowy Trusted News Initiative.pdf","D:\Documentos\The Liberator\The Liberator 3 - Plandemic and Economic Warfare\Evidence of Govt, Media and Academia Censorship and Deception\COVID-19 and the Shadowy Trusted News Initiative.cover.jpg",True,464,600,58695,
"D:\Documentos\The Liberator\The Liberator 3 - Plandemic and Economic Warfare\Evidence of Govt, Media and Academia Censorship and Deception\FilmYourHospital Campaign Survey Printable PDF.pdf","D:\Documentos\The Liberator\The Liberator 3 - Plandemic and Economic Warfare\Evidence of Govt, Media and Academia Censorship and Deception\FilmYourHospital Campaign Survey Printable PDF.cover.jpg",True,464,600,69343,
"D:\Documentos\The Liberator\The Liberator 3 - Plandemic and Economic Warfare\Evidence of Govt, Media and Academia Censorship and Deception\How the CCP Infiltrated Johns Hopkins University During the most Critical Stage of the Pandemic and Fudged Numbers.pdf","D:\Documentos\The Liberator\The Liberator 3 - Plandemic and Economic Warfare\Evidence of Govt, Media and Academia Censorship and Deception\How the CCP Infiltrated Johns Hopkins University During the most Critical Stage of the Pandemic and Fudged Numbers.cover.jpg",True,464,600,34043,
"D:\Documentos\The Liberator\The Liberator 3 - Plandemic and Economic Warfare\Evidence of Govt, Media and Academia Censorship and Deception\Leaked_Docs_Reveal_Shocking_Extent_Of_DHS _Disinfo_Collusion_With_Twitter_Facebook_CISA.pdf","D:\Documentos\The Liberator\The Liberator 3 - Plandemic and Economic Warfare\Evidence of Govt, Media and Academia Censorship and Deception\Leaked_Docs_Reveal_Shocking_Extent_Of_DHS _Disinfo_Collusion_With_Twitter_Facebook_CISA.cover.jpg",True,464,600,48883,
"D:\Documentos\The Liberator\The Liberator 3 - Plandemic and Economic Warfare\Evidence of Govt, Media and Academia Censorship and Deception\nationandstate.com-Media caught red-handed using dummy doll at Elmhurst ICU selling simulation to general public as COVI.pdf","D:\Documentos\The Liberator\The Liberator 3 - Plandemic and Economic Warfare\Evidence of Govt, Media and Academia Censorship and Deception\nationandstate.com-Media caught red-handed using dummy doll at Elmhurst ICU selling simulation to general public as COVI.cover.jpg",True,464,600,45053,
"D:\Documentos\The Liberator\The Liberator 3 - Plandemic and Economic Warfare\Evidence of Govt, Media and Academia Censorship and Deception\naturalnews.com-BUSTED Those ER doctors on Twitter who claimed hordes of patients were dying f.pdf","D:\Documentos\The Liberator\The Liberator 3 - Plandemic and Economic Warfare\Evidence of Govt, Media and Academia Censorship and Deception\naturalnews.com-BUSTED Those ER doctors on Twitter who claimed hordes of patients were dying f.cover.jpg",True,464,600,51720,
"D:\Documentos\The Liberator\The Liberator 3 - Plandemic and Economic Warfare\Evidence of Govt, Media and Academia Censorship and Deception\reuters.com-Fact Check-CBC Edmonton news report featuring a mannequin was filmed at a training facility not in a .pdf","D:\Documentos\The Liberator\The Liberator 3 - Plandemic and Economic Warfare\Evidence of Govt, Media and Academia Censorship and Deception\reuters.com-Fact Check-CBC Edmonton news report featuring a mannequin was filmed at a training facility not in a .cover.jpg",True,464,600,34752,
"D:\Documentos\The Liberator\The Liberator 3 - Plandemic and Economic Warfare\Evidence of Govt, Media and Academia Deception\articles.mercola.com-The Truth Is Coming Out About COVID Deaths.pdf","D:\Documentos\The Liberator\The Liberator 3 - Plandemic and Economic Warfare\Evidence of Govt, Media and Academia Deception\articles.mercola.com-The Truth Is Coming Out About COVID Deaths.cover.jpg",True,464,600,58210,
"D:\Documentos\The Liberator\The Liberator 3 - Plandemic and Economic Warfare\Evidence of Govt, Media and Academia Deception\COVID-19 and the Shadowy Trusted News Initiative.pdf","D:\Documentos\The Liberator\The Liberator 3 - Plandemic and Economic Warfare\Evidence of Govt, Media and Academia Deception\COVID-19 and the Shadowy Trusted News Initiative.cover.jpg",True,464,600,58695,
"D:\Documentos\The Liberator\The Liberator 3 - Plandemic and Economic Warfare\Evidence of Govt, Media and Academia Deception\FilmYourHospital Campaign Survey Printable PDF.pdf","D:\Documentos\The Liberator\The Liberator 3 - Plandemic and Economic Warfare\Evidence of Govt, Media and Academia Deception\FilmYourHospital Campaign Survey Printable PDF.cover.jpg",True,464,600,69343,
"D:\Documentos\The Liberator\The Liberator 3 - Plandemic and Economic Warfare\Evidence of Govt, Media and Academia Deception\nationandstate.com-Media caught red-handed using dummy doll at Elmhurst ICU selling simulation to general public as COVI.pdf","D:\Documentos\The Liberator\The Liberator 3 - Plandemic and Economic Warfare\Evidence of Govt, Media and Academia Deception\nationandstate.com-Media caught red-handed using dummy doll at Elmhurst ICU selling simulation to general public as COVI.cover.jpg",True,464,600,45053,
"D:\Documentos\The Liberator\The Liberator 3 - Plandemic and Economic Warfare\Evidence of Govt, Media and Academia Deception\reuters.com-Fact Check-CBC Edmonton news report featuring a mannequin was filmed at a training facility not in a .pdf","D:\Documentos\The Liberator\The Liberator 3 - Plandemic and Economic Warfare\Evidence of Govt, Media and Academia Deception\reuters.com-Fact Check-CBC Edmonton news report featuring a mannequin was filmed at a training facility not in a .cover.jpg",True,464,600,34752,
D:\Documentos\The Liberator\The Liberator 3 - Plandemic and Economic Warfare\Evidence Pharma Lied About Vaccine Safety and Efficacy\AFLD_Lawsuit .pdf,D:\Documentos\The Liberator\The Liberator 3 - Plandemic and Economic Warfare\Evidence Pharma Lied About Vaccine Safety and Efficacy\AFLD_Lawsuit .cover.jpg,True,464,600,21058,
D:\Documentos\The Liberator\The Liberator 3 - Plandemic and Economic Warfare\Evidence Pharma Lied About Vaccine Safety and Efficacy\bmj_Pfizer_Lied_About_Vaccine_Safety_Oct_21.pdf,D:\Documentos\The Liberator\The Liberator 3 - Plandemic and Economic Warfare\Evidence Pharma Lied About Vaccine Safety and Efficacy\bmj_Pfizer_Lied_About_Vaccine_Safety_Oct_21.cover.jpg,True,451,600,79683,
D:\Documentos\The Liberator\The Liberator 3 - Plandemic and Economic Warfare\Evidence Pharma Lied About Vaccine Safety and Efficacy\New Quality-Control Investigations on Vaccines- Contaminents Found in Most Vaccines.pdf,D:\Documentos\The Liberator\The Liberator 3 - Plandemic and Economic Warfare\Evidence Pharma Lied About Vaccine Safety and Efficacy\New Quality-Control Investigations on Vaccines- Contaminents Found in Most Vaccines.cover.jpg,True,425,600,65641,
D:\Documentos\The Liberator\The Liberator 3 - Plandemic and Economic Warfare\Evidence Pharma Lied About Vaccine Safety and Efficacy\Pfizer_Suppressed_Safety_Data_5.3.6-postmarketing-experience.pdf,D:\Documentos\The Liberator\The Liberator 3 - Plandemic and Economic Warfare\Evidence Pharma Lied About Vaccine Safety and Efficacy\Pfizer_Suppressed_Safety_Data_5.3.6-postmarketing-experience.cover.jpg,True,464,600,21086,
D:\Documentos\The Liberator\The Liberator 3 - Plandemic and Economic Warfare\Evidence Pharma Lied About Vaccine Safety and Efficacy\The-COVID-19-Inoculations-More-Harm-Than-Good-REV-Dec-16-2021_CCCA.pdf,D:\Documentos\The Liberator\The Liberator 3 - Plandemic and Economic Warfare\Evidence Pharma Lied About Vaccine Safety and Efficacy\The-COVID-19-Inoculations-More-Harm-Than-Good-REV-Dec-16-2021_CCCA.cover.jpg,True,600,338,16251,
D:\Documentos\The Liberator\The Liberator 3 - Plandemic and Economic Warfare\Evidence That Covid was Created in a Lab\Moderna patented a 19-nucleotide sequence in 2013 that matches the most infectious sequence of SARS-C.pdf,D:\Documentos\The Liberator\The Liberator 3 - Plandemic and Economic Warfare\Evidence That Covid was Created in a Lab\Moderna patented a 19-nucleotide sequence in 2013 that matches the most infectious sequence of SARS-C.cover.jpg,True,464,600,54251,
D:\Documentos\The Liberator\The Liberator 3 - Plandemic and Economic Warfare\Evidence That Covid was Created in a Lab\newspunch.com-Smoking Gun Moderna Patented Man Made SARS-CoV2 Gene Sequence in 2018.pdf,D:\Documentos\The Liberator\The Liberator 3 - Plandemic and Economic Warfare\Evidence That Covid was Created in a Lab\newspunch.com-Smoking Gun Moderna Patented Man Made SARS-CoV2 Gene Sequence in 2018.cover.jpg,True,464,600,38500,
D:\Documentos\The Liberator\The Liberator 3 - Plandemic and Economic Warfare\Evidence That Covid was Created in a Lab\The_Li-Meng-Yan-Paper_Covid_Created_in_Lab.pdf,D:\Documentos\The Liberator\The Liberator 3 - Plandemic and Economic Warfare\Evidence That Covid was Created in a Lab\The_Li-Meng-Yan-Paper_Covid_Created_in_Lab.cover.jpg,True,464,600,50697,
D:\Documentos\The Liberator\The Liberator 3 - Plandemic and Economic Warfare\Evidence that Eugenics is US & WHO Policy\1995_Phillipines_WHO_UNICEF_COURT STOPS USE OF ANTI-TETANUS VACCINE IN IMMUNIZATION DRIVE.pdf,D:\Documentos\The Liberator\The Liberator 3 - Plandemic and Economic Warfare\Evidence that Eugenics is US & WHO Policy\1995_Phillipines_WHO_UNICEF_COURT STOPS USE OF ANTI-TETANUS VACCINE IN IMMUNIZATION DRIVE.cover.jpg,True,464,600,41533,
D:\Documentos\The Liberator\The Liberator 3 - Plandemic and Economic Warfare\Evidence that Eugenics is US & WHO Policy\Genealogy_of_a_Controversy-Development_of_an_Anti-Fertility_Vaccine_by_K-Viswanath_and_P-Kirbat.pdf,D:\Documentos\The Liberator\The Liberator 3 - Plandemic and Economic Warfare\Evidence that Eugenics is US & WHO Policy\Genealogy_of_a_Controversy-Development_of_an_Anti-Fertility_Vaccine_by_K-Viswanath_and_P-Kirbat.cover.jpg,True,459,600,26330,
D:\Documentos\The Liberator\The Liberator 3 - Plandemic and Economic Warfare\Evidence that Eugenics is US & WHO Policy\HCG_found_in_WHO_Tetanus_Vaccine_in_Kenya.pdf,D:\Documentos\The Liberator\The Liberator 3 - Plandemic and Economic Warfare\Evidence that Eugenics is US & WHO Policy\HCG_found_in_WHO_Tetanus_Vaccine_in_Kenya.cover.jpg,True,425,600,16173,
D:\Documentos\The Liberator\The Liberator 3 - Plandemic and Economic Warfare\Evidence that Eugenics is US & WHO Policy\National_Security_Study_Memorandum_200_Kissenger_Report_Population_Control_Cover_Page.pdf,D:\Documentos\The Liberator\The Liberator 3 - Plandemic and Economic Warfare\Evidence that Eugenics is US & WHO Policy\National_Security_Study_Memorandum_200_Kissenger_Report_Population_Control_Cover_Page.cover.jpg,True,437,600,31494,
D:\Documentos\The Liberator\The Liberator 3 - Plandemic and Economic Warfare\Evidence that Eugenics is US & WHO Policy\National_Security_Study_Memorandum_200_Kissenger_Report_Population_Control_Full_Study.pdf,D:\Documentos\The Liberator\The Liberator 3 - Plandemic and Economic Warfare\Evidence that Eugenics is US & WHO Policy\National_Security_Study_Memorandum_200_Kissenger_Report_Population_Control_Full_Study.cover.jpg,True,464,600,18916,
D:\Documentos\The Liberator\The Liberator 3 - Plandemic and Economic Warfare\Evidence that Eugenics is US & WHO Policy\nonconsensualresearch20111120.pdf,D:\Documentos\The Liberator\The Liberator 3 - Plandemic and Economic Warfare\Evidence that Eugenics is US & WHO Policy\nonconsensualresearch20111120.cover.jpg,True,464,600,64425,
D:\Documentos\The Liberator\The Liberator 3 - Plandemic and Economic Warfare\Evidence that Eugenics is US & WHO Policy\WHO_Research_A_Vaccine_That_Prevents_Pregnancy_in_Women_Aug_1994.pdf,D:\Documentos\The Liberator\The Liberator 3 - Plandemic and Economic Warfare\Evidence that Eugenics is US & WHO Policy\WHO_Research_A_Vaccine_That_Prevents_Pregnancy_in_Women_Aug_1994.cover.jpg,True,425,600,79286,
D:\Documentos\The Liberator\The Liberator 3 - Plandemic and Economic Warfare\Financial Incentives for Hospitals to Classify Patients as Covid\Alert-2-New-ICD-code-introduced-for-COVID-19-deaths.pdf,D:\Documentos\The Liberator\The Liberator 3 - Plandemic and Economic Warfare\Financial Incentives for Hospitals to Classify Patients as Covid\Alert-2-New-ICD-code-introduced-for-COVID-19-deaths.cover.jpg,True,365,600,46543,
D:\Documentos\The Liberator\The Liberator 3 - Plandemic and Economic Warfare\Financial Incentives for Hospitals to Classify Patients as Covid\Biden’s Bounty on Your Life_ Hospitals’ Incentive Payments for COVID-19 - AAPS _ Association of American Physicians and Surgeons.pdf,D:\Documentos\The Liberator\The Liberator 3 - Plandemic and Economic Warfare\Financial Incentives for Hospitals to Classify Patients as Covid\Biden’s Bounty on Your Life_ Hospitals’ Incentive Payments for COVID-19 - AAPS _ Association of American Physicians and Surgeons.cover.jpg,True,464,600,41882,
D:\Documentos\The Liberator\The Liberator 3 - Plandemic and Economic Warfare\Financial Incentives for Hospitals to Classify Patients as Covid\cms.gov-New COVID-19 Treatments Add-On Payment NCTAP (1).pdf,D:\Documentos\The Liberator\The Liberator 3 - Plandemic and Economic Warfare\Financial Incentives for Hospitals to Classify Patients as Covid\cms.gov-New COVID-19 Treatments Add-On Payment NCTAP (1).cover.jpg,True,464,600,68824,
D:\Documentos\The Liberator\The Liberator 3 - Plandemic and Economic Warfare\Financial Incentives for Hospitals to Classify Patients as Covid\Remdesivir Disastrous as COVID Treatment But Government Pays Hospitals to Use It.pdf,D:\Documentos\The Liberator\The Liberator 3 - Plandemic and Economic Warfare\Financial Incentives for Hospitals to Classify Patients as Covid\Remdesivir Disastrous as COVID Treatment But Government Pays Hospitals to Use It.cover.jpg,True,464,600,63607,
D:\Documentos\The Liberator\The Liberator 3 - Plandemic and Economic Warfare\Germ_Vs_Terrain - Do Viruses Cause Disease\A-Farewell-to-Virology-Expert-Edition_By_Dr_Mark_Bailey.pdf,D:\Documentos\The Liberator\The Liberator 3 - Plandemic and Economic Warfare\Germ_Vs_Terrain - Do Viruses Cause Disease\A-Farewell-to-Virology-Expert-Edition_By_Dr_Mark_Bailey.cover.jpg,True,425,600,9299,
D:\Documentos\The Liberator\The Liberator 3 - Plandemic and Economic Warfare\Germ_Vs_Terrain - Do Viruses Cause Disease\propagation-in-tissue-cultures-of-cytopathogenic-agents-from-patients-with-measles.pdf,D:\Documentos\The Liberator\The Liberator 3 - Plandemic and Economic Warfare\Germ_Vs_Terrain - Do Viruses Cause Disease\propagation-in-tissue-cultures-of-cytopathogenic-agents-from-patients-with-measles.cover.jpg,True,420,600,68361,
D:\Documentos\The Liberator\The Liberator 3 - Plandemic and Economic Warfare\Germ_Vs_Terrain - Do Viruses Cause Disease\SETTLING_THE_VIRUS_DEBATE_-Challenge_letter.pdf,D:\Documentos\The Liberator\The Liberator 3 - Plandemic and Economic Warfare\Germ_Vs_Terrain - Do Viruses Cause Disease\SETTLING_THE_VIRUS_DEBATE_-Challenge_letter.cover.jpg,True,425,600,77044,
D:\Documentos\The Liberator\The Liberator 3 - Plandemic and Economic Warfare\Germ_Vs_Terrain - Do Viruses Cause Disease\Stefan_Lanka_Letter_to_German.Health.Minister_Virus_Fake.pdf,D:\Documentos\The Liberator\The Liberator 3 - Plandemic and Economic Warfare\Germ_Vs_Terrain - Do Viruses Cause Disease\Stefan_Lanka_Letter_to_German.Health.Minister_Virus_Fake.cover.jpg,True,464,600,55129,
D:\Documentos\The Liberator\The Liberator 3 - Plandemic and Economic Warfare\Germ_Vs_Terrain - Do Viruses Cause Disease\Virus-Mania (Book)-Torsten_Engelbrecht_and_Claus_Kohnlein.pdf,D:\Documentos\The Liberator\The Liberator 3 - Plandemic and Economic Warfare\Germ_Vs_Terrain - Do Viruses Cause Disease\Virus-Mania (Book)-Torsten_Engelbrecht_and_Claus_Kohnlein.cover.jpg,True,388,600,42426,
"D:\Documentos\The Liberator\The Liberator 3 - Plandemic and Economic Warfare\Graphene Oxide and contaminents in Vaccines, Masks and Test Swabs\Covid masks in Canada recalled after discovery of Graphene Oxide.pdf","D:\Documentos\The Liberator\The Liberator 3 - Plandemic and Economic Warfare\Graphene Oxide and contaminents in Vaccines, Masks and Test Swabs\Covid masks in Canada recalled after discovery of Graphene Oxide.cover.jpg",True,464,600,50876,
"D:\Documentos\The Liberator\The Liberator 3 - Plandemic and Economic Warfare\Graphene Oxide and contaminents in Vaccines, Masks and Test Swabs\euroweeklynews.com- Spain - Warnings Over Masks That Contain Graphene.pdf","D:\Documentos\The Liberator\The Liberator 3 - Plandemic and Economic Warfare\Graphene Oxide and contaminents in Vaccines, Masks and Test Swabs\euroweeklynews.com- Spain - Warnings Over Masks That Contain Graphene.cover.jpg",True,464,600,33270,
"D:\Documentos\The Liberator\The Liberator 3 - Plandemic and Economic Warfare\Graphene Oxide and contaminents in Vaccines, Masks and Test Swabs\evolvetoecology.org-What is in the PCR tests.pdf","D:\Documentos\The Liberator\The Liberator 3 - Plandemic and Economic Warfare\Graphene Oxide and contaminents in Vaccines, Masks and Test Swabs\evolvetoecology.org-What is in the PCR tests.cover.jpg",True,464,600,46880,
"D:\Documentos\The Liberator\The Liberator 3 - Plandemic and Economic Warfare\Graphene Oxide and contaminents in Vaccines, Masks and Test Swabs\FINAL_VERSION_CAMPRA_REPORT_DETECTION_OF_GRAPHENE_IN_COVID19_VACCINES.report.pdf","D:\Documentos\The Liberator\The Liberator 3 - Plandemic and Economic Warfare\Graphene Oxide and contaminents in Vaccines, Masks and Test Swabs\FINAL_VERSION_CAMPRA_REPORT_DETECTION_OF_GRAPHENE_IN_COVID19_VACCINES.report.cover.jpg",True,425,600,12373,
"D:\Documentos\The Liberator\The Liberator 3 - Plandemic and Economic Warfare\Graphene Oxide and contaminents in Vaccines, Masks and Test Swabs\Graphene Oxide in Vaccines OFFICIAL INTERIM REPORT IN ENGLISH (UNIVERSITY OF ALMERIA).pdf","D:\Documentos\The Liberator\The Liberator 3 - Plandemic and Economic Warfare\Graphene Oxide and contaminents in Vaccines, Masks and Test Swabs\Graphene Oxide in Vaccines OFFICIAL INTERIM REPORT IN ENGLISH (UNIVERSITY OF ALMERIA).cover.jpg",True,425,600,51261,
"D:\Documentos\The Liberator\The Liberator 3 - Plandemic and Economic Warfare\Graphene Oxide and contaminents in Vaccines, Masks and Test Swabs\Robert_O_Young_GrapheneOxideVaccinePaper_9-01-21.pdf","D:\Documentos\The Liberator\The Liberator 3 - Plandemic and Economic Warfare\Graphene Oxide and contaminents in Vaccines, Masks and Test Swabs\Robert_O_Young_GrapheneOxideVaccinePaper_9-01-21.cover.jpg",True,464,600,53020,
"D:\Documentos\The Liberator\The Liberator 3 - Plandemic and Economic Warfare\Graphene Oxide and contaminents in Vaccines, Masks and Test Swabs\UK LAB REPORT BY 'UNIT'.pdf","D:\Documentos\The Liberator\The Liberator 3 - Plandemic and Economic Warfare\Graphene Oxide and contaminents in Vaccines, Masks and Test Swabs\UK LAB REPORT BY 'UNIT'.cover.jpg",True,425,600,17060,
"D:\Documentos\The Liberator\The Liberator 3 - Plandemic and Economic Warfare\Graphene Oxide and contaminents in Vaccines, Masks and Test Swabs\What_is_in_the_so-called_COVID-19_Vaccines_Part-1-Evidence_of_a_Global_Crime_Against_Humanity_by_David_A_Hughes_PhD.pdf","D:\Documentos\The Liberator\The Liberator 3 - Plandemic and Economic Warfare\Graphene Oxide and contaminents in Vaccines, Masks and Test Swabs\What_is_in_the_so-called_COVID-19_Vaccines_Part-1-Evidence_of_a_Global_Crime_Against_Humanity_by_David_A_Hughes_PhD.cover.jpg",True,464,600,60611,
"D:\Documentos\The Liberator\The Liberator 3 - Plandemic and Economic Warfare\Graphene Oxide in Vaccines, Masks and Test Swabs\Covid masks in Canada recalled after discovery of Graphene Oxide.pdf","D:\Documentos\The Liberator\The Liberator 3 - Plandemic and Economic Warfare\Graphene Oxide in Vaccines, Masks and Test Swabs\Covid masks in Canada recalled after discovery of Graphene Oxide.cover.jpg",True,464,600,50876,
"D:\Documentos\The Liberator\The Liberator 3 - Plandemic and Economic Warfare\Graphene Oxide in Vaccines, Masks and Test Swabs\FINAL_VERSION_CAMPRA_REPORT_DETECTION_OF_GRAPHENE_IN_COVID19_VACCINES.report.pdf","D:\Documentos\The Liberator\The Liberator 3 - Plandemic and Economic Warfare\Graphene Oxide in Vaccines, Masks and Test Swabs\FINAL_VERSION_CAMPRA_REPORT_DETECTION_OF_GRAPHENE_IN_COVID19_VACCINES.report.cover.jpg",True,425,600,12373,
"D:\Documentos\The Liberator\The Liberator 3 - Plandemic and Economic Warfare\Graphene Oxide in Vaccines, Masks and Test Swabs\Graphene Oxide in Vaccines OFFICIAL INTERIM REPORT IN ENGLISH (UNIVERSITY OF ALMERIA).pdf","D:\Documentos\The Liberator\The Liberator 3 - Plandemic and Economic Warfare\Graphene Oxide in Vaccines, Masks and Test Swabs\Graphene Oxide in Vaccines OFFICIAL INTERIM REPORT IN ENGLISH (UNIVERSITY OF ALMERIA).cover.jpg",True,425,600,51261,
"D:\Documentos\The Liberator\The Liberator 3 - Plandemic and Economic Warfare\Graphene Oxide in Vaccines, Masks and Test Swabs\Robert_O_Young_GrapheneOxideVaccinePaper_9-01-21.pdf","D:\Documentos\The Liberator\The Liberator 3 - Plandemic and Economic Warfare\Graphene Oxide in Vaccines, Masks and Test Swabs\Robert_O_Young_GrapheneOxideVaccinePaper_9-01-21.cover.jpg",True,464,600,53020,
"D:\Documentos\The Liberator\The Liberator 3 - Plandemic and Economic Warfare\Investigations into Criminality, Foreknowledge, etc\David_Martin_Red_Pill_Expo_Slides.pdf","D:\Documentos\The Liberator\The Liberator 3 - Plandemic and Economic Warfare\Investigations into Criminality, Foreknowledge, etc\David_Martin_Red_Pill_Expo_Slides.cover.jpg",True,600,464,40754,
"D:\Documentos\The Liberator\The Liberator 3 - Plandemic and Economic Warfare\Investigations into Criminality, Foreknowledge, etc\Dr David Martin Exposing the Coup DEtat amp the Plot to Steal America In Text Format.pdf","D:\Documentos\The Liberator\The Liberator 3 - Plandemic and Economic Warfare\Investigations into Criminality, Foreknowledge, etc\Dr David Martin Exposing the Coup DEtat amp the Plot to Steal America In Text Format.cover.jpg",True,464,600,60173,
"D:\Documentos\The Liberator\The Liberator 3 - Plandemic and Economic Warfare\Investigations into Criminality, Foreknowledge, etc\Naomi Wolf Daily Clout Investigation Into Pfizer Documents\20230412 Pfizer Findings - for site.xlsx - Google Sheets.pdf","D:\Documentos\The Liberator\The Liberator 3 - Plandemic and Economic Warfare\Investigations into Criminality, Foreknowledge, etc\Naomi Wolf Daily Clout Investigation Into Pfizer Documents\20230412 Pfizer Findings - for site.xlsx - Google Sheets.cover.jpg",True,600,464,43719,
"D:\Documentos\The Liberator\The Liberator 3 - Plandemic and Economic Warfare\Investigations into Criminality, Foreknowledge, etc\Netzwerkanalyse-Corona-Komplex(4).pdf","D:\Documentos\The Liberator\The Liberator 3 - Plandemic and Economic Warfare\Investigations into Criminality, Foreknowledge, etc\Netzwerkanalyse-Corona-Komplex(4).cover.jpg",True,600,338,33186,
"D:\Documentos\The Liberator\The Liberator 3 - Plandemic and Economic Warfare\Investigations into Criminality, Foreknowledge, etc\The-Criminal-Conspiracy-of-Coronavirus Operations_Warp_Speed_DOD_Involvement.pdf","D:\Documentos\The Liberator\The Liberator 3 - Plandemic and Economic Warfare\Investigations into Criminality, Foreknowledge, etc\The-Criminal-Conspiracy-of-Coronavirus Operations_Warp_Speed_DOD_Involvement.cover.jpg",True,464,600,58862,
"D:\Documentos\The Liberator\The Liberator 3 - Plandemic and Economic Warfare\Investigations into Criminality, Foreknowledge, etc\the-fauci-covid-19-dossier_David_Martin.pdf","D:\Documentos\The Liberator\The Liberator 3 - Plandemic and Economic Warfare\Investigations into Criminality, Foreknowledge, etc\the-fauci-covid-19-dossier_David_Martin.cover.jpg",True,425,600,12792,
D:\Documentos\The Liberator\The Liberator 3 - Plandemic and Economic Warfare\Monkeypox Pandemic and Suspects\NTI_Paper_BIO-TTX_Final.pdf,D:\Documentos\The Liberator\The Liberator 3 - Plandemic and Economic Warfare\Monkeypox Pandemic and Suspects\NTI_Paper_BIO-TTX_Final.cover.jpg,True,464,600,73831,
"D:\Documentos\The Liberator\The Liberator 3 - Plandemic and Economic Warfare\Nanotech in Vaccines, Nano Magnetofection and Bluetooth MAC Addresses\AJEPH-ID50.pdf","D:\Documentos\The Liberator\The Liberator 3 - Plandemic and Economic Warfare\Nanotech in Vaccines, Nano Magnetofection and Bluetooth MAC Addresses\AJEPH-ID50.cover.jpg",True,425,600,43408,
"D:\Documentos\The Liberator\The Liberator 3 - Plandemic and Economic Warfare\Nanotech in Vaccines, Nano Magnetofection and Bluetooth MAC Addresses\David_Hughes_Powerpoint_Preso_Summarizing_26_Researchers_in_16_Countries_Finding_Undisclosed_Nanotech.pdf","D:\Documentos\The Liberator\The Liberator 3 - Plandemic and Economic Warfare\Nanotech in Vaccines, Nano Magnetofection and Bluetooth MAC Addresses\David_Hughes_Powerpoint_Preso_Summarizing_26_Researchers_in_16_Countries_Finding_Undisclosed_Nanotech.cover.jpg",True,600,338,26492,
"D:\Documentos\The Liberator\The Liberator 3 - Plandemic and Economic Warfare\Nanotech in Vaccines, Nano Magnetofection and Bluetooth MAC Addresses\Intra-Body Nano-Network - Brief summary by Mik Andersen.pdf","D:\Documentos\The Liberator\The Liberator 3 - Plandemic and Economic Warfare\Nanotech in Vaccines, Nano Magnetofection and Bluetooth MAC Addresses\Intra-Body Nano-Network - Brief summary by Mik Andersen.cover.jpg",True,600,338,9097,
"D:\Documentos\The Liberator\The Liberator 3 - Plandemic and Economic Warfare\Nanotech in Vaccines, Nano Magnetofection and Bluetooth MAC Addresses\Vaccinated Broadcasting Bluetooth MAC addresses\Project_Bluetooth_experience_x_Original_paper_in_French_Nov_3rd_2021-bt_4d45c.pdf","D:\Documentos\The Liberator\The Liberator 3 - Plandemic and Economic Warfare\Nanotech in Vaccines, Nano Magnetofection and Bluetooth MAC Addresses\Vaccinated Broadcasting Bluetooth MAC addresses\Project_Bluetooth_experience_x_Original_paper_in_French_Nov_3rd_2021-bt_4d45c.cover.jpg",True,425,600,29969,
"D:\Documentos\The Liberator\The Liberator 3 - Plandemic and Economic Warfare\Nanotech in Vaccines, Nano Magnetofection and Bluetooth MAC Addresses\Vaccinated Broadcasting Bluetooth MAC addresses\Project_Bluetooth_experience_x_V2_English_Spanish_French_Nov_3rd_2021-bt_4d45c.pdf","D:\Documentos\The Liberator\The Liberator 3 - Plandemic and Economic Warfare\Nanotech in Vaccines, Nano Magnetofection and Bluetooth MAC Addresses\Vaccinated Broadcasting Bluetooth MAC addresses\Project_Bluetooth_experience_x_V2_English_Spanish_French_Nov_3rd_2021-bt_4d45c.cover.jpg",True,425,600,38700,
"D:\Documentos\The Liberator\The Liberator 3 - Plandemic and Economic Warfare\Nanotech in Vaccines, Nano Magnetofection and Bluetooth MAC Addresses\What_is_in_the_so-called_COVID-19_Vaccines_Part-1-Evidence_of_a_Global_Crime_Against_Humanity_by_David_A_Hughes_PhD.pdf","D:\Documentos\The Liberator\The Liberator 3 - Plandemic and Economic Warfare\Nanotech in Vaccines, Nano Magnetofection and Bluetooth MAC Addresses\What_is_in_the_so-called_COVID-19_Vaccines_Part-1-Evidence_of_a_Global_Crime_Against_Humanity_by_David_A_Hughes_PhD.cover.jpg",True,464,600,60611,
D:\Documentos\The Liberator\The Liberator 3 - Plandemic and Economic Warfare\Other Fauci Organized Crime Virus Scams\2009 Swine Flu Scam\The_swine_flu_scam.pdf,D:\Documentos\The Liberator\The Liberator 3 - Plandemic and Economic Warfare\Other Fauci Organized Crime Virus Scams\2009 Swine Flu Scam\The_swine_flu_scam.cover.jpg,True,425,600,8900,
D:\Documentos\The Liberator\The Liberator 3 - Plandemic and Economic Warfare\Other Fauci Organized Crime Virus Scams\Avian Flu - 2005\archive.ph-Defense Secretary Rumsfeld sees growth in Gilead stake.pdf,D:\Documentos\The Liberator\The Liberator 3 - Plandemic and Economic Warfare\Other Fauci Organized Crime Virus Scams\Avian Flu - 2005\archive.ph-Defense Secretary Rumsfeld sees growth in Gilead stake.cover.jpg,True,464,600,48659,
D:\Documentos\The Liberator\The Liberator 3 - Plandemic and Economic Warfare\Other Fauci Organized Crime Virus Scams\Avian Flu - 2005\Remember the Avian Bird Flu scam that netted _Rummy_ 15 mill_ _ EOG Forums.pdf,D:\Documentos\The Liberator\The Liberator 3 - Plandemic and Economic Warfare\Other Fauci Organized Crime Virus Scams\Avian Flu - 2005\Remember the Avian Bird Flu scam that netted _Rummy_ 15 mill_ _ EOG Forums.cover.jpg,True,464,600,51959,
D:\Documentos\The Liberator\The Liberator 3 - Plandemic and Economic Warfare\PCR and Other Covid Tests Producing False Positives\Breaking_The_Spell_Thomas_Cowan.pdf,D:\Documentos\The Liberator\The Liberator 3 - Plandemic and Economic Warfare\PCR and Other Covid Tests Producing False Positives\Breaking_The_Spell_Thomas_Cowan.cover.jpg,True,389,600,48179,
D:\Documentos\The Liberator\The Liberator 3 - Plandemic and Economic Warfare\PCR and Other Covid Tests Producing False Positives\cormandrostenreview.com-Review report Corman-Drosten et al Eurosurveillance 2020.pdf,D:\Documentos\The Liberator\The Liberator 3 - Plandemic and Economic Warfare\PCR and Other Covid Tests Producing False Positives\cormandrostenreview.com-Review report Corman-Drosten et al Eurosurveillance 2020.cover.jpg,True,464,600,71069,
D:\Documentos\The Liberator\The Liberator 3 - Plandemic and Economic Warfare\Printable Flyers\Truth_About_COVID-19.pdf,D:\Documentos\The Liberator\The Liberator 3 - Plandemic and Economic Warfare\Printable Flyers\Truth_About_COVID-19.cover.jpg,True,600,466,88660,
D:\Documentos\The Liberator\The Liberator 3 - Plandemic and Economic Warfare\Resistance and Organizing Resistance\Example_Cease_and_Desist_Order_to_School_District.pdf,D:\Documentos\The Liberator\The Liberator 3 - Plandemic and Economic Warfare\Resistance and Organizing Resistance\Example_Cease_and_Desist_Order_to_School_District.cover.jpg,True,464,600,58041,
D:\Documentos\The Liberator\The Liberator 3 - Plandemic and Economic Warfare\Resistance and Organizing Resistance\Legal Remedies and Petitions to the FDA including ICAN on 12-15 Year Olds\ICANs_Petition_to_FDA_on_12-15_year_olds-2022-P-0872-0001_attachment_1.pdf,D:\Documentos\The Liberator\The Liberator 3 - Plandemic and Economic Warfare\Resistance and Organizing Resistance\Legal Remedies and Petitions to the FDA including ICAN on 12-15 Year Olds\ICANs_Petition_to_FDA_on_12-15_year_olds-2022-P-0872-0001_attachment_1.cover.jpg,True,464,600,33857,
D:\Documentos\The Liberator\The Liberator 3 - Plandemic and Economic Warfare\Resistance and Organizing Resistance\Plandemic_Resistance_Flyer_Feel_Free_To_Copy_Widely.pdf,D:\Documentos\The Liberator\The Liberator 3 - Plandemic and Economic Warfare\Resistance and Organizing Resistance\Plandemic_Resistance_Flyer_Feel_Free_To_Copy_Widely.cover.jpg,True,464,600,89374,
D:\Documentos\The Liberator\The Liberator 3 - Plandemic and Economic Warfare\Self Spreading Vaccine Research\181009-gcbr-tech-report.pdf,D:\Documentos\The Liberator\The Liberator 3 - Plandemic and Economic Warfare\Self Spreading Vaccine Research\181009-gcbr-tech-report.cover.jpg,True,464,600,78168,
D:\Documentos\The Liberator\The Liberator 3 - Plandemic and Economic Warfare\Solving_Covid-The_Covid19_Eugenics_Vaccine-Drug-Scam_Timeline_DRAFT_SolvingCovid_dot_org.pdf,D:\Documentos\The Liberator\The Liberator 3 - Plandemic and Economic Warfare\Solving_Covid-The_Covid19_Eugenics_Vaccine-Drug-Scam_Timeline_DRAFT_SolvingCovid_dot_org.cover.jpg,True,464,600,60065,
"D:\Documentos\The Liberator\The Liberator 3 - Plandemic and Economic Warfare\Suspects - World Economic Forum, Bill Gates, Fauci and others\A\Aaron Diamond AIDS Research Center\rockefeller.edu-Aaron Diamond AIDS Research Center Affiliates with The Rockefeller Univer.pdf","D:\Documentos\The Liberator\The Liberator 3 - Plandemic and Economic Warfare\Suspects - World Economic Forum, Bill Gates, Fauci and others\A\Aaron Diamond AIDS Research Center\rockefeller.edu-Aaron Diamond AIDS Research Center Affiliates with The Rockefeller Univer.cover.jpg",True,464,600,71669,
"D:\Documentos\The Liberator\The Liberator 3 - Plandemic and Economic Warfare\Suspects - World Economic Forum, Bill Gates, Fauci and others\A\Astra Zeneca\unlimitedhangout.com-Developers of Oxford-AstraZeneca Vaccine Tied to UK Eugenics Movement.pdf","D:\Documentos\The Liberator\The Liberator 3 - Plandemic and Economic Warfare\Suspects - World Economic Forum, Bill Gates, Fauci and others\A\Astra Zeneca\unlimitedhangout.com-Developers of Oxford-AstraZeneca Vaccine Tied to UK Eugenics Movement.cover.jpg",True,464,600,59374,
"D:\Documentos\The Liberator\The Liberator 3 - Plandemic and Economic Warfare\Suspects - World Economic Forum, Bill Gates, Fauci and others\B\Joe and Hunter Biden\HSGAC_Finance_Report_FINAL.pdf","D:\Documentos\The Liberator\The Liberator 3 - Plandemic and Economic Warfare\Suspects - World Economic Forum, Bill Gates, Fauci and others\B\Joe and Hunter Biden\HSGAC_Finance_Report_FINAL.cover.jpg",True,464,600,31862,
"D:\Documentos\The Liberator\The Liberator 3 - Plandemic and Economic Warfare\Suspects - World Economic Forum, Bill Gates, Fauci and others\B\The names and faces of the 150 Bilderbergers who have influenced and controlled the response to COVID.pdf","D:\Documentos\The Liberator\The Liberator 3 - Plandemic and Economic Warfare\Suspects - World Economic Forum, Bill Gates, Fauci and others\B\The names and faces of the 150 Bilderbergers who have influenced and controlled the response to COVID.cover.jpg",True,464,600,49388,
"D:\Documentos\The Liberator\The Liberator 3 - Plandemic and Economic Warfare\Suspects - World Economic Forum, Bill Gates, Fauci and others\Bill Gates and Bill and Melinda Gates Foundation\12 Reasons to Get Angry about the Gates Foundations .pdf","D:\Documentos\The Liberator\The Liberator 3 - Plandemic and Economic Warfare\Suspects - World Economic Forum, Bill Gates, Fauci and others\Bill Gates and Bill and Melinda Gates Foundation\12 Reasons to Get Angry about the Gates Foundations .cover.jpg",True,464,600,44608,
"D:\Documentos\The Liberator\The Liberator 3 - Plandemic and Economic Warfare\Suspects - World Economic Forum, Bill Gates, Fauci and others\Bill Gates and Bill and Melinda Gates Foundation\A-01_BMGF Form 990-PF_TR_19 PD.pdf","D:\Documentos\The Liberator\The Liberator 3 - Plandemic and Economic Warfare\Suspects - World Economic Forum, Bill Gates, Fauci and others\Bill Gates and Bill and Melinda Gates Foundation\A-01_BMGF Form 990-PF_TR_19 PD.cover.jpg",True,464,600,70755,
"D:\Documentos\The Liberator\The Liberator 3 - Plandemic and Economic Warfare\Suspects - World Economic Forum, Bill Gates, Fauci and others\Bill Gates and Bill and Melinda Gates Foundation\Bill Gates Among Investors with 26 Million Share in Homosexual Activist P.pdf","D:\Documentos\The Liberator\The Liberator 3 - Plandemic and Economic Warfare\Suspects - World Economic Forum, Bill Gates, Fauci and others\Bill Gates and Bill and Melinda Gates Foundation\Bill Gates Among Investors with 26 Million Share in Homosexual Activist P.cover.jpg",True,464,600,52218,
"D:\Documentos\The Liberator\The Liberator 3 - Plandemic and Economic Warfare\Suspects - World Economic Forum, Bill Gates, Fauci and others\Bill Gates and Bill and Melinda Gates Foundation\GATES-TO-A-GLOBAL-EMPIRE-FULL-REPORT-13.10.2020-4.pdf","D:\Documentos\The Liberator\The Liberator 3 - Plandemic and Economic Warfare\Suspects - World Economic Forum, Bill Gates, Fauci and others\Bill Gates and Bill and Melinda Gates Foundation\GATES-TO-A-GLOBAL-EMPIRE-FULL-REPORT-13.10.2020-4.cover.jpg",True,425,600,44754,
"D:\Documentos\The Liberator\The Liberator 3 - Plandemic and Economic Warfare\Suspects - World Economic Forum, Bill Gates, Fauci and others\Bill Gates and Bill and Melinda Gates Foundation\GATES-TO-A-GLOBAL-EMPIRE-REPORT-SYNTHESIS-13.10.2020-3.pdf","D:\Documentos\The Liberator\The Liberator 3 - Plandemic and Economic Warfare\Suspects - World Economic Forum, Bill Gates, Fauci and others\Bill Gates and Bill and Melinda Gates Foundation\GATES-TO-A-GLOBAL-EMPIRE-REPORT-SYNTHESIS-13.10.2020-3.cover.jpg",True,425,600,46498,
"D:\Documentos\The Liberator\The Liberator 3 - Plandemic and Economic Warfare\Suspects - World Economic Forum, Bill Gates, Fauci and others\Bill Gates and Bill and Melinda Gates Foundation\How Bill Gates Funded Science Fraud in the Imperial .pdf","D:\Documentos\The Liberator\The Liberator 3 - Plandemic and Economic Warfare\Suspects - World Economic Forum, Bill Gates, Fauci and others\Bill Gates and Bill and Melinda Gates Foundation\How Bill Gates Funded Science Fraud in the Imperial .cover.jpg",True,464,600,46824,
"D:\Documentos\The Liberator\The Liberator 3 - Plandemic and Economic Warfare\Suspects - World Economic Forum, Bill Gates, Fauci and others\Bill Gates and Bill and Melinda Gates Foundation\How_Bill_Gates_Stands_to_Profit_Off_of_Covid.pdf","D:\Documentos\The Liberator\The Liberator 3 - Plandemic and Economic Warfare\Suspects - World Economic Forum, Bill Gates, Fauci and others\Bill Gates and Bill and Melinda Gates Foundation\How_Bill_Gates_Stands_to_Profit_Off_of_Covid.cover.jpg",True,464,600,35137,
"D:\Documentos\The Liberator\The Liberator 3 - Plandemic and Economic Warfare\Suspects - World Economic Forum, Bill Gates, Fauci and others\Bill Gates and Bill and Melinda Gates Foundation\RFK_jr_on Gates Globalist Vaccine Agenda A Win-Win f.pdf","D:\Documentos\The Liberator\The Liberator 3 - Plandemic and Economic Warfare\Suspects - World Economic Forum, Bill Gates, Fauci and others\Bill Gates and Bill and Melinda Gates Foundation\RFK_jr_on Gates Globalist Vaccine Agenda A Win-Win f.cover.jpg",True,464,600,62656,
"D:\Documentos\The Liberator\The Liberator 3 - Plandemic and Economic Warfare\Suspects - World Economic Forum, Bill Gates, Fauci and others\C\Dr Michael Callahan - DARPAs Man in Wuhan\unlimitedhangout.com-Dr Michael Callahan DARPAs Man in Wuhan.pdf","D:\Documentos\The Liberator\The Liberator 3 - Plandemic and Economic Warfare\Suspects - World Economic Forum, Bill Gates, Fauci and others\C\Dr Michael Callahan - DARPAs Man in Wuhan\unlimitedhangout.com-Dr Michael Callahan DARPAs Man in Wuhan.cover.jpg",True,464,600,56207,
"D:\Documentos\The Liberator\The Liberator 3 - Plandemic and Economic Warfare\Suspects - World Economic Forum, Bill Gates, Fauci and others\D\Christian Drosten\Christian Drosten The Fraud Behind COVID 19 PCR Testing.pdf","D:\Documentos\The Liberator\The Liberator 3 - Plandemic and Economic Warfare\Suspects - World Economic Forum, Bill Gates, Fauci and others\D\Christian Drosten\Christian Drosten The Fraud Behind COVID 19 PCR Testing.cover.jpg",True,464,600,29049,
"D:\Documentos\The Liberator\The Liberator 3 - Plandemic and Economic Warfare\Suspects - World Economic Forum, Bill Gates, Fauci and others\D\DARPA\darpa_mil-COVID-19_ADEPT_Program.pdf","D:\Documentos\The Liberator\The Liberator 3 - Plandemic and Economic Warfare\Suspects - World Economic Forum, Bill Gates, Fauci and others\D\DARPA\darpa_mil-COVID-19_ADEPT_Program.cover.jpg",True,464,600,52052,
"D:\Documentos\The Liberator\The Liberator 3 - Plandemic and Economic Warfare\Suspects - World Economic Forum, Bill Gates, Fauci and others\F\Anthony Fauci\zerohedge.com-Leaked Fauci Financials Expose How Millionaire Doctor Profited From Pandemic.pdf","D:\Documentos\The Liberator\The Liberator 3 - Plandemic and Economic Warfare\Suspects - World Economic Forum, Bill Gates, Fauci and others\F\Anthony Fauci\zerohedge.com-Leaked Fauci Financials Expose How Millionaire Doctor Profited From Pandemic.cover.jpg",True,464,600,48294,
"D:\Documentos\The Liberator\The Liberator 3 - Plandemic and Economic Warfare\Suspects - World Economic Forum, Bill Gates, Fauci and others\F\Neil Ferguson - Imperial College of London\How Bill Gates Funded Science Fraud in the Imperial Coll.pdf","D:\Documentos\The Liberator\The Liberator 3 - Plandemic and Economic Warfare\Suspects - World Economic Forum, Bill Gates, Fauci and others\F\Neil Ferguson - Imperial College of London\How Bill Gates Funded Science Fraud in the Imperial Coll.cover.jpg",True,464,600,46824,
"D:\Documentos\The Liberator\The Liberator 3 - Plandemic and Economic Warfare\Suspects - World Economic Forum, Bill Gates, Fauci and others\G\Celine Gounder\Dr Celine Gounder_Aspen_Institute_CFR_Johns_Hopkins_Propagandist.pdf","D:\Documentos\The Liberator\The Liberator 3 - Plandemic and Economic Warfare\Suspects - World Economic Forum, Bill Gates, Fauci and others\G\Celine Gounder\Dr Celine Gounder_Aspen_Institute_CFR_Johns_Hopkins_Propagandist.cover.jpg",True,464,600,6153,
"D:\Documentos\The Liberator\The Liberator 3 - Plandemic and Economic Warfare\Suspects - World Economic Forum, Bill Gates, Fauci and others\G\Gavi - The Vaccine Alliance\Gavi-CEO-Dr-Seth-Berkley-biography-February-2022.pdf","D:\Documentos\The Liberator\The Liberator 3 - Plandemic and Economic Warfare\Suspects - World Economic Forum, Bill Gates, Fauci and others\G\Gavi - The Vaccine Alliance\Gavi-CEO-Dr-Seth-Berkley-biography-February-2022.cover.jpg",True,425,600,76686,
"D:\Documentos\The Liberator\The Liberator 3 - Plandemic and Economic Warfare\Suspects - World Economic Forum, Bill Gates, Fauci and others\G\Gavi - The Vaccine Alliance\WHO Whistleblower Dr Astrid Stuckelberger Expose Suspicious Activities Of Bill Gates AndGAVI.pdf","D:\Documentos\The Liberator\The Liberator 3 - Plandemic and Economic Warfare\Suspects - World Economic Forum, Bill Gates, Fauci and others\G\Gavi - The Vaccine Alliance\WHO Whistleblower Dr Astrid Stuckelberger Expose Suspicious Activities Of Bill Gates AndGAVI.cover.jpg",True,464,600,26676,
"D:\Documentos\The Liberator\The Liberator 3 - Plandemic and Economic Warfare\Suspects - World Economic Forum, Bill Gates, Fauci and others\John Hopkins University and Center for Health Security\A Colleague of Bill Gates Sr at Johns Hopkins .pdf","D:\Documentos\The Liberator\The Liberator 3 - Plandemic and Economic Warfare\Suspects - World Economic Forum, Bill Gates, Fauci and others\John Hopkins University and Center for Health Security\A Colleague of Bill Gates Sr at Johns Hopkins .cover.jpg",True,464,600,33359,
"D:\Documentos\The Liberator\The Liberator 3 - Plandemic and Economic Warfare\Suspects - World Economic Forum, Bill Gates, Fauci and others\L\Kirsten_E_Lyke_Pfizer_Moderna_Trial_investigator\Lyke, Kirsten _ University of Maryland School of Medicine.pdf","D:\Documentos\The Liberator\The Liberator 3 - Plandemic and Economic Warfare\Suspects - World Economic Forum, Bill Gates, Fauci and others\L\Kirsten_E_Lyke_Pfizer_Moderna_Trial_investigator\Lyke, Kirsten _ University of Maryland School of Medicine.cover.jpg",True,464,600,33327,
"D:\Documentos\The Liberator\The Liberator 3 - Plandemic and Economic Warfare\Suspects - World Economic Forum, Bill Gates, Fauci and others\M\Moderna A Company In Need Of A Hail Mary.pdf","D:\Documentos\The Liberator\The Liberator 3 - Plandemic and Economic Warfare\Suspects - World Economic Forum, Bill Gates, Fauci and others\M\Moderna A Company In Need Of A Hail Mary.cover.jpg",True,464,600,56872,
"D:\Documentos\The Liberator\The Liberator 3 - Plandemic and Economic Warfare\Suspects - World Economic Forum, Bill Gates, Fauci and others\M\sashalatypova.substack.com-Moderna History Part 2 - The Lead Investors.pdf","D:\Documentos\The Liberator\The Liberator 3 - Plandemic and Economic Warfare\Suspects - World Economic Forum, Bill Gates, Fauci and others\M\sashalatypova.substack.com-Moderna History Part 2 - The Lead Investors.cover.jpg",True,464,600,44019,
"D:\Documentos\The Liberator\The Liberator 3 - Plandemic and Economic Warfare\Suspects - World Economic Forum, Bill Gates, Fauci and others\N\National Institute of Health (NIH)\articles.mercola.com-Massive Conflicts of Interest at the NIH.pdf","D:\Documentos\The Liberator\The Liberator 3 - Plandemic and Economic Warfare\Suspects - World Economic Forum, Bill Gates, Fauci and others\N\National Institute of Health (NIH)\articles.mercola.com-Massive Conflicts of Interest at the NIH.cover.jpg",True,464,600,53553,
"D:\Documentos\The Liberator\The Liberator 3 - Plandemic and Economic Warfare\Suspects - World Economic Forum, Bill Gates, Fauci and others\O\Oxford University\unlimitedhangout.com-Developers of Oxford-AstraZeneca Vaccine Tied to UK Eugenics Movement.pdf","D:\Documentos\The Liberator\The Liberator 3 - Plandemic and Economic Warfare\Suspects - World Economic Forum, Bill Gates, Fauci and others\O\Oxford University\unlimitedhangout.com-Developers of Oxford-AstraZeneca Vaccine Tied to UK Eugenics Movement.cover.jpg",True,464,600,59374,
"D:\Documentos\The Liberator\The Liberator 3 - Plandemic and Economic Warfare\Suspects - World Economic Forum, Bill Gates, Fauci and others\R\Dorit Reiss\stevekirsch.substack.com-Epic fail Dorit Reiss and friends try to discredit Turtles.pdf","D:\Documentos\The Liberator\The Liberator 3 - Plandemic and Economic Warfare\Suspects - World Economic Forum, Bill Gates, Fauci and others\R\Dorit Reiss\stevekirsch.substack.com-Epic fail Dorit Reiss and friends try to discredit Turtles.cover.jpg",True,464,600,37681,
"D:\Documentos\The Liberator\The Liberator 3 - Plandemic and Economic Warfare\Suspects - World Economic Forum, Bill Gates, Fauci and others\Rockefeller Family and Rockefeller Foundation\A Century Ago Rockefellers Funded Plan to Sterilize 15 Million.pdf","D:\Documentos\The Liberator\The Liberator 3 - Plandemic and Economic Warfare\Suspects - World Economic Forum, Bill Gates, Fauci and others\Rockefeller Family and Rockefeller Foundation\A Century Ago Rockefellers Funded Plan to Sterilize 15 Million.cover.jpg",True,464,600,25924,
"D:\Documentos\The Liberator\The Liberator 3 - Plandemic and Economic Warfare\Suspects - World Economic Forum, Bill Gates, Fauci and others\Rockefeller Family and Rockefeller Foundation\Rockefeller Anti-Fertility Vaccines Exposed by Jurriaan Maessen.pdf","D:\Documentos\The Liberator\The Liberator 3 - Plandemic and Economic Warfare\Suspects - World Economic Forum, Bill Gates, Fauci and others\Rockefeller Family and Rockefeller Foundation\Rockefeller Anti-Fertility Vaccines Exposed by Jurriaan Maessen.cover.jpg",True,464,600,45447,
"D:\Documentos\The Liberator\The Liberator 3 - Plandemic and Economic Warfare\Suspects - World Economic Forum, Bill Gates, Fauci and others\Rockefeller Family and Rockefeller Foundation\Rockefeller_Foundation_Annual-Report-1968.pdf","D:\Documentos\The Liberator\The Liberator 3 - Plandemic and Economic Warfare\Suspects - World Economic Forum, Bill Gates, Fauci and others\Rockefeller Family and Rockefeller Foundation\Rockefeller_Foundation_Annual-Report-1968.cover.jpg",True,454,600,15893,
"D:\Documentos\The Liberator\The Liberator 3 - Plandemic and Economic Warfare\Suspects - World Economic Forum, Bill Gates, Fauci and others\Rockefeller Family and Rockefeller Foundation\Rockefeller_Foundation_Annual-Report-1988.pdf","D:\Documentos\The Liberator\The Liberator 3 - Plandemic and Economic Warfare\Suspects - World Economic Forum, Bill Gates, Fauci and others\Rockefeller Family and Rockefeller Foundation\Rockefeller_Foundation_Annual-Report-1988.cover.jpg",True,464,600,8162,
"D:\Documentos\The Liberator\The Liberator 3 - Plandemic and Economic Warfare\Suspects - World Economic Forum, Bill Gates, Fauci and others\Rockefeller Family and Rockefeller Foundation\Rockefeller_Medicine_Men_Book_in_PDF.pdf","D:\Documentos\The Liberator\The Liberator 3 - Plandemic and Economic Warfare\Suspects - World Economic Forum, Bill Gates, Fauci and others\Rockefeller Family and Rockefeller Foundation\Rockefeller_Medicine_Men_Book_in_PDF.cover.jpg",True,400,600,50406,
"D:\Documentos\The Liberator\The Liberator 3 - Plandemic and Economic Warfare\Suspects - World Economic Forum, Bill Gates, Fauci and others\S\Tom Shimabukuro\Dont bother to let the CDC know about safety issues with the COVID vaccines Tom Shimabukuro.pdf","D:\Documentos\The Liberator\The Liberator 3 - Plandemic and Economic Warfare\Suspects - World Economic Forum, Bill Gates, Fauci and others\S\Tom Shimabukuro\Dont bother to let the CDC know about safety issues with the COVID vaccines Tom Shimabukuro.cover.jpg",True,464,600,49080,
"D:\Documentos\The Liberator\The Liberator 3 - Plandemic and Economic Warfare\Suspects - World Economic Forum, Bill Gates, Fauci and others\T\Mark Thompson\BBC_Mark_Thompson_Zionist_Propaganda.pdf","D:\Documentos\The Liberator\The Liberator 3 - Plandemic and Economic Warfare\Suspects - World Economic Forum, Bill Gates, Fauci and others\T\Mark Thompson\BBC_Mark_Thompson_Zionist_Propaganda.cover.jpg",True,464,600,64010,
"D:\Documentos\The Liberator\The Liberator 3 - Plandemic and Economic Warfare\Suspects - World Economic Forum, Bill Gates, Fauci and others\W\Fan Wu MD PhD.pdf","D:\Documentos\The Liberator\The Liberator 3 - Plandemic and Economic Warfare\Suspects - World Economic Forum, Bill Gates, Fauci and others\W\Fan Wu MD PhD.cover.jpg",True,464,600,33373,
"D:\Documentos\The Liberator\The Liberator 3 - Plandemic and Economic Warfare\Suspects - World Economic Forum, Bill Gates, Fauci and others\W\World Economic Forum\swprs.org-The WEF and the Pandemic.pdf","D:\Documentos\The Liberator\The Liberator 3 - Plandemic and Economic Warfare\Suspects - World Economic Forum, Bill Gates, Fauci and others\W\World Economic Forum\swprs.org-The WEF and the Pandemic.cover.jpg",True,464,600,57961,
"D:\Documentos\The Liberator\The Liberator 3 - Plandemic and Economic Warfare\Suspects - World Economic Forum, Bill Gates, Fauci and others\W\World Economic Forum\unlimitedhangout.com-Dr Klaus Schwab or How the CFR Taught Me to Stop Worrying and Love the Bomb.pdf","D:\Documentos\The Liberator\The Liberator 3 - Plandemic and Economic Warfare\Suspects - World Economic Forum, Bill Gates, Fauci and others\W\World Economic Forum\unlimitedhangout.com-Dr Klaus Schwab or How the CFR Taught Me to Stop Worrying and Love the Bomb.cover.jpg",True,464,600,63844,
D:\Documentos\The Liberator\The Liberator 3 - Plandemic and Economic Warfare\The Shady Players and Goals of Vaccine Passports\dailyveracity.com-The Shadowy CIA Data Firms Behind the Creation of Digital Vaccine Passport IDs.pdf,D:\Documentos\The Liberator\The Liberator 3 - Plandemic and Economic Warfare\The Shady Players and Goals of Vaccine Passports\dailyveracity.com-The Shadowy CIA Data Firms Behind the Creation of Digital Vaccine Passport IDs.cover.jpg,True,464,600,64842,
D:\Documentos\The Liberator\The Liberator 3 - Plandemic and Economic Warfare\Timelines\Q4_19_IntelSummary_v1_When_did_US_Learn_about_Wuhan_outbreak.pdf,D:\Documentos\The Liberator\The Liberator 3 - Plandemic and Economic Warfare\Timelines\Q4_19_IntelSummary_v1_When_did_US_Learn_about_Wuhan_outbreak.cover.jpg,True,426,600,11836,
D:\Documentos\The Liberator\The Liberator 3 - Plandemic and Economic Warfare\Treasury Market Collapse and Straw Purchases and Fed Monetization\BIS Working Papers No 966 The Treasury market in spring 2020 and the response of the Federal Reserve.pdf,D:\Documentos\The Liberator\The Liberator 3 - Plandemic and Economic Warfare\Treasury Market Collapse and Straw Purchases and Fed Monetization\BIS Working Papers No 966 The Treasury market in spring 2020 and the response of the Federal Reserve.cover.jpg,True,425,600,16540,
D:\Documentos\The Liberator\The Liberator 3 - Plandemic and Economic Warfare\Treasury Market Collapse and Straw Purchases and Fed Monetization\Blackrock_macro-perspectives-august-2019-Specifies_CB_Treasury_Covid_Policies_Before_Covid.pdf,D:\Documentos\The Liberator\The Liberator 3 - Plandemic and Economic Warfare\Treasury Market Collapse and Straw Purchases and Fed Monetization\Blackrock_macro-perspectives-august-2019-Specifies_CB_Treasury_Covid_Policies_Before_Covid.cover.jpg,True,425,600,37641,
D:\Documentos\The Liberator\The Liberator 3 - Plandemic and Economic Warfare\Treasury Market Collapse and Straw Purchases and Fed Monetization\Fed-2014-Belgium-Straw-Purchases.pdf,D:\Documentos\The Liberator\The Liberator 3 - Plandemic and Economic Warfare\Treasury Market Collapse and Straw Purchases and Fed Monetization\Fed-2014-Belgium-Straw-Purchases.cover.jpg,True,464,600,61072,
D:\Documentos\The Liberator\The Liberator 3 - Plandemic and Economic Warfare\Vaccine Batch Numbers Code for Toxicity\Batch Numbers Code For Toxicity.pdf,D:\Documentos\The Liberator\The Liberator 3 - Plandemic and Economic Warfare\Vaccine Batch Numbers Code for Toxicity\Batch Numbers Code For Toxicity.cover.jpg,True,425,600,34439,
D:\Documentos\The Liberator\The Liberator 3 - Plandemic and Economic Warfare\Vaccine Batch Numbers Code for Toxicity\covid-19-immunizations-appendix-q-table.pdf,D:\Documentos\The Liberator\The Liberator 3 - Plandemic and Economic Warfare\Vaccine Batch Numbers Code for Toxicity\covid-19-immunizations-appendix-q-table.cover.jpg,True,600,464,54143,
D:\Documentos\The Liberator\The Liberator 3 - Plandemic and Economic Warfare\Vaccine Batch Numbers Code for Toxicity\covid-vaccine-medium-descriptors.pdf,D:\Documentos\The Liberator\The Liberator 3 - Plandemic and Economic Warfare\Vaccine Batch Numbers Code for Toxicity\covid-vaccine-medium-descriptors.cover.jpg,True,464,600,73198,
D:\Documentos\The Liberator\The Liberator 3 - Plandemic and Economic Warfare\Vaccine Batch Numbers Code for Toxicity\death_by_lottery_Bad_Batch_Analysis.pdf,D:\Documentos\The Liberator\The Liberator 3 - Plandemic and Economic Warfare\Vaccine Batch Numbers Code for Toxicity\death_by_lottery_Bad_Batch_Analysis.cover.jpg,True,425,600,44858,
D:\Documentos\The Liberator\The Liberator 3 - Plandemic and Economic Warfare\Vaccine Batch Numbers Code for Toxicity\EXCLUSIVE  100 of Covid-19 Vaccine Deaths were caused by just 5 of the batches produced according to.pdf,D:\Documentos\The Liberator\The Liberator 3 - Plandemic and Economic Warfare\Vaccine Batch Numbers Code for Toxicity\EXCLUSIVE  100 of Covid-19 Vaccine Deaths were caused by just 5 of the batches produced according to.cover.jpg,True,464,600,32804,
"D:\Documentos\The Liberator\The Liberator 3 - Plandemic and Economic Warfare\Vaccine Batch Numbers Code for Toxicity\November 8, 2021 Summary Basis for Regulatory Action - Comirnaty_admits_Different_formulations.pdf","D:\Documentos\The Liberator\The Liberator 3 - Plandemic and Economic Warfare\Vaccine Batch Numbers Code for Toxicity\November 8, 2021 Summary Basis for Regulatory Action - Comirnaty_admits_Different_formulations.cover.jpg",True,464,600,29820,
D:\Documentos\The Liberator\The Liberator 3 - Plandemic and Economic Warfare\Vaccine Deaths Adverse and Side Effects\79000_percent_increase_in_strokes_FDA_and_HIH_Study_Adverse_Events_Feb_2022.pdf,D:\Documentos\The Liberator\The Liberator 3 - Plandemic and Economic Warfare\Vaccine Deaths Adverse and Side Effects\79000_percent_increase_in_strokes_FDA_and_HIH_Study_Adverse_Events_Feb_2022.cover.jpg,True,464,600,48682,
D:\Documentos\The Liberator\The Liberator 3 - Plandemic and Economic Warfare\Vaccine Deaths Adverse and Side Effects\Autopsies_of_vaccinated_deaths_show_harm_from_vaccine_Dr_Sucharit_Bhakdi_and_Dr_Arne_Burkhardt.pdf,D:\Documentos\The Liberator\The Liberator 3 - Plandemic and Economic Warfare\Vaccine Deaths Adverse and Side Effects\Autopsies_of_vaccinated_deaths_show_harm_from_vaccine_Dr_Sucharit_Bhakdi_and_Dr_Arne_Burkhardt.cover.jpg,True,464,600,68146,
D:\Documentos\The Liberator\The Liberator 3 - Plandemic and Economic Warfare\Vaccine Deaths Adverse and Side Effects\Boosters_Causing_Adverse_Effect_Inability_to_work.pdf,D:\Documentos\The Liberator\The Liberator 3 - Plandemic and Economic Warfare\Vaccine Deaths Adverse and Side Effects\Boosters_Causing_Adverse_Effect_Inability_to_work.cover.jpg,True,424,600,62197,
D:\Documentos\The Liberator\The Liberator 3 - Plandemic and Economic Warfare\Vaccine Deaths Adverse and Side Effects\childrenshealthdefense.org-Pfizer FDA Hid Data Showing Clinical Trials Failed Says Former BlackRock Advisor.pdf,D:\Documentos\The Liberator\The Liberator 3 - Plandemic and Economic Warfare\Vaccine Deaths Adverse and Side Effects\childrenshealthdefense.org-Pfizer FDA Hid Data Showing Clinical Trials Failed Says Former BlackRock Advisor.cover.jpg,True,464,600,51590,
D:\Documentos\The Liberator\The Liberator 3 - Plandemic and Economic Warfare\Vaccine Deaths Adverse and Side Effects\Covid_Vaccines_Causing_Reproductive_Harm_by_Dr_Janci_Lindsay.pdf,D:\Documentos\The Liberator\The Liberator 3 - Plandemic and Economic Warfare\Vaccine Deaths Adverse and Side Effects\Covid_Vaccines_Causing_Reproductive_Harm_by_Dr_Janci_Lindsay.cover.jpg,True,600,338,35571,
D:\Documentos\The Liberator\The Liberator 3 - Plandemic and Economic Warfare\Vaccine Deaths Adverse and Side Effects\Deaths-From-COVID-19-Vaccines.pdf,D:\Documentos\The Liberator\The Liberator 3 - Plandemic and Economic Warfare\Vaccine Deaths Adverse and Side Effects\Deaths-From-COVID-19-Vaccines.cover.jpg,True,464,600,52488,
D:\Documentos\The Liberator\The Liberator 3 - Plandemic and Economic Warfare\Vaccine Deaths Adverse and Side Effects\Estimating_Covid_Vaccine_Deaths_Dr_Jessica_Rose_August_2021.pdf,D:\Documentos\The Liberator\The Liberator 3 - Plandemic and Economic Warfare\Vaccine Deaths Adverse and Side Effects\Estimating_Covid_Vaccine_Deaths_Dr_Jessica_Rose_August_2021.cover.jpg,True,464,600,58191,
D:\Documentos\The Liberator\The Liberator 3 - Plandemic and Economic Warfare\Vaccine Deaths Adverse and Side Effects\Lazarus-final-report-VAERS_Counts_less_than_1_percent_of_Adverse_effects.pdf,D:\Documentos\The Liberator\The Liberator 3 - Plandemic and Economic Warfare\Vaccine Deaths Adverse and Side Effects\Lazarus-final-report-VAERS_Counts_less_than_1_percent_of_Adverse_effects.cover.jpg,True,464,600,21800,
D:\Documentos\The Liberator\The Liberator 3 - Plandemic and Economic Warfare\Vaccine Deaths Adverse and Side Effects\lifesitenews.com-Idaho doctor reports a 20 times increase of cancer in vaccinated patients.pdf,D:\Documentos\The Liberator\The Liberator 3 - Plandemic and Economic Warfare\Vaccine Deaths Adverse and Side Effects\lifesitenews.com-Idaho doctor reports a 20 times increase of cancer in vaccinated patients.cover.jpg,True,464,600,49495,
D:\Documentos\The Liberator\The Liberator 3 - Plandemic and Economic Warfare\Vaccine Deaths Adverse and Side Effects\mRNA Vaccines Put You at Risk for Acute Coronary Syndrome.pdf,D:\Documentos\The Liberator\The Liberator 3 - Plandemic and Economic Warfare\Vaccine Deaths Adverse and Side Effects\mRNA Vaccines Put You at Risk for Acute Coronary Syndrome.cover.jpg,True,464,600,56182,
D:\Documentos\The Liberator\The Liberator 3 - Plandemic and Economic Warfare\Vaccine Deaths Adverse and Side Effects\naturalhealth365.com-SHOCKING report from Canada 106 young people hospitalized due to heart inflammation after receiving m.pdf,D:\Documentos\The Liberator\The Liberator 3 - Plandemic and Economic Warfare\Vaccine Deaths Adverse and Side Effects\naturalhealth365.com-SHOCKING report from Canada 106 young people hospitalized due to heart inflammation after receiving m.cover.jpg,True,464,600,56962,
D:\Documentos\The Liberator\The Liberator 3 - Plandemic and Economic Warfare\Vaccine Deaths Adverse and Side Effects\OCLA-Report-2022-1v1----VAERS toxicity --5d.pdf,D:\Documentos\The Liberator\The Liberator 3 - Plandemic and Economic Warfare\Vaccine Deaths Adverse and Side Effects\OCLA-Report-2022-1v1----VAERS toxicity --5d.cover.jpg,True,464,600,23034,
D:\Documentos\The Liberator\The Liberator 3 - Plandemic and Economic Warfare\Vaccine Deaths Adverse and Side Effects\Pfizer Appendix 2.2 Cumulative and Interval Summary Tabulation of Serious and Non-Serious Adverse Events from Post Marketing Data Sources BNT162-B2.pdf,D:\Documentos\The Liberator\The Liberator 3 - Plandemic and Economic Warfare\Vaccine Deaths Adverse and Side Effects\Pfizer Appendix 2.2 Cumulative and Interval Summary Tabulation of Serious and Non-Serious Adverse Events from Post Marketing Data Sources BNT162-B2.cover.jpg,True,600,464,42188,
D:\Documentos\The Liberator\The Liberator 3 - Plandemic and Economic Warfare\Vaccine Deaths Adverse and Side Effects\Stephanie Seneff - COVID Vaccines May Bring Avalanche of Neurological Disease.pdf,D:\Documentos\The Liberator\The Liberator 3 - Plandemic and Economic Warfare\Vaccine Deaths Adverse and Side Effects\Stephanie Seneff - COVID Vaccines May Bring Avalanche of Neurological Disease.cover.jpg,True,464,600,46233,
D:\Documentos\The Liberator\The Liberator 3 - Plandemic and Economic Warfare\Vaccine Deaths Adverse and Side Effects\Steve_Kirsch_Slidedeck_on_Vaccine_Deaths.pdf,D:\Documentos\The Liberator\The Liberator 3 - Plandemic and Economic Warfare\Vaccine Deaths Adverse and Side Effects\Steve_Kirsch_Slidedeck_on_Vaccine_Deaths.cover.jpg,True,600,338,11015,
D:\Documentos\The Liberator\The Liberator 3 - Plandemic and Economic Warfare\Vaccine Deaths Adverse and Side Effects\vaccine_death_report_V1_Sept_2021.pdf,D:\Documentos\The Liberator\The Liberator 3 - Plandemic and Economic Warfare\Vaccine Deaths Adverse and Side Effects\vaccine_death_report_V1_Sept_2021.cover.jpg,True,464,600,46394,
D:\Documentos\The Liberator\The Liberator 3 - Plandemic and Economic Warfare\Vaccine Deaths Adverse and Side Effects\Wodarg_Yeadon_EMA_Petition_Pfizer_Trial_FINAL_01DEC2020_EN_unsigned_with_Exhibits.pdf,D:\Documentos\The Liberator\The Liberator 3 - Plandemic and Economic Warfare\Vaccine Deaths Adverse and Side Effects\Wodarg_Yeadon_EMA_Petition_Pfizer_Trial_FINAL_01DEC2020_EN_unsigned_with_Exhibits.cover.jpg,True,425,600,40108,
D:\Documentos\The Liberator\The Liberator 3 - Plandemic and Economic Warfare\Vaccine Deaths Adverse and Side Effects\Worse_Than_The_Disease-Reviewing_Unintended_Consequences_of_mRNA_Vaccines_Stephanie_Seneff_MIT.pdf,D:\Documentos\The Liberator\The Liberator 3 - Plandemic and Economic Warfare\Vaccine Deaths Adverse and Side Effects\Worse_Than_The_Disease-Reviewing_Unintended_Consequences_of_mRNA_Vaccines_Stephanie_Seneff_MIT.cover.jpg,True,464,600,55817,
"D:\Documentos\The Liberator\The Liberator 3 - Plandemic and Economic Warfare\Vaccine Deaths Adverse and Side Effects\‘Danger Signal’_ Leaked Hospital Email Reports Increase in Stillbirths, COVID-19 Vaccine Suspected.pdf","D:\Documentos\The Liberator\The Liberator 3 - Plandemic and Economic Warfare\Vaccine Deaths Adverse and Side Effects\‘Danger Signal’_ Leaked Hospital Email Reports Increase in Stillbirths, COVID-19 Vaccine Suspected.cover.jpg",False,0,0,0,"Cannot open empty file: filename='D:\\Documentos\\The Liberator\\The Liberator 3 - Plandemic and Economic Warfare\\Vaccine Deaths Adverse and Side Effects\\‘Danger Signal’_ Leaked Hospital Email Reports Increase in Stillbirths, COVID-19 Vaccine Suspected.pdf'."
"D:\Documentos\The Liberator\The Liberator 3 - Plandemic and Economic Warfare\Vaccine Passports, Digital IDs, CBDC, and Social Credit Controls Systems\European_Commission_2019-2022__Q3_2019_update_roadmap_en-1.pdf","D:\Documentos\The Liberator\The Liberator 3 - Plandemic and Economic Warfare\Vaccine Passports, Digital IDs, CBDC, and Social Credit Controls Systems\European_Commission_2019-2022__Q3_2019_update_roadmap_en-1.cover.jpg",True,600,425,47826,
D:\Documentos\The Liberator\The Liberator 3 - Plandemic and Economic Warfare\Vaccine Religious and Medica Exemption Forms\Private Religious Exemption (example).pdf,D:\Documentos\The Liberator\The Liberator 3 - Plandemic and Economic Warfare\Vaccine Religious and Medica Exemption Forms\Private Religious Exemption (example).cover.jpg,True,464,600,57281,
D:\Documentos\The Liberator\The Liberator 3 - Plandemic and Economic Warfare\Vaccines Causing Covid\'Not Supposed To Happen' US State With Highest Vaxx Rate Sees Record Surge In COVID Cases ZeroHedge.pdf,D:\Documentos\The Liberator\The Liberator 3 - Plandemic and Economic Warfare\Vaccines Causing Covid\'Not Supposed To Happen' US State With Highest Vaxx Rate Sees Record Surge In COVID Cases ZeroHedge.cover.jpg,True,464,600,53595,
D:\Documentos\The Liberator\The Liberator 3 - Plandemic and Economic Warfare\WHO Treaty to Force Vaccines and Lockdowns on the US and World\The-WHO-and-American-Democracy-Easy-Print-Background.pdf,D:\Documentos\The Liberator\The Liberator 3 - Plandemic and Economic Warfare\WHO Treaty to Force Vaccines and Lockdowns on the US and World\The-WHO-and-American-Democracy-Easy-Print-Background.cover.jpg,True,464,600,79490,
D:\Documentos\The Liberator\The Liberator 4 - Voluntaryism & More Government Criminality\ArtOfLiberty_Corbett_Report.pdf,D:\Documentos\The Liberator\The Liberator 4 - Voluntaryism & More Government Criminality\ArtOfLiberty_Corbett_Report.cover.jpg,True,600,338,40712,
D:\Documentos\The Liberator\The Liberator 4 - Voluntaryism & More Government Criminality\Health and Medical Freedom\Glutamates and Excitotoxins\Excitotoxins-The_Taste_that_Kills-Russell_Blaylock.pdf,D:\Documentos\The Liberator\The Liberator 4 - Voluntaryism & More Government Criminality\Health and Medical Freedom\Glutamates and Excitotoxins\Excitotoxins-The_Taste_that_Kills-Russell_Blaylock.cover.jpg,True,600,450,12482,
D:\Documentos\The Liberator\The Liberator 4 - Voluntaryism & More Government Criminality\Health and Medical Freedom\Reboot_with_Joe-15_Day_Juice_Cleanse_Shopping_List_Recipes_Instructions.pdf,D:\Documentos\The Liberator\The Liberator 4 - Voluntaryism & More Government Criminality\Health and Medical Freedom\Reboot_with_Joe-15_Day_Juice_Cleanse_Shopping_List_Recipes_Instructions.cover.jpg,True,600,389,52252,
D:\Documentos\The Liberator\The Liberator 4 - Voluntaryism & More Government Criminality\Health and Medical Freedom\The_Healing_Web-4.11.pdf,D:\Documentos\The Liberator\The Liberator 4 - Voluntaryism & More Government Criminality\Health and Medical Freedom\The_Healing_Web-4.11.cover.jpg,True,600,464,110256,
"D:\Documentos\The Liberator\The Liberator 4 - Voluntaryism & More Government Criminality\Health and Medical Freedom\Toxins in the Food Supply\PFAS - Teflon, C8, NextGen - DuPont Crimes\organicconsumers.org-The Devil We Know How DuPont Poisoned the World with Tefl.pdf","D:\Documentos\The Liberator\The Liberator 4 - Voluntaryism & More Government Criminality\Health and Medical Freedom\Toxins in the Food Supply\PFAS - Teflon, C8, NextGen - DuPont Crimes\organicconsumers.org-The Devil We Know How DuPont Poisoned the World with Tefl.cover.jpg",True,464,600,54444,
D:\Documentos\The Liberator\The Liberator 4 - Voluntaryism & More Government Criminality\Important Books - Voluntaryism and Privitizing Govt\Bergland-Libertarianism-in-one-lesson.pdf,D:\Documentos\The Liberator\The Liberator 4 - Voluntaryism & More Government Criminality\Important Books - Voluntaryism and Privitizing Govt\Bergland-Libertarianism-in-one-lesson.cover.jpg,True,374,600,74639,
D:\Documentos\The Liberator\The Liberator 4 - Voluntaryism & More Government Criminality\Important Books - Voluntaryism and Privitizing Govt\FLOURISH_E_BOOK.pdf,D:\Documentos\The Liberator\The Liberator 4 - Voluntaryism & More Government Criminality\Important Books - Voluntaryism and Privitizing Govt\FLOURISH_E_BOOK.cover.jpg,True,400,600,57292,
D:\Documentos\The Liberator\The Liberator 4 - Voluntaryism & More Government Criminality\Important Books - Voluntaryism and Privitizing Govt\For a New Liberty The Libertarian Manifesto_3.pdf,D:\Documentos\The Liberator\The Liberator 4 - Voluntaryism & More Government Criminality\Important Books - Voluntaryism and Privitizing Govt\For a New Liberty The Libertarian Manifesto_3.cover.jpg,True,400,600,32557,
D:\Documentos\The Liberator\The Liberator 4 - Voluntaryism & More Government Criminality\Important Books - Voluntaryism and Privitizing Govt\Henry Hazlitt Economics in One Lesson.pdf,D:\Documentos\The Liberator\The Liberator 4 - Voluntaryism & More Government Criminality\Important Books - Voluntaryism and Privitizing Govt\Henry Hazlitt Economics in One Lesson.cover.jpg,True,411,600,43843,
D:\Documentos\The Liberator\The Liberator 4 - Voluntaryism & More Government Criminality\Important Books - Voluntaryism and Privitizing Govt\Manifesto_Free_Humans_by_Broze_and_Vibes.pdf,D:\Documentos\The Liberator\The Liberator 4 - Voluntaryism & More Government Criminality\Important Books - Voluntaryism and Privitizing Govt\Manifesto_Free_Humans_by_Broze_and_Vibes.cover.jpg,True,400,600,11244,
D:\Documentos\The Liberator\The Liberator 4 - Voluntaryism & More Government Criminality\Important Books - Voluntaryism and Privitizing Govt\NewLibertarianManifesto_by_Samuel_Konkin_SEK3.pdf,D:\Documentos\The Liberator\The Liberator 4 - Voluntaryism & More Government Criminality\Important Books - Voluntaryism and Privitizing Govt\NewLibertarianManifesto_by_Samuel_Konkin_SEK3.cover.jpg,True,464,600,11163,
D:\Documentos\The Liberator\The Liberator 4 - Voluntaryism & More Government Criminality\Important Books - Voluntaryism and Privitizing Govt\PrivateEntepriseMoney-Riegel.pdf,D:\Documentos\The Liberator\The Liberator 4 - Voluntaryism & More Government Criminality\Important Books - Voluntaryism and Privitizing Govt\PrivateEntepriseMoney-Riegel.cover.jpg,True,464,600,13239,
D:\Documentos\The Liberator\The Liberator 4 - Voluntaryism & More Government Criminality\Important Books - Voluntaryism and Privitizing Govt\Sutton_Wall_Street_and_the_bolshevik_revolution-5.pdf,D:\Documentos\The Liberator\The Liberator 4 - Voluntaryism & More Government Criminality\Important Books - Voluntaryism and Privitizing Govt\Sutton_Wall_Street_and_the_bolshevik_revolution-5.cover.jpg,True,464,600,23275,
D:\Documentos\The Liberator\The Liberator 4 - Voluntaryism & More Government Criminality\Important Books - Voluntaryism and Privitizing Govt\The Market for Liberty_Tannehill.pdf,D:\Documentos\The Liberator\The Liberator 4 - Voluntaryism & More Government Criminality\Important Books - Voluntaryism and Privitizing Govt\The Market for Liberty_Tannehill.cover.jpg,True,400,600,14943,
D:\Documentos\The Liberator\The Liberator 4 - Voluntaryism & More Government Criminality\Important Books - Voluntaryism and Privitizing Govt\The Privatization of Roads and Highways_Walter_Block.pdf,D:\Documentos\The Liberator\The Liberator 4 - Voluntaryism & More Government Criminality\Important Books - Voluntaryism and Privitizing Govt\The Privatization of Roads and Highways_Walter_Block.cover.jpg,True,400,600,36681,
"D:\Documentos\The Liberator\The Liberator 4 - Voluntaryism & More Government Criminality\Important Books - Voluntaryism and Privitizing Govt\The Trivium - The Liberal Arts of Logic, Grammar, and Rhetoric - Sister Mirriam Joseph.pdf","D:\Documentos\The Liberator\The Liberator 4 - Voluntaryism & More Government Criminality\Important Books - Voluntaryism and Privitizing Govt\The Trivium - The Liberal Arts of Logic, Grammar, and Rhetoric - Sister Mirriam Joseph.cover.jpg",True,424,600,6180,
D:\Documentos\The Liberator\The Liberator 4 - Voluntaryism & More Government Criminality\Important Books - Voluntaryism and Privitizing Govt\the-most-dangerous-superstition-larken-rose-2011.pdf,D:\Documentos\The Liberator\The Liberator 4 - Voluntaryism & More Government Criminality\Important Books - Voluntaryism and Privitizing Govt\the-most-dangerous-superstition-larken-rose-2011.cover.jpg,True,470,600,88006,
D:\Documentos\The Liberator\The Liberator 4 - Voluntaryism & More Government Criminality\Important Books - Voluntaryism and Privitizing Govt\The_End_Of_All_Evil_by_Jeremy_Locke.pdf,D:\Documentos\The Liberator\The Liberator 4 - Voluntaryism & More Government Criminality\Important Books - Voluntaryism and Privitizing Govt\The_End_Of_All_Evil_by_Jeremy_Locke.cover.jpg,True,600,468,51386,
D:\Documentos\The Liberator\The Liberator 4 - Voluntaryism & More Government Criminality\Important Books - Voluntaryism and Privitizing Govt\The_Machinery_of_Freedom_by_David_Friedman.pdf,D:\Documentos\The Liberator\The Liberator 4 - Voluntaryism & More Government Criminality\Important Books - Voluntaryism and Privitizing Govt\The_Machinery_of_Freedom_by_David_Friedman.cover.jpg,True,464,600,25430,
D:\Documentos\The Liberator\The Liberator 4 - Voluntaryism & More Government Criminality\Important Books - Voluntaryism and Privitizing Govt\zander-marz-beyond-the-government-haunted-world-pdf.pdf,D:\Documentos\The Liberator\The Liberator 4 - Voluntaryism & More Government Criminality\Important Books - Voluntaryism and Privitizing Govt\zander-marz-beyond-the-government-haunted-world-pdf.cover.jpg,True,389,600,76674,
"D:\Documentos\The Liberator\The Liberator 4 - Voluntaryism & More Government Criminality\Law, Crime, Punishment and Private Alternatives\The Obviousness of Anarchy by John Hasnas.pdf","D:\Documentos\The Liberator\The Liberator 4 - Voluntaryism & More Government Criminality\Law, Crime, Punishment and Private Alternatives\The Obviousness of Anarchy by John Hasnas.cover.jpg",True,412,600,44193,
"D:\Documentos\The Liberator\The Liberator 4 - Voluntaryism & More Government Criminality\Monopolies, Intellectual Property and Anti-Trust\Against Intellectual Property_2.pdf","D:\Documentos\The Liberator\The Liberator 4 - Voluntaryism & More Government Criminality\Monopolies, Intellectual Property and Anti-Trust\Against Intellectual Property_2.cover.jpg",True,391,600,31872,
D:\Documentos\The Liberator\The Liberator 4 - Voluntaryism & More Government Criminality\Protecting the Environment\cato.org-Privately Protected Places.pdf,D:\Documentos\The Liberator\The Liberator 4 - Voluntaryism & More Government Criminality\Protecting the Environment\cato.org-Privately Protected Places.cover.jpg,True,464,600,6220,
D:\Documentos\The Liberator\The Liberator 4 - Voluntaryism & More Government Criminality\Vaccines\WHO_HRP_WHO_93.1_Population_Regulating_Vaccines.pdf,D:\Documentos\The Liberator\The Liberator 4 - Voluntaryism & More Government Criminality\Vaccines\WHO_HRP_WHO_93.1_Population_Regulating_Vaccines.cover.jpg,True,418,600,24360,
D:\Documentos\The Liberator\The Liberator 5 - Prepping and Self-Sufficiency\Alternative Energy (40)\Alternative Energy (8)\Coil Winder Instruction for Windmills.pdf,D:\Documentos\The Liberator\The Liberator 5 - Prepping and Self-Sufficiency\Alternative Energy (40)\Alternative Energy (8)\Coil Winder Instruction for Windmills.cover.jpg,True,425,600,40554,
D:\Documentos\The Liberator\The Liberator 5 - Prepping and Self-Sufficiency\Alternative Energy (40)\Alternative Energy (8)\Free Home Air Conditioning.pdf,D:\Documentos\The Liberator\The Liberator 5 - Prepping and Self-Sufficiency\Alternative Energy (40)\Alternative Energy (8)\Free Home Air Conditioning.cover.jpg,True,600,464,94084,
D:\Documentos\The Liberator\The Liberator 5 - Prepping and Self-Sufficiency\Alternative Energy (40)\Alternative Energy (8)\How Emergency Power Systems Work.pdf,D:\Documentos\The Liberator\The Liberator 5 - Prepping and Self-Sufficiency\Alternative Energy (40)\Alternative Energy (8)\How Emergency Power Systems Work.cover.jpg,True,464,600,47553,
D:\Documentos\The Liberator\The Liberator 5 - Prepping and Self-Sufficiency\Alternative Energy (40)\Alternative Energy (8)\Is Steam Power In Your Future .pdf,D:\Documentos\The Liberator\The Liberator 5 - Prepping and Self-Sufficiency\Alternative Energy (40)\Alternative Energy (8)\Is Steam Power In Your Future .cover.jpg,True,464,600,72548,
D:\Documentos\The Liberator\The Liberator 5 - Prepping and Self-Sufficiency\Alternative Energy (40)\Alternative Energy (8)\Low Voltage Living.pdf,D:\Documentos\The Liberator\The Liberator 5 - Prepping and Self-Sufficiency\Alternative Energy (40)\Alternative Energy (8)\Low Voltage Living.cover.jpg,True,464,600,77025,
D:\Documentos\The Liberator\The Liberator 5 - Prepping and Self-Sufficiency\Alternative Energy (40)\Alternative Energy (8)\PM Stator Making.pdf,D:\Documentos\The Liberator\The Liberator 5 - Prepping and Self-Sufficiency\Alternative Energy (40)\Alternative Energy (8)\PM Stator Making.cover.jpg,True,425,600,41463,
D:\Documentos\The Liberator\The Liberator 5 - Prepping and Self-Sufficiency\Alternative Energy (40)\Alternative Energy (8)\Practical Guide to Free Energy Devices.pdf,D:\Documentos\The Liberator\The Liberator 5 - Prepping and Self-Sufficiency\Alternative Energy (40)\Alternative Energy (8)\Practical Guide to Free Energy Devices.cover.jpg,True,425,600,7283,
D:\Documentos\The Liberator\The Liberator 5 - Prepping and Self-Sufficiency\Alternative Energy (40)\Alternative Energy (8)\Wooden Bearing Blocks For a Windmill.pdf,D:\Documentos\The Liberator\The Liberator 5 - Prepping and Self-Sufficiency\Alternative Energy (40)\Alternative Energy (8)\Wooden Bearing Blocks For a Windmill.cover.jpg,True,424,600,62181,
D:\Documentos\The Liberator\The Liberator 5 - Prepping and Self-Sufficiency\Alternative Energy (40)\Alternative Fuels (7)\Biodiesel Safety And Best Management Practices.pdf,D:\Documentos\The Liberator\The Liberator 5 - Prepping and Self-Sufficiency\Alternative Energy (40)\Alternative Fuels (7)\Biodiesel Safety And Best Management Practices.cover.jpg,True,464,600,45710,
D:\Documentos\The Liberator\The Liberator 5 - Prepping and Self-Sufficiency\Alternative Energy (40)\Alternative Fuels (7)\Convert Engine To Natural Gas.pdf,D:\Documentos\The Liberator\The Liberator 5 - Prepping and Self-Sufficiency\Alternative Energy (40)\Alternative Fuels (7)\Convert Engine To Natural Gas.cover.jpg,True,464,600,50749,
D:\Documentos\The Liberator\The Liberator 5 - Prepping and Self-Sufficiency\Alternative Energy (40)\Alternative Fuels (7)\Convert Gasoline Engine To Run On Alcohol.pdf,D:\Documentos\The Liberator\The Liberator 5 - Prepping and Self-Sufficiency\Alternative Energy (40)\Alternative Fuels (7)\Convert Gasoline Engine To Run On Alcohol.cover.jpg,True,464,600,65214,
D:\Documentos\The Liberator\The Liberator 5 - Prepping and Self-Sufficiency\Alternative Energy (40)\Alternative Fuels (7)\Convert Your Car To Propane.pdf,D:\Documentos\The Liberator\The Liberator 5 - Prepping and Self-Sufficiency\Alternative Energy (40)\Alternative Fuels (7)\Convert Your Car To Propane.cover.jpg,True,464,600,52729,
D:\Documentos\The Liberator\The Liberator 5 - Prepping and Self-Sufficiency\Alternative Energy (40)\Alternative Fuels (7)\How Much Methanol Should You Use.pdf,D:\Documentos\The Liberator\The Liberator 5 - Prepping and Self-Sufficiency\Alternative Energy (40)\Alternative Fuels (7)\How Much Methanol Should You Use.cover.jpg,True,464,600,82518,
D:\Documentos\The Liberator\The Liberator 5 - Prepping and Self-Sufficiency\Alternative Energy (40)\Alternative Fuels (7)\Make Your Own Biodiesel.pdf,D:\Documentos\The Liberator\The Liberator 5 - Prepping and Self-Sufficiency\Alternative Energy (40)\Alternative Fuels (7)\Make Your Own Biodiesel.cover.jpg,True,464,600,73885,
D:\Documentos\The Liberator\The Liberator 5 - Prepping and Self-Sufficiency\Alternative Energy (40)\Alternative Fuels (7)\Rape Seed Oil Conversion.pdf,D:\Documentos\The Liberator\The Liberator 5 - Prepping and Self-Sufficiency\Alternative Energy (40)\Alternative Fuels (7)\Rape Seed Oil Conversion.cover.jpg,True,470,600,29980,
D:\Documentos\The Liberator\The Liberator 5 - Prepping and Self-Sufficiency\Alternative Energy (40)\Gasifiers (6)\FEMA Emergency Gasifier.pdf,D:\Documentos\The Liberator\The Liberator 5 - Prepping and Self-Sufficiency\Alternative Energy (40)\Gasifiers (6)\FEMA Emergency Gasifier.cover.jpg,True,464,600,39066,
D:\Documentos\The Liberator\The Liberator 5 - Prepping and Self-Sufficiency\Alternative Energy (40)\Gasifiers (6)\Micro Gasification Technology.pdf,D:\Documentos\The Liberator\The Liberator 5 - Prepping and Self-Sufficiency\Alternative Energy (40)\Gasifiers (6)\Micro Gasification Technology.cover.jpg,True,464,600,52682,
D:\Documentos\The Liberator\The Liberator 5 - Prepping and Self-Sufficiency\Alternative Energy (40)\Gasifiers (6)\Pressurised Entrained Flow Gasifiers For Biomass.pdf,D:\Documentos\The Liberator\The Liberator 5 - Prepping and Self-Sufficiency\Alternative Energy (40)\Gasifiers (6)\Pressurised Entrained Flow Gasifiers For Biomass.cover.jpg,True,424,600,71557,
D:\Documentos\The Liberator\The Liberator 5 - Prepping and Self-Sufficiency\Alternative Energy (40)\Gasifiers (6)\Using A “Producer Gas” Generator To Create Electricity.pdf,D:\Documentos\The Liberator\The Liberator 5 - Prepping and Self-Sufficiency\Alternative Energy (40)\Gasifiers (6)\Using A “Producer Gas” Generator To Create Electricity.cover.jpg,True,464,600,79348,
D:\Documentos\The Liberator\The Liberator 5 - Prepping and Self-Sufficiency\Alternative Energy (40)\Gasifiers (6)\Victors Gasification.pdf,D:\Documentos\The Liberator\The Liberator 5 - Prepping and Self-Sufficiency\Alternative Energy (40)\Gasifiers (6)\Victors Gasification.cover.jpg,True,464,600,36906,
D:\Documentos\The Liberator\The Liberator 5 - Prepping and Self-Sufficiency\Alternative Energy (40)\Gasifiers (6)\Wood Gas Generator.pdf,D:\Documentos\The Liberator\The Liberator 5 - Prepping and Self-Sufficiency\Alternative Energy (40)\Gasifiers (6)\Wood Gas Generator.cover.jpg,True,456,600,43474,
D:\Documentos\The Liberator\The Liberator 5 - Prepping and Self-Sufficiency\Alternative Energy (40)\Generators (12)\Basic Alternator Bicycle Pedal Generator.pdf,D:\Documentos\The Liberator\The Liberator 5 - Prepping and Self-Sufficiency\Alternative Energy (40)\Generators (12)\Basic Alternator Bicycle Pedal Generator.cover.jpg,True,394,600,73244,
D:\Documentos\The Liberator\The Liberator 5 - Prepping and Self-Sufficiency\Alternative Energy (40)\Generators (12)\Build Your Own Generator.pdf,D:\Documentos\The Liberator\The Liberator 5 - Prepping and Self-Sufficiency\Alternative Energy (40)\Generators (12)\Build Your Own Generator.cover.jpg,True,449,600,89426,
D:\Documentos\The Liberator\The Liberator 5 - Prepping and Self-Sufficiency\Alternative Energy (40)\Generators (12)\Choosing a Backup Generator.pdf,D:\Documentos\The Liberator\The Liberator 5 - Prepping and Self-Sufficiency\Alternative Energy (40)\Generators (12)\Choosing a Backup Generator.cover.jpg,True,464,600,69299,
D:\Documentos\The Liberator\The Liberator 5 - Prepping and Self-Sufficiency\Alternative Energy (40)\Generators (12)\Declination Diagram.pdf,D:\Documentos\The Liberator\The Liberator 5 - Prepping and Self-Sufficiency\Alternative Energy (40)\Generators (12)\Declination Diagram.cover.jpg,True,464,600,48765,
D:\Documentos\The Liberator\The Liberator 5 - Prepping and Self-Sufficiency\Alternative Energy (40)\Generators (12)\Diesel Generators Or 1800rpm Is Much Better Than 3600rpm.pdf,D:\Documentos\The Liberator\The Liberator 5 - Prepping and Self-Sufficiency\Alternative Energy (40)\Generators (12)\Diesel Generators Or 1800rpm Is Much Better Than 3600rpm.cover.jpg,True,464,600,77377,
D:\Documentos\The Liberator\The Liberator 5 - Prepping and Self-Sufficiency\Alternative Energy (40)\Generators (12)\Emergency Power Options.pdf,D:\Documentos\The Liberator\The Liberator 5 - Prepping and Self-Sufficiency\Alternative Energy (40)\Generators (12)\Emergency Power Options.cover.jpg,True,464,600,66647,
D:\Documentos\The Liberator\The Liberator 5 - Prepping and Self-Sufficiency\Alternative Energy (40)\Generators (12)\Generator Load Chart.pdf,D:\Documentos\The Liberator\The Liberator 5 - Prepping and Self-Sufficiency\Alternative Energy (40)\Generators (12)\Generator Load Chart.cover.jpg,True,464,600,59226,
D:\Documentos\The Liberator\The Liberator 5 - Prepping and Self-Sufficiency\Alternative Energy (40)\Generators (12)\Hand Crank Generator.pdf,D:\Documentos\The Liberator\The Liberator 5 - Prepping and Self-Sufficiency\Alternative Energy (40)\Generators (12)\Hand Crank Generator.cover.jpg,True,464,600,46588,
D:\Documentos\The Liberator\The Liberator 5 - Prepping and Self-Sufficiency\Alternative Energy (40)\Generators (12)\Induction Motor Converted To Generator.pdf,D:\Documentos\The Liberator\The Liberator 5 - Prepping and Self-Sufficiency\Alternative Energy (40)\Generators (12)\Induction Motor Converted To Generator.cover.jpg,True,464,600,51332,
D:\Documentos\The Liberator\The Liberator 5 - Prepping and Self-Sufficiency\Alternative Energy (40)\Generators (12)\Is A Gravity Generator Practical.pdf,D:\Documentos\The Liberator\The Liberator 5 - Prepping and Self-Sufficiency\Alternative Energy (40)\Generators (12)\Is A Gravity Generator Practical.cover.jpg,True,464,600,51833,
D:\Documentos\The Liberator\The Liberator 5 - Prepping and Self-Sufficiency\Alternative Energy (40)\Generators (12)\The Case For A Generator based Electrical System.pdf,D:\Documentos\The Liberator\The Liberator 5 - Prepping and Self-Sufficiency\Alternative Energy (40)\Generators (12)\The Case For A Generator based Electrical System.cover.jpg,True,464,600,79048,
D:\Documentos\The Liberator\The Liberator 5 - Prepping and Self-Sufficiency\Alternative Energy (40)\Generators (12)\Use Of Baldor PM DC Motors As Generators In Micro Hydro Systems.pdf,D:\Documentos\The Liberator\The Liberator 5 - Prepping and Self-Sufficiency\Alternative Energy (40)\Generators (12)\Use Of Baldor PM DC Motors As Generators In Micro Hydro Systems.cover.jpg,True,464,600,65914,
D:\Documentos\The Liberator\The Liberator 5 - Prepping and Self-Sufficiency\Alternative Energy (40)\Refrigeration (2)\How To Create an Energy Efficient Refrigerator.pdf,D:\Documentos\The Liberator\The Liberator 5 - Prepping and Self-Sufficiency\Alternative Energy (40)\Refrigeration (2)\How To Create an Energy Efficient Refrigerator.cover.jpg,True,464,600,70050,
D:\Documentos\The Liberator\The Liberator 5 - Prepping and Self-Sufficiency\Alternative Energy (40)\Refrigeration (2)\Manual For Solar Icemaker.pdf,D:\Documentos\The Liberator\The Liberator 5 - Prepping and Self-Sufficiency\Alternative Energy (40)\Refrigeration (2)\Manual For Solar Icemaker.cover.jpg,True,464,600,67456,
D:\Documentos\The Liberator\The Liberator 5 - Prepping and Self-Sufficiency\Alternative Energy (40)\Solar (5)\Concentrated Solar Thermal Power.pdf,D:\Documentos\The Liberator\The Liberator 5 - Prepping and Self-Sufficiency\Alternative Energy (40)\Solar (5)\Concentrated Solar Thermal Power.cover.jpg,True,425,600,67399,
D:\Documentos\The Liberator\The Liberator 5 - Prepping and Self-Sufficiency\Alternative Energy (40)\Solar (5)\Getting Started in Solar.pdf,D:\Documentos\The Liberator\The Liberator 5 - Prepping and Self-Sufficiency\Alternative Energy (40)\Solar (5)\Getting Started in Solar.cover.jpg,True,464,600,45277,
D:\Documentos\The Liberator\The Liberator 5 - Prepping and Self-Sufficiency\Alternative Energy (40)\Solar (5)\Solar Photovoltaics For Irrigation Water Pumping.pdf,D:\Documentos\The Liberator\The Liberator 5 - Prepping and Self-Sufficiency\Alternative Energy (40)\Solar (5)\Solar Photovoltaics For Irrigation Water Pumping.cover.jpg,True,472,600,19546,
D:\Documentos\The Liberator\The Liberator 5 - Prepping and Self-Sufficiency\Alternative Energy (40)\Solar (5)\Solar Power.pdf,D:\Documentos\The Liberator\The Liberator 5 - Prepping and Self-Sufficiency\Alternative Energy (40)\Solar (5)\Solar Power.cover.jpg,True,464,600,63107,
D:\Documentos\The Liberator\The Liberator 5 - Prepping and Self-Sufficiency\Alternative Energy (40)\Solar (5)\Window Box Solar Heat Collector Design.pdf,D:\Documentos\The Liberator\The Liberator 5 - Prepping and Self-Sufficiency\Alternative Energy (40)\Solar (5)\Window Box Solar Heat Collector Design.cover.jpg,True,460,600,27851,
D:\Documentos\The Liberator\The Liberator 5 - Prepping and Self-Sufficiency\Bushcraft (20)\American Boys Book Of Camp Lore And Woodcraft.pdf,D:\Documentos\The Liberator\The Liberator 5 - Prepping and Self-Sufficiency\Bushcraft (20)\American Boys Book Of Camp Lore And Woodcraft.cover.jpg,True,380,600,81754,
D:\Documentos\The Liberator\The Liberator 5 - Prepping and Self-Sufficiency\Bushcraft (20)\Australian Bushcraft.pdf,D:\Documentos\The Liberator\The Liberator 5 - Prepping and Self-Sufficiency\Bushcraft (20)\Australian Bushcraft.cover.jpg,True,425,600,4901,
D:\Documentos\The Liberator\The Liberator 5 - Prepping and Self-Sufficiency\Bushcraft (20)\Bushcraft Canadian Scout Manual.pdf,D:\Documentos\The Liberator\The Liberator 5 - Prepping and Self-Sufficiency\Bushcraft (20)\Bushcraft Canadian Scout Manual.cover.jpg,True,464,600,31966,
D:\Documentos\The Liberator\The Liberator 5 - Prepping and Self-Sufficiency\Bushcraft (20)\Bushcraft Leather Work.pdf,D:\Documentos\The Liberator\The Liberator 5 - Prepping and Self-Sufficiency\Bushcraft (20)\Bushcraft Leather Work.cover.jpg,True,442,600,69286,
D:\Documentos\The Liberator\The Liberator 5 - Prepping and Self-Sufficiency\Bushcraft (20)\Bushcraft Scouting Woodlore Notes.pdf,D:\Documentos\The Liberator\The Liberator 5 - Prepping and Self-Sufficiency\Bushcraft (20)\Bushcraft Scouting Woodlore Notes.cover.jpg,True,473,600,46608,
D:\Documentos\The Liberator\The Liberator 5 - Prepping and Self-Sufficiency\Bushcraft (20)\Flintknapping.pdf,D:\Documentos\The Liberator\The Liberator 5 - Prepping and Self-Sufficiency\Bushcraft (20)\Flintknapping.cover.jpg,True,464,600,40520,
D:\Documentos\The Liberator\The Liberator 5 - Prepping and Self-Sufficiency\Bushcraft (20)\Primitive Weapons (10)\2 Weapon Trials - The Atlatl and Experiments in Hunting Technology.pdf,D:\Documentos\The Liberator\The Liberator 5 - Prepping and Self-Sufficiency\Bushcraft (20)\Primitive Weapons (10)\2 Weapon Trials - The Atlatl and Experiments in Hunting Technology.cover.jpg,True,464,600,43831,
"D:\Documentos\The Liberator\The Liberator 5 - Prepping and Self-Sufficiency\Bushcraft (20)\Primitive Weapons (10)\Darts, How They Work and How to Make Them.pdf","D:\Documentos\The Liberator\The Liberator 5 - Prepping and Self-Sufficiency\Bushcraft (20)\Primitive Weapons (10)\Darts, How They Work and How to Make Them.cover.jpg",True,464,600,52006,
D:\Documentos\The Liberator\The Liberator 5 - Prepping and Self-Sufficiency\Bushcraft (20)\Primitive Weapons (10)\DIY Outdoors - The Atlatl.pdf,D:\Documentos\The Liberator\The Liberator 5 - Prepping and Self-Sufficiency\Bushcraft (20)\Primitive Weapons (10)\DIY Outdoors - The Atlatl.cover.jpg,True,425,600,57384,
D:\Documentos\The Liberator\The Liberator 5 - Prepping and Self-Sufficiency\Bushcraft (20)\Primitive Weapons (10)\Fighting With a Tomahawk.pdf,D:\Documentos\The Liberator\The Liberator 5 - Prepping and Self-Sufficiency\Bushcraft (20)\Primitive Weapons (10)\Fighting With a Tomahawk.cover.jpg,True,464,600,11647,
D:\Documentos\The Liberator\The Liberator 5 - Prepping and Self-Sufficiency\Bushcraft (20)\Primitive Weapons (10)\Introduction to Slings of The World.pdf,D:\Documentos\The Liberator\The Liberator 5 - Prepping and Self-Sufficiency\Bushcraft (20)\Primitive Weapons (10)\Introduction to Slings of The World.cover.jpg,True,464,600,47613,
D:\Documentos\The Liberator\The Liberator 5 - Prepping and Self-Sufficiency\Bushcraft (20)\Primitive Weapons (10)\Make and Take Atlatls.pdf,D:\Documentos\The Liberator\The Liberator 5 - Prepping and Self-Sufficiency\Bushcraft (20)\Primitive Weapons (10)\Make and Take Atlatls.cover.jpg,True,464,600,54089,
D:\Documentos\The Liberator\The Liberator 5 - Prepping and Self-Sufficiency\Bushcraft (20)\Primitive Weapons (10)\Make Your Own Atlatl and Darts.pdf,D:\Documentos\The Liberator\The Liberator 5 - Prepping and Self-Sufficiency\Bushcraft (20)\Primitive Weapons (10)\Make Your Own Atlatl and Darts.cover.jpg,True,600,464,24531,
D:\Documentos\The Liberator\The Liberator 5 - Prepping and Self-Sufficiency\Bushcraft (20)\Primitive Weapons (10)\Making a Rivercane Atlatl Dart.pdf,D:\Documentos\The Liberator\The Liberator 5 - Prepping and Self-Sufficiency\Bushcraft (20)\Primitive Weapons (10)\Making a Rivercane Atlatl Dart.cover.jpg,True,464,600,25996,
D:\Documentos\The Liberator\The Liberator 5 - Prepping and Self-Sufficiency\Bushcraft (20)\Primitive Weapons (10)\Sling-Throwing As a Sport.pdf,D:\Documentos\The Liberator\The Liberator 5 - Prepping and Self-Sufficiency\Bushcraft (20)\Primitive Weapons (10)\Sling-Throwing As a Sport.cover.jpg,True,424,600,46374,
D:\Documentos\The Liberator\The Liberator 5 - Prepping and Self-Sufficiency\Bushcraft (20)\Primitive Weapons (10)\The Sling - Forgotten Firepower of Antiquity.pdf,D:\Documentos\The Liberator\The Liberator 5 - Prepping and Self-Sufficiency\Bushcraft (20)\Primitive Weapons (10)\The Sling - Forgotten Firepower of Antiquity.cover.jpg,True,600,390,39610,
D:\Documentos\The Liberator\The Liberator 5 - Prepping and Self-Sufficiency\Bushcraft (20)\The Book Of Camplore And Woodcraft Dan Beard.pdf,D:\Documentos\The Liberator\The Liberator 5 - Prepping and Self-Sufficiency\Bushcraft (20)\The Book Of Camplore And Woodcraft Dan Beard.cover.jpg,True,378,600,46134,
D:\Documentos\The Liberator\The Liberator 5 - Prepping and Self-Sufficiency\Bushcraft (20)\The Ten Bushcraft Books.pdf,D:\Documentos\The Liberator\The Liberator 5 - Prepping and Self-Sufficiency\Bushcraft (20)\The Ten Bushcraft Books.cover.jpg,True,464,600,58679,
D:\Documentos\The Liberator\The Liberator 5 - Prepping and Self-Sufficiency\Bushcraft (20)\Ultimate Guide to Wilderness Living.pdf,D:\Documentos\The Liberator\The Liberator 5 - Prepping and Self-Sufficiency\Bushcraft (20)\Ultimate Guide to Wilderness Living.cover.jpg,True,363,600,61312,
D:\Documentos\The Liberator\The Liberator 5 - Prepping and Self-Sufficiency\Bushcraft (20)\Woodsman Ship.pdf,D:\Documentos\The Liberator\The Liberator 5 - Prepping and Self-Sufficiency\Bushcraft (20)\Woodsman Ship.cover.jpg,True,600,365,16577,
D:\Documentos\The Liberator\The Liberator 5 - Prepping and Self-Sufficiency\Comms and Electrical (28)\Comms (9)\Disaster Communications.pdf,D:\Documentos\The Liberator\The Liberator 5 - Prepping and Self-Sufficiency\Comms and Electrical (28)\Comms (9)\Disaster Communications.cover.jpg,True,464,600,37203,
D:\Documentos\The Liberator\The Liberator 5 - Prepping and Self-Sufficiency\Comms and Electrical (28)\Comms (9)\Family Communications Plan.pdf,D:\Documentos\The Liberator\The Liberator 5 - Prepping and Self-Sufficiency\Comms and Electrical (28)\Comms (9)\Family Communications Plan.cover.jpg,True,464,600,38996,
D:\Documentos\The Liberator\The Liberator 5 - Prepping and Self-Sufficiency\Comms and Electrical (28)\Comms (9)\Five bit Communications Protocol.pdf,D:\Documentos\The Liberator\The Liberator 5 - Prepping and Self-Sufficiency\Comms and Electrical (28)\Comms (9)\Five bit Communications Protocol.cover.jpg,True,464,600,52913,
D:\Documentos\The Liberator\The Liberator 5 - Prepping and Self-Sufficiency\Comms and Electrical (28)\Comms (9)\Radio Amateur's Handbook.pdf,D:\Documentos\The Liberator\The Liberator 5 - Prepping and Self-Sufficiency\Comms and Electrical (28)\Comms (9)\Radio Amateur's Handbook.cover.jpg,True,451,600,26064,
D:\Documentos\The Liberator\The Liberator 5 - Prepping and Self-Sufficiency\Comms and Electrical (28)\Comms (9)\Radio Monitoring a How to Guide.pdf,D:\Documentos\The Liberator\The Liberator 5 - Prepping and Self-Sufficiency\Comms and Electrical (28)\Comms (9)\Radio Monitoring a How to Guide.cover.jpg,True,393,600,51413,
D:\Documentos\The Liberator\The Liberator 5 - Prepping and Self-Sufficiency\Comms and Electrical (28)\Comms (9)\Shortwave Radio 101.pdf,D:\Documentos\The Liberator\The Liberator 5 - Prepping and Self-Sufficiency\Comms and Electrical (28)\Comms (9)\Shortwave Radio 101.cover.jpg,True,464,600,89184,
D:\Documentos\The Liberator\The Liberator 5 - Prepping and Self-Sufficiency\Comms and Electrical (28)\Comms (9)\Signaling And Direction Finding.pdf,D:\Documentos\The Liberator\The Liberator 5 - Prepping and Self-Sufficiency\Comms and Electrical (28)\Comms (9)\Signaling And Direction Finding.cover.jpg,True,464,600,42499,
D:\Documentos\The Liberator\The Liberator 5 - Prepping and Self-Sufficiency\Comms and Electrical (28)\Comms (9)\Tactical Communications Procedures.pdf,D:\Documentos\The Liberator\The Liberator 5 - Prepping and Self-Sufficiency\Comms and Electrical (28)\Comms (9)\Tactical Communications Procedures.cover.jpg,True,464,600,114309,
D:\Documentos\The Liberator\The Liberator 5 - Prepping and Self-Sufficiency\Comms and Electrical (28)\Comms (9)\Where There is No Telephone.pdf,D:\Documentos\The Liberator\The Liberator 5 - Prepping and Self-Sufficiency\Comms and Electrical (28)\Comms (9)\Where There is No Telephone.cover.jpg,True,464,600,49996,
D:\Documentos\The Liberator\The Liberator 5 - Prepping and Self-Sufficiency\Comms and Electrical (28)\Electronic (6)\Can Scratches Be Removed From Eyeglasses.pdf,D:\Documentos\The Liberator\The Liberator 5 - Prepping and Self-Sufficiency\Comms and Electrical (28)\Electronic (6)\Can Scratches Be Removed From Eyeglasses.cover.jpg,True,464,600,66767,
D:\Documentos\The Liberator\The Liberator 5 - Prepping and Self-Sufficiency\Comms and Electrical (28)\Electronic (6)\How To Make Capacitors.pdf,D:\Documentos\The Liberator\The Liberator 5 - Prepping and Self-Sufficiency\Comms and Electrical (28)\Electronic (6)\How To Make Capacitors.cover.jpg,True,464,600,56540,
D:\Documentos\The Liberator\The Liberator 5 - Prepping and Self-Sufficiency\Comms and Electrical (28)\Electronic (6)\How To Make Good AC Out Of Bad AC In A Primitive Environment.pdf,D:\Documentos\The Liberator\The Liberator 5 - Prepping and Self-Sufficiency\Comms and Electrical (28)\Electronic (6)\How To Make Good AC Out Of Bad AC In A Primitive Environment.cover.jpg,True,464,600,47270,
D:\Documentos\The Liberator\The Liberator 5 - Prepping and Self-Sufficiency\Comms and Electrical (28)\Electronic (6)\How to Use A Car Ignition Coil.pdf,D:\Documentos\The Liberator\The Liberator 5 - Prepping and Self-Sufficiency\Comms and Electrical (28)\Electronic (6)\How to Use A Car Ignition Coil.cover.jpg,True,464,600,80667,
D:\Documentos\The Liberator\The Liberator 5 - Prepping and Self-Sufficiency\Comms and Electrical (28)\Electronic (6)\Make Your Own Shunts.pdf,D:\Documentos\The Liberator\The Liberator 5 - Prepping and Self-Sufficiency\Comms and Electrical (28)\Electronic (6)\Make Your Own Shunts.cover.jpg,True,464,600,98022,
D:\Documentos\The Liberator\The Liberator 5 - Prepping and Self-Sufficiency\Comms and Electrical (28)\Electronic (6)\Testing Spark Plug Wires.pdf,D:\Documentos\The Liberator\The Liberator 5 - Prepping and Self-Sufficiency\Comms and Electrical (28)\Electronic (6)\Testing Spark Plug Wires.cover.jpg,True,464,600,76082,
D:\Documentos\The Liberator\The Liberator 5 - Prepping and Self-Sufficiency\Comms and Electrical (28)\Lightning (5)\How Lightning Works.pdf,D:\Documentos\The Liberator\The Liberator 5 - Prepping and Self-Sufficiency\Comms and Electrical (28)\Lightning (5)\How Lightning Works.cover.jpg,True,464,600,50866,
D:\Documentos\The Liberator\The Liberator 5 - Prepping and Self-Sufficiency\Comms and Electrical (28)\Lightning (5)\How Surge Protectors Work.pdf,D:\Documentos\The Liberator\The Liberator 5 - Prepping and Self-Sufficiency\Comms and Electrical (28)\Lightning (5)\How Surge Protectors Work.cover.jpg,True,464,600,24795,
D:\Documentos\The Liberator\The Liberator 5 - Prepping and Self-Sufficiency\Comms and Electrical (28)\Lightning (5)\Lightning Facts Seconds Count to Measure Distance.pdf,D:\Documentos\The Liberator\The Liberator 5 - Prepping and Self-Sufficiency\Comms and Electrical (28)\Lightning (5)\Lightning Facts Seconds Count to Measure Distance.cover.jpg,True,464,600,75375,
D:\Documentos\The Liberator\The Liberator 5 - Prepping and Self-Sufficiency\Comms and Electrical (28)\Lightning (5)\Lightning Pole Shift Preparations Common Sense.pdf,D:\Documentos\The Liberator\The Liberator 5 - Prepping and Self-Sufficiency\Comms and Electrical (28)\Lightning (5)\Lightning Pole Shift Preparations Common Sense.cover.jpg,True,464,600,69517,
D:\Documentos\The Liberator\The Liberator 5 - Prepping and Self-Sufficiency\Comms and Electrical (28)\Lightning (5)\Lightning Surge Protection.pdf,D:\Documentos\The Liberator\The Liberator 5 - Prepping and Self-Sufficiency\Comms and Electrical (28)\Lightning (5)\Lightning Surge Protection.cover.jpg,True,464,600,82936,
D:\Documentos\The Liberator\The Liberator 5 - Prepping and Self-Sufficiency\Comms and Electrical (28)\Motors (5)\An Easy To Build And Operate Induction Generator.pdf,D:\Documentos\The Liberator\The Liberator 5 - Prepping and Self-Sufficiency\Comms and Electrical (28)\Motors (5)\An Easy To Build And Operate Induction Generator.cover.jpg,True,464,600,50432,
D:\Documentos\The Liberator\The Liberator 5 - Prepping and Self-Sufficiency\Comms and Electrical (28)\Motors (5)\DOD Electromagnetic Pulse Protection Manual.pdf,D:\Documentos\The Liberator\The Liberator 5 - Prepping and Self-Sufficiency\Comms and Electrical (28)\Motors (5)\DOD Electromagnetic Pulse Protection Manual.cover.jpg,True,468,600,26178,
D:\Documentos\The Liberator\The Liberator 5 - Prepping and Self-Sufficiency\Comms and Electrical (28)\Motors (5)\Electro Motors.pdf,D:\Documentos\The Liberator\The Liberator 5 - Prepping and Self-Sufficiency\Comms and Electrical (28)\Motors (5)\Electro Motors.cover.jpg,True,403,600,34855,
D:\Documentos\The Liberator\The Liberator 5 - Prepping and Self-Sufficiency\Comms and Electrical (28)\Motors (5)\How To Use An Induction Motor Used As AC Generator.pdf,D:\Documentos\The Liberator\The Liberator 5 - Prepping and Self-Sufficiency\Comms and Electrical (28)\Motors (5)\How To Use An Induction Motor Used As AC Generator.cover.jpg,True,464,600,65221,
D:\Documentos\The Liberator\The Liberator 5 - Prepping and Self-Sufficiency\Comms and Electrical (28)\Motors (5)\Operating 60 Cycle Induction Motors As Generators.pdf,D:\Documentos\The Liberator\The Liberator 5 - Prepping and Self-Sufficiency\Comms and Electrical (28)\Motors (5)\Operating 60 Cycle Induction Motors As Generators.cover.jpg,True,464,600,54806,
D:\Documentos\The Liberator\The Liberator 5 - Prepping and Self-Sufficiency\Comms and Electrical (28)\Wire (3)\Copper Wire.pdf,D:\Documentos\The Liberator\The Liberator 5 - Prepping and Self-Sufficiency\Comms and Electrical (28)\Wire (3)\Copper Wire.cover.jpg,True,464,600,52252,
D:\Documentos\The Liberator\The Liberator 5 - Prepping and Self-Sufficiency\Comms and Electrical (28)\Wire (3)\How To Wire Your Home For Solar Electricity.pdf,D:\Documentos\The Liberator\The Liberator 5 - Prepping and Self-Sufficiency\Comms and Electrical (28)\Wire (3)\How To Wire Your Home For Solar Electricity.cover.jpg,True,464,600,73879,
D:\Documentos\The Liberator\The Liberator 5 - Prepping and Self-Sufficiency\Comms and Electrical (28)\Wire (3)\Wire Sizes and Maximum Length Determination.pdf,D:\Documentos\The Liberator\The Liberator 5 - Prepping and Self-Sufficiency\Comms and Electrical (28)\Wire (3)\Wire Sizes and Maximum Length Determination.cover.jpg,True,464,600,62744,
D:\Documentos\The Liberator\The Liberator 5 - Prepping and Self-Sufficiency\Food (298)\Canning (20)\Ayers Preserve Book.pdf,D:\Documentos\The Liberator\The Liberator 5 - Prepping and Self-Sufficiency\Food (298)\Canning (20)\Ayers Preserve Book.cover.jpg,True,374,600,31703,
D:\Documentos\The Liberator\The Liberator 5 - Prepping and Self-Sufficiency\Food (298)\Canning (20)\Botulism.pdf,D:\Documentos\The Liberator\The Liberator 5 - Prepping and Self-Sufficiency\Food (298)\Canning (20)\Botulism.cover.jpg,True,464,600,44701,
D:\Documentos\The Liberator\The Liberator 5 - Prepping and Self-Sufficiency\Food (298)\Canning (20)\Canning and Preserving.pdf,D:\Documentos\The Liberator\The Liberator 5 - Prepping and Self-Sufficiency\Food (298)\Canning (20)\Canning and Preserving.cover.jpg,True,464,600,48606,
D:\Documentos\The Liberator\The Liberator 5 - Prepping and Self-Sufficiency\Food (298)\Canning (20)\Canning Foods.pdf,D:\Documentos\The Liberator\The Liberator 5 - Prepping and Self-Sufficiency\Food (298)\Canning (20)\Canning Foods.cover.jpg,True,464,600,54481,
D:\Documentos\The Liberator\The Liberator 5 - Prepping and Self-Sufficiency\Food (298)\Canning (20)\Canning Fruit.pdf,D:\Documentos\The Liberator\The Liberator 5 - Prepping and Self-Sufficiency\Food (298)\Canning (20)\Canning Fruit.cover.jpg,True,464,600,66572,
D:\Documentos\The Liberator\The Liberator 5 - Prepping and Self-Sufficiency\Food (298)\Canning (20)\Canning Preserving And Pickling.pdf,D:\Documentos\The Liberator\The Liberator 5 - Prepping and Self-Sufficiency\Food (298)\Canning (20)\Canning Preserving And Pickling.cover.jpg,True,464,600,48606,
D:\Documentos\The Liberator\The Liberator 5 - Prepping and Self-Sufficiency\Food (298)\Canning (20)\Canning Processing Charts.pdf,D:\Documentos\The Liberator\The Liberator 5 - Prepping and Self-Sufficiency\Food (298)\Canning (20)\Canning Processing Charts.cover.jpg,True,464,600,39692,
D:\Documentos\The Liberator\The Liberator 5 - Prepping and Self-Sufficiency\Food (298)\Canning (20)\Canning Tomatoes.pdf,D:\Documentos\The Liberator\The Liberator 5 - Prepping and Self-Sufficiency\Food (298)\Canning (20)\Canning Tomatoes.cover.jpg,True,464,600,62404,
D:\Documentos\The Liberator\The Liberator 5 - Prepping and Self-Sufficiency\Food (298)\Canning (20)\Canning Vegetables.pdf,D:\Documentos\The Liberator\The Liberator 5 - Prepping and Self-Sufficiency\Food (298)\Canning (20)\Canning Vegetables.cover.jpg,True,464,600,68166,
D:\Documentos\The Liberator\The Liberator 5 - Prepping and Self-Sufficiency\Food (298)\Canning (20)\Complete Guide To Home Canning.pdf,D:\Documentos\The Liberator\The Liberator 5 - Prepping and Self-Sufficiency\Food (298)\Canning (20)\Complete Guide To Home Canning.cover.jpg,True,464,600,62648,
D:\Documentos\The Liberator\The Liberator 5 - Prepping and Self-Sufficiency\Food (298)\Canning (20)\Every Step in Canning.pdf,D:\Documentos\The Liberator\The Liberator 5 - Prepping and Self-Sufficiency\Food (298)\Canning (20)\Every Step in Canning.cover.jpg,True,451,600,45804,
"D:\Documentos\The Liberator\The Liberator 5 - Prepping and Self-Sufficiency\Food (298)\Canning (20)\Foods and Cooking - Canning, Cold Storage, Home Economics.pdf","D:\Documentos\The Liberator\The Liberator 5 - Prepping and Self-Sufficiency\Food (298)\Canning (20)\Foods and Cooking - Canning, Cold Storage, Home Economics.cover.jpg",True,363,600,23658,
"D:\Documentos\The Liberator\The Liberator 5 - Prepping and Self-Sufficiency\Food (298)\Canning (20)\Guide 6, Preparing and Canning Fermented Foods and Pickled Veg.pdf","D:\Documentos\The Liberator\The Liberator 5 - Prepping and Self-Sufficiency\Food (298)\Canning (20)\Guide 6, Preparing and Canning Fermented Foods and Pickled Veg.cover.jpg",True,464,600,72444,
D:\Documentos\The Liberator\The Liberator 5 - Prepping and Self-Sufficiency\Food (298)\Canning (20)\Joy of Canning.pdf,D:\Documentos\The Liberator\The Liberator 5 - Prepping and Self-Sufficiency\Food (298)\Canning (20)\Joy of Canning.cover.jpg,True,451,600,16895,
D:\Documentos\The Liberator\The Liberator 5 - Prepping and Self-Sufficiency\Food (298)\Canning (20)\Preparing and Canning Fermented Foods and Pickled Vegetables.pdf,D:\Documentos\The Liberator\The Liberator 5 - Prepping and Self-Sufficiency\Food (298)\Canning (20)\Preparing and Canning Fermented Foods and Pickled Vegetables.cover.jpg,True,464,600,72444,
D:\Documentos\The Liberator\The Liberator 5 - Prepping and Self-Sufficiency\Food (298)\Canning (20)\Preservation of Foods.pdf,D:\Documentos\The Liberator\The Liberator 5 - Prepping and Self-Sufficiency\Food (298)\Canning (20)\Preservation of Foods.cover.jpg,True,464,600,31427,
D:\Documentos\The Liberator\The Liberator 5 - Prepping and Self-Sufficiency\Food (298)\Canning (20)\Preserving Food - Jams and Jellies.pdf,D:\Documentos\The Liberator\The Liberator 5 - Prepping and Self-Sufficiency\Food (298)\Canning (20)\Preserving Food - Jams and Jellies.cover.jpg,True,464,600,65348,
D:\Documentos\The Liberator\The Liberator 5 - Prepping and Self-Sufficiency\Food (298)\Canning (20)\Preserving Food - Pickled Products.pdf,D:\Documentos\The Liberator\The Liberator 5 - Prepping and Self-Sufficiency\Food (298)\Canning (20)\Preserving Food - Pickled Products.cover.jpg,True,464,600,72872,
D:\Documentos\The Liberator\The Liberator 5 - Prepping and Self-Sufficiency\Food (298)\Canning (20)\Processing Jams and Jellies.pdf,D:\Documentos\The Liberator\The Liberator 5 - Prepping and Self-Sufficiency\Food (298)\Canning (20)\Processing Jams and Jellies.cover.jpg,True,464,600,59589,
D:\Documentos\The Liberator\The Liberator 5 - Prepping and Self-Sufficiency\Food (298)\Canning (20)\Using and Caring for Your Pressure Canner.pdf,D:\Documentos\The Liberator\The Liberator 5 - Prepping and Self-Sufficiency\Food (298)\Canning (20)\Using and Caring for Your Pressure Canner.cover.jpg,True,380,600,38702,
D:\Documentos\The Liberator\The Liberator 5 - Prepping and Self-Sufficiency\Food (298)\Dehydration (17)\Drying Foods.pdf,D:\Documentos\The Liberator\The Liberator 5 - Prepping and Self-Sufficiency\Food (298)\Dehydration (17)\Drying Foods.cover.jpg,True,464,600,61044,
D:\Documentos\The Liberator\The Liberator 5 - Prepping and Self-Sufficiency\Food (298)\Dehydration (17)\Drying Fruits.pdf,D:\Documentos\The Liberator\The Liberator 5 - Prepping and Self-Sufficiency\Food (298)\Dehydration (17)\Drying Fruits.cover.jpg,True,464,600,70181,
D:\Documentos\The Liberator\The Liberator 5 - Prepping and Self-Sufficiency\Food (298)\Dehydration (17)\Drying Vegetables.pdf,D:\Documentos\The Liberator\The Liberator 5 - Prepping and Self-Sufficiency\Food (298)\Dehydration (17)\Drying Vegetables.cover.jpg,True,464,600,65186,
D:\Documentos\The Liberator\The Liberator 5 - Prepping and Self-Sufficiency\Food (298)\Dehydration (17)\Food Dehydrating Food.pdf,D:\Documentos\The Liberator\The Liberator 5 - Prepping and Self-Sufficiency\Food (298)\Dehydration (17)\Food Dehydrating Food.cover.jpg,True,464,600,74049,
D:\Documentos\The Liberator\The Liberator 5 - Prepping and Self-Sufficiency\Food (298)\Dehydration (17)\Home Dried Food.pdf,D:\Documentos\The Liberator\The Liberator 5 - Prepping and Self-Sufficiency\Food (298)\Dehydration (17)\Home Dried Food.cover.jpg,True,449,600,87620,
D:\Documentos\The Liberator\The Liberator 5 - Prepping and Self-Sufficiency\Food (298)\Dehydration (17)\Home Drying of Food.pdf,D:\Documentos\The Liberator\The Liberator 5 - Prepping and Self-Sufficiency\Food (298)\Dehydration (17)\Home Drying of Food.cover.jpg,True,464,600,58951,
D:\Documentos\The Liberator\The Liberator 5 - Prepping and Self-Sufficiency\Food (298)\Dehydration (17)\How To Build A Solar Crop Dryer.pdf,D:\Documentos\The Liberator\The Liberator 5 - Prepping and Self-Sufficiency\Food (298)\Dehydration (17)\How To Build A Solar Crop Dryer.cover.jpg,True,461,600,27629,
D:\Documentos\The Liberator\The Liberator 5 - Prepping and Self-Sufficiency\Food (298)\Dehydration (17)\How To Build A Solar Food Dryer.pdf,D:\Documentos\The Liberator\The Liberator 5 - Prepping and Self-Sufficiency\Food (298)\Dehydration (17)\How To Build A Solar Food Dryer.cover.jpg,True,424,600,37358,
D:\Documentos\The Liberator\The Liberator 5 - Prepping and Self-Sufficiency\Food (298)\Dehydration (17)\How To Dry Fruits And Vegetables.pdf,D:\Documentos\The Liberator\The Liberator 5 - Prepping and Self-Sufficiency\Food (298)\Dehydration (17)\How To Dry Fruits And Vegetables.cover.jpg,True,462,600,26429,
D:\Documentos\The Liberator\The Liberator 5 - Prepping and Self-Sufficiency\Food (298)\Dehydration (17)\How To Solar Cabinet Dryer For Agricultural Produce.pdf,D:\Documentos\The Liberator\The Liberator 5 - Prepping and Self-Sufficiency\Food (298)\Dehydration (17)\How To Solar Cabinet Dryer For Agricultural Produce.cover.jpg,True,462,600,25195,
D:\Documentos\The Liberator\The Liberator 5 - Prepping and Self-Sufficiency\Food (298)\Dehydration (17)\Preserving Food - Drying Fruits and Vegetables.pdf,D:\Documentos\The Liberator\The Liberator 5 - Prepping and Self-Sufficiency\Food (298)\Dehydration (17)\Preserving Food - Drying Fruits and Vegetables.cover.jpg,True,464,600,70236,
D:\Documentos\The Liberator\The Liberator 5 - Prepping and Self-Sufficiency\Food (298)\Dehydration (17)\Preserving Food Drying Fruits And Vegetables.pdf,D:\Documentos\The Liberator\The Liberator 5 - Prepping and Self-Sufficiency\Food (298)\Dehydration (17)\Preserving Food Drying Fruits And Vegetables.cover.jpg,True,464,600,70236,
"D:\Documentos\The Liberator\The Liberator 5 - Prepping and Self-Sufficiency\Food (298)\Dehydration (17)\Preserving Vegetables by Salting, Drying, and Storing.pdf","D:\Documentos\The Liberator\The Liberator 5 - Prepping and Self-Sufficiency\Food (298)\Dehydration (17)\Preserving Vegetables by Salting, Drying, and Storing.cover.jpg",True,361,600,11530,
D:\Documentos\The Liberator\The Liberator 5 - Prepping and Self-Sufficiency\Food (298)\Dehydration (17)\Small Scale Food Drying Technologies.pdf,D:\Documentos\The Liberator\The Liberator 5 - Prepping and Self-Sufficiency\Food (298)\Dehydration (17)\Small Scale Food Drying Technologies.cover.jpg,True,424,600,74700,
D:\Documentos\The Liberator\The Liberator 5 - Prepping and Self-Sufficiency\Food (298)\Dehydration (17)\Solar Dehydrator.PDF.pdf,D:\Documentos\The Liberator\The Liberator 5 - Prepping and Self-Sufficiency\Food (298)\Dehydration (17)\Solar Dehydrator.PDF.cover.jpg,True,464,600,46720,
D:\Documentos\The Liberator\The Liberator 5 - Prepping and Self-Sufficiency\Food (298)\Dehydration (17)\Solar Food Drying.pdf,D:\Documentos\The Liberator\The Liberator 5 - Prepping and Self-Sufficiency\Food (298)\Dehydration (17)\Solar Food Drying.cover.jpg,True,424,600,54631,
D:\Documentos\The Liberator\The Liberator 5 - Prepping and Self-Sufficiency\Food (298)\Dehydration (17)\Some Tips On Drying Foods At Home.pdf,D:\Documentos\The Liberator\The Liberator 5 - Prepping and Self-Sufficiency\Food (298)\Dehydration (17)\Some Tips On Drying Foods At Home.cover.jpg,True,464,600,66060,
D:\Documentos\The Liberator\The Liberator 5 - Prepping and Self-Sufficiency\Food (298)\Food Preparation (18)\5 Earth Friendly Cooking Technologies and How To Build Them.pdf,D:\Documentos\The Liberator\The Liberator 5 - Prepping and Self-Sufficiency\Food (298)\Food Preparation (18)\5 Earth Friendly Cooking Technologies and How To Build Them.cover.jpg,True,465,600,45409,
D:\Documentos\The Liberator\The Liberator 5 - Prepping and Self-Sufficiency\Food (298)\Food Preparation (18)\Alternate Cooking Methods.pdf,D:\Documentos\The Liberator\The Liberator 5 - Prepping and Self-Sufficiency\Food (298)\Food Preparation (18)\Alternate Cooking Methods.cover.jpg,True,464,600,82837,
D:\Documentos\The Liberator\The Liberator 5 - Prepping and Self-Sufficiency\Food (298)\Food Preparation (18)\Baking Bread - The Beginner's Guide.pdf,D:\Documentos\The Liberator\The Liberator 5 - Prepping and Self-Sufficiency\Food (298)\Food Preparation (18)\Baking Bread - The Beginner's Guide.cover.jpg,True,464,600,55346,
D:\Documentos\The Liberator\The Liberator 5 - Prepping and Self-Sufficiency\Food (298)\Food Preparation (18)\Cooking With Dry Beans.pdf,D:\Documentos\The Liberator\The Liberator 5 - Prepping and Self-Sufficiency\Food (298)\Food Preparation (18)\Cooking With Dry Beans.cover.jpg,True,464,600,38954,
D:\Documentos\The Liberator\The Liberator 5 - Prepping and Self-Sufficiency\Food (298)\Food Preparation (18)\Dutch Oven Cooking.pdf,D:\Documentos\The Liberator\The Liberator 5 - Prepping and Self-Sufficiency\Food (298)\Food Preparation (18)\Dutch Oven Cooking.cover.jpg,True,464,600,66165,
D:\Documentos\The Liberator\The Liberator 5 - Prepping and Self-Sufficiency\Food (298)\Food Preparation (18)\Emergency Bread.pdf,D:\Documentos\The Liberator\The Liberator 5 - Prepping and Self-Sufficiency\Food (298)\Food Preparation (18)\Emergency Bread.cover.jpg,True,464,600,38004,
D:\Documentos\The Liberator\The Liberator 5 - Prepping and Self-Sufficiency\Food (298)\Food Preparation (18)\Emergency Food Preparation.pdf,D:\Documentos\The Liberator\The Liberator 5 - Prepping and Self-Sufficiency\Food (298)\Food Preparation (18)\Emergency Food Preparation.cover.jpg,True,464,600,35210,
D:\Documentos\The Liberator\The Liberator 5 - Prepping and Self-Sufficiency\Food (298)\Food Preparation (18)\Enjoy Yeast Breads.pdf,D:\Documentos\The Liberator\The Liberator 5 - Prepping and Self-Sufficiency\Food (298)\Food Preparation (18)\Enjoy Yeast Breads.cover.jpg,True,464,600,62387,
D:\Documentos\The Liberator\The Liberator 5 - Prepping and Self-Sufficiency\Food (298)\Food Preparation (18)\Food Storage Cooking School.pdf,D:\Documentos\The Liberator\The Liberator 5 - Prepping and Self-Sufficiency\Food (298)\Food Preparation (18)\Food Storage Cooking School.cover.jpg,True,464,600,28535,
D:\Documentos\The Liberator\The Liberator 5 - Prepping and Self-Sufficiency\Food (298)\Food Preparation (18)\Freezer Bag Meals.pdf,D:\Documentos\The Liberator\The Liberator 5 - Prepping and Self-Sufficiency\Food (298)\Food Preparation (18)\Freezer Bag Meals.cover.jpg,True,464,600,63645,
D:\Documentos\The Liberator\The Liberator 5 - Prepping and Self-Sufficiency\Food (298)\Food Preparation (18)\Global Sun Oven - How To Use.pdf,D:\Documentos\The Liberator\The Liberator 5 - Prepping and Self-Sufficiency\Food (298)\Food Preparation (18)\Global Sun Oven - How To Use.cover.jpg,True,464,600,28885,
D:\Documentos\The Liberator\The Liberator 5 - Prepping and Self-Sufficiency\Food (298)\Food Preparation (18)\Global Sun Oven FAQ.pdf,D:\Documentos\The Liberator\The Liberator 5 - Prepping and Self-Sufficiency\Food (298)\Food Preparation (18)\Global Sun Oven FAQ.cover.jpg,True,464,600,62990,
D:\Documentos\The Liberator\The Liberator 5 - Prepping and Self-Sufficiency\Food (298)\Food Preparation (18)\How To Cook Beans In A Stovetop Pressure Cooker.pdf,D:\Documentos\The Liberator\The Liberator 5 - Prepping and Self-Sufficiency\Food (298)\Food Preparation (18)\How To Cook Beans In A Stovetop Pressure Cooker.cover.jpg,True,464,600,28173,
D:\Documentos\The Liberator\The Liberator 5 - Prepping and Self-Sufficiency\Food (298)\Food Preparation (18)\How To Cook Beans In The Slow Cooker.pdf,D:\Documentos\The Liberator\The Liberator 5 - Prepping and Self-Sufficiency\Food (298)\Food Preparation (18)\How To Cook Beans In The Slow Cooker.cover.jpg,True,464,600,39627,
D:\Documentos\The Liberator\The Liberator 5 - Prepping and Self-Sufficiency\Food (298)\Food Preparation (18)\How To Cook Beans On The Stove.pdf,D:\Documentos\The Liberator\The Liberator 5 - Prepping and Self-Sufficiency\Food (298)\Food Preparation (18)\How To Cook Beans On The Stove.cover.jpg,True,464,600,34975,
D:\Documentos\The Liberator\The Liberator 5 - Prepping and Self-Sufficiency\Food (298)\Food Preparation (18)\How To Use Dried Foods.pdf,D:\Documentos\The Liberator\The Liberator 5 - Prepping and Self-Sufficiency\Food (298)\Food Preparation (18)\How To Use Dried Foods.cover.jpg,True,464,600,65494,
D:\Documentos\The Liberator\The Liberator 5 - Prepping and Self-Sufficiency\Food (298)\Food Preparation (18)\Sun Ovens International - Recipes and Cooking Tips.pdf,D:\Documentos\The Liberator\The Liberator 5 - Prepping and Self-Sufficiency\Food (298)\Food Preparation (18)\Sun Ovens International - Recipes and Cooking Tips.cover.jpg,True,464,600,31288,
D:\Documentos\The Liberator\The Liberator 5 - Prepping and Self-Sufficiency\Food (298)\Food Preparation (18)\To Make Muffins And Crumpets.pdf,D:\Documentos\The Liberator\The Liberator 5 - Prepping and Self-Sufficiency\Food (298)\Food Preparation (18)\To Make Muffins And Crumpets.cover.jpg,True,464,600,68417,
D:\Documentos\The Liberator\The Liberator 5 - Prepping and Self-Sufficiency\Food (298)\Food Production - Animals (56)\Animals For Food.pdf,D:\Documentos\The Liberator\The Liberator 5 - Prepping and Self-Sufficiency\Food (298)\Food Production - Animals (56)\Animals For Food.cover.jpg,True,464,600,74464,
D:\Documentos\The Liberator\The Liberator 5 - Prepping and Self-Sufficiency\Food (298)\Food Production - Animals (56)\Butchering (10)\Cutting Up a Big Game Carcass.pdf,D:\Documentos\The Liberator\The Liberator 5 - Prepping and Self-Sufficiency\Food (298)\Food Production - Animals (56)\Butchering (10)\Cutting Up a Big Game Carcass.cover.jpg,True,464,600,69468,
D:\Documentos\The Liberator\The Liberator 5 - Prepping and Self-Sufficiency\Food (298)\Food Production - Animals (56)\Butchering (10)\Deer and Wild Hogs.pdf,D:\Documentos\The Liberator\The Liberator 5 - Prepping and Self-Sufficiency\Food (298)\Food Production - Animals (56)\Butchering (10)\Deer and Wild Hogs.cover.jpg,True,464,600,58234,
D:\Documentos\The Liberator\The Liberator 5 - Prepping and Self-Sufficiency\Food (298)\Food Production - Animals (56)\Butchering (10)\Field Care of Harvested Big Game.pdf,D:\Documentos\The Liberator\The Liberator 5 - Prepping and Self-Sufficiency\Food (298)\Food Production - Animals (56)\Butchering (10)\Field Care of Harvested Big Game.cover.jpg,True,389,600,31104,
D:\Documentos\The Liberator\The Liberator 5 - Prepping and Self-Sufficiency\Food (298)\Food Production - Animals (56)\Butchering (10)\Field to Freezer Venison.pdf,D:\Documentos\The Liberator\The Liberator 5 - Prepping and Self-Sufficiency\Food (298)\Food Production - Animals (56)\Butchering (10)\Field to Freezer Venison.cover.jpg,True,464,600,67580,
D:\Documentos\The Liberator\The Liberator 5 - Prepping and Self-Sufficiency\Food (298)\Food Production - Animals (56)\Butchering (10)\Homestead Poultry.pdf,D:\Documentos\The Liberator\The Liberator 5 - Prepping and Self-Sufficiency\Food (298)\Food Production - Animals (56)\Butchering (10)\Homestead Poultry.cover.jpg,True,456,600,88779,
D:\Documentos\The Liberator\The Liberator 5 - Prepping and Self-Sufficiency\Food (298)\Food Production - Animals (56)\Butchering (10)\How To Butcher a Chicken in 20 Minutes or Less.pdf,D:\Documentos\The Liberator\The Liberator 5 - Prepping and Self-Sufficiency\Food (298)\Food Production - Animals (56)\Butchering (10)\How To Butcher a Chicken in 20 Minutes or Less.cover.jpg,True,464,600,59497,
D:\Documentos\The Liberator\The Liberator 5 - Prepping and Self-Sufficiency\Food (298)\Food Production - Animals (56)\Butchering (10)\Preparing Wild Game for The Table.pdf,D:\Documentos\The Liberator\The Liberator 5 - Prepping and Self-Sufficiency\Food (298)\Food Production - Animals (56)\Butchering (10)\Preparing Wild Game for The Table.cover.jpg,True,464,600,74691,
D:\Documentos\The Liberator\The Liberator 5 - Prepping and Self-Sufficiency\Food (298)\Food Production - Animals (56)\Butchering (10)\Skinning Wild Game.pdf,D:\Documentos\The Liberator\The Liberator 5 - Prepping and Self-Sufficiency\Food (298)\Food Production - Animals (56)\Butchering (10)\Skinning Wild Game.cover.jpg,True,464,600,58388,
D:\Documentos\The Liberator\The Liberator 5 - Prepping and Self-Sufficiency\Food (298)\Food Production - Animals (56)\Butchering (10)\Small Scale Poultry Processing.pdf,D:\Documentos\The Liberator\The Liberator 5 - Prepping and Self-Sufficiency\Food (298)\Food Production - Animals (56)\Butchering (10)\Small Scale Poultry Processing.cover.jpg,True,464,600,86272,
D:\Documentos\The Liberator\The Liberator 5 - Prepping and Self-Sufficiency\Food (298)\Food Production - Animals (56)\Butchering (10)\The Furriers Friend.pdf,D:\Documentos\The Liberator\The Liberator 5 - Prepping and Self-Sufficiency\Food (298)\Food Production - Animals (56)\Butchering (10)\The Furriers Friend.cover.jpg,True,411,600,36356,
D:\Documentos\The Liberator\The Liberator 5 - Prepping and Self-Sufficiency\Food (298)\Food Production - Animals (56)\Cattle (5)\Beef Cattle Castration.pdf,D:\Documentos\The Liberator\The Liberator 5 - Prepping and Self-Sufficiency\Food (298)\Food Production - Animals (56)\Cattle (5)\Beef Cattle Castration.cover.jpg,True,424,600,48703,
D:\Documentos\The Liberator\The Liberator 5 - Prepping and Self-Sufficiency\Food (298)\Food Production - Animals (56)\Cattle (5)\Dairy Cattle Husbandry.pdf,D:\Documentos\The Liberator\The Liberator 5 - Prepping and Self-Sufficiency\Food (298)\Food Production - Animals (56)\Cattle (5)\Dairy Cattle Husbandry.cover.jpg,True,425,600,9691,
D:\Documentos\The Liberator\The Liberator 5 - Prepping and Self-Sufficiency\Food (298)\Food Production - Animals (56)\Cattle (5)\Preparation for Dairy.pdf,D:\Documentos\The Liberator\The Liberator 5 - Prepping and Self-Sufficiency\Food (298)\Food Production - Animals (56)\Cattle (5)\Preparation for Dairy.cover.jpg,True,425,600,9539,
D:\Documentos\The Liberator\The Liberator 5 - Prepping and Self-Sufficiency\Food (298)\Food Production - Animals (56)\Cattle (5)\Reproduction In Dairy Cattle Part II.pdf,D:\Documentos\The Liberator\The Liberator 5 - Prepping and Self-Sufficiency\Food (298)\Food Production - Animals (56)\Cattle (5)\Reproduction In Dairy Cattle Part II.cover.jpg,True,424,600,6589,
D:\Documentos\The Liberator\The Liberator 5 - Prepping and Self-Sufficiency\Food (298)\Food Production - Animals (56)\Cattle (5)\Tomato Pomace-Rice Straw Silage As Feed For Growing Cattle.pdf,D:\Documentos\The Liberator\The Liberator 5 - Prepping and Self-Sufficiency\Food (298)\Food Production - Animals (56)\Cattle (5)\Tomato Pomace-Rice Straw Silage As Feed For Growing Cattle.cover.jpg,True,424,600,48974,
D:\Documentos\The Liberator\The Liberator 5 - Prepping and Self-Sufficiency\Food (298)\Food Production - Animals (56)\Chickens (9)\A Small Scale Agriculture Alternative - Poultry.pdf,D:\Documentos\The Liberator\The Liberator 5 - Prepping and Self-Sufficiency\Food (298)\Food Production - Animals (56)\Chickens (9)\A Small Scale Agriculture Alternative - Poultry.cover.jpg,True,464,600,65613,
D:\Documentos\The Liberator\The Liberator 5 - Prepping and Self-Sufficiency\Food (298)\Food Production - Animals (56)\Chickens (9)\Hatching Eggs By Hens Or In An Incubator.pdf,D:\Documentos\The Liberator\The Liberator 5 - Prepping and Self-Sufficiency\Food (298)\Food Production - Animals (56)\Chickens (9)\Hatching Eggs By Hens Or In An Incubator.cover.jpg,True,425,600,13477,
D:\Documentos\The Liberator\The Liberator 5 - Prepping and Self-Sufficiency\Food (298)\Food Production - Animals (56)\Chickens (9)\Lector Notes On Chicken Farming In Warm Climate Zones.pdf,D:\Documentos\The Liberator\The Liberator 5 - Prepping and Self-Sufficiency\Food (298)\Food Production - Animals (56)\Chickens (9)\Lector Notes On Chicken Farming In Warm Climate Zones.cover.jpg,True,424,600,8531,
D:\Documentos\The Liberator\The Liberator 5 - Prepping and Self-Sufficiency\Food (298)\Food Production - Animals (56)\Chickens (9)\Newcastle Disease In Village Chickens A Field Manual.pdf,D:\Documentos\The Liberator\The Liberator 5 - Prepping and Self-Sufficiency\Food (298)\Food Production - Animals (56)\Chickens (9)\Newcastle Disease In Village Chickens A Field Manual.cover.jpg,True,425,600,24391,
D:\Documentos\The Liberator\The Liberator 5 - Prepping and Self-Sufficiency\Food (298)\Food Production - Animals (56)\Chickens (9)\Pratt's Practical Pointers on the Care of Livestock and Poultry.pdf,D:\Documentos\The Liberator\The Liberator 5 - Prepping and Self-Sufficiency\Food (298)\Food Production - Animals (56)\Chickens (9)\Pratt's Practical Pointers on the Care of Livestock and Poultry.cover.jpg,True,451,600,40190,
D:\Documentos\The Liberator\The Liberator 5 - Prepping and Self-Sufficiency\Food (298)\Food Production - Animals (56)\Chickens (9)\Small Scale Chicken Production.pdf,D:\Documentos\The Liberator\The Liberator 5 - Prepping and Self-Sufficiency\Food (298)\Food Production - Animals (56)\Chickens (9)\Small Scale Chicken Production.cover.jpg,True,425,600,11794,
D:\Documentos\The Liberator\The Liberator 5 - Prepping and Self-Sufficiency\Food (298)\Food Production - Animals (56)\Chickens (9)\Small scale Poultry Production In The Tropics.pdf,D:\Documentos\The Liberator\The Liberator 5 - Prepping and Self-Sufficiency\Food (298)\Food Production - Animals (56)\Chickens (9)\Small scale Poultry Production In The Tropics.cover.jpg,True,425,600,13044,
D:\Documentos\The Liberator\The Liberator 5 - Prepping and Self-Sufficiency\Food (298)\Food Production - Animals (56)\Chickens (9)\The Basics Of Chicken Farming In The Tropics.pdf,D:\Documentos\The Liberator\The Liberator 5 - Prepping and Self-Sufficiency\Food (298)\Food Production - Animals (56)\Chickens (9)\The Basics Of Chicken Farming In The Tropics.cover.jpg,True,424,600,7747,
D:\Documentos\The Liberator\The Liberator 5 - Prepping and Self-Sufficiency\Food (298)\Food Production - Animals (56)\Chickens (9)\The Practical Poultry Keeper.pdf,D:\Documentos\The Liberator\The Liberator 5 - Prepping and Self-Sufficiency\Food (298)\Food Production - Animals (56)\Chickens (9)\The Practical Poultry Keeper.cover.jpg,True,373,600,49308,
D:\Documentos\The Liberator\The Liberator 5 - Prepping and Self-Sufficiency\Food (298)\Food Production - Animals (56)\Donkeys For Traction And Tillage.pdf,D:\Documentos\The Liberator\The Liberator 5 - Prepping and Self-Sufficiency\Food (298)\Food Production - Animals (56)\Donkeys For Traction And Tillage.cover.jpg,True,425,600,9324,
D:\Documentos\The Liberator\The Liberator 5 - Prepping and Self-Sufficiency\Food (298)\Food Production - Animals (56)\Duck Keeping In The Tropics.pdf,D:\Documentos\The Liberator\The Liberator 5 - Prepping and Self-Sufficiency\Food (298)\Food Production - Animals (56)\Duck Keeping In The Tropics.cover.jpg,True,425,600,10010,
D:\Documentos\The Liberator\The Liberator 5 - Prepping and Self-Sufficiency\Food (298)\Food Production - Animals (56)\Fish (6)\Aquaponics - Integration of Hydroponics and Aquaculture.pdf,D:\Documentos\The Liberator\The Liberator 5 - Prepping and Self-Sufficiency\Food (298)\Food Production - Animals (56)\Fish (6)\Aquaponics - Integration of Hydroponics and Aquaculture.cover.jpg,True,464,600,82473,
D:\Documentos\The Liberator\The Liberator 5 - Prepping and Self-Sufficiency\Food (298)\Food Production - Animals (56)\Fish (6)\Improvised Fishing Devices.pdf,D:\Documentos\The Liberator\The Liberator 5 - Prepping and Self-Sufficiency\Food (298)\Food Production - Animals (56)\Fish (6)\Improvised Fishing Devices.cover.jpg,True,464,600,35010,
D:\Documentos\The Liberator\The Liberator 5 - Prepping and Self-Sufficiency\Food (298)\Food Production - Animals (56)\Fish (6)\Make Your Own Effective Fishing Tackle.pdf,D:\Documentos\The Liberator\The Liberator 5 - Prepping and Self-Sufficiency\Food (298)\Food Production - Animals (56)\Fish (6)\Make Your Own Effective Fishing Tackle.cover.jpg,True,464,600,95330,
D:\Documentos\The Liberator\The Liberator 5 - Prepping and Self-Sufficiency\Food (298)\Food Production - Animals (56)\Fish (6)\Small Scale Freshwater Fish Farming.pdf,D:\Documentos\The Liberator\The Liberator 5 - Prepping and Self-Sufficiency\Food (298)\Food Production - Animals (56)\Fish (6)\Small Scale Freshwater Fish Farming.cover.jpg,True,425,600,11548,
D:\Documentos\The Liberator\The Liberator 5 - Prepping and Self-Sufficiency\Food (298)\Food Production - Animals (56)\Fish (6)\Tilapia - An Old Fish Tale with a New Twist.pdf,D:\Documentos\The Liberator\The Liberator 5 - Prepping and Self-Sufficiency\Food (298)\Food Production - Animals (56)\Fish (6)\Tilapia - An Old Fish Tale with a New Twist.cover.jpg,True,464,600,81381,
D:\Documentos\The Liberator\The Liberator 5 - Prepping and Self-Sufficiency\Food (298)\Food Production - Animals (56)\Fish (6)\Waterfoods.pdf,D:\Documentos\The Liberator\The Liberator 5 - Prepping and Self-Sufficiency\Food (298)\Food Production - Animals (56)\Fish (6)\Waterfoods.cover.jpg,True,464,600,30010,
D:\Documentos\The Liberator\The Liberator 5 - Prepping and Self-Sufficiency\Food (298)\Food Production - Animals (56)\Fodder Trees.pdf,D:\Documentos\The Liberator\The Liberator 5 - Prepping and Self-Sufficiency\Food (298)\Food Production - Animals (56)\Fodder Trees.cover.jpg,True,424,600,63479,
D:\Documentos\The Liberator\The Liberator 5 - Prepping and Self-Sufficiency\Food (298)\Food Production - Animals (56)\Pig Keeping In The Tropics.pdf,D:\Documentos\The Liberator\The Liberator 5 - Prepping and Self-Sufficiency\Food (298)\Food Production - Animals (56)\Pig Keeping In The Tropics.cover.jpg,True,425,600,9315,
D:\Documentos\The Liberator\The Liberator 5 - Prepping and Self-Sufficiency\Food (298)\Food Production - Animals (56)\Rabbits (11)\6 Row Caged Rabbit House Plan.pdf,D:\Documentos\The Liberator\The Liberator 5 - Prepping and Self-Sufficiency\Food (298)\Food Production - Animals (56)\Rabbits (11)\6 Row Caged Rabbit House Plan.cover.jpg,True,600,464,44852,
D:\Documentos\The Liberator\The Liberator 5 - Prepping and Self-Sufficiency\Food (298)\Food Production - Animals (56)\Rabbits (11)\Backyard Rabbit Farming In The Tropics.pdf,D:\Documentos\The Liberator\The Liberator 5 - Prepping and Self-Sufficiency\Food (298)\Food Production - Animals (56)\Rabbits (11)\Backyard Rabbit Farming In The Tropics.cover.jpg,True,425,600,10132,
D:\Documentos\The Liberator\The Liberator 5 - Prepping and Self-Sufficiency\Food (298)\Food Production - Animals (56)\Rabbits (11)\Commercial Rabbit Production.pdf,D:\Documentos\The Liberator\The Liberator 5 - Prepping and Self-Sufficiency\Food (298)\Food Production - Animals (56)\Rabbits (11)\Commercial Rabbit Production.cover.jpg,True,464,600,43300,
D:\Documentos\The Liberator\The Liberator 5 - Prepping and Self-Sufficiency\Food (298)\Food Production - Animals (56)\Rabbits (11)\Homemade Rabbit Cages.pdf,D:\Documentos\The Liberator\The Liberator 5 - Prepping and Self-Sufficiency\Food (298)\Food Production - Animals (56)\Rabbits (11)\Homemade Rabbit Cages.cover.jpg,True,464,600,62136,
D:\Documentos\The Liberator\The Liberator 5 - Prepping and Self-Sufficiency\Food (298)\Food Production - Animals (56)\Rabbits (11)\Management and Health Issues of Rabbits.pdf,D:\Documentos\The Liberator\The Liberator 5 - Prepping and Self-Sufficiency\Food (298)\Food Production - Animals (56)\Rabbits (11)\Management and Health Issues of Rabbits.cover.jpg,True,464,600,61138,
D:\Documentos\The Liberator\The Liberator 5 - Prepping and Self-Sufficiency\Food (298)\Food Production - Animals (56)\Rabbits (11)\Rabbit From Farm to Table.pdf,D:\Documentos\The Liberator\The Liberator 5 - Prepping and Self-Sufficiency\Food (298)\Food Production - Animals (56)\Rabbits (11)\Rabbit From Farm to Table.cover.jpg,True,464,600,66351,
D:\Documentos\The Liberator\The Liberator 5 - Prepping and Self-Sufficiency\Food (298)\Food Production - Animals (56)\Rabbits (11)\Rabbits - Alaska's Game is Good Food.pdf,D:\Documentos\The Liberator\The Liberator 5 - Prepping and Self-Sufficiency\Food (298)\Food Production - Animals (56)\Rabbits (11)\Rabbits - Alaska's Game is Good Food.cover.jpg,True,464,600,58200,
"D:\Documentos\The Liberator\The Liberator 5 - Prepping and Self-Sufficiency\Food (298)\Food Production - Animals (56)\Rabbits (11)\Rabbits, Rabbits, Rabbits.pdf","D:\Documentos\The Liberator\The Liberator 5 - Prepping and Self-Sufficiency\Food (298)\Food Production - Animals (56)\Rabbits (11)\Rabbits, Rabbits, Rabbits.cover.jpg",True,464,600,35724,
D:\Documentos\The Liberator\The Liberator 5 - Prepping and Self-Sufficiency\Food (298)\Food Production - Animals (56)\Rabbits (11)\Raising Rabbits in Alaska.pdf,D:\Documentos\The Liberator\The Liberator 5 - Prepping and Self-Sufficiency\Food (298)\Food Production - Animals (56)\Rabbits (11)\Raising Rabbits in Alaska.cover.jpg,True,464,600,69086,
D:\Documentos\The Liberator\The Liberator 5 - Prepping and Self-Sufficiency\Food (298)\Food Production - Animals (56)\Rabbits (11)\Raising Rabbits.pdf,D:\Documentos\The Liberator\The Liberator 5 - Prepping and Self-Sufficiency\Food (298)\Food Production - Animals (56)\Rabbits (11)\Raising Rabbits.cover.jpg,True,425,600,50649,
D:\Documentos\The Liberator\The Liberator 5 - Prepping and Self-Sufficiency\Food (298)\Food Production - Animals (56)\Rabbits (11)\Skinning And Dressing Rabbits.pdf,D:\Documentos\The Liberator\The Liberator 5 - Prepping and Self-Sufficiency\Food (298)\Food Production - Animals (56)\Rabbits (11)\Skinning And Dressing Rabbits.cover.jpg,True,464,600,73529,
D:\Documentos\The Liberator\The Liberator 5 - Prepping and Self-Sufficiency\Food (298)\Food Production - Animals (56)\Rabies.pdf,D:\Documentos\The Liberator\The Liberator 5 - Prepping and Self-Sufficiency\Food (298)\Food Production - Animals (56)\Rabies.cover.jpg,True,534,600,102938,
D:\Documentos\The Liberator\The Liberator 5 - Prepping and Self-Sufficiency\Food (298)\Food Production - Animals (56)\Setting Snares.pdf,D:\Documentos\The Liberator\The Liberator 5 - Prepping and Self-Sufficiency\Food (298)\Food Production - Animals (56)\Setting Snares.cover.jpg,True,464,600,61233,
D:\Documentos\The Liberator\The Liberator 5 - Prepping and Self-Sufficiency\Food (298)\Food Production - Animals (56)\Sheep and Goats (4)\Goat Keeping In The Tropics.pdf,D:\Documentos\The Liberator\The Liberator 5 - Prepping and Self-Sufficiency\Food (298)\Food Production - Animals (56)\Sheep and Goats (4)\Goat Keeping In The Tropics.cover.jpg,True,425,600,9674,
D:\Documentos\The Liberator\The Liberator 5 - Prepping and Self-Sufficiency\Food (298)\Food Production - Animals (56)\Sheep and Goats (4)\Handbook On Cutting Lamb.pdf,D:\Documentos\The Liberator\The Liberator 5 - Prepping and Self-Sufficiency\Food (298)\Food Production - Animals (56)\Sheep and Goats (4)\Handbook On Cutting Lamb.cover.jpg,True,438,600,43978,
D:\Documentos\The Liberator\The Liberator 5 - Prepping and Self-Sufficiency\Food (298)\Food Production - Animals (56)\Sheep and Goats (4)\Stubble Grazing By Sheep.pdf,D:\Documentos\The Liberator\The Liberator 5 - Prepping and Self-Sufficiency\Food (298)\Food Production - Animals (56)\Sheep and Goats (4)\Stubble Grazing By Sheep.cover.jpg,True,426,600,64038,
D:\Documentos\The Liberator\The Liberator 5 - Prepping and Self-Sufficiency\Food (298)\Food Production - Animals (56)\Sheep and Goats (4)\Why Keep Dairy Goats.pdf,D:\Documentos\The Liberator\The Liberator 5 - Prepping and Self-Sufficiency\Food (298)\Food Production - Animals (56)\Sheep and Goats (4)\Why Keep Dairy Goats.cover.jpg,True,600,424,32001,
"D:\Documentos\The Liberator\The Liberator 5 - Prepping and Self-Sufficiency\Food (298)\Food Production - Animals (56)\Tips, Tactics, and Techniques for Trappers.pdf","D:\Documentos\The Liberator\The Liberator 5 - Prepping and Self-Sufficiency\Food (298)\Food Production - Animals (56)\Tips, Tactics, and Techniques for Trappers.cover.jpg",True,464,600,70753,
D:\Documentos\The Liberator\The Liberator 5 - Prepping and Self-Sufficiency\Food (298)\Food Production - Animals (56)\Urea Block Manufacturing And Feeding Middle East Experience.pdf,D:\Documentos\The Liberator\The Liberator 5 - Prepping and Self-Sufficiency\Food (298)\Food Production - Animals (56)\Urea Block Manufacturing And Feeding Middle East Experience.cover.jpg,True,425,600,56895,
D:\Documentos\The Liberator\The Liberator 5 - Prepping and Self-Sufficiency\Food (298)\Food Production - Animals (56)\USDA’s Pig Farming Booklet.pdf,D:\Documentos\The Liberator\The Liberator 5 - Prepping and Self-Sufficiency\Food (298)\Food Production - Animals (56)\USDA’s Pig Farming Booklet.cover.jpg,True,425,600,39212,
D:\Documentos\The Liberator\The Liberator 5 - Prepping and Self-Sufficiency\Food (298)\Food Production - Animals (56)\What You Need To Know About Animals.pdf,D:\Documentos\The Liberator\The Liberator 5 - Prepping and Self-Sufficiency\Food (298)\Food Production - Animals (56)\What You Need To Know About Animals.cover.jpg,True,600,455,47636,
D:\Documentos\The Liberator\The Liberator 5 - Prepping and Self-Sufficiency\Food (298)\Food Production - Gardening (103)\A Better Way to Gardening.pdf,D:\Documentos\The Liberator\The Liberator 5 - Prepping and Self-Sufficiency\Food (298)\Food Production - Gardening (103)\A Better Way to Gardening.cover.jpg,True,400,600,54951,
D:\Documentos\The Liberator\The Liberator 5 - Prepping and Self-Sufficiency\Food (298)\Food Production - Gardening (103)\A Hand Operated Winnower.pdf,D:\Documentos\The Liberator\The Liberator 5 - Prepping and Self-Sufficiency\Food (298)\Food Production - Gardening (103)\A Hand Operated Winnower.cover.jpg,True,469,600,39886,
D:\Documentos\The Liberator\The Liberator 5 - Prepping and Self-Sufficiency\Food (298)\Food Production - Gardening (103)\Algae From Biological Paths To Self Reliance.pdf,D:\Documentos\The Liberator\The Liberator 5 - Prepping and Self-Sufficiency\Food (298)\Food Production - Gardening (103)\Algae From Biological Paths To Self Reliance.cover.jpg,True,466,600,68380,
D:\Documentos\The Liberator\The Liberator 5 - Prepping and Self-Sufficiency\Food (298)\Food Production - Gardening (103)\Backyard Greenhouse.pdf,D:\Documentos\The Liberator\The Liberator 5 - Prepping and Self-Sufficiency\Food (298)\Food Production - Gardening (103)\Backyard Greenhouse.cover.jpg,True,464,600,49267,
D:\Documentos\The Liberator\The Liberator 5 - Prepping and Self-Sufficiency\Food (298)\Food Production - Gardening (103)\Basic Seed Saving.pdf,D:\Documentos\The Liberator\The Liberator 5 - Prepping and Self-Sufficiency\Food (298)\Food Production - Gardening (103)\Basic Seed Saving.cover.jpg,True,462,600,52904,
D:\Documentos\The Liberator\The Liberator 5 - Prepping and Self-Sufficiency\Food (298)\Food Production - Gardening (103)\Building A Floating Hydroponic Garden.pdf,D:\Documentos\The Liberator\The Liberator 5 - Prepping and Self-Sufficiency\Food (298)\Food Production - Gardening (103)\Building A Floating Hydroponic Garden.cover.jpg,True,464,600,62673,
D:\Documentos\The Liberator\The Liberator 5 - Prepping and Self-Sufficiency\Food (298)\Food Production - Gardening (103)\Companion Planting - Basic Concepts and Resources.pdf,D:\Documentos\The Liberator\The Liberator 5 - Prepping and Self-Sufficiency\Food (298)\Food Production - Gardening (103)\Companion Planting - Basic Concepts and Resources.cover.jpg,True,464,600,71545,
D:\Documentos\The Liberator\The Liberator 5 - Prepping and Self-Sufficiency\Food (298)\Food Production - Gardening (103)\Companion Planting Chart.pdf,D:\Documentos\The Liberator\The Liberator 5 - Prepping and Self-Sufficiency\Food (298)\Food Production - Gardening (103)\Companion Planting Chart.cover.jpg,True,600,425,104529,
D:\Documentos\The Liberator\The Liberator 5 - Prepping and Self-Sufficiency\Food (298)\Food Production - Gardening (103)\Companion Planting Made Easy.pdf,D:\Documentos\The Liberator\The Liberator 5 - Prepping and Self-Sufficiency\Food (298)\Food Production - Gardening (103)\Companion Planting Made Easy.cover.jpg,True,464,600,17063,
D:\Documentos\The Liberator\The Liberator 5 - Prepping and Self-Sufficiency\Food (298)\Food Production - Gardening (103)\Container Herb Gardening.pdf,D:\Documentos\The Liberator\The Liberator 5 - Prepping and Self-Sufficiency\Food (298)\Food Production - Gardening (103)\Container Herb Gardening.cover.jpg,True,464,600,80349,
D:\Documentos\The Liberator\The Liberator 5 - Prepping and Self-Sufficiency\Food (298)\Food Production - Gardening (103)\Continuous Harvest.pdf,D:\Documentos\The Liberator\The Liberator 5 - Prepping and Self-Sufficiency\Food (298)\Food Production - Gardening (103)\Continuous Harvest.cover.jpg,True,464,600,79759,
D:\Documentos\The Liberator\The Liberator 5 - Prepping and Self-Sufficiency\Food (298)\Food Production - Gardening (103)\Culinary Herbs - Their Cultivation Harvesting Curing And Uses.pdf,D:\Documentos\The Liberator\The Liberator 5 - Prepping and Self-Sufficiency\Food (298)\Food Production - Gardening (103)\Culinary Herbs - Their Cultivation Harvesting Curing And Uses.cover.jpg,True,451,600,32812,
D:\Documentos\The Liberator\The Liberator 5 - Prepping and Self-Sufficiency\Food (298)\Food Production - Gardening (103)\Cultivating Vegetables.pdf,D:\Documentos\The Liberator\The Liberator 5 - Prepping and Self-Sufficiency\Food (298)\Food Production - Gardening (103)\Cultivating Vegetables.cover.jpg,True,424,600,63579,
D:\Documentos\The Liberator\The Liberator 5 - Prepping and Self-Sufficiency\Food (298)\Food Production - Gardening (103)\Designing Your Own Garden.pdf,D:\Documentos\The Liberator\The Liberator 5 - Prepping and Self-Sufficiency\Food (298)\Food Production - Gardening (103)\Designing Your Own Garden.cover.jpg,True,424,600,22588,
D:\Documentos\The Liberator\The Liberator 5 - Prepping and Self-Sufficiency\Food (298)\Food Production - Gardening (103)\Dry Farming.pdf,D:\Documentos\The Liberator\The Liberator 5 - Prepping and Self-Sufficiency\Food (298)\Food Production - Gardening (103)\Dry Farming.cover.jpg,True,423,600,18784,
D:\Documentos\The Liberator\The Liberator 5 - Prepping and Self-Sufficiency\Food (298)\Food Production - Gardening (103)\Fall Vegetable Gardening.pdf,D:\Documentos\The Liberator\The Liberator 5 - Prepping and Self-Sufficiency\Food (298)\Food Production - Gardening (103)\Fall Vegetable Gardening.cover.jpg,True,464,600,72478,
D:\Documentos\The Liberator\The Liberator 5 - Prepping and Self-Sufficiency\Food (298)\Food Production - Gardening (103)\Fertilizers How To Make Them By Gregory Fertilizers.pdf,D:\Documentos\The Liberator\The Liberator 5 - Prepping and Self-Sufficiency\Food (298)\Food Production - Gardening (103)\Fertilizers How To Make Them By Gregory Fertilizers.cover.jpg,True,397,600,28469,
D:\Documentos\The Liberator\The Liberator 5 - Prepping and Self-Sufficiency\Food (298)\Food Production - Gardening (103)\Garden Planning Worksheet.pdf,D:\Documentos\The Liberator\The Liberator 5 - Prepping and Self-Sufficiency\Food (298)\Food Production - Gardening (103)\Garden Planning Worksheet.cover.jpg,True,464,600,28069,
D:\Documentos\The Liberator\The Liberator 5 - Prepping and Self-Sufficiency\Food (298)\Food Production - Gardening (103)\Greenhouses (10)\A Small Backyard Greenhouse for the Home Gardener.pdf,D:\Documentos\The Liberator\The Liberator 5 - Prepping and Self-Sufficiency\Food (298)\Food Production - Gardening (103)\Greenhouses (10)\A Small Backyard Greenhouse for the Home Gardener.cover.jpg,True,464,600,62746,
D:\Documentos\The Liberator\The Liberator 5 - Prepping and Self-Sufficiency\Food (298)\Food Production - Gardening (103)\Greenhouses (10)\Aphid Control.pdf,D:\Documentos\The Liberator\The Liberator 5 - Prepping and Self-Sufficiency\Food (298)\Food Production - Gardening (103)\Greenhouses (10)\Aphid Control.cover.jpg,True,464,600,68855,
D:\Documentos\The Liberator\The Liberator 5 - Prepping and Self-Sufficiency\Food (298)\Food Production - Gardening (103)\Greenhouses (10)\Compost Heated Greenhouses.pdf,D:\Documentos\The Liberator\The Liberator 5 - Prepping and Self-Sufficiency\Food (298)\Food Production - Gardening (103)\Greenhouses (10)\Compost Heated Greenhouses.cover.jpg,True,464,600,68076,
D:\Documentos\The Liberator\The Liberator 5 - Prepping and Self-Sufficiency\Food (298)\Food Production - Gardening (103)\Greenhouses (10)\Greenhouse IPM - Sustainable Whitefly Control.pdf,D:\Documentos\The Liberator\The Liberator 5 - Prepping and Self-Sufficiency\Food (298)\Food Production - Gardening (103)\Greenhouses (10)\Greenhouse IPM - Sustainable Whitefly Control.cover.jpg,True,464,600,66527,
D:\Documentos\The Liberator\The Liberator 5 - Prepping and Self-Sufficiency\Food (298)\Food Production - Gardening (103)\Greenhouses (10)\Herbs - Organic Greenhouse Production.pdf,D:\Documentos\The Liberator\The Liberator 5 - Prepping and Self-Sufficiency\Food (298)\Food Production - Gardening (103)\Greenhouses (10)\Herbs - Organic Greenhouse Production.cover.jpg,True,464,600,81682,
D:\Documentos\The Liberator\The Liberator 5 - Prepping and Self-Sufficiency\Food (298)\Food Production - Gardening (103)\Greenhouses (10)\Hoophouse Construction.pdf,D:\Documentos\The Liberator\The Liberator 5 - Prepping and Self-Sufficiency\Food (298)\Food Production - Gardening (103)\Greenhouses (10)\Hoophouse Construction.cover.jpg,True,464,600,26900,
D:\Documentos\The Liberator\The Liberator 5 - Prepping and Self-Sufficiency\Food (298)\Food Production - Gardening (103)\Greenhouses (10)\Hot Beds and Cold Frames.pdf,D:\Documentos\The Liberator\The Liberator 5 - Prepping and Self-Sufficiency\Food (298)\Food Production - Gardening (103)\Greenhouses (10)\Hot Beds and Cold Frames.cover.jpg,True,464,600,66584,
D:\Documentos\The Liberator\The Liberator 5 - Prepping and Self-Sufficiency\Food (298)\Food Production - Gardening (103)\Greenhouses (10)\Integrated Pest Management for Greenhouse Crops.pdf,D:\Documentos\The Liberator\The Liberator 5 - Prepping and Self-Sufficiency\Food (298)\Food Production - Gardening (103)\Greenhouses (10)\Integrated Pest Management for Greenhouse Crops.cover.jpg,True,464,600,67235,
D:\Documentos\The Liberator\The Liberator 5 - Prepping and Self-Sufficiency\Food (298)\Food Production - Gardening (103)\Greenhouses (10)\Root Zone Heating for Greenhouse Crops.pdf,D:\Documentos\The Liberator\The Liberator 5 - Prepping and Self-Sufficiency\Food (298)\Food Production - Gardening (103)\Greenhouses (10)\Root Zone Heating for Greenhouse Crops.cover.jpg,True,464,600,79119,
D:\Documentos\The Liberator\The Liberator 5 - Prepping and Self-Sufficiency\Food (298)\Food Production - Gardening (103)\Greenhouses (10)\Small Plastic Greenhouses.pdf,D:\Documentos\The Liberator\The Liberator 5 - Prepping and Self-Sufficiency\Food (298)\Food Production - Gardening (103)\Greenhouses (10)\Small Plastic Greenhouses.cover.jpg,True,600,463,32898,
D:\Documentos\The Liberator\The Liberator 5 - Prepping and Self-Sufficiency\Food (298)\Food Production - Gardening (103)\Grow Your Own Spirulina.pdf,D:\Documentos\The Liberator\The Liberator 5 - Prepping and Self-Sufficiency\Food (298)\Food Production - Gardening (103)\Grow Your Own Spirulina.cover.jpg,True,464,600,66450,
D:\Documentos\The Liberator\The Liberator 5 - Prepping and Self-Sufficiency\Food (298)\Food Production - Gardening (103)\Growing and Harvesting Wheat by Hand.pdf,D:\Documentos\The Liberator\The Liberator 5 - Prepping and Self-Sufficiency\Food (298)\Food Production - Gardening (103)\Growing and Harvesting Wheat by Hand.cover.jpg,True,464,600,73069,
D:\Documentos\The Liberator\The Liberator 5 - Prepping and Self-Sufficiency\Food (298)\Food Production - Gardening (103)\Growing Grains for Livestock.pdf,D:\Documentos\The Liberator\The Liberator 5 - Prepping and Self-Sufficiency\Food (298)\Food Production - Gardening (103)\Growing Grains for Livestock.cover.jpg,True,464,600,88113,
D:\Documentos\The Liberator\The Liberator 5 - Prepping and Self-Sufficiency\Food (298)\Food Production - Gardening (103)\Growing Vegetables in Containers.pdf,D:\Documentos\The Liberator\The Liberator 5 - Prepping and Self-Sufficiency\Food (298)\Food Production - Gardening (103)\Growing Vegetables in Containers.cover.jpg,True,464,600,61259,
D:\Documentos\The Liberator\The Liberator 5 - Prepping and Self-Sufficiency\Food (298)\Food Production - Gardening (103)\Growing Vegetables in the Home Garden.pdf,D:\Documentos\The Liberator\The Liberator 5 - Prepping and Self-Sufficiency\Food (298)\Food Production - Gardening (103)\Growing Vegetables in the Home Garden.cover.jpg,True,464,600,66147,
D:\Documentos\The Liberator\The Liberator 5 - Prepping and Self-Sufficiency\Food (298)\Food Production - Gardening (103)\Herb Production in Organic Systems.pdf,D:\Documentos\The Liberator\The Liberator 5 - Prepping and Self-Sufficiency\Food (298)\Food Production - Gardening (103)\Herb Production in Organic Systems.cover.jpg,True,464,600,74815,
D:\Documentos\The Liberator\The Liberator 5 - Prepping and Self-Sufficiency\Food (298)\Food Production - Gardening (103)\How To Construct a Simple Garden Pond.pdf,D:\Documentos\The Liberator\The Liberator 5 - Prepping and Self-Sufficiency\Food (298)\Food Production - Gardening (103)\How To Construct a Simple Garden Pond.cover.jpg,True,424,600,37147,
D:\Documentos\The Liberator\The Liberator 5 - Prepping and Self-Sufficiency\Food (298)\Food Production - Gardening (103)\How To Help Rice Grow Produce More Teach.pdf,D:\Documentos\The Liberator\The Liberator 5 - Prepping and Self-Sufficiency\Food (298)\Food Production - Gardening (103)\How To Help Rice Grow Produce More Teach.cover.jpg,True,464,600,63365,
D:\Documentos\The Liberator\The Liberator 5 - Prepping and Self-Sufficiency\Food (298)\Food Production - Gardening (103)\Intensive Planting Methods.pdf,D:\Documentos\The Liberator\The Liberator 5 - Prepping and Self-Sufficiency\Food (298)\Food Production - Gardening (103)\Intensive Planting Methods.cover.jpg,True,464,600,71717,
D:\Documentos\The Liberator\The Liberator 5 - Prepping and Self-Sufficiency\Food (298)\Food Production - Gardening (103)\Introduction To Organic Gardening.pdf,D:\Documentos\The Liberator\The Liberator 5 - Prepping and Self-Sufficiency\Food (298)\Food Production - Gardening (103)\Introduction To Organic Gardening.cover.jpg,True,464,600,14874,
D:\Documentos\The Liberator\The Liberator 5 - Prepping and Self-Sufficiency\Food (298)\Food Production - Gardening (103)\Permaculture (3)\Agro Forestry.pdf,D:\Documentos\The Liberator\The Liberator 5 - Prepping and Self-Sufficiency\Food (298)\Food Production - Gardening (103)\Permaculture (3)\Agro Forestry.cover.jpg,True,464,600,84284,
D:\Documentos\The Liberator\The Liberator 5 - Prepping and Self-Sufficiency\Food (298)\Food Production - Gardening (103)\Permaculture (3)\Permaculture - A Beginner's Guide.pdf,D:\Documentos\The Liberator\The Liberator 5 - Prepping and Self-Sufficiency\Food (298)\Food Production - Gardening (103)\Permaculture (3)\Permaculture - A Beginner's Guide.cover.jpg,True,464,600,32670,
D:\Documentos\The Liberator\The Liberator 5 - Prepping and Self-Sufficiency\Food (298)\Food Production - Gardening (103)\Permaculture (3)\Welcome to Permaculture.pdf,D:\Documentos\The Liberator\The Liberator 5 - Prepping and Self-Sufficiency\Food (298)\Food Production - Gardening (103)\Permaculture (3)\Welcome to Permaculture.cover.jpg,True,425,600,71787,
D:\Documentos\The Liberator\The Liberator 5 - Prepping and Self-Sufficiency\Food (298)\Food Production - Gardening (103)\Pest Control (9)\Controlling Mite Pests in Earthworm Beds.pdf,D:\Documentos\The Liberator\The Liberator 5 - Prepping and Self-Sufficiency\Food (298)\Food Production - Gardening (103)\Pest Control (9)\Controlling Mite Pests in Earthworm Beds.cover.jpg,True,464,600,68446,
D:\Documentos\The Liberator\The Liberator 5 - Prepping and Self-Sufficiency\Food (298)\Food Production - Gardening (103)\Pest Control (9)\Cucumber Beetle.pdf,D:\Documentos\The Liberator\The Liberator 5 - Prepping and Self-Sufficiency\Food (298)\Food Production - Gardening (103)\Pest Control (9)\Cucumber Beetle.cover.jpg,True,464,600,86398,
D:\Documentos\The Liberator\The Liberator 5 - Prepping and Self-Sufficiency\Food (298)\Food Production - Gardening (103)\Pest Control (9)\Cucumber Beetles.pdf,D:\Documentos\The Liberator\The Liberator 5 - Prepping and Self-Sufficiency\Food (298)\Food Production - Gardening (103)\Pest Control (9)\Cucumber Beetles.cover.jpg,True,464,600,71295,
D:\Documentos\The Liberator\The Liberator 5 - Prepping and Self-Sufficiency\Food (298)\Food Production - Gardening (103)\Pest Control (9)\Downy Mildew.pdf,D:\Documentos\The Liberator\The Liberator 5 - Prepping and Self-Sufficiency\Food (298)\Food Production - Gardening (103)\Pest Control (9)\Downy Mildew.cover.jpg,True,464,600,74615,
D:\Documentos\The Liberator\The Liberator 5 - Prepping and Self-Sufficiency\Food (298)\Food Production - Gardening (103)\Pest Control (9)\European Corn Borer.pdf,D:\Documentos\The Liberator\The Liberator 5 - Prepping and Self-Sufficiency\Food (298)\Food Production - Gardening (103)\Pest Control (9)\European Corn Borer.cover.jpg,True,464,600,54728,
D:\Documentos\The Liberator\The Liberator 5 - Prepping and Self-Sufficiency\Food (298)\Food Production - Gardening (103)\Pest Control (9)\Green Peach Aphid on Vegetables.pdf,D:\Documentos\The Liberator\The Liberator 5 - Prepping and Self-Sufficiency\Food (298)\Food Production - Gardening (103)\Pest Control (9)\Green Peach Aphid on Vegetables.cover.jpg,True,464,600,72138,
D:\Documentos\The Liberator\The Liberator 5 - Prepping and Self-Sufficiency\Food (298)\Food Production - Gardening (103)\Pest Control (9)\Japanese Beetle.pdf,D:\Documentos\The Liberator\The Liberator 5 - Prepping and Self-Sufficiency\Food (298)\Food Production - Gardening (103)\Pest Control (9)\Japanese Beetle.cover.jpg,True,464,600,69332,
D:\Documentos\The Liberator\The Liberator 5 - Prepping and Self-Sufficiency\Food (298)\Food Production - Gardening (103)\Pest Control (9)\Late Blight Control.pdf,D:\Documentos\The Liberator\The Liberator 5 - Prepping and Self-Sufficiency\Food (298)\Food Production - Gardening (103)\Pest Control (9)\Late Blight Control.cover.jpg,True,464,600,73186,
D:\Documentos\The Liberator\The Liberator 5 - Prepping and Self-Sufficiency\Food (298)\Food Production - Gardening (103)\Pest Control (9)\Pepper Maggot.pdf,D:\Documentos\The Liberator\The Liberator 5 - Prepping and Self-Sufficiency\Food (298)\Food Production - Gardening (103)\Pest Control (9)\Pepper Maggot.cover.jpg,True,464,600,57997,
D:\Documentos\The Liberator\The Liberator 5 - Prepping and Self-Sufficiency\Food (298)\Food Production - Gardening (103)\Practical Farming and Gardening.pdf,D:\Documentos\The Liberator\The Liberator 5 - Prepping and Self-Sufficiency\Food (298)\Food Production - Gardening (103)\Practical Farming and Gardening.cover.jpg,True,454,600,79102,
D:\Documentos\The Liberator\The Liberator 5 - Prepping and Self-Sufficiency\Food (298)\Food Production - Gardening (103)\Questions and Answers About Rice Intensification Model.pdf,D:\Documentos\The Liberator\The Liberator 5 - Prepping and Self-Sufficiency\Food (298)\Food Production - Gardening (103)\Questions and Answers About Rice Intensification Model.cover.jpg,True,464,600,71600,
D:\Documentos\The Liberator\The Liberator 5 - Prepping and Self-Sufficiency\Food (298)\Food Production - Gardening (103)\Saving Your Own Vegetable Seeds.pdf,D:\Documentos\The Liberator\The Liberator 5 - Prepping and Self-Sufficiency\Food (298)\Food Production - Gardening (103)\Saving Your Own Vegetable Seeds.cover.jpg,True,418,600,59395,
D:\Documentos\The Liberator\The Liberator 5 - Prepping and Self-Sufficiency\Food (298)\Food Production - Gardening (103)\Soil (8)\A Guide for Using Compost Materials as Soil Amendments.pdf,D:\Documentos\The Liberator\The Liberator 5 - Prepping and Self-Sufficiency\Food (298)\Food Production - Gardening (103)\Soil (8)\A Guide for Using Compost Materials as Soil Amendments.cover.jpg,True,464,600,72673,
D:\Documentos\The Liberator\The Liberator 5 - Prepping and Self-Sufficiency\Food (298)\Food Production - Gardening (103)\Soil (8)\Building Soil Organic Matter With Organic Amendments.pdf,D:\Documentos\The Liberator\The Liberator 5 - Prepping and Self-Sufficiency\Food (298)\Food Production - Gardening (103)\Soil (8)\Building Soil Organic Matter With Organic Amendments.cover.jpg,True,464,600,55065,
D:\Documentos\The Liberator\The Liberator 5 - Prepping and Self-Sufficiency\Food (298)\Food Production - Gardening (103)\Soil (8)\Dryland Farming - Crops and Techniques for Arid Regions.pdf,D:\Documentos\The Liberator\The Liberator 5 - Prepping and Self-Sufficiency\Food (298)\Food Production - Gardening (103)\Soil (8)\Dryland Farming - Crops and Techniques for Arid Regions.cover.jpg,True,464,600,56170,
D:\Documentos\The Liberator\The Liberator 5 - Prepping and Self-Sufficiency\Food (298)\Food Production - Gardening (103)\Soil (8)\How To Make Fertilizer.pdf,D:\Documentos\The Liberator\The Liberator 5 - Prepping and Self-Sufficiency\Food (298)\Food Production - Gardening (103)\Soil (8)\How To Make Fertilizer.cover.jpg,True,460,600,24609,
D:\Documentos\The Liberator\The Liberator 5 - Prepping and Self-Sufficiency\Food (298)\Food Production - Gardening (103)\Soil (8)\Know Your Soil.pdf,D:\Documentos\The Liberator\The Liberator 5 - Prepping and Self-Sufficiency\Food (298)\Food Production - Gardening (103)\Soil (8)\Know Your Soil.cover.jpg,True,464,600,48541,
D:\Documentos\The Liberator\The Liberator 5 - Prepping and Self-Sufficiency\Food (298)\Food Production - Gardening (103)\Soil (8)\Soil - It's Not Dirt.pdf,D:\Documentos\The Liberator\The Liberator 5 - Prepping and Self-Sufficiency\Food (298)\Food Production - Gardening (103)\Soil (8)\Soil - It's Not Dirt.cover.jpg,True,463,600,61635,
D:\Documentos\The Liberator\The Liberator 5 - Prepping and Self-Sufficiency\Food (298)\Food Production - Gardening (103)\Soil (8)\Soil Composition.pdf,D:\Documentos\The Liberator\The Liberator 5 - Prepping and Self-Sufficiency\Food (298)\Food Production - Gardening (103)\Soil (8)\Soil Composition.cover.jpg,True,464,600,66028,
D:\Documentos\The Liberator\The Liberator 5 - Prepping and Self-Sufficiency\Food (298)\Food Production - Gardening (103)\Soil (8)\Soils Overview.pdf,D:\Documentos\The Liberator\The Liberator 5 - Prepping and Self-Sufficiency\Food (298)\Food Production - Gardening (103)\Soil (8)\Soils Overview.cover.jpg,True,464,600,67254,
D:\Documentos\The Liberator\The Liberator 5 - Prepping and Self-Sufficiency\Food (298)\Food Production - Gardening (103)\Specific Crops (23)\Alfalfa.pdf,D:\Documentos\The Liberator\The Liberator 5 - Prepping and Self-Sufficiency\Food (298)\Food Production - Gardening (103)\Specific Crops (23)\Alfalfa.cover.jpg,True,464,600,89054,
D:\Documentos\The Liberator\The Liberator 5 - Prepping and Self-Sufficiency\Food (298)\Food Production - Gardening (103)\Specific Crops (23)\Allium.pdf,D:\Documentos\The Liberator\The Liberator 5 - Prepping and Self-Sufficiency\Food (298)\Food Production - Gardening (103)\Specific Crops (23)\Allium.cover.jpg,True,464,600,78706,
D:\Documentos\The Liberator\The Liberator 5 - Prepping and Self-Sufficiency\Food (298)\Food Production - Gardening (103)\Specific Crops (23)\Asparagus.pdf,D:\Documentos\The Liberator\The Liberator 5 - Prepping and Self-Sufficiency\Food (298)\Food Production - Gardening (103)\Specific Crops (23)\Asparagus.cover.jpg,True,464,600,84397,
D:\Documentos\The Liberator\The Liberator 5 - Prepping and Self-Sufficiency\Food (298)\Food Production - Gardening (103)\Specific Crops (23)\Bamboo.pdf,D:\Documentos\The Liberator\The Liberator 5 - Prepping and Self-Sufficiency\Food (298)\Food Production - Gardening (103)\Specific Crops (23)\Bamboo.cover.jpg,True,464,600,65027,
D:\Documentos\The Liberator\The Liberator 5 - Prepping and Self-Sufficiency\Food (298)\Food Production - Gardening (103)\Specific Crops (23)\Bora Cultivation And Post Harvest.pdf,D:\Documentos\The Liberator\The Liberator 5 - Prepping and Self-Sufficiency\Food (298)\Food Production - Gardening (103)\Specific Crops (23)\Bora Cultivation And Post Harvest.cover.jpg,True,464,600,62153,
D:\Documentos\The Liberator\The Liberator 5 - Prepping and Self-Sufficiency\Food (298)\Food Production - Gardening (103)\Specific Crops (23)\Broccoli.pdf,D:\Documentos\The Liberator\The Liberator 5 - Prepping and Self-Sufficiency\Food (298)\Food Production - Gardening (103)\Specific Crops (23)\Broccoli.cover.jpg,True,464,600,78097,
D:\Documentos\The Liberator\The Liberator 5 - Prepping and Self-Sufficiency\Food (298)\Food Production - Gardening (103)\Specific Crops (23)\Field Corn.pdf,D:\Documentos\The Liberator\The Liberator 5 - Prepping and Self-Sufficiency\Food (298)\Food Production - Gardening (103)\Specific Crops (23)\Field Corn.cover.jpg,True,464,600,77546,
D:\Documentos\The Liberator\The Liberator 5 - Prepping and Self-Sufficiency\Food (298)\Food Production - Gardening (103)\Specific Crops (23)\Garlic.pdf,D:\Documentos\The Liberator\The Liberator 5 - Prepping and Self-Sufficiency\Food (298)\Food Production - Gardening (103)\Specific Crops (23)\Garlic.cover.jpg,True,464,600,85742,
"D:\Documentos\The Liberator\The Liberator 5 - Prepping and Self-Sufficiency\Food (298)\Food Production - Gardening (103)\Specific Crops (23)\Ginseng, Goldenseal, and Other Native Roots.pdf","D:\Documentos\The Liberator\The Liberator 5 - Prepping and Self-Sufficiency\Food (298)\Food Production - Gardening (103)\Specific Crops (23)\Ginseng, Goldenseal, and Other Native Roots.cover.jpg",True,464,600,78020,
D:\Documentos\The Liberator\The Liberator 5 - Prepping and Self-Sufficiency\Food (298)\Food Production - Gardening (103)\Specific Crops (23)\Ginseng.pdf,D:\Documentos\The Liberator\The Liberator 5 - Prepping and Self-Sufficiency\Food (298)\Food Production - Gardening (103)\Specific Crops (23)\Ginseng.cover.jpg,True,464,600,73569,
"D:\Documentos\The Liberator\The Liberator 5 - Prepping and Self-Sufficiency\Food (298)\Food Production - Gardening (103)\Specific Crops (23)\Harvesting, Curing, and Storage of Sweet Potatoes.pdf","D:\Documentos\The Liberator\The Liberator 5 - Prepping and Self-Sufficiency\Food (298)\Food Production - Gardening (103)\Specific Crops (23)\Harvesting, Curing, and Storage of Sweet Potatoes.cover.jpg",True,450,600,22882,
D:\Documentos\The Liberator\The Liberator 5 - Prepping and Self-Sufficiency\Food (298)\Food Production - Gardening (103)\Specific Crops (23)\Hops.pdf,D:\Documentos\The Liberator\The Liberator 5 - Prepping and Self-Sufficiency\Food (298)\Food Production - Gardening (103)\Specific Crops (23)\Hops.cover.jpg,True,464,600,78640,
D:\Documentos\The Liberator\The Liberator 5 - Prepping and Self-Sufficiency\Food (298)\Food Production - Gardening (103)\Specific Crops (23)\Lemon Balm.pdf,D:\Documentos\The Liberator\The Liberator 5 - Prepping and Self-Sufficiency\Food (298)\Food Production - Gardening (103)\Specific Crops (23)\Lemon Balm.cover.jpg,True,464,600,41604,
D:\Documentos\The Liberator\The Liberator 5 - Prepping and Self-Sufficiency\Food (298)\Food Production - Gardening (103)\Specific Crops (23)\Lettuce.pdf,D:\Documentos\The Liberator\The Liberator 5 - Prepping and Self-Sufficiency\Food (298)\Food Production - Gardening (103)\Specific Crops (23)\Lettuce.cover.jpg,True,464,600,53882,
D:\Documentos\The Liberator\The Liberator 5 - Prepping and Self-Sufficiency\Food (298)\Food Production - Gardening (103)\Specific Crops (23)\Peanuts.pdf,D:\Documentos\The Liberator\The Liberator 5 - Prepping and Self-Sufficiency\Food (298)\Food Production - Gardening (103)\Specific Crops (23)\Peanuts.cover.jpg,True,464,600,68284,
D:\Documentos\The Liberator\The Liberator 5 - Prepping and Self-Sufficiency\Food (298)\Food Production - Gardening (103)\Specific Crops (23)\Pumpkin and Winter Squash.pdf,D:\Documentos\The Liberator\The Liberator 5 - Prepping and Self-Sufficiency\Food (298)\Food Production - Gardening (103)\Specific Crops (23)\Pumpkin and Winter Squash.cover.jpg,True,464,600,76422,
D:\Documentos\The Liberator\The Liberator 5 - Prepping and Self-Sufficiency\Food (298)\Food Production - Gardening (103)\Specific Crops (23)\Pumpkin Cultivation And Post Harvest Handling.pdf,D:\Documentos\The Liberator\The Liberator 5 - Prepping and Self-Sufficiency\Food (298)\Food Production - Gardening (103)\Specific Crops (23)\Pumpkin Cultivation And Post Harvest Handling.cover.jpg,True,464,600,80291,
D:\Documentos\The Liberator\The Liberator 5 - Prepping and Self-Sufficiency\Food (298)\Food Production - Gardening (103)\Specific Crops (23)\Rice.pdf,D:\Documentos\The Liberator\The Liberator 5 - Prepping and Self-Sufficiency\Food (298)\Food Production - Gardening (103)\Specific Crops (23)\Rice.cover.jpg,True,464,600,64671,
D:\Documentos\The Liberator\The Liberator 5 - Prepping and Self-Sufficiency\Food (298)\Food Production - Gardening (103)\Specific Crops (23)\Sweet Corn.pdf,D:\Documentos\The Liberator\The Liberator 5 - Prepping and Self-Sufficiency\Food (298)\Food Production - Gardening (103)\Specific Crops (23)\Sweet Corn.cover.jpg,True,464,600,89422,
D:\Documentos\The Liberator\The Liberator 5 - Prepping and Self-Sufficiency\Food (298)\Food Production - Gardening (103)\Specific Crops (23)\Sweetpotato - Organic Production.pdf,D:\Documentos\The Liberator\The Liberator 5 - Prepping and Self-Sufficiency\Food (298)\Food Production - Gardening (103)\Specific Crops (23)\Sweetpotato - Organic Production.cover.jpg,True,464,600,64902,
D:\Documentos\The Liberator\The Liberator 5 - Prepping and Self-Sufficiency\Food (298)\Food Production - Gardening (103)\Specific Crops (23)\Tobacco.pdf,D:\Documentos\The Liberator\The Liberator 5 - Prepping and Self-Sufficiency\Food (298)\Food Production - Gardening (103)\Specific Crops (23)\Tobacco.cover.jpg,True,464,600,79161,
D:\Documentos\The Liberator\The Liberator 5 - Prepping and Self-Sufficiency\Food (298)\Food Production - Gardening (103)\Specific Crops (23)\Tomatoes.pdf,D:\Documentos\The Liberator\The Liberator 5 - Prepping and Self-Sufficiency\Food (298)\Food Production - Gardening (103)\Specific Crops (23)\Tomatoes.cover.jpg,True,464,600,71430,
D:\Documentos\The Liberator\The Liberator 5 - Prepping and Self-Sufficiency\Food (298)\Food Production - Gardening (103)\Specific Crops (23)\Watermelon Cultivation and Post Harvest Handling.pdf,D:\Documentos\The Liberator\The Liberator 5 - Prepping and Self-Sufficiency\Food (298)\Food Production - Gardening (103)\Specific Crops (23)\Watermelon Cultivation and Post Harvest Handling.cover.jpg,True,464,600,62878,
D:\Documentos\The Liberator\The Liberator 5 - Prepping and Self-Sufficiency\Food (298)\Food Production - Gardening (103)\System Of Rice Intensification Based On Katayamas Tillering Model.pdf,D:\Documentos\The Liberator\The Liberator 5 - Prepping and Self-Sufficiency\Food (298)\Food Production - Gardening (103)\System Of Rice Intensification Based On Katayamas Tillering Model.cover.jpg,True,464,600,62031,
D:\Documentos\The Liberator\The Liberator 5 - Prepping and Self-Sufficiency\Food (298)\Food Production - Gardening (103)\Test The Soil First.pdf,D:\Documentos\The Liberator\The Liberator 5 - Prepping and Self-Sufficiency\Food (298)\Food Production - Gardening (103)\Test The Soil First.cover.jpg,True,461,600,28541,
D:\Documentos\The Liberator\The Liberator 5 - Prepping and Self-Sufficiency\Food (298)\Food Production - Gardening (103)\The Amateur Garden.pdf,D:\Documentos\The Liberator\The Liberator 5 - Prepping and Self-Sufficiency\Food (298)\Food Production - Gardening (103)\The Amateur Garden.cover.jpg,True,451,600,35213,
D:\Documentos\The Liberator\The Liberator 5 - Prepping and Self-Sufficiency\Food (298)\Food Production - Gardening (103)\The Handbook For Practical Farmers.pdf,D:\Documentos\The Liberator\The Liberator 5 - Prepping and Self-Sufficiency\Food (298)\Food Production - Gardening (103)\The Handbook For Practical Farmers.cover.jpg,True,464,600,48572,
D:\Documentos\The Liberator\The Liberator 5 - Prepping and Self-Sufficiency\Food (298)\Food Production - Gardening (103)\Tree Crops (12)\10 Basics of When and How to Prune Fruit Trees.pdf,D:\Documentos\The Liberator\The Liberator 5 - Prepping and Self-Sufficiency\Food (298)\Food Production - Gardening (103)\Tree Crops (12)\10 Basics of When and How to Prune Fruit Trees.cover.jpg,True,464,600,63837,
D:\Documentos\The Liberator\The Liberator 5 - Prepping and Self-Sufficiency\Food (298)\Food Production - Gardening (103)\Tree Crops (12)\Fruit Tree Tips.pdf,D:\Documentos\The Liberator\The Liberator 5 - Prepping and Self-Sufficiency\Food (298)\Food Production - Gardening (103)\Tree Crops (12)\Fruit Tree Tips.cover.jpg,True,464,600,73018,
D:\Documentos\The Liberator\The Liberator 5 - Prepping and Self-Sufficiency\Food (298)\Food Production - Gardening (103)\Tree Crops (12)\Grafting and Budding of Fruit Trees.pdf,D:\Documentos\The Liberator\The Liberator 5 - Prepping and Self-Sufficiency\Food (298)\Food Production - Gardening (103)\Tree Crops (12)\Grafting and Budding of Fruit Trees.cover.jpg,True,464,600,21690,
D:\Documentos\The Liberator\The Liberator 5 - Prepping and Self-Sufficiency\Food (298)\Food Production - Gardening (103)\Tree Crops (12)\Grafting and Propogating Fruit Trees.pdf,D:\Documentos\The Liberator\The Liberator 5 - Prepping and Self-Sufficiency\Food (298)\Food Production - Gardening (103)\Tree Crops (12)\Grafting and Propogating Fruit Trees.cover.jpg,True,464,600,41708,
D:\Documentos\The Liberator\The Liberator 5 - Prepping and Self-Sufficiency\Food (298)\Food Production - Gardening (103)\Tree Crops (12)\Growing Temperate Trees.pdf,D:\Documentos\The Liberator\The Liberator 5 - Prepping and Self-Sufficiency\Food (298)\Food Production - Gardening (103)\Tree Crops (12)\Growing Temperate Trees.cover.jpg,True,464,600,12891,
D:\Documentos\The Liberator\The Liberator 5 - Prepping and Self-Sufficiency\Food (298)\Food Production - Gardening (103)\Tree Crops (12)\Introduction to Fruit Tree Grafting.pdf,D:\Documentos\The Liberator\The Liberator 5 - Prepping and Self-Sufficiency\Food (298)\Food Production - Gardening (103)\Tree Crops (12)\Introduction to Fruit Tree Grafting.cover.jpg,True,600,450,39816,
D:\Documentos\The Liberator\The Liberator 5 - Prepping and Self-Sufficiency\Food (298)\Food Production - Gardening (103)\Tree Crops (12)\Pollination of Fruit Trees.pdf,D:\Documentos\The Liberator\The Liberator 5 - Prepping and Self-Sufficiency\Food (298)\Food Production - Gardening (103)\Tree Crops (12)\Pollination of Fruit Trees.cover.jpg,True,464,600,61355,
D:\Documentos\The Liberator\The Liberator 5 - Prepping and Self-Sufficiency\Food (298)\Food Production - Gardening (103)\Tree Crops (12)\Pruning Fruit Trees.pdf,D:\Documentos\The Liberator\The Liberator 5 - Prepping and Self-Sufficiency\Food (298)\Food Production - Gardening (103)\Tree Crops (12)\Pruning Fruit Trees.cover.jpg,True,389,600,45542,
D:\Documentos\The Liberator\The Liberator 5 - Prepping and Self-Sufficiency\Food (298)\Food Production - Gardening (103)\Tree Crops (12)\Reproducing Fruit Trees by Graftage.pdf,D:\Documentos\The Liberator\The Liberator 5 - Prepping and Self-Sufficiency\Food (298)\Food Production - Gardening (103)\Tree Crops (12)\Reproducing Fruit Trees by Graftage.cover.jpg,True,464,600,80075,
D:\Documentos\The Liberator\The Liberator 5 - Prepping and Self-Sufficiency\Food (298)\Food Production - Gardening (103)\Tree Crops (12)\Top Working and Bridge Grafting in Fruit Trees.pdf,D:\Documentos\The Liberator\The Liberator 5 - Prepping and Self-Sufficiency\Food (298)\Food Production - Gardening (103)\Tree Crops (12)\Top Working and Bridge Grafting in Fruit Trees.cover.jpg,True,463,600,59224,
D:\Documentos\The Liberator\The Liberator 5 - Prepping and Self-Sufficiency\Food (298)\Food Production - Gardening (103)\Tree Crops (12)\Training and Pruning Fruit Trees (North Carolina State University).pdf,D:\Documentos\The Liberator\The Liberator 5 - Prepping and Self-Sufficiency\Food (298)\Food Production - Gardening (103)\Tree Crops (12)\Training and Pruning Fruit Trees (North Carolina State University).cover.jpg,True,464,600,47484,
D:\Documentos\The Liberator\The Liberator 5 - Prepping and Self-Sufficiency\Food (298)\Food Production - Gardening (103)\Tree Crops (12)\Training and Pruning Fruit Trees (University of California).pdf,D:\Documentos\The Liberator\The Liberator 5 - Prepping and Self-Sufficiency\Food (298)\Food Production - Gardening (103)\Tree Crops (12)\Training and Pruning Fruit Trees (University of California).cover.jpg,True,464,600,82499,
D:\Documentos\The Liberator\The Liberator 5 - Prepping and Self-Sufficiency\Food (298)\Food Production - Gardening (103)\Uses of Copper Compounds Copper Sulphate's Role in Agriculture.pdf,D:\Documentos\The Liberator\The Liberator 5 - Prepping and Self-Sufficiency\Food (298)\Food Production - Gardening (103)\Uses of Copper Compounds Copper Sulphate's Role in Agriculture.cover.jpg,True,464,600,46337,
D:\Documentos\The Liberator\The Liberator 5 - Prepping and Self-Sufficiency\Food (298)\Food Production - Gardening (103)\Vegetable Garden Encyclopedia.pdf,D:\Documentos\The Liberator\The Liberator 5 - Prepping and Self-Sufficiency\Food (298)\Food Production - Gardening (103)\Vegetable Garden Encyclopedia.cover.jpg,True,441,600,83381,
D:\Documentos\The Liberator\The Liberator 5 - Prepping and Self-Sufficiency\Food (298)\Food Production - Gardening (103)\Weed Control.pdf,D:\Documentos\The Liberator\The Liberator 5 - Prepping and Self-Sufficiency\Food (298)\Food Production - Gardening (103)\Weed Control.cover.jpg,True,464,600,81993,
D:\Documentos\The Liberator\The Liberator 5 - Prepping and Self-Sufficiency\Food (298)\Food Storage (24)\3 Month Food Supply Schedule.pdf,D:\Documentos\The Liberator\The Liberator 5 - Prepping and Self-Sufficiency\Food (298)\Food Storage (24)\3 Month Food Supply Schedule.cover.jpg,True,600,365,16577,
D:\Documentos\The Liberator\The Liberator 5 - Prepping and Self-Sufficiency\Food (298)\Food Storage (24)\Emergency Food For Babies.pdf,D:\Documentos\The Liberator\The Liberator 5 - Prepping and Self-Sufficiency\Food (298)\Food Storage (24)\Emergency Food For Babies.cover.jpg,True,464,600,80842,
D:\Documentos\The Liberator\The Liberator 5 - Prepping and Self-Sufficiency\Food (298)\Food Storage (24)\Essential Nutrient Sources.pdf,D:\Documentos\The Liberator\The Liberator 5 - Prepping and Self-Sufficiency\Food (298)\Food Storage (24)\Essential Nutrient Sources.cover.jpg,True,464,600,77076,
D:\Documentos\The Liberator\The Liberator 5 - Prepping and Self-Sufficiency\Food (298)\Food Storage (24)\Family Food Storage.pdf,D:\Documentos\The Liberator\The Liberator 5 - Prepping and Self-Sufficiency\Food (298)\Food Storage (24)\Family Food Storage.cover.jpg,True,464,600,68256,
D:\Documentos\The Liberator\The Liberator 5 - Prepping and Self-Sufficiency\Food (298)\Food Storage (24)\Food For Fifty.pdf,D:\Documentos\The Liberator\The Liberator 5 - Prepping and Self-Sufficiency\Food (298)\Food Storage (24)\Food For Fifty.cover.jpg,True,456,600,20800,
D:\Documentos\The Liberator\The Liberator 5 - Prepping and Self-Sufficiency\Food (298)\Food Storage (24)\Food in Medieval Times.pdf,D:\Documentos\The Liberator\The Liberator 5 - Prepping and Self-Sufficiency\Food (298)\Food Storage (24)\Food in Medieval Times.cover.jpg,True,393,600,77735,
D:\Documentos\The Liberator\The Liberator 5 - Prepping and Self-Sufficiency\Food (298)\Food Storage (24)\Food Shelf Life Recommendations.pdf,D:\Documentos\The Liberator\The Liberator 5 - Prepping and Self-Sufficiency\Food (298)\Food Storage (24)\Food Shelf Life Recommendations.cover.jpg,True,464,600,77628,
D:\Documentos\The Liberator\The Liberator 5 - Prepping and Self-Sufficiency\Food (298)\Food Storage (24)\Food Stocking for Small Spaces and Budgets.pdf,D:\Documentos\The Liberator\The Liberator 5 - Prepping and Self-Sufficiency\Food (298)\Food Storage (24)\Food Stocking for Small Spaces and Budgets.cover.jpg,True,464,600,7048,
D:\Documentos\The Liberator\The Liberator 5 - Prepping and Self-Sufficiency\Food (298)\Food Storage (24)\Food Storage for Survival.pdf,D:\Documentos\The Liberator\The Liberator 5 - Prepping and Self-Sufficiency\Food (298)\Food Storage (24)\Food Storage for Survival.cover.jpg,True,464,600,38968,
D:\Documentos\The Liberator\The Liberator 5 - Prepping and Self-Sufficiency\Food (298)\Food Storage (24)\Food storage Shopping List.pdf,D:\Documentos\The Liberator\The Liberator 5 - Prepping and Self-Sufficiency\Food (298)\Food Storage (24)\Food storage Shopping List.cover.jpg,True,464,600,35375,
D:\Documentos\The Liberator\The Liberator 5 - Prepping and Self-Sufficiency\Food (298)\Food Storage (24)\Grains and Legumes.pdf,D:\Documentos\The Liberator\The Liberator 5 - Prepping and Self-Sufficiency\Food (298)\Food Storage (24)\Grains and Legumes.cover.jpg,True,464,600,20559,
D:\Documentos\The Liberator\The Liberator 5 - Prepping and Self-Sufficiency\Food (298)\Food Storage (24)\How Much To Store.pdf,D:\Documentos\The Liberator\The Liberator 5 - Prepping and Self-Sufficiency\Food (298)\Food Storage (24)\How Much To Store.cover.jpg,True,464,600,54866,
D:\Documentos\The Liberator\The Liberator 5 - Prepping and Self-Sufficiency\Food (298)\Food Storage (24)\Mylar Bag Sealing Methods.pdf,D:\Documentos\The Liberator\The Liberator 5 - Prepping and Self-Sufficiency\Food (298)\Food Storage (24)\Mylar Bag Sealing Methods.cover.jpg,True,464,600,49389,
D:\Documentos\The Liberator\The Liberator 5 - Prepping and Self-Sufficiency\Food (298)\Food Storage (24)\One Year Emergency Food Supply For One Adult.pdf,D:\Documentos\The Liberator\The Liberator 5 - Prepping and Self-Sufficiency\Food (298)\Food Storage (24)\One Year Emergency Food Supply For One Adult.cover.jpg,True,464,600,74522,
D:\Documentos\The Liberator\The Liberator 5 - Prepping and Self-Sufficiency\Food (298)\Food Storage (24)\Pest Management (4)\Food Storage for Safety and Quality.pdf,D:\Documentos\The Liberator\The Liberator 5 - Prepping and Self-Sufficiency\Food (298)\Food Storage (24)\Pest Management (4)\Food Storage for Safety and Quality.cover.jpg,True,464,600,72273,
D:\Documentos\The Liberator\The Liberator 5 - Prepping and Self-Sufficiency\Food (298)\Food Storage (24)\Pest Management (4)\Keeping Food Safe During an Emergency.pdf,D:\Documentos\The Liberator\The Liberator 5 - Prepping and Self-Sufficiency\Food (298)\Food Storage (24)\Pest Management (4)\Keeping Food Safe During an Emergency.cover.jpg,True,464,600,79388,
D:\Documentos\The Liberator\The Liberator 5 - Prepping and Self-Sufficiency\Food (298)\Food Storage (24)\Pest Management (4)\Pantry Pests.pdf,D:\Documentos\The Liberator\The Liberator 5 - Prepping and Self-Sufficiency\Food (298)\Food Storage (24)\Pest Management (4)\Pantry Pests.cover.jpg,True,464,600,64458,
D:\Documentos\The Liberator\The Liberator 5 - Prepping and Self-Sufficiency\Food (298)\Food Storage (24)\Pest Management (4)\Storage and Rodents.pdf,D:\Documentos\The Liberator\The Liberator 5 - Prepping and Self-Sufficiency\Food (298)\Food Storage (24)\Pest Management (4)\Storage and Rodents.cover.jpg,True,464,600,67201,
D:\Documentos\The Liberator\The Liberator 5 - Prepping and Self-Sufficiency\Food (298)\Food Storage (24)\Primary Priority—Basic Food Storage Plan For One Year.pdf,D:\Documentos\The Liberator\The Liberator 5 - Prepping and Self-Sufficiency\Food (298)\Food Storage (24)\Primary Priority—Basic Food Storage Plan For One Year.cover.jpg,True,464,600,87792,
D:\Documentos\The Liberator\The Liberator 5 - Prepping and Self-Sufficiency\Food (298)\Food Storage (24)\Stocking Food.pdf,D:\Documentos\The Liberator\The Liberator 5 - Prepping and Self-Sufficiency\Food (298)\Food Storage (24)\Stocking Food.cover.jpg,True,464,600,88610,
D:\Documentos\The Liberator\The Liberator 5 - Prepping and Self-Sufficiency\Food (298)\Food Storage (24)\Storage Full Doc Revised.pdf,D:\Documentos\The Liberator\The Liberator 5 - Prepping and Self-Sufficiency\Food (298)\Food Storage (24)\Storage Full Doc Revised.cover.jpg,True,424,600,44527,
D:\Documentos\The Liberator\The Liberator 5 - Prepping and Self-Sufficiency\Food (298)\Food Storage (24)\Storage in the Home.pdf,D:\Documentos\The Liberator\The Liberator 5 - Prepping and Self-Sufficiency\Food (298)\Food Storage (24)\Storage in the Home.cover.jpg,True,464,600,60180,
D:\Documentos\The Liberator\The Liberator 5 - Prepping and Self-Sufficiency\Food (298)\Food Storage (24)\Storage of Wheat.pdf,D:\Documentos\The Liberator\The Liberator 5 - Prepping and Self-Sufficiency\Food (298)\Food Storage (24)\Storage of Wheat.cover.jpg,True,464,600,43764,
D:\Documentos\The Liberator\The Liberator 5 - Prepping and Self-Sufficiency\Food (298)\Food Storage (24)\The 7 Major Mistakes in Food Storage.pdf,D:\Documentos\The Liberator\The Liberator 5 - Prepping and Self-Sufficiency\Food (298)\Food Storage (24)\The 7 Major Mistakes in Food Storage.cover.jpg,True,464,600,56125,
D:\Documentos\The Liberator\The Liberator 5 - Prepping and Self-Sufficiency\Food (298)\Other (6)\Diatomaceous Earth For Food Storage.pdf,D:\Documentos\The Liberator\The Liberator 5 - Prepping and Self-Sufficiency\Food (298)\Other (6)\Diatomaceous Earth For Food Storage.cover.jpg,True,464,600,68432,
D:\Documentos\The Liberator\The Liberator 5 - Prepping and Self-Sufficiency\Food (298)\Other (6)\Dictionary of Food.pdf,D:\Documentos\The Liberator\The Liberator 5 - Prepping and Self-Sufficiency\Food (298)\Other (6)\Dictionary of Food.cover.jpg,True,397,600,24415,
D:\Documentos\The Liberator\The Liberator 5 - Prepping and Self-Sufficiency\Food (298)\Other (6)\Fabulous Frugal Food Bills.pdf,D:\Documentos\The Liberator\The Liberator 5 - Prepping and Self-Sufficiency\Food (298)\Other (6)\Fabulous Frugal Food Bills.cover.jpg,True,400,600,54104,
D:\Documentos\The Liberator\The Liberator 5 - Prepping and Self-Sufficiency\Food (298)\Other (6)\Raw Foods Bible.pdf,D:\Documentos\The Liberator\The Liberator 5 - Prepping and Self-Sufficiency\Food (298)\Other (6)\Raw Foods Bible.cover.jpg,True,464,600,98912,
D:\Documentos\The Liberator\The Liberator 5 - Prepping and Self-Sufficiency\Food (298)\Other (6)\Tips For Better Bean Digestion.pdf,D:\Documentos\The Liberator\The Liberator 5 - Prepping and Self-Sufficiency\Food (298)\Other (6)\Tips For Better Bean Digestion.cover.jpg,True,464,600,63663,
D:\Documentos\The Liberator\The Liberator 5 - Prepping and Self-Sufficiency\Food (298)\Other (6)\Why Food Safety Will Continue Driving Growth in Demand for Organic Food.pdf,D:\Documentos\The Liberator\The Liberator 5 - Prepping and Self-Sufficiency\Food (298)\Other (6)\Why Food Safety Will Continue Driving Growth in Demand for Organic Food.cover.jpg,True,464,600,63791,
D:\Documentos\The Liberator\The Liberator 5 - Prepping and Self-Sufficiency\Food (298)\Preserving Meat (22)\Aging Wild Game.pdf,D:\Documentos\The Liberator\The Liberator 5 - Prepping and Self-Sufficiency\Food (298)\Preserving Meat (22)\Aging Wild Game.cover.jpg,True,464,600,61588,
"D:\Documentos\The Liberator\The Liberator 5 - Prepping and Self-Sufficiency\Food (298)\Preserving Meat (22)\Canning Meat, Poultry, and Game.pdf","D:\Documentos\The Liberator\The Liberator 5 - Prepping and Self-Sufficiency\Food (298)\Preserving Meat (22)\Canning Meat, Poultry, and Game.cover.jpg",True,389,600,32964,
D:\Documentos\The Liberator\The Liberator 5 - Prepping and Self-Sufficiency\Food (298)\Preserving Meat (22)\Curing Pork Products at Home.pdf,D:\Documentos\The Liberator\The Liberator 5 - Prepping and Self-Sufficiency\Food (298)\Preserving Meat (22)\Curing Pork Products at Home.cover.jpg,True,464,600,49152,
D:\Documentos\The Liberator\The Liberator 5 - Prepping and Self-Sufficiency\Food (298)\Preserving Meat (22)\Dry Curing Virginia Style Ham.pdf,D:\Documentos\The Liberator\The Liberator 5 - Prepping and Self-Sufficiency\Food (298)\Preserving Meat (22)\Dry Curing Virginia Style Ham.cover.jpg,True,464,600,66950,
D:\Documentos\The Liberator\The Liberator 5 - Prepping and Self-Sufficiency\Food (298)\Preserving Meat (22)\How To Salt Fish.pdf,D:\Documentos\The Liberator\The Liberator 5 - Prepping and Self-Sufficiency\Food (298)\Preserving Meat (22)\How To Salt Fish.cover.jpg,True,462,600,31479,
D:\Documentos\The Liberator\The Liberator 5 - Prepping and Self-Sufficiency\Food (298)\Preserving Meat (22)\Jerky Recipes.pdf,D:\Documentos\The Liberator\The Liberator 5 - Prepping and Self-Sufficiency\Food (298)\Preserving Meat (22)\Jerky Recipes.cover.jpg,True,464,600,49496,
D:\Documentos\The Liberator\The Liberator 5 - Prepping and Self-Sufficiency\Food (298)\Preserving Meat (22)\Jerky.pdf,D:\Documentos\The Liberator\The Liberator 5 - Prepping and Self-Sufficiency\Food (298)\Preserving Meat (22)\Jerky.cover.jpg,True,464,600,32263,
D:\Documentos\The Liberator\The Liberator 5 - Prepping and Self-Sufficiency\Food (298)\Preserving Meat (22)\Leathers and Jerkies.pdf,D:\Documentos\The Liberator\The Liberator 5 - Prepping and Self-Sufficiency\Food (298)\Preserving Meat (22)\Leathers and Jerkies.cover.jpg,True,464,600,78721,
D:\Documentos\The Liberator\The Liberator 5 - Prepping and Self-Sufficiency\Food (298)\Preserving Meat (22)\Making Jerky.pdf,D:\Documentos\The Liberator\The Liberator 5 - Prepping and Self-Sufficiency\Food (298)\Preserving Meat (22)\Making Jerky.cover.jpg,True,464,600,59516,
D:\Documentos\The Liberator\The Liberator 5 - Prepping and Self-Sufficiency\Food (298)\Preserving Meat (22)\Making Sausage at Home.pdf,D:\Documentos\The Liberator\The Liberator 5 - Prepping and Self-Sufficiency\Food (298)\Preserving Meat (22)\Making Sausage at Home.cover.jpg,True,464,600,66661,
D:\Documentos\The Liberator\The Liberator 5 - Prepping and Self-Sufficiency\Food (298)\Preserving Meat (22)\Pickling Fish.pdf,D:\Documentos\The Liberator\The Liberator 5 - Prepping and Self-Sufficiency\Food (298)\Preserving Meat (22)\Pickling Fish.cover.jpg,True,600,464,70805,
"D:\Documentos\The Liberator\The Liberator 5 - Prepping and Self-Sufficiency\Food (298)\Preserving Meat (22)\Preparing and Canning Poultry, Red Meats, and Seafood.pdf","D:\Documentos\The Liberator\The Liberator 5 - Prepping and Self-Sufficiency\Food (298)\Preserving Meat (22)\Preparing and Canning Poultry, Red Meats, and Seafood.cover.jpg",True,464,600,48644,
D:\Documentos\The Liberator\The Liberator 5 - Prepping and Self-Sufficiency\Food (298)\Preserving Meat (22)\Preservation Of Fish And Meat.pdf,D:\Documentos\The Liberator\The Liberator 5 - Prepping and Self-Sufficiency\Food (298)\Preserving Meat (22)\Preservation Of Fish And Meat.cover.jpg,True,425,600,11849,
D:\Documentos\The Liberator\The Liberator 5 - Prepping and Self-Sufficiency\Food (298)\Preserving Meat (22)\Preserving Game Meats.pdf,D:\Documentos\The Liberator\The Liberator 5 - Prepping and Self-Sufficiency\Food (298)\Preserving Meat (22)\Preserving Game Meats.cover.jpg,True,464,600,78773,
"D:\Documentos\The Liberator\The Liberator 5 - Prepping and Self-Sufficiency\Food (298)\Preserving Meat (22)\Preserving Wild Game, Poultry, and Fish.pdf","D:\Documentos\The Liberator\The Liberator 5 - Prepping and Self-Sufficiency\Food (298)\Preserving Meat (22)\Preserving Wild Game, Poultry, and Fish.cover.jpg",True,389,600,42721,
D:\Documentos\The Liberator\The Liberator 5 - Prepping and Self-Sufficiency\Food (298)\Preserving Meat (22)\Smoking (4)\Build Your Own Smokehouse.pdf,D:\Documentos\The Liberator\The Liberator 5 - Prepping and Self-Sufficiency\Food (298)\Preserving Meat (22)\Smoking (4)\Build Your Own Smokehouse.cover.jpg,True,464,600,63358,
D:\Documentos\The Liberator\The Liberator 5 - Prepping and Self-Sufficiency\Food (298)\Preserving Meat (22)\Smoking (4)\Building A Smokehouse.pdf,D:\Documentos\The Liberator\The Liberator 5 - Prepping and Self-Sufficiency\Food (298)\Preserving Meat (22)\Smoking (4)\Building A Smokehouse.cover.jpg,True,464,600,91161,
D:\Documentos\The Liberator\The Liberator 5 - Prepping and Self-Sufficiency\Food (298)\Preserving Meat (22)\Smoking (4)\Home Made Smokers.pdf,D:\Documentos\The Liberator\The Liberator 5 - Prepping and Self-Sufficiency\Food (298)\Preserving Meat (22)\Smoking (4)\Home Made Smokers.cover.jpg,True,464,600,53963,
D:\Documentos\The Liberator\The Liberator 5 - Prepping and Self-Sufficiency\Food (298)\Preserving Meat (22)\Smoking (4)\Smoking Fish At Home Safely.pdf,D:\Documentos\The Liberator\The Liberator 5 - Prepping and Self-Sufficiency\Food (298)\Preserving Meat (22)\Smoking (4)\Smoking Fish At Home Safely.cover.jpg,True,464,600,67775,
D:\Documentos\The Liberator\The Liberator 5 - Prepping and Self-Sufficiency\Food (298)\Preserving Meat (22)\Smoking (4)\Smoking Fish.pdf,D:\Documentos\The Liberator\The Liberator 5 - Prepping and Self-Sufficiency\Food (298)\Preserving Meat (22)\Smoking (4)\Smoking Fish.cover.jpg,True,425,600,33458,
D:\Documentos\The Liberator\The Liberator 5 - Prepping and Self-Sufficiency\Food (298)\Preserving Meat (22)\Some Solutions to Difficulties of Home-Curing Pork.pdf,D:\Documentos\The Liberator\The Liberator 5 - Prepping and Self-Sufficiency\Food (298)\Preserving Meat (22)\Some Solutions to Difficulties of Home-Curing Pork.cover.jpg,True,464,600,73123,
D:\Documentos\The Liberator\The Liberator 5 - Prepping and Self-Sufficiency\Food (298)\Preserving Meat (22)\The Jerky Chef.pdf,D:\Documentos\The Liberator\The Liberator 5 - Prepping and Self-Sufficiency\Food (298)\Preserving Meat (22)\The Jerky Chef.cover.jpg,True,451,600,10461,
D:\Documentos\The Liberator\The Liberator 5 - Prepping and Self-Sufficiency\Food (298)\Preserving Meat (22)\US Field Manual on Red Meat.pdf,D:\Documentos\The Liberator\The Liberator 5 - Prepping and Self-Sufficiency\Food (298)\Preserving Meat (22)\US Field Manual on Red Meat.cover.jpg,True,464,600,29883,
D:\Documentos\The Liberator\The Liberator 5 - Prepping and Self-Sufficiency\Food (298)\Recipes & Cookbooks (19)\1999 Dutch Oven Cookbook.pdf,D:\Documentos\The Liberator\The Liberator 5 - Prepping and Self-Sufficiency\Food (298)\Recipes & Cookbooks (19)\1999 Dutch Oven Cookbook.cover.jpg,True,464,600,56292,
D:\Documentos\The Liberator\The Liberator 5 - Prepping and Self-Sufficiency\Food (298)\Recipes & Cookbooks (19)\60 Gift Mixes In A Jar Recipe’s.pdf,D:\Documentos\The Liberator\The Liberator 5 - Prepping and Self-Sufficiency\Food (298)\Recipes & Cookbooks (19)\60 Gift Mixes In A Jar Recipe’s.cover.jpg,True,464,600,62237,
D:\Documentos\The Liberator\The Liberator 5 - Prepping and Self-Sufficiency\Food (298)\Recipes & Cookbooks (19)\American Harvest Dehydrated Food Cookbook.pdf,D:\Documentos\The Liberator\The Liberator 5 - Prepping and Self-Sufficiency\Food (298)\Recipes & Cookbooks (19)\American Harvest Dehydrated Food Cookbook.cover.jpg,True,440,600,73320,
D:\Documentos\The Liberator\The Liberator 5 - Prepping and Self-Sufficiency\Food (298)\Recipes & Cookbooks (19)\Boy Scout Cookbook.pdf,D:\Documentos\The Liberator\The Liberator 5 - Prepping and Self-Sufficiency\Food (298)\Recipes & Cookbooks (19)\Boy Scout Cookbook.cover.jpg,True,464,600,22278,
D:\Documentos\The Liberator\The Liberator 5 - Prepping and Self-Sufficiency\Food (298)\Recipes & Cookbooks (19)\Camping Recipes.pdf,D:\Documentos\The Liberator\The Liberator 5 - Prepping and Self-Sufficiency\Food (298)\Recipes & Cookbooks (19)\Camping Recipes.cover.jpg,True,464,600,43344,
D:\Documentos\The Liberator\The Liberator 5 - Prepping and Self-Sufficiency\Food (298)\Recipes & Cookbooks (19)\Cloud City Cookbook.pdf,D:\Documentos\The Liberator\The Liberator 5 - Prepping and Self-Sufficiency\Food (298)\Recipes & Cookbooks (19)\Cloud City Cookbook.cover.jpg,True,373,600,39700,
D:\Documentos\The Liberator\The Liberator 5 - Prepping and Self-Sufficiency\Food (298)\Recipes & Cookbooks (19)\Dutch Oven & Grill Recipes.pdf,D:\Documentos\The Liberator\The Liberator 5 - Prepping and Self-Sufficiency\Food (298)\Recipes & Cookbooks (19)\Dutch Oven & Grill Recipes.cover.jpg,True,464,600,57793,
D:\Documentos\The Liberator\The Liberator 5 - Prepping and Self-Sufficiency\Food (298)\Recipes & Cookbooks (19)\Food Storage Recipes.pdf,D:\Documentos\The Liberator\The Liberator 5 - Prepping and Self-Sufficiency\Food (298)\Recipes & Cookbooks (19)\Food Storage Recipes.cover.jpg,True,464,600,31442,
D:\Documentos\The Liberator\The Liberator 5 - Prepping and Self-Sufficiency\Food (298)\Recipes & Cookbooks (19)\Kenton CookBook.pdf,D:\Documentos\The Liberator\The Liberator 5 - Prepping and Self-Sufficiency\Food (298)\Recipes & Cookbooks (19)\Kenton CookBook.cover.jpg,True,396,600,15413,
D:\Documentos\The Liberator\The Liberator 5 - Prepping and Self-Sufficiency\Food (298)\Recipes & Cookbooks (19)\Modern Women Of America Cookbook.pdf,D:\Documentos\The Liberator\The Liberator 5 - Prepping and Self-Sufficiency\Food (298)\Recipes & Cookbooks (19)\Modern Women Of America Cookbook.cover.jpg,True,464,600,48606,
D:\Documentos\The Liberator\The Liberator 5 - Prepping and Self-Sufficiency\Food (298)\Recipes & Cookbooks (19)\Native Berry Recipes.pdf,D:\Documentos\The Liberator\The Liberator 5 - Prepping and Self-Sufficiency\Food (298)\Recipes & Cookbooks (19)\Native Berry Recipes.cover.jpg,True,464,600,29202,
D:\Documentos\The Liberator\The Liberator 5 - Prepping and Self-Sufficiency\Food (298)\Recipes & Cookbooks (19)\New Ideas for Cooking With Basic Food Storage.pdf,D:\Documentos\The Liberator\The Liberator 5 - Prepping and Self-Sufficiency\Food (298)\Recipes & Cookbooks (19)\New Ideas for Cooking With Basic Food Storage.cover.jpg,True,464,600,37496,
D:\Documentos\The Liberator\The Liberator 5 - Prepping and Self-Sufficiency\Food (298)\Recipes & Cookbooks (19)\Riverside Recipe Book.pdf,D:\Documentos\The Liberator\The Liberator 5 - Prepping and Self-Sufficiency\Food (298)\Recipes & Cookbooks (19)\Riverside Recipe Book.cover.jpg,True,464,600,48606,
D:\Documentos\The Liberator\The Liberator 5 - Prepping and Self-Sufficiency\Food (298)\Recipes & Cookbooks (19)\The Baby Food.pdf,D:\Documentos\The Liberator\The Liberator 5 - Prepping and Self-Sufficiency\Food (298)\Recipes & Cookbooks (19)\The Baby Food.cover.jpg,True,388,600,29986,
D:\Documentos\The Liberator\The Liberator 5 - Prepping and Self-Sufficiency\Food (298)\Recipes & Cookbooks (19)\The Back Country Recipe Book.pdf,D:\Documentos\The Liberator\The Liberator 5 - Prepping and Self-Sufficiency\Food (298)\Recipes & Cookbooks (19)\The Back Country Recipe Book.cover.jpg,True,464,600,64076,
D:\Documentos\The Liberator\The Liberator 5 - Prepping and Self-Sufficiency\Food (298)\Recipes & Cookbooks (19)\The Belgian Cook Book.pdf,D:\Documentos\The Liberator\The Liberator 5 - Prepping and Self-Sufficiency\Food (298)\Recipes & Cookbooks (19)\The Belgian Cook Book.cover.jpg,True,464,600,48606,
D:\Documentos\The Liberator\The Liberator 5 - Prepping and Self-Sufficiency\Food (298)\Recipes & Cookbooks (19)\The Kirmess Cook Book.pdf,D:\Documentos\The Liberator\The Liberator 5 - Prepping and Self-Sufficiency\Food (298)\Recipes & Cookbooks (19)\The Kirmess Cook Book.cover.jpg,True,464,600,48606,
D:\Documentos\The Liberator\The Liberator 5 - Prepping and Self-Sufficiency\Food (298)\Recipes & Cookbooks (19)\The Pleasantville Cook Book.pdf,D:\Documentos\The Liberator\The Liberator 5 - Prepping and Self-Sufficiency\Food (298)\Recipes & Cookbooks (19)\The Pleasantville Cook Book.cover.jpg,True,464,600,48606,
D:\Documentos\The Liberator\The Liberator 5 - Prepping and Self-Sufficiency\Food (298)\Recipes & Cookbooks (19)\Westminster CookBook.pdf,D:\Documentos\The Liberator\The Liberator 5 - Prepping and Self-Sufficiency\Food (298)\Recipes & Cookbooks (19)\Westminster CookBook.cover.jpg,True,464,600,48606,
D:\Documentos\The Liberator\The Liberator 5 - Prepping and Self-Sufficiency\Food (298)\Tools and Equipment (13)\A Wood Roller Grain Mill.pdf,D:\Documentos\The Liberator\The Liberator 5 - Prepping and Self-Sufficiency\Food (298)\Tools and Equipment (13)\A Wood Roller Grain Mill.cover.jpg,True,464,600,69232,
D:\Documentos\The Liberator\The Liberator 5 - Prepping and Self-Sufficiency\Food (298)\Tools and Equipment (13)\Build a Large Capacity Food Dehydrator.pdf,D:\Documentos\The Liberator\The Liberator 5 - Prepping and Self-Sufficiency\Food (298)\Tools and Equipment (13)\Build a Large Capacity Food Dehydrator.cover.jpg,True,464,600,63722,
D:\Documentos\The Liberator\The Liberator 5 - Prepping and Self-Sufficiency\Food (298)\Tools and Equipment (13)\Cassette Fruit Dryer.pdf,D:\Documentos\The Liberator\The Liberator 5 - Prepping and Self-Sufficiency\Food (298)\Tools and Equipment (13)\Cassette Fruit Dryer.cover.jpg,True,469,600,41825,
D:\Documentos\The Liberator\The Liberator 5 - Prepping and Self-Sufficiency\Food (298)\Tools and Equipment (13)\Dutch Ovens.pdf,D:\Documentos\The Liberator\The Liberator 5 - Prepping and Self-Sufficiency\Food (298)\Tools and Equipment (13)\Dutch Ovens.cover.jpg,True,464,600,68890,
D:\Documentos\The Liberator\The Liberator 5 - Prepping and Self-Sufficiency\Food (298)\Tools and Equipment (13)\Food Fireless Cooker.pdf,D:\Documentos\The Liberator\The Liberator 5 - Prepping and Self-Sufficiency\Food (298)\Tools and Equipment (13)\Food Fireless Cooker.cover.jpg,True,464,600,62769,
D:\Documentos\The Liberator\The Liberator 5 - Prepping and Self-Sufficiency\Food (298)\Tools and Equipment (13)\Improvised Grain Mill.pdf,D:\Documentos\The Liberator\The Liberator 5 - Prepping and Self-Sufficiency\Food (298)\Tools and Equipment (13)\Improvised Grain Mill.cover.jpg,True,464,600,83846,
D:\Documentos\The Liberator\The Liberator 5 - Prepping and Self-Sufficiency\Food (298)\Tools and Equipment (13)\Make A Fully Functional Cold Storage Pit.pdf,D:\Documentos\The Liberator\The Liberator 5 - Prepping and Self-Sufficiency\Food (298)\Tools and Equipment (13)\Make A Fully Functional Cold Storage Pit.cover.jpg,True,464,600,74745,
D:\Documentos\The Liberator\The Liberator 5 - Prepping and Self-Sufficiency\Food (298)\Tools and Equipment (13)\Making an Oil Press.pdf,D:\Documentos\The Liberator\The Liberator 5 - Prepping and Self-Sufficiency\Food (298)\Tools and Equipment (13)\Making an Oil Press.cover.jpg,True,464,600,82668,
D:\Documentos\The Liberator\The Liberator 5 - Prepping and Self-Sufficiency\Food (298)\Tools and Equipment (13)\Pedal Operated Grain Mill.pdf,D:\Documentos\The Liberator\The Liberator 5 - Prepping and Self-Sufficiency\Food (298)\Tools and Equipment (13)\Pedal Operated Grain Mill.cover.jpg,True,472,600,20906,
D:\Documentos\The Liberator\The Liberator 5 - Prepping and Self-Sufficiency\Food (298)\Tools and Equipment (13)\Root Cellar Construction.pdf,D:\Documentos\The Liberator\The Liberator 5 - Prepping and Self-Sufficiency\Food (298)\Tools and Equipment (13)\Root Cellar Construction.cover.jpg,True,464,600,32437,
D:\Documentos\The Liberator\The Liberator 5 - Prepping and Self-Sufficiency\Food (298)\Tools and Equipment (13)\Solar Cooking 1.pdf,D:\Documentos\The Liberator\The Liberator 5 - Prepping and Self-Sufficiency\Food (298)\Tools and Equipment (13)\Solar Cooking 1.cover.jpg,True,464,600,42353,
D:\Documentos\The Liberator\The Liberator 5 - Prepping and Self-Sufficiency\Food (298)\Tools and Equipment (13)\Solar Cooking 2.pdf,D:\Documentos\The Liberator\The Liberator 5 - Prepping and Self-Sufficiency\Food (298)\Tools and Equipment (13)\Solar Cooking 2.cover.jpg,True,464,600,46425,
D:\Documentos\The Liberator\The Liberator 5 - Prepping and Self-Sufficiency\Food (298)\Tools and Equipment (13)\Thermos Bottle Cooking.pdf,D:\Documentos\The Liberator\The Liberator 5 - Prepping and Self-Sufficiency\Food (298)\Tools and Equipment (13)\Thermos Bottle Cooking.cover.jpg,True,464,600,92191,
D:\Documentos\The Liberator\The Liberator 5 - Prepping and Self-Sufficiency\General Survival and Disaster Prep (57)\Disaster Preparation (30)\Disaster Supplies Checklists.pdf,D:\Documentos\The Liberator\The Liberator 5 - Prepping and Self-Sufficiency\General Survival and Disaster Prep (57)\Disaster Preparation (30)\Disaster Supplies Checklists.cover.jpg,True,464,600,32684,
D:\Documentos\The Liberator\The Liberator 5 - Prepping and Self-Sufficiency\General Survival and Disaster Prep (57)\Disaster Preparation (30)\Disaster Supply Kit.pdf,D:\Documentos\The Liberator\The Liberator 5 - Prepping and Self-Sufficiency\General Survival and Disaster Prep (57)\Disaster Preparation (30)\Disaster Supply Kit.cover.jpg,True,464,600,61539,
D:\Documentos\The Liberator\The Liberator 5 - Prepping and Self-Sufficiency\General Survival and Disaster Prep (57)\Disaster Preparation (30)\Earthquake Preparedness.pdf,D:\Documentos\The Liberator\The Liberator 5 - Prepping and Self-Sufficiency\General Survival and Disaster Prep (57)\Disaster Preparation (30)\Earthquake Preparedness.cover.jpg,True,464,600,59746,
D:\Documentos\The Liberator\The Liberator 5 - Prepping and Self-Sufficiency\General Survival and Disaster Prep (57)\Disaster Preparation (30)\Earthquakes Fact Sheet.pdf,D:\Documentos\The Liberator\The Liberator 5 - Prepping and Self-Sufficiency\General Survival and Disaster Prep (57)\Disaster Preparation (30)\Earthquakes Fact Sheet.cover.jpg,True,464,600,49646,
D:\Documentos\The Liberator\The Liberator 5 - Prepping and Self-Sufficiency\General Survival and Disaster Prep (57)\Disaster Preparation (30)\Earthquakes.pdf,D:\Documentos\The Liberator\The Liberator 5 - Prepping and Self-Sufficiency\General Survival and Disaster Prep (57)\Disaster Preparation (30)\Earthquakes.cover.jpg,True,525,600,60135,
D:\Documentos\The Liberator\The Liberator 5 - Prepping and Self-Sufficiency\General Survival and Disaster Prep (57)\Disaster Preparation (30)\FEMA Facts on House and Building Fires.pdf,D:\Documentos\The Liberator\The Liberator 5 - Prepping and Self-Sufficiency\General Survival and Disaster Prep (57)\Disaster Preparation (30)\FEMA Facts on House and Building Fires.cover.jpg,True,464,600,47116,
D:\Documentos\The Liberator\The Liberator 5 - Prepping and Self-Sufficiency\General Survival and Disaster Prep (57)\Disaster Preparation (30)\FEMA Facts on Hurricanes.pdf,D:\Documentos\The Liberator\The Liberator 5 - Prepping and Self-Sufficiency\General Survival and Disaster Prep (57)\Disaster Preparation (30)\FEMA Facts on Hurricanes.cover.jpg,True,464,600,51429,
D:\Documentos\The Liberator\The Liberator 5 - Prepping and Self-Sufficiency\General Survival and Disaster Prep (57)\Disaster Preparation (30)\Fighting Fire .pdf,D:\Documentos\The Liberator\The Liberator 5 - Prepping and Self-Sufficiency\General Survival and Disaster Prep (57)\Disaster Preparation (30)\Fighting Fire .cover.jpg,True,424,600,54626,
D:\Documentos\The Liberator\The Liberator 5 - Prepping and Self-Sufficiency\General Survival and Disaster Prep (57)\Disaster Preparation (30)\Fire Safety.pdf,D:\Documentos\The Liberator\The Liberator 5 - Prepping and Self-Sufficiency\General Survival and Disaster Prep (57)\Disaster Preparation (30)\Fire Safety.cover.jpg,True,464,600,63604,
D:\Documentos\The Liberator\The Liberator 5 - Prepping and Self-Sufficiency\General Survival and Disaster Prep (57)\Disaster Preparation (30)\Flood Preparation.pdf,D:\Documentos\The Liberator\The Liberator 5 - Prepping and Self-Sufficiency\General Survival and Disaster Prep (57)\Disaster Preparation (30)\Flood Preparation.cover.jpg,True,464,600,24912,
D:\Documentos\The Liberator\The Liberator 5 - Prepping and Self-Sufficiency\General Survival and Disaster Prep (57)\Disaster Preparation (30)\General Disaster Handbook.pdf,D:\Documentos\The Liberator\The Liberator 5 - Prepping and Self-Sufficiency\General Survival and Disaster Prep (57)\Disaster Preparation (30)\General Disaster Handbook.cover.jpg,True,464,600,19882,
D:\Documentos\The Liberator\The Liberator 5 - Prepping and Self-Sufficiency\General Survival and Disaster Prep (57)\Disaster Preparation (30)\HELP! The Power is Out.pdf,D:\Documentos\The Liberator\The Liberator 5 - Prepping and Self-Sufficiency\General Survival and Disaster Prep (57)\Disaster Preparation (30)\HELP! The Power is Out.cover.jpg,True,464,600,77729,
D:\Documentos\The Liberator\The Liberator 5 - Prepping and Self-Sufficiency\General Survival and Disaster Prep (57)\Disaster Preparation (30)\How To Prepare For Any Disaster.pdf,D:\Documentos\The Liberator\The Liberator 5 - Prepping and Self-Sufficiency\General Survival and Disaster Prep (57)\Disaster Preparation (30)\How To Prepare For Any Disaster.cover.jpg,True,464,600,46804,
D:\Documentos\The Liberator\The Liberator 5 - Prepping and Self-Sufficiency\General Survival and Disaster Prep (57)\Disaster Preparation (30)\How to Prepare for Disaster.pdf,D:\Documentos\The Liberator\The Liberator 5 - Prepping and Self-Sufficiency\General Survival and Disaster Prep (57)\Disaster Preparation (30)\How to Prepare for Disaster.cover.jpg,True,464,600,67418,
D:\Documentos\The Liberator\The Liberator 5 - Prepping and Self-Sufficiency\General Survival and Disaster Prep (57)\Disaster Preparation (30)\Hurricane.pdf,D:\Documentos\The Liberator\The Liberator 5 - Prepping and Self-Sufficiency\General Survival and Disaster Prep (57)\Disaster Preparation (30)\Hurricane.cover.jpg,True,464,600,67193,
D:\Documentos\The Liberator\The Liberator 5 - Prepping and Self-Sufficiency\General Survival and Disaster Prep (57)\Disaster Preparation (30)\Hurricanes - Unleashing Nature's Fury.pdf,D:\Documentos\The Liberator\The Liberator 5 - Prepping and Self-Sufficiency\General Survival and Disaster Prep (57)\Disaster Preparation (30)\Hurricanes - Unleashing Nature's Fury.cover.jpg,True,464,600,54203,
D:\Documentos\The Liberator\The Liberator 5 - Prepping and Self-Sufficiency\General Survival and Disaster Prep (57)\Disaster Preparation (30)\In Home Shelter Manual.pdf,D:\Documentos\The Liberator\The Liberator 5 - Prepping and Self-Sufficiency\General Survival and Disaster Prep (57)\Disaster Preparation (30)\In Home Shelter Manual.cover.jpg,True,464,600,29921,
D:\Documentos\The Liberator\The Liberator 5 - Prepping and Self-Sufficiency\General Survival and Disaster Prep (57)\Disaster Preparation (30)\Individual & Neighborhood All Hazard Preparedness Workbook.pdf,D:\Documentos\The Liberator\The Liberator 5 - Prepping and Self-Sufficiency\General Survival and Disaster Prep (57)\Disaster Preparation (30)\Individual & Neighborhood All Hazard Preparedness Workbook.cover.jpg,True,464,600,57490,
D:\Documentos\The Liberator\The Liberator 5 - Prepping and Self-Sufficiency\General Survival and Disaster Prep (57)\Disaster Preparation (30)\It's A Disaster.pdf,D:\Documentos\The Liberator\The Liberator 5 - Prepping and Self-Sufficiency\General Survival and Disaster Prep (57)\Disaster Preparation (30)\It's A Disaster.cover.jpg,True,386,600,52165,
D:\Documentos\The Liberator\The Liberator 5 - Prepping and Self-Sufficiency\General Survival and Disaster Prep (57)\Disaster Preparation (30)\LA Fire Department Emergency Preparedness.pdf,D:\Documentos\The Liberator\The Liberator 5 - Prepping and Self-Sufficiency\General Survival and Disaster Prep (57)\Disaster Preparation (30)\LA Fire Department Emergency Preparedness.cover.jpg,True,464,600,40390,
D:\Documentos\The Liberator\The Liberator 5 - Prepping and Self-Sufficiency\General Survival and Disaster Prep (57)\Disaster Preparation (30)\Last Minute Preparations.pdf,D:\Documentos\The Liberator\The Liberator 5 - Prepping and Self-Sufficiency\General Survival and Disaster Prep (57)\Disaster Preparation (30)\Last Minute Preparations.cover.jpg,True,464,600,63512,
D:\Documentos\The Liberator\The Liberator 5 - Prepping and Self-Sufficiency\General Survival and Disaster Prep (57)\Disaster Preparation (30)\Moment Magnitude Earthquake Scale.pdf,D:\Documentos\The Liberator\The Liberator 5 - Prepping and Self-Sufficiency\General Survival and Disaster Prep (57)\Disaster Preparation (30)\Moment Magnitude Earthquake Scale.cover.jpg,True,464,600,43824,
D:\Documentos\The Liberator\The Liberator 5 - Prepping and Self-Sufficiency\General Survival and Disaster Prep (57)\Disaster Preparation (30)\Preparing for Disaster For People With Disabilities.pdf,D:\Documentos\The Liberator\The Liberator 5 - Prepping and Self-Sufficiency\General Survival and Disaster Prep (57)\Disaster Preparation (30)\Preparing for Disaster For People With Disabilities.cover.jpg,True,389,600,46999,
D:\Documentos\The Liberator\The Liberator 5 - Prepping and Self-Sufficiency\General Survival and Disaster Prep (57)\Disaster Preparation (30)\Preparing Your Pets for Emergencies.pdf,D:\Documentos\The Liberator\The Liberator 5 - Prepping and Self-Sufficiency\General Survival and Disaster Prep (57)\Disaster Preparation (30)\Preparing Your Pets for Emergencies.cover.jpg,True,600,455,62211,
D:\Documentos\The Liberator\The Liberator 5 - Prepping and Self-Sufficiency\General Survival and Disaster Prep (57)\Disaster Preparation (30)\Severe Weather Identification Guidelines.pdf,D:\Documentos\The Liberator\The Liberator 5 - Prepping and Self-Sufficiency\General Survival and Disaster Prep (57)\Disaster Preparation (30)\Severe Weather Identification Guidelines.cover.jpg,True,464,600,43813,
D:\Documentos\The Liberator\The Liberator 5 - Prepping and Self-Sufficiency\General Survival and Disaster Prep (57)\Disaster Preparation (30)\Short Term Emergency Preparedness Kits.pdf,D:\Documentos\The Liberator\The Liberator 5 - Prepping and Self-Sufficiency\General Survival and Disaster Prep (57)\Disaster Preparation (30)\Short Term Emergency Preparedness Kits.cover.jpg,True,464,600,35469,
D:\Documentos\The Liberator\The Liberator 5 - Prepping and Self-Sufficiency\General Survival and Disaster Prep (57)\Disaster Preparation (30)\Top Ten Myths Of Emergency And Disaster Preparedness.pdf,D:\Documentos\The Liberator\The Liberator 5 - Prepping and Self-Sufficiency\General Survival and Disaster Prep (57)\Disaster Preparation (30)\Top Ten Myths Of Emergency And Disaster Preparedness.cover.jpg,True,464,600,50324,
D:\Documentos\The Liberator\The Liberator 5 - Prepping and Self-Sufficiency\General Survival and Disaster Prep (57)\Disaster Preparation (30)\Wildfire.pdf,D:\Documentos\The Liberator\The Liberator 5 - Prepping and Self-Sufficiency\General Survival and Disaster Prep (57)\Disaster Preparation (30)\Wildfire.cover.jpg,True,464,600,59245,
D:\Documentos\The Liberator\The Liberator 5 - Prepping and Self-Sufficiency\General Survival and Disaster Prep (57)\General Survival Guides and Manuals (27)\11 Steps To Survival - Canada Emergency Measures Organization.pdf,D:\Documentos\The Liberator\The Liberator 5 - Prepping and Self-Sufficiency\General Survival and Disaster Prep (57)\General Survival Guides and Manuals (27)\11 Steps To Survival - Canada Emergency Measures Organization.cover.jpg,True,464,600,49786,
D:\Documentos\The Liberator\The Liberator 5 - Prepping and Self-Sufficiency\General Survival and Disaster Prep (57)\General Survival Guides and Manuals (27)\3 Day’s Emergency Preps.pdf,D:\Documentos\The Liberator\The Liberator 5 - Prepping and Self-Sufficiency\General Survival and Disaster Prep (57)\General Survival Guides and Manuals (27)\3 Day’s Emergency Preps.cover.jpg,True,600,450,23780,
D:\Documentos\The Liberator\The Liberator 5 - Prepping and Self-Sufficiency\General Survival and Disaster Prep (57)\General Survival Guides and Manuals (27)\Bug Out Guide and Checklist.pdf,D:\Documentos\The Liberator\The Liberator 5 - Prepping and Self-Sufficiency\General Survival and Disaster Prep (57)\General Survival Guides and Manuals (27)\Bug Out Guide and Checklist.cover.jpg,True,464,600,60071,
D:\Documentos\The Liberator\The Liberator 5 - Prepping and Self-Sufficiency\General Survival and Disaster Prep (57)\General Survival Guides and Manuals (27)\Captain Dave’s Survival Guide.pdf,D:\Documentos\The Liberator\The Liberator 5 - Prepping and Self-Sufficiency\General Survival and Disaster Prep (57)\General Survival Guides and Manuals (27)\Captain Dave’s Survival Guide.cover.jpg,True,464,600,45812,
D:\Documentos\The Liberator\The Liberator 5 - Prepping and Self-Sufficiency\General Survival and Disaster Prep (57)\General Survival Guides and Manuals (27)\Compact Survival Kit.pdf,D:\Documentos\The Liberator\The Liberator 5 - Prepping and Self-Sufficiency\General Survival and Disaster Prep (57)\General Survival Guides and Manuals (27)\Compact Survival Kit.cover.jpg,True,464,600,33073,
D:\Documentos\The Liberator\The Liberator 5 - Prepping and Self-Sufficiency\General Survival and Disaster Prep (57)\General Survival Guides and Manuals (27)\Desert Awareness.pdf,D:\Documentos\The Liberator\The Liberator 5 - Prepping and Self-Sufficiency\General Survival and Disaster Prep (57)\General Survival Guides and Manuals (27)\Desert Awareness.cover.jpg,True,600,464,27182,
D:\Documentos\The Liberator\The Liberator 5 - Prepping and Self-Sufficiency\General Survival and Disaster Prep (57)\General Survival Guides and Manuals (27)\Emergency Plan.pdf,D:\Documentos\The Liberator\The Liberator 5 - Prepping and Self-Sufficiency\General Survival and Disaster Prep (57)\General Survival Guides and Manuals (27)\Emergency Plan.cover.jpg,True,464,600,68628,
D:\Documentos\The Liberator\The Liberator 5 - Prepping and Self-Sufficiency\General Survival and Disaster Prep (57)\General Survival Guides and Manuals (27)\Family Emergency Handbook.pdf,D:\Documentos\The Liberator\The Liberator 5 - Prepping and Self-Sufficiency\General Survival and Disaster Prep (57)\General Survival Guides and Manuals (27)\Family Emergency Handbook.cover.jpg,True,400,600,55096,
D:\Documentos\The Liberator\The Liberator 5 - Prepping and Self-Sufficiency\General Survival and Disaster Prep (57)\General Survival Guides and Manuals (27)\Family Preparedness Handbook.pdf,D:\Documentos\The Liberator\The Liberator 5 - Prepping and Self-Sufficiency\General Survival and Disaster Prep (57)\General Survival Guides and Manuals (27)\Family Preparedness Handbook.cover.jpg,True,464,600,73385,
D:\Documentos\The Liberator\The Liberator 5 - Prepping and Self-Sufficiency\General Survival and Disaster Prep (57)\General Survival Guides and Manuals (27)\FEMA Emergency Supplies Checklist.pdf,D:\Documentos\The Liberator\The Liberator 5 - Prepping and Self-Sufficiency\General Survival and Disaster Prep (57)\General Survival Guides and Manuals (27)\FEMA Emergency Supplies Checklist.cover.jpg,True,600,400,40300,
D:\Documentos\The Liberator\The Liberator 5 - Prepping and Self-Sufficiency\General Survival and Disaster Prep (57)\General Survival Guides and Manuals (27)\FEMA Family Supply List.pdf,D:\Documentos\The Liberator\The Liberator 5 - Prepping and Self-Sufficiency\General Survival and Disaster Prep (57)\General Survival Guides and Manuals (27)\FEMA Family Supply List.cover.jpg,True,464,600,58424,
D:\Documentos\The Liberator\The Liberator 5 - Prepping and Self-Sufficiency\General Survival and Disaster Prep (57)\General Survival Guides and Manuals (27)\Food and Water in an Emergency.pdf,D:\Documentos\The Liberator\The Liberator 5 - Prepping and Self-Sufficiency\General Survival and Disaster Prep (57)\General Survival Guides and Manuals (27)\Food and Water in an Emergency.cover.jpg,True,389,600,45452,
D:\Documentos\The Liberator\The Liberator 5 - Prepping and Self-Sufficiency\General Survival and Disaster Prep (57)\General Survival Guides and Manuals (27)\General Supplies.pdf,D:\Documentos\The Liberator\The Liberator 5 - Prepping and Self-Sufficiency\General Survival and Disaster Prep (57)\General Survival Guides and Manuals (27)\General Supplies.cover.jpg,True,464,600,53747,
D:\Documentos\The Liberator\The Liberator 5 - Prepping and Self-Sufficiency\General Survival and Disaster Prep (57)\General Survival Guides and Manuals (27)\Home Heating In An Emergency.pdf,D:\Documentos\The Liberator\The Liberator 5 - Prepping and Self-Sufficiency\General Survival and Disaster Prep (57)\General Survival Guides and Manuals (27)\Home Heating In An Emergency.cover.jpg,True,464,600,79094,
D:\Documentos\The Liberator\The Liberator 5 - Prepping and Self-Sufficiency\General Survival and Disaster Prep (57)\General Survival Guides and Manuals (27)\How to Handle a Crisis.pdf,D:\Documentos\The Liberator\The Liberator 5 - Prepping and Self-Sufficiency\General Survival and Disaster Prep (57)\General Survival Guides and Manuals (27)\How to Handle a Crisis.cover.jpg,True,389,600,10529,
D:\Documentos\The Liberator\The Liberator 5 - Prepping and Self-Sufficiency\General Survival and Disaster Prep (57)\General Survival Guides and Manuals (27)\LDS Preparedness Manual.pdf,D:\Documentos\The Liberator\The Liberator 5 - Prepping and Self-Sufficiency\General Survival and Disaster Prep (57)\General Survival Guides and Manuals (27)\LDS Preparedness Manual.cover.jpg,True,464,600,44803,
D:\Documentos\The Liberator\The Liberator 5 - Prepping and Self-Sufficiency\General Survival and Disaster Prep (57)\General Survival Guides and Manuals (27)\Montana Winter Survival Manual.pdf,D:\Documentos\The Liberator\The Liberator 5 - Prepping and Self-Sufficiency\General Survival and Disaster Prep (57)\General Survival Guides and Manuals (27)\Montana Winter Survival Manual.cover.jpg,True,389,600,30280,
D:\Documentos\The Liberator\The Liberator 5 - Prepping and Self-Sufficiency\General Survival and Disaster Prep (57)\General Survival Guides and Manuals (27)\SAS Survival Handbook.pdf,D:\Documentos\The Liberator\The Liberator 5 - Prepping and Self-Sufficiency\General Survival and Disaster Prep (57)\General Survival Guides and Manuals (27)\SAS Survival Handbook.cover.jpg,True,424,600,26931,
D:\Documentos\The Liberator\The Liberator 5 - Prepping and Self-Sufficiency\General Survival and Disaster Prep (57)\General Survival Guides and Manuals (27)\Survival With Style.pdf,D:\Documentos\The Liberator\The Liberator 5 - Prepping and Self-Sufficiency\General Survival and Disaster Prep (57)\General Survival Guides and Manuals (27)\Survival With Style.cover.jpg,True,464,600,84503,
D:\Documentos\The Liberator\The Liberator 5 - Prepping and Self-Sufficiency\General Survival and Disaster Prep (57)\General Survival Guides and Manuals (27)\Survive! A Guide To Survival in Any Situation.pdf,D:\Documentos\The Liberator\The Liberator 5 - Prepping and Self-Sufficiency\General Survival and Disaster Prep (57)\General Survival Guides and Manuals (27)\Survive! A Guide To Survival in Any Situation.cover.jpg,True,389,600,73819,
D:\Documentos\The Liberator\The Liberator 5 - Prepping and Self-Sufficiency\General Survival and Disaster Prep (57)\General Survival Guides and Manuals (27)\The Unofficial Macgyver How to Handbook Revised 2nd Edition.pdf,D:\Documentos\The Liberator\The Liberator 5 - Prepping and Self-Sufficiency\General Survival and Disaster Prep (57)\General Survival Guides and Manuals (27)\The Unofficial Macgyver How to Handbook Revised 2nd Edition.cover.jpg,True,429,600,33492,
D:\Documentos\The Liberator\The Liberator 5 - Prepping and Self-Sufficiency\General Survival and Disaster Prep (57)\General Survival Guides and Manuals (27)\The Worst Case Scenario Survival Handbook.pdf,D:\Documentos\The Liberator\The Liberator 5 - Prepping and Self-Sufficiency\General Survival and Disaster Prep (57)\General Survival Guides and Manuals (27)\The Worst Case Scenario Survival Handbook.cover.jpg,True,600,480,51785,
D:\Documentos\The Liberator\The Liberator 5 - Prepping and Self-Sufficiency\General Survival and Disaster Prep (57)\General Survival Guides and Manuals (27)\Ultimate Survival Skills Handbook and Checklists.pdf,D:\Documentos\The Liberator\The Liberator 5 - Prepping and Self-Sufficiency\General Survival and Disaster Prep (57)\General Survival Guides and Manuals (27)\Ultimate Survival Skills Handbook and Checklists.cover.jpg,True,389,600,53074,
D:\Documentos\The Liberator\The Liberator 5 - Prepping and Self-Sufficiency\General Survival and Disaster Prep (57)\General Survival Guides and Manuals (27)\Winter Power Failure.pdf,D:\Documentos\The Liberator\The Liberator 5 - Prepping and Self-Sufficiency\General Survival and Disaster Prep (57)\General Survival Guides and Manuals (27)\Winter Power Failure.cover.jpg,True,267,600,38152,
D:\Documentos\The Liberator\The Liberator 5 - Prepping and Self-Sufficiency\General Survival and Disaster Prep (57)\General Survival Guides and Manuals (27)\Winter Time Camping.pdf,D:\Documentos\The Liberator\The Liberator 5 - Prepping and Self-Sufficiency\General Survival and Disaster Prep (57)\General Survival Guides and Manuals (27)\Winter Time Camping.cover.jpg,True,424,600,34612,
D:\Documentos\The Liberator\The Liberator 5 - Prepping and Self-Sufficiency\General Survival and Disaster Prep (57)\General Survival Guides and Manuals (27)\You Will Survive Doomsday.pdf,D:\Documentos\The Liberator\The Liberator 5 - Prepping and Self-Sufficiency\General Survival and Disaster Prep (57)\General Survival Guides and Manuals (27)\You Will Survive Doomsday.cover.jpg,True,433,600,49487,
D:\Documentos\The Liberator\The Liberator 5 - Prepping and Self-Sufficiency\Health (87)\Alternative Medicine (30)\A Complete Handbook of Nature Cures.pdf,D:\Documentos\The Liberator\The Liberator 5 - Prepping and Self-Sufficiency\Health (87)\Alternative Medicine (30)\A Complete Handbook of Nature Cures.cover.jpg,True,464,600,83603,
D:\Documentos\The Liberator\The Liberator 5 - Prepping and Self-Sufficiency\Health (87)\Alternative Medicine (30)\Anticancer Therapeutics.pdf,D:\Documentos\The Liberator\The Liberator 5 - Prepping and Self-Sufficiency\Health (87)\Alternative Medicine (30)\Anticancer Therapeutics.cover.jpg,True,389,600,29849,
D:\Documentos\The Liberator\The Liberator 5 - Prepping and Self-Sufficiency\Health (87)\Alternative Medicine (30)\Basics of Herbalism.pdf,D:\Documentos\The Liberator\The Liberator 5 - Prepping and Self-Sufficiency\Health (87)\Alternative Medicine (30)\Basics of Herbalism.cover.jpg,True,464,600,10121,
D:\Documentos\The Liberator\The Liberator 5 - Prepping and Self-Sufficiency\Health (87)\Alternative Medicine (30)\Cholera Symptoms and Home Remedies.pdf,D:\Documentos\The Liberator\The Liberator 5 - Prepping and Self-Sufficiency\Health (87)\Alternative Medicine (30)\Cholera Symptoms and Home Remedies.cover.jpg,True,464,600,36584,
D:\Documentos\The Liberator\The Liberator 5 - Prepping and Self-Sufficiency\Health (87)\Alternative Medicine (30)\Crow Indian Recipes Herbal Medicines.pdf,D:\Documentos\The Liberator\The Liberator 5 - Prepping and Self-Sufficiency\Health (87)\Alternative Medicine (30)\Crow Indian Recipes Herbal Medicines.cover.jpg,True,388,600,68203,
D:\Documentos\The Liberator\The Liberator 5 - Prepping and Self-Sufficiency\Health (87)\Alternative Medicine (30)\Dale Pendell Pharmako Poeia.pdf,D:\Documentos\The Liberator\The Liberator 5 - Prepping and Self-Sufficiency\Health (87)\Alternative Medicine (30)\Dale Pendell Pharmako Poeia.cover.jpg,True,448,600,75467,
D:\Documentos\The Liberator\The Liberator 5 - Prepping and Self-Sufficiency\Health (87)\Alternative Medicine (30)\Flu Home Treatment.pdf,D:\Documentos\The Liberator\The Liberator 5 - Prepping and Self-Sufficiency\Health (87)\Alternative Medicine (30)\Flu Home Treatment.cover.jpg,True,464,600,69055,
D:\Documentos\The Liberator\The Liberator 5 - Prepping and Self-Sufficiency\Health (87)\Alternative Medicine (30)\Healing Pets With Alternative Medicine.pdf,D:\Documentos\The Liberator\The Liberator 5 - Prepping and Self-Sufficiency\Health (87)\Alternative Medicine (30)\Healing Pets With Alternative Medicine.cover.jpg,True,464,600,54831,
D:\Documentos\The Liberator\The Liberator 5 - Prepping and Self-Sufficiency\Health (87)\Alternative Medicine (30)\Herbal Manual.pdf,D:\Documentos\The Liberator\The Liberator 5 - Prepping and Self-Sufficiency\Health (87)\Alternative Medicine (30)\Herbal Manual.cover.jpg,True,464,600,15002,
D:\Documentos\The Liberator\The Liberator 5 - Prepping and Self-Sufficiency\Health (87)\Alternative Medicine (30)\Herbal Medical Contradictions.pdf,D:\Documentos\The Liberator\The Liberator 5 - Prepping and Self-Sufficiency\Health (87)\Alternative Medicine (30)\Herbal Medical Contradictions.cover.jpg,True,474,600,31025,
D:\Documentos\The Liberator\The Liberator 5 - Prepping and Self-Sufficiency\Health (87)\Alternative Medicine (30)\Holistic and Alternative Medicine 101.pdf,D:\Documentos\The Liberator\The Liberator 5 - Prepping and Self-Sufficiency\Health (87)\Alternative Medicine (30)\Holistic and Alternative Medicine 101.cover.jpg,True,464,600,28365,
D:\Documentos\The Liberator\The Liberator 5 - Prepping and Self-Sufficiency\Health (87)\Alternative Medicine (30)\Home Remedies.pdf,D:\Documentos\The Liberator\The Liberator 5 - Prepping and Self-Sufficiency\Health (87)\Alternative Medicine (30)\Home Remedies.cover.jpg,True,464,600,47446,
D:\Documentos\The Liberator\The Liberator 5 - Prepping and Self-Sufficiency\Health (87)\Alternative Medicine (30)\Homeopathy For Trauma Part 1.pdf,D:\Documentos\The Liberator\The Liberator 5 - Prepping and Self-Sufficiency\Health (87)\Alternative Medicine (30)\Homeopathy For Trauma Part 1.cover.jpg,True,464,600,72883,
D:\Documentos\The Liberator\The Liberator 5 - Prepping and Self-Sufficiency\Health (87)\Alternative Medicine (30)\Homeopathy For Trauma Part 2.pdf,D:\Documentos\The Liberator\The Liberator 5 - Prepping and Self-Sufficiency\Health (87)\Alternative Medicine (30)\Homeopathy For Trauma Part 2.cover.jpg,True,464,600,43868,
D:\Documentos\The Liberator\The Liberator 5 - Prepping and Self-Sufficiency\Health (87)\Alternative Medicine (30)\How To Make Herbal Preparations.pdf,D:\Documentos\The Liberator\The Liberator 5 - Prepping and Self-Sufficiency\Health (87)\Alternative Medicine (30)\How To Make Herbal Preparations.cover.jpg,True,464,600,80046,
D:\Documentos\The Liberator\The Liberator 5 - Prepping and Self-Sufficiency\Health (87)\Alternative Medicine (30)\Iridology Alternative Medicine.pdf,D:\Documentos\The Liberator\The Liberator 5 - Prepping and Self-Sufficiency\Health (87)\Alternative Medicine (30)\Iridology Alternative Medicine.cover.jpg,True,464,600,54049,
D:\Documentos\The Liberator\The Liberator 5 - Prepping and Self-Sufficiency\Health (87)\Alternative Medicine (30)\Making An Herbal Tincture.pdf,D:\Documentos\The Liberator\The Liberator 5 - Prepping and Self-Sufficiency\Health (87)\Alternative Medicine (30)\Making An Herbal Tincture.cover.jpg,True,424,600,75813,
D:\Documentos\The Liberator\The Liberator 5 - Prepping and Self-Sufficiency\Health (87)\Alternative Medicine (30)\Making penicillium.pdf,D:\Documentos\The Liberator\The Liberator 5 - Prepping and Self-Sufficiency\Health (87)\Alternative Medicine (30)\Making penicillium.cover.jpg,True,464,600,71051,
D:\Documentos\The Liberator\The Liberator 5 - Prepping and Self-Sufficiency\Health (87)\Alternative Medicine (30)\Management of Asthma.pdf,D:\Documentos\The Liberator\The Liberator 5 - Prepping and Self-Sufficiency\Health (87)\Alternative Medicine (30)\Management of Asthma.cover.jpg,True,464,600,40510,
D:\Documentos\The Liberator\The Liberator 5 - Prepping and Self-Sufficiency\Health (87)\Alternative Medicine (30)\Medicinal Plants In Folk Tradition.pdf,D:\Documentos\The Liberator\The Liberator 5 - Prepping and Self-Sufficiency\Health (87)\Alternative Medicine (30)\Medicinal Plants In Folk Tradition.cover.jpg,True,430,600,70398,
D:\Documentos\The Liberator\The Liberator 5 - Prepping and Self-Sufficiency\Health (87)\Alternative Medicine (30)\Physician's Desk Reference for Herbal Medicines.pdf,D:\Documentos\The Liberator\The Liberator 5 - Prepping and Self-Sufficiency\Health (87)\Alternative Medicine (30)\Physician's Desk Reference for Herbal Medicines.cover.jpg,True,427,600,38094,
D:\Documentos\The Liberator\The Liberator 5 - Prepping and Self-Sufficiency\Health (87)\Alternative Medicine (30)\Sulfur as a Homeopathic Remedy.pdf,D:\Documentos\The Liberator\The Liberator 5 - Prepping and Self-Sufficiency\Health (87)\Alternative Medicine (30)\Sulfur as a Homeopathic Remedy.cover.jpg,True,464,600,53077,
D:\Documentos\The Liberator\The Liberator 5 - Prepping and Self-Sufficiency\Health (87)\Alternative Medicine (30)\The Guide to Alternative Therapies for Cancer.pdf,D:\Documentos\The Liberator\The Liberator 5 - Prepping and Self-Sufficiency\Health (87)\Alternative Medicine (30)\The Guide to Alternative Therapies for Cancer.cover.jpg,True,405,600,54183,
D:\Documentos\The Liberator\The Liberator 5 - Prepping and Self-Sufficiency\Health (87)\Alternative Medicine (30)\Tincture.pdf,D:\Documentos\The Liberator\The Liberator 5 - Prepping and Self-Sufficiency\Health (87)\Alternative Medicine (30)\Tincture.cover.jpg,True,464,600,73169,
D:\Documentos\The Liberator\The Liberator 5 - Prepping and Self-Sufficiency\Health (87)\Alternative Medicine (30)\What To Use Colloidal Silver For.pdf,D:\Documentos\The Liberator\The Liberator 5 - Prepping and Self-Sufficiency\Health (87)\Alternative Medicine (30)\What To Use Colloidal Silver For.cover.jpg,True,464,600,44826,
D:\Documentos\The Liberator\The Liberator 5 - Prepping and Self-Sufficiency\Health (87)\Alternative Medicine (30)\Who Monographs On Selected Medicinal Plants Vol 1.pdf,D:\Documentos\The Liberator\The Liberator 5 - Prepping and Self-Sufficiency\Health (87)\Alternative Medicine (30)\Who Monographs On Selected Medicinal Plants Vol 1.cover.jpg,True,424,600,10851,
D:\Documentos\The Liberator\The Liberator 5 - Prepping and Self-Sufficiency\Health (87)\Alternative Medicine (30)\Who Monographs On Selected Medicinal Plants Vol 2.pdf,D:\Documentos\The Liberator\The Liberator 5 - Prepping and Self-Sufficiency\Health (87)\Alternative Medicine (30)\Who Monographs On Selected Medicinal Plants Vol 2.cover.jpg,True,424,600,34588,
D:\Documentos\The Liberator\The Liberator 5 - Prepping and Self-Sufficiency\Health (87)\Alternative Medicine (30)\Who Monographs On Selected Medicinal Plants Vol 3.pdf,D:\Documentos\The Liberator\The Liberator 5 - Prepping and Self-Sufficiency\Health (87)\Alternative Medicine (30)\Who Monographs On Selected Medicinal Plants Vol 3.cover.jpg,True,401,600,56390,
D:\Documentos\The Liberator\The Liberator 5 - Prepping and Self-Sufficiency\Health (87)\Alternative Medicine (30)\Who Monographs On Selected Medicinal Plants Vol 4.pdf,D:\Documentos\The Liberator\The Liberator 5 - Prepping and Self-Sufficiency\Health (87)\Alternative Medicine (30)\Who Monographs On Selected Medicinal Plants Vol 4.cover.jpg,True,402,600,57722,
D:\Documentos\The Liberator\The Liberator 5 - Prepping and Self-Sufficiency\Health (87)\Alternative Medicine (30)\Why Antibiotics And Antivirals Fail.pdf,D:\Documentos\The Liberator\The Liberator 5 - Prepping and Self-Sufficiency\Health (87)\Alternative Medicine (30)\Why Antibiotics And Antivirals Fail.cover.jpg,True,464,600,61300,
D:\Documentos\The Liberator\The Liberator 5 - Prepping and Self-Sufficiency\Health (87)\Emergency Medicine (28)\A Manual for Midwives.pdf,D:\Documentos\The Liberator\The Liberator 5 - Prepping and Self-Sufficiency\Health (87)\Emergency Medicine (28)\A Manual for Midwives.cover.jpg,True,447,600,15758,
D:\Documentos\The Liberator\The Liberator 5 - Prepping and Self-Sufficiency\Health (87)\Emergency Medicine (28)\Chemical Emergencies.pdf,D:\Documentos\The Liberator\The Liberator 5 - Prepping and Self-Sufficiency\Health (87)\Emergency Medicine (28)\Chemical Emergencies.cover.jpg,True,464,600,66366,
D:\Documentos\The Liberator\The Liberator 5 - Prepping and Self-Sufficiency\Health (87)\Emergency Medicine (28)\Combat Stress.pdf,D:\Documentos\The Liberator\The Liberator 5 - Prepping and Self-Sufficiency\Health (87)\Emergency Medicine (28)\Combat Stress.cover.jpg,True,464,600,12753,
D:\Documentos\The Liberator\The Liberator 5 - Prepping and Self-Sufficiency\Health (87)\Emergency Medicine (28)\Diabetes Disaster Guidelines.pdf,D:\Documentos\The Liberator\The Liberator 5 - Prepping and Self-Sufficiency\Health (87)\Emergency Medicine (28)\Diabetes Disaster Guidelines.cover.jpg,True,464,600,54886,
D:\Documentos\The Liberator\The Liberator 5 - Prepping and Self-Sufficiency\Health (87)\Emergency Medicine (28)\Ditch Medicine.pdf,D:\Documentos\The Liberator\The Liberator 5 - Prepping and Self-Sufficiency\Health (87)\Emergency Medicine (28)\Ditch Medicine.cover.jpg,True,600,439,75216,
D:\Documentos\The Liberator\The Liberator 5 - Prepping and Self-Sufficiency\Health (87)\Emergency Medicine (28)\Doc Blue's Emergency Medical Kit.pdf,D:\Documentos\The Liberator\The Liberator 5 - Prepping and Self-Sufficiency\Health (87)\Emergency Medicine (28)\Doc Blue's Emergency Medical Kit.cover.jpg,True,464,600,69073,
D:\Documentos\The Liberator\The Liberator 5 - Prepping and Self-Sufficiency\Health (87)\Emergency Medicine (28)\Emergency Childbirth.pdf,D:\Documentos\The Liberator\The Liberator 5 - Prepping and Self-Sufficiency\Health (87)\Emergency Medicine (28)\Emergency Childbirth.cover.jpg,True,464,600,79127,
D:\Documentos\The Liberator\The Liberator 5 - Prepping and Self-Sufficiency\Health (87)\Emergency Medicine (28)\Emergency Preparedness for Childbirth.pdf,D:\Documentos\The Liberator\The Liberator 5 - Prepping and Self-Sufficiency\Health (87)\Emergency Medicine (28)\Emergency Preparedness for Childbirth.cover.jpg,True,446,600,66068,
D:\Documentos\The Liberator\The Liberator 5 - Prepping and Self-Sufficiency\Health (87)\Emergency Medicine (28)\Emergency War Surgery.pdf,D:\Documentos\The Liberator\The Liberator 5 - Prepping and Self-Sufficiency\Health (87)\Emergency Medicine (28)\Emergency War Surgery.cover.jpg,True,381,600,41277,
D:\Documentos\The Liberator\The Liberator 5 - Prepping and Self-Sufficiency\Health (87)\Emergency Medicine (28)\First Aid and Management of Minor Injuries.pdf,D:\Documentos\The Liberator\The Liberator 5 - Prepping and Self-Sufficiency\Health (87)\Emergency Medicine (28)\First Aid and Management of Minor Injuries.cover.jpg,True,423,600,36992,
D:\Documentos\The Liberator\The Liberator 5 - Prepping and Self-Sufficiency\Health (87)\Emergency Medicine (28)\First Aid.pdf,D:\Documentos\The Liberator\The Liberator 5 - Prepping and Self-Sufficiency\Health (87)\Emergency Medicine (28)\First Aid.cover.jpg,True,464,600,14753,
D:\Documentos\The Liberator\The Liberator 5 - Prepping and Self-Sufficiency\Health (87)\Emergency Medicine (28)\Heat Exhaustion And Heat Stroke Symptoms.pdf,D:\Documentos\The Liberator\The Liberator 5 - Prepping and Self-Sufficiency\Health (87)\Emergency Medicine (28)\Heat Exhaustion And Heat Stroke Symptoms.cover.jpg,True,464,600,33144,
D:\Documentos\The Liberator\The Liberator 5 - Prepping and Self-Sufficiency\Health (87)\Emergency Medicine (28)\Intradermal Injections.pdf,D:\Documentos\The Liberator\The Liberator 5 - Prepping and Self-Sufficiency\Health (87)\Emergency Medicine (28)\Intradermal Injections.cover.jpg,True,600,464,33693,
D:\Documentos\The Liberator\The Liberator 5 - Prepping and Self-Sufficiency\Health (87)\Emergency Medicine (28)\Mass Casualty Planning and Burial.pdf,D:\Documentos\The Liberator\The Liberator 5 - Prepping and Self-Sufficiency\Health (87)\Emergency Medicine (28)\Mass Casualty Planning and Burial.cover.jpg,True,464,600,46133,
D:\Documentos\The Liberator\The Liberator 5 - Prepping and Self-Sufficiency\Health (87)\Emergency Medicine (28)\Medical Emergencies.pdf,D:\Documentos\The Liberator\The Liberator 5 - Prepping and Self-Sufficiency\Health (87)\Emergency Medicine (28)\Medical Emergencies.cover.jpg,True,464,600,48103,
D:\Documentos\The Liberator\The Liberator 5 - Prepping and Self-Sufficiency\Health (87)\Emergency Medicine (28)\Medical Evacuation Tactics Techniques And Procedures.pdf,D:\Documentos\The Liberator\The Liberator 5 - Prepping and Self-Sufficiency\Health (87)\Emergency Medicine (28)\Medical Evacuation Tactics Techniques And Procedures.cover.jpg,True,466,600,22655,
D:\Documentos\The Liberator\The Liberator 5 - Prepping and Self-Sufficiency\Health (87)\Emergency Medicine (28)\Ships Medicine Chest & Medical Aid At Sea.pdf,D:\Documentos\The Liberator\The Liberator 5 - Prepping and Self-Sufficiency\Health (87)\Emergency Medicine (28)\Ships Medicine Chest & Medical Aid At Sea.cover.jpg,True,464,600,31336,
D:\Documentos\The Liberator\The Liberator 5 - Prepping and Self-Sufficiency\Health (87)\Emergency Medicine (28)\Sodium Calcium Hypochorites.pdf,D:\Documentos\The Liberator\The Liberator 5 - Prepping and Self-Sufficiency\Health (87)\Emergency Medicine (28)\Sodium Calcium Hypochorites.cover.jpg,True,464,600,64749,
D:\Documentos\The Liberator\The Liberator 5 - Prepping and Self-Sufficiency\Health (87)\Emergency Medicine (28)\Surgery for Victims of War.pdf,D:\Documentos\The Liberator\The Liberator 5 - Prepping and Self-Sufficiency\Health (87)\Emergency Medicine (28)\Surgery for Victims of War.cover.jpg,True,404,600,23410,
D:\Documentos\The Liberator\The Liberator 5 - Prepping and Self-Sufficiency\Health (87)\Emergency Medicine (28)\Survival And Austere Medicine.pdf,D:\Documentos\The Liberator\The Liberator 5 - Prepping and Self-Sufficiency\Health (87)\Emergency Medicine (28)\Survival And Austere Medicine.cover.jpg,True,424,600,13660,
D:\Documentos\The Liberator\The Liberator 5 - Prepping and Self-Sufficiency\Health (87)\Emergency Medicine (28)\Treatment of Biological Warfare Agent Casualities.pdf,D:\Documentos\The Liberator\The Liberator 5 - Prepping and Self-Sufficiency\Health (87)\Emergency Medicine (28)\Treatment of Biological Warfare Agent Casualities.cover.jpg,True,466,600,30551,
D:\Documentos\The Liberator\The Liberator 5 - Prepping and Self-Sufficiency\Health (87)\Emergency Medicine (28)\US Army Special Forces Medical Handbook.pdf,D:\Documentos\The Liberator\The Liberator 5 - Prepping and Self-Sufficiency\Health (87)\Emergency Medicine (28)\US Army Special Forces Medical Handbook.cover.jpg,True,371,600,9864,
D:\Documentos\The Liberator\The Liberator 5 - Prepping and Self-Sufficiency\Health (87)\Emergency Medicine (28)\USMC Wilderness Medicine Course.pdf,D:\Documentos\The Liberator\The Liberator 5 - Prepping and Self-Sufficiency\Health (87)\Emergency Medicine (28)\USMC Wilderness Medicine Course.cover.jpg,True,464,600,28415,
D:\Documentos\The Liberator\The Liberator 5 - Prepping and Self-Sufficiency\Health (87)\Emergency Medicine (28)\War Medicine.pdf,D:\Documentos\The Liberator\The Liberator 5 - Prepping and Self-Sufficiency\Health (87)\Emergency Medicine (28)\War Medicine.cover.jpg,True,423,600,15197,
D:\Documentos\The Liberator\The Liberator 5 - Prepping and Self-Sufficiency\Health (87)\Emergency Medicine (28)\Where There Is No Dentist.pdf,D:\Documentos\The Liberator\The Liberator 5 - Prepping and Self-Sufficiency\Health (87)\Emergency Medicine (28)\Where There Is No Dentist.cover.jpg,True,394,600,70000,
D:\Documentos\The Liberator\The Liberator 5 - Prepping and Self-Sufficiency\Health (87)\Emergency Medicine (28)\Where There Is No Doctor.pdf,D:\Documentos\The Liberator\The Liberator 5 - Prepping and Self-Sufficiency\Health (87)\Emergency Medicine (28)\Where There Is No Doctor.cover.jpg,True,416,600,23698,
D:\Documentos\The Liberator\The Liberator 5 - Prepping and Self-Sufficiency\Health (87)\Emergency Medicine (28)\Wilderness Med Kit.pdf,D:\Documentos\The Liberator\The Liberator 5 - Prepping and Self-Sufficiency\Health (87)\Emergency Medicine (28)\Wilderness Med Kit.cover.jpg,True,464,600,40842,
D:\Documentos\The Liberator\The Liberator 5 - Prepping and Self-Sufficiency\Health (87)\Emergency Medicine (28)\Wound Closure Manual.pdf,D:\Documentos\The Liberator\The Liberator 5 - Prepping and Self-Sufficiency\Health (87)\Emergency Medicine (28)\Wound Closure Manual.cover.jpg,True,464,600,57683,
D:\Documentos\The Liberator\The Liberator 5 - Prepping and Self-Sufficiency\Health (87)\General Health (14)\Amazing Benefits and Uses for Hydrogen Peroxide.pdf,D:\Documentos\The Liberator\The Liberator 5 - Prepping and Self-Sufficiency\Health (87)\General Health (14)\Amazing Benefits and Uses for Hydrogen Peroxide.cover.jpg,True,464,600,33280,
D:\Documentos\The Liberator\The Liberator 5 - Prepping and Self-Sufficiency\Health (87)\General Health (14)\Cancer Root Cause And Cure.pdf,D:\Documentos\The Liberator\The Liberator 5 - Prepping and Self-Sufficiency\Health (87)\General Health (14)\Cancer Root Cause And Cure.cover.jpg,True,464,600,69668,
D:\Documentos\The Liberator\The Liberator 5 - Prepping and Self-Sufficiency\Health (87)\General Health (14)\Different Ways Of Killing Mold.pdf,D:\Documentos\The Liberator\The Liberator 5 - Prepping and Self-Sufficiency\Health (87)\General Health (14)\Different Ways Of Killing Mold.cover.jpg,True,464,600,60590,
D:\Documentos\The Liberator\The Liberator 5 - Prepping and Self-Sufficiency\Health (87)\General Health (14)\Food Borne Illnesses.pdf,D:\Documentos\The Liberator\The Liberator 5 - Prepping and Self-Sufficiency\Health (87)\General Health (14)\Food Borne Illnesses.cover.jpg,True,464,600,64385,
D:\Documentos\The Liberator\The Liberator 5 - Prepping and Self-Sufficiency\Health (87)\General Health (14)\Health Facts.pdf,D:\Documentos\The Liberator\The Liberator 5 - Prepping and Self-Sufficiency\Health (87)\General Health (14)\Health Facts.cover.jpg,True,464,600,80146,
D:\Documentos\The Liberator\The Liberator 5 - Prepping and Self-Sufficiency\Health (87)\General Health (14)\How Medicine Should Be Used.pdf,D:\Documentos\The Liberator\The Liberator 5 - Prepping and Self-Sufficiency\Health (87)\General Health (14)\How Medicine Should Be Used.cover.jpg,True,424,600,36819,
D:\Documentos\The Liberator\The Liberator 5 - Prepping and Self-Sufficiency\Health (87)\General Health (14)\How To Make A Low Cost Efficient 12 Volt Air Filter.pdf,D:\Documentos\The Liberator\The Liberator 5 - Prepping and Self-Sufficiency\Health (87)\General Health (14)\How To Make A Low Cost Efficient 12 Volt Air Filter.cover.jpg,True,464,600,41861,
D:\Documentos\The Liberator\The Liberator 5 - Prepping and Self-Sufficiency\Health (87)\General Health (14)\How To Make Your Own Bordeaux Fungicide Mixture.pdf,D:\Documentos\The Liberator\The Liberator 5 - Prepping and Self-Sufficiency\Health (87)\General Health (14)\How To Make Your Own Bordeaux Fungicide Mixture.cover.jpg,True,464,600,59779,
D:\Documentos\The Liberator\The Liberator 5 - Prepping and Self-Sufficiency\Health (87)\General Health (14)\Immune System Formulas.pdf,D:\Documentos\The Liberator\The Liberator 5 - Prepping and Self-Sufficiency\Health (87)\General Health (14)\Immune System Formulas.cover.jpg,True,464,600,49889,
D:\Documentos\The Liberator\The Liberator 5 - Prepping and Self-Sufficiency\Health (87)\General Health (14)\Importance Of Vitamin C.pdf,D:\Documentos\The Liberator\The Liberator 5 - Prepping and Self-Sufficiency\Health (87)\General Health (14)\Importance Of Vitamin C.cover.jpg,True,466,600,80201,
D:\Documentos\The Liberator\The Liberator 5 - Prepping and Self-Sufficiency\Health (87)\General Health (14)\Migraine.pdf,D:\Documentos\The Liberator\The Liberator 5 - Prepping and Self-Sufficiency\Health (87)\General Health (14)\Migraine.cover.jpg,True,464,600,71296,
D:\Documentos\The Liberator\The Liberator 5 - Prepping and Self-Sufficiency\Health (87)\General Health (14)\Pesticides Are Poison.pdf,D:\Documentos\The Liberator\The Liberator 5 - Prepping and Self-Sufficiency\Health (87)\General Health (14)\Pesticides Are Poison.cover.jpg,True,464,600,15199,
D:\Documentos\The Liberator\The Liberator 5 - Prepping and Self-Sufficiency\Health (87)\General Health (14)\Protection Against Mosquitoes Ticks & Other Insects & Arthropods.pdf,D:\Documentos\The Liberator\The Liberator 5 - Prepping and Self-Sufficiency\Health (87)\General Health (14)\Protection Against Mosquitoes Ticks & Other Insects & Arthropods.cover.jpg,True,464,600,67330,
D:\Documentos\The Liberator\The Liberator 5 - Prepping and Self-Sufficiency\Health (87)\General Health (14)\Symptoms Of Vitamin Deficiency.pdf,D:\Documentos\The Liberator\The Liberator 5 - Prepping and Self-Sufficiency\Health (87)\General Health (14)\Symptoms Of Vitamin Deficiency.cover.jpg,True,464,600,32711,
D:\Documentos\The Liberator\The Liberator 5 - Prepping and Self-Sufficiency\Health (87)\Hygiene and Sanitation (8)\Appropriate Wastewater Treatment In Developing.pdf,D:\Documentos\The Liberator\The Liberator 5 - Prepping and Self-Sufficiency\Health (87)\Hygiene and Sanitation (8)\Appropriate Wastewater Treatment In Developing.cover.jpg,True,464,600,49024,
D:\Documentos\The Liberator\The Liberator 5 - Prepping and Self-Sufficiency\Health (87)\Hygiene and Sanitation (8)\Base Camp Hygiene And Health.pdf,D:\Documentos\The Liberator\The Liberator 5 - Prepping and Self-Sufficiency\Health (87)\Hygiene and Sanitation (8)\Base Camp Hygiene And Health.cover.jpg,True,423,600,42700,
D:\Documentos\The Liberator\The Liberator 5 - Prepping and Self-Sufficiency\Health (87)\Hygiene and Sanitation (8)\Field Hygiene And Sanitation.pdf,D:\Documentos\The Liberator\The Liberator 5 - Prepping and Self-Sufficiency\Health (87)\Hygiene and Sanitation (8)\Field Hygiene And Sanitation.cover.jpg,True,600,429,24846,
D:\Documentos\The Liberator\The Liberator 5 - Prepping and Self-Sufficiency\Health (87)\Hygiene and Sanitation (8)\Food Sanitation For The Supervisor.pdf,D:\Documentos\The Liberator\The Liberator 5 - Prepping and Self-Sufficiency\Health (87)\Hygiene and Sanitation (8)\Food Sanitation For The Supervisor.cover.jpg,True,464,600,14870,
D:\Documentos\The Liberator\The Liberator 5 - Prepping and Self-Sufficiency\Health (87)\Hygiene and Sanitation (8)\How To Prevent Cholera.pdf,D:\Documentos\The Liberator\The Liberator 5 - Prepping and Self-Sufficiency\Health (87)\Hygiene and Sanitation (8)\How To Prevent Cholera.cover.jpg,True,464,600,57222,
D:\Documentos\The Liberator\The Liberator 5 - Prepping and Self-Sufficiency\Health (87)\Hygiene and Sanitation (8)\Management of Dead Bodies.pdf,D:\Documentos\The Liberator\The Liberator 5 - Prepping and Self-Sufficiency\Health (87)\Hygiene and Sanitation (8)\Management of Dead Bodies.cover.jpg,True,420,600,19079,
D:\Documentos\The Liberator\The Liberator 5 - Prepping and Self-Sufficiency\Health (87)\Hygiene and Sanitation (8)\Safe Burial Practices.pdf,D:\Documentos\The Liberator\The Liberator 5 - Prepping and Self-Sufficiency\Health (87)\Hygiene and Sanitation (8)\Safe Burial Practices.cover.jpg,True,424,600,14737,
D:\Documentos\The Liberator\The Liberator 5 - Prepping and Self-Sufficiency\Health (87)\Hygiene and Sanitation (8)\Sanitation.pdf,D:\Documentos\The Liberator\The Liberator 5 - Prepping and Self-Sufficiency\Health (87)\Hygiene and Sanitation (8)\Sanitation.cover.jpg,True,464,600,82723,
D:\Documentos\The Liberator\The Liberator 5 - Prepping and Self-Sufficiency\Health (87)\Pandemics (7)\Bird Flu Diagnosis And Personal Hygiene.pdf,D:\Documentos\The Liberator\The Liberator 5 - Prepping and Self-Sufficiency\Health (87)\Pandemics (7)\Bird Flu Diagnosis And Personal Hygiene.cover.jpg,True,464,600,61043,
D:\Documentos\The Liberator\The Liberator 5 - Prepping and Self-Sufficiency\Health (87)\Pandemics (7)\Face Masks.pdf,D:\Documentos\The Liberator\The Liberator 5 - Prepping and Self-Sufficiency\Health (87)\Pandemics (7)\Face Masks.cover.jpg,True,464,600,64518,
D:\Documentos\The Liberator\The Liberator 5 - Prepping and Self-Sufficiency\Health (87)\Pandemics (7)\HHS Pandemic Influenza Plan.pdf,D:\Documentos\The Liberator\The Liberator 5 - Prepping and Self-Sufficiency\Health (87)\Pandemics (7)\HHS Pandemic Influenza Plan.cover.jpg,True,464,600,43828,
D:\Documentos\The Liberator\The Liberator 5 - Prepping and Self-Sufficiency\Health (87)\Pandemics (7)\Isolation Planning.pdf,D:\Documentos\The Liberator\The Liberator 5 - Prepping and Self-Sufficiency\Health (87)\Pandemics (7)\Isolation Planning.cover.jpg,True,424,600,29000,
D:\Documentos\The Liberator\The Liberator 5 - Prepping and Self-Sufficiency\Health (87)\Pandemics (7)\Pandemic Flu Citizens Guide.pdf,D:\Documentos\The Liberator\The Liberator 5 - Prepping and Self-Sufficiency\Health (87)\Pandemics (7)\Pandemic Flu Citizens Guide.cover.jpg,True,464,600,32181,
D:\Documentos\The Liberator\The Liberator 5 - Prepping and Self-Sufficiency\Health (87)\Pandemics (7)\Quarantine Sign.pdf,D:\Documentos\The Liberator\The Liberator 5 - Prepping and Self-Sufficiency\Health (87)\Pandemics (7)\Quarantine Sign.cover.jpg,True,600,464,80663,
D:\Documentos\The Liberator\The Liberator 5 - Prepping and Self-Sufficiency\Health (87)\Pandemics (7)\Social Distancing Support Guidelines For Pandemic Readiness.pdf,D:\Documentos\The Liberator\The Liberator 5 - Prepping and Self-Sufficiency\Health (87)\Pandemics (7)\Social Distancing Support Guidelines For Pandemic Readiness.cover.jpg,True,464,600,27232,
D:\Documentos\The Liberator\The Liberator 5 - Prepping and Self-Sufficiency\Home and Shelter Construction (26)\A Long Term Survival Guide - Types of Combat Shelters.pdf,D:\Documentos\The Liberator\The Liberator 5 - Prepping and Self-Sufficiency\Home and Shelter Construction (26)\A Long Term Survival Guide - Types of Combat Shelters.cover.jpg,True,464,600,52450,
D:\Documentos\The Liberator\The Liberator 5 - Prepping and Self-Sufficiency\Home and Shelter Construction (26)\Aboveground Home Shelter.pdf,D:\Documentos\The Liberator\The Liberator 5 - Prepping and Self-Sufficiency\Home and Shelter Construction (26)\Aboveground Home Shelter.cover.jpg,True,475,600,58255,
D:\Documentos\The Liberator\The Liberator 5 - Prepping and Self-Sufficiency\Home and Shelter Construction (26)\Belowground Corrugated Steel Culvert Shelter.pdf,D:\Documentos\The Liberator\The Liberator 5 - Prepping and Self-Sufficiency\Home and Shelter Construction (26)\Belowground Corrugated Steel Culvert Shelter.cover.jpg,True,451,600,72727,
D:\Documentos\The Liberator\The Liberator 5 - Prepping and Self-Sufficiency\Home and Shelter Construction (26)\Belowground New Construction Clay Masonry Shelter.pdf,D:\Documentos\The Liberator\The Liberator 5 - Prepping and Self-Sufficiency\Home and Shelter Construction (26)\Belowground New Construction Clay Masonry Shelter.cover.jpg,True,495,600,66961,
D:\Documentos\The Liberator\The Liberator 5 - Prepping and Self-Sufficiency\Home and Shelter Construction (26)\Building With Stone and Earth.pdf,D:\Documentos\The Liberator\The Liberator 5 - Prepping and Self-Sufficiency\Home and Shelter Construction (26)\Building With Stone and Earth.cover.jpg,True,424,600,67170,
D:\Documentos\The Liberator\The Liberator 5 - Prepping and Self-Sufficiency\Home and Shelter Construction (26)\Building With Tire Bales.pdf,D:\Documentos\The Liberator\The Liberator 5 - Prepping and Self-Sufficiency\Home and Shelter Construction (26)\Building With Tire Bales.cover.jpg,True,464,600,44994,
D:\Documentos\The Liberator\The Liberator 5 - Prepping and Self-Sufficiency\Home and Shelter Construction (26)\Bulletproof Your Home.pdf,D:\Documentos\The Liberator\The Liberator 5 - Prepping and Self-Sufficiency\Home and Shelter Construction (26)\Bulletproof Your Home.cover.jpg,True,439,600,44077,
D:\Documentos\The Liberator\The Liberator 5 - Prepping and Self-Sufficiency\Home and Shelter Construction (26)\Cool House - A Down To Earth Idea.pdf,D:\Documentos\The Liberator\The Liberator 5 - Prepping and Self-Sufficiency\Home and Shelter Construction (26)\Cool House - A Down To Earth Idea.cover.jpg,True,464,600,107317,
D:\Documentos\The Liberator\The Liberator 5 - Prepping and Self-Sufficiency\Home and Shelter Construction (26)\Digging in The Dirt.pdf,D:\Documentos\The Liberator\The Liberator 5 - Prepping and Self-Sufficiency\Home and Shelter Construction (26)\Digging in The Dirt.cover.jpg,True,464,600,61623,
D:\Documentos\The Liberator\The Liberator 5 - Prepping and Self-Sufficiency\Home and Shelter Construction (26)\Dynamic Compaction of Soil for Low Cost Building Blocks.pdf,D:\Documentos\The Liberator\The Liberator 5 - Prepping and Self-Sufficiency\Home and Shelter Construction (26)\Dynamic Compaction of Soil for Low Cost Building Blocks.cover.jpg,True,424,600,20944,
D:\Documentos\The Liberator\The Liberator 5 - Prepping and Self-Sufficiency\Home and Shelter Construction (26)\Earthship Biotecture.pdf,D:\Documentos\The Liberator\The Liberator 5 - Prepping and Self-Sufficiency\Home and Shelter Construction (26)\Earthship Biotecture.cover.jpg,True,600,464,43665,
D:\Documentos\The Liberator\The Liberator 5 - Prepping and Self-Sufficiency\Home and Shelter Construction (26)\Earthship Construction Overview.pdf,D:\Documentos\The Liberator\The Liberator 5 - Prepping and Self-Sufficiency\Home and Shelter Construction (26)\Earthship Construction Overview.cover.jpg,True,459,600,40345,
D:\Documentos\The Liberator\The Liberator 5 - Prepping and Self-Sufficiency\Home and Shelter Construction (26)\Earthship Project Australia.pdf,D:\Documentos\The Liberator\The Liberator 5 - Prepping and Self-Sufficiency\Home and Shelter Construction (26)\Earthship Project Australia.cover.jpg,True,425,600,70414,
D:\Documentos\The Liberator\The Liberator 5 - Prepping and Self-Sufficiency\Home and Shelter Construction (26)\Filtration and Air-Cleaning Systems to Protect Building Environments.pdf,D:\Documentos\The Liberator\The Liberator 5 - Prepping and Self-Sufficiency\Home and Shelter Construction (26)\Filtration and Air-Cleaning Systems to Protect Building Environments.cover.jpg,True,530,600,26651,
D:\Documentos\The Liberator\The Liberator 5 - Prepping and Self-Sufficiency\Home and Shelter Construction (26)\Going Underground.pdf,D:\Documentos\The Liberator\The Liberator 5 - Prepping and Self-Sufficiency\Home and Shelter Construction (26)\Going Underground.cover.jpg,True,424,600,64947,
D:\Documentos\The Liberator\The Liberator 5 - Prepping and Self-Sufficiency\Home and Shelter Construction (26)\Home Shelter.pdf,D:\Documentos\The Liberator\The Liberator 5 - Prepping and Self-Sufficiency\Home and Shelter Construction (26)\Home Shelter.cover.jpg,True,454,600,51104,
D:\Documentos\The Liberator\The Liberator 5 - Prepping and Self-Sufficiency\Home and Shelter Construction (26)\How To Build a Bomb Shelter.pdf,D:\Documentos\The Liberator\The Liberator 5 - Prepping and Self-Sufficiency\Home and Shelter Construction (26)\How To Build a Bomb Shelter.cover.jpg,True,464,600,38961,
D:\Documentos\The Liberator\The Liberator 5 - Prepping and Self-Sufficiency\Home and Shelter Construction (26)\How To Make Stabilised Earth Blocks.pdf,D:\Documentos\The Liberator\The Liberator 5 - Prepping and Self-Sufficiency\Home and Shelter Construction (26)\How To Make Stabilised Earth Blocks.cover.jpg,True,424,600,15098,
D:\Documentos\The Liberator\The Liberator 5 - Prepping and Self-Sufficiency\Home and Shelter Construction (26)\Plans for Expedient Fallout Shelters.pdf,D:\Documentos\The Liberator\The Liberator 5 - Prepping and Self-Sufficiency\Home and Shelter Construction (26)\Plans for Expedient Fallout Shelters.cover.jpg,True,463,600,60809,
D:\Documentos\The Liberator\The Liberator 5 - Prepping and Self-Sufficiency\Home and Shelter Construction (26)\Self-Contained Underground Shelters for Defense Against NBC Warfare.pdf,D:\Documentos\The Liberator\The Liberator 5 - Prepping and Self-Sufficiency\Home and Shelter Construction (26)\Self-Contained Underground Shelters for Defense Against NBC Warfare.cover.jpg,True,464,600,59032,
D:\Documentos\The Liberator\The Liberator 5 - Prepping and Self-Sufficiency\Home and Shelter Construction (26)\Small Scale Manufacture of Burned Building Brick.pdf,D:\Documentos\The Liberator\The Liberator 5 - Prepping and Self-Sufficiency\Home and Shelter Construction (26)\Small Scale Manufacture of Burned Building Brick.cover.jpg,True,461,600,27334,
D:\Documentos\The Liberator\The Liberator 5 - Prepping and Self-Sufficiency\Home and Shelter Construction (26)\Taking Shelter.pdf,D:\Documentos\The Liberator\The Liberator 5 - Prepping and Self-Sufficiency\Home and Shelter Construction (26)\Taking Shelter.cover.jpg,True,464,600,60712,
D:\Documentos\The Liberator\The Liberator 5 - Prepping and Self-Sufficiency\Home and Shelter Construction (26)\The Application of the Earthship Building Type.pdf,D:\Documentos\The Liberator\The Liberator 5 - Prepping and Self-Sufficiency\Home and Shelter Construction (26)\The Application of the Earthship Building Type.cover.jpg,True,464,600,50923,
D:\Documentos\The Liberator\The Liberator 5 - Prepping and Self-Sufficiency\Home and Shelter Construction (26)\The Boulder Concept in Building Walls.pdf,D:\Documentos\The Liberator\The Liberator 5 - Prepping and Self-Sufficiency\Home and Shelter Construction (26)\The Boulder Concept in Building Walls.cover.jpg,True,424,600,69728,
D:\Documentos\The Liberator\The Liberator 5 - Prepping and Self-Sufficiency\Home and Shelter Construction (26)\The Bunker Book.pdf,D:\Documentos\The Liberator\The Liberator 5 - Prepping and Self-Sufficiency\Home and Shelter Construction (26)\The Bunker Book.cover.jpg,True,464,600,49301,
D:\Documentos\The Liberator\The Liberator 5 - Prepping and Self-Sufficiency\Home and Shelter Construction (26)\Your Basement Fallout Shelter.pdf,D:\Documentos\The Liberator\The Liberator 5 - Prepping and Self-Sufficiency\Home and Shelter Construction (26)\Your Basement Fallout Shelter.cover.jpg,True,600,428,11677,
D:\Documentos\The Liberator\The Liberator 5 - Prepping and Self-Sufficiency\Homesteading (105)\Alcohol and Distillation (7)\Guide to Red Wine Making.pdf,D:\Documentos\The Liberator\The Liberator 5 - Prepping and Self-Sufficiency\Homesteading (105)\Alcohol and Distillation (7)\Guide to Red Wine Making.cover.jpg,True,464,600,39502,
D:\Documentos\The Liberator\The Liberator 5 - Prepping and Self-Sufficiency\Homesteading (105)\Alcohol and Distillation (7)\Home Winnower's Manual.pdf,D:\Documentos\The Liberator\The Liberator 5 - Prepping and Self-Sufficiency\Homesteading (105)\Alcohol and Distillation (7)\Home Winnower's Manual.cover.jpg,True,464,600,10195,
D:\Documentos\The Liberator\The Liberator 5 - Prepping and Self-Sufficiency\Homesteading (105)\Alcohol and Distillation (7)\Homemade Distillation Apparatus.pdf,D:\Documentos\The Liberator\The Liberator 5 - Prepping and Self-Sufficiency\Homesteading (105)\Alcohol and Distillation (7)\Homemade Distillation Apparatus.cover.jpg,True,464,600,18018,
D:\Documentos\The Liberator\The Liberator 5 - Prepping and Self-Sufficiency\Homesteading (105)\Alcohol and Distillation (7)\How Distillation Works.pdf,D:\Documentos\The Liberator\The Liberator 5 - Prepping and Self-Sufficiency\Homesteading (105)\Alcohol and Distillation (7)\How Distillation Works.cover.jpg,True,464,600,54144,
D:\Documentos\The Liberator\The Liberator 5 - Prepping and Self-Sufficiency\Homesteading (105)\Alcohol and Distillation (7)\How To Make Alcohol With Fruit and Berries.pdf,D:\Documentos\The Liberator\The Liberator 5 - Prepping and Self-Sufficiency\Homesteading (105)\Alcohol and Distillation (7)\How To Make Alcohol With Fruit and Berries.cover.jpg,True,424,600,49191,
D:\Documentos\The Liberator\The Liberator 5 - Prepping and Self-Sufficiency\Homesteading (105)\Alcohol and Distillation (7)\Make Your Own Ethanol.pdf,D:\Documentos\The Liberator\The Liberator 5 - Prepping and Self-Sufficiency\Homesteading (105)\Alcohol and Distillation (7)\Make Your Own Ethanol.cover.jpg,True,464,600,68930,
D:\Documentos\The Liberator\The Liberator 5 - Prepping and Self-Sufficiency\Homesteading (105)\Alcohol and Distillation (7)\Minimum Proof Of Alcohol.pdf,D:\Documentos\The Liberator\The Liberator 5 - Prepping and Self-Sufficiency\Homesteading (105)\Alcohol and Distillation (7)\Minimum Proof Of Alcohol.cover.jpg,True,464,600,46448,
D:\Documentos\The Liberator\The Liberator 5 - Prepping and Self-Sufficiency\Homesteading (105)\Beekeeping (45)\4H Beekeeping.pdf,D:\Documentos\The Liberator\The Liberator 5 - Prepping and Self-Sufficiency\Homesteading (105)\Beekeeping (45)\4H Beekeeping.cover.jpg,True,464,600,55691,
D:\Documentos\The Liberator\The Liberator 5 - Prepping and Self-Sufficiency\Homesteading (105)\Beekeeping (45)\About Beekeeping.pdf,D:\Documentos\The Liberator\The Liberator 5 - Prepping and Self-Sufficiency\Homesteading (105)\Beekeeping (45)\About Beekeeping.cover.jpg,True,425,600,43335,
D:\Documentos\The Liberator\The Liberator 5 - Prepping and Self-Sufficiency\Homesteading (105)\Beekeeping (45)\Backyard Beekeeping.pdf,D:\Documentos\The Liberator\The Liberator 5 - Prepping and Self-Sufficiency\Homesteading (105)\Beekeeping (45)\Backyard Beekeeping.cover.jpg,True,600,586,95808,
D:\Documentos\The Liberator\The Liberator 5 - Prepping and Self-Sufficiency\Homesteading (105)\Beekeeping (45)\Basic Beekeeping.pdf,D:\Documentos\The Liberator\The Liberator 5 - Prepping and Self-Sufficiency\Homesteading (105)\Beekeeping (45)\Basic Beekeeping.cover.jpg,True,464,600,62877,
"D:\Documentos\The Liberator\The Liberator 5 - Prepping and Self-Sufficiency\Homesteading (105)\Beekeeping (45)\Beekeeping - Natural, Simple, Successful.pdf","D:\Documentos\The Liberator\The Liberator 5 - Prepping and Self-Sufficiency\Homesteading (105)\Beekeeping (45)\Beekeeping - Natural, Simple, Successful.cover.jpg",True,424,600,73906,
D:\Documentos\The Liberator\The Liberator 5 - Prepping and Self-Sufficiency\Homesteading (105)\Beekeeping (45)\Beekeeping and Honey Processing.pdf,D:\Documentos\The Liberator\The Liberator 5 - Prepping and Self-Sufficiency\Homesteading (105)\Beekeeping (45)\Beekeeping and Honey Processing.cover.jpg,True,425,600,38948,
D:\Documentos\The Liberator\The Liberator 5 - Prepping and Self-Sufficiency\Homesteading (105)\Beekeeping (45)\Beekeeping and Honey Production.pdf,D:\Documentos\The Liberator\The Liberator 5 - Prepping and Self-Sufficiency\Homesteading (105)\Beekeeping (45)\Beekeeping and Honey Production.cover.jpg,True,464,600,76698,
D:\Documentos\The Liberator\The Liberator 5 - Prepping and Self-Sufficiency\Homesteading (105)\Beekeeping (45)\Beekeeping and Sustainable Livelihoods.pdf,D:\Documentos\The Liberator\The Liberator 5 - Prepping and Self-Sufficiency\Homesteading (105)\Beekeeping (45)\Beekeeping and Sustainable Livelihoods.cover.jpg,True,419,600,80410,
D:\Documentos\The Liberator\The Liberator 5 - Prepping and Self-Sufficiency\Homesteading (105)\Beekeeping (45)\Beekeeping Apiculture.pdf,D:\Documentos\The Liberator\The Liberator 5 - Prepping and Self-Sufficiency\Homesteading (105)\Beekeeping (45)\Beekeeping Apiculture.cover.jpg,True,464,600,81874,
D:\Documentos\The Liberator\The Liberator 5 - Prepping and Self-Sufficiency\Homesteading (105)\Beekeeping (45)\Beekeeping in Denver Urban Gardens Community Gardens.pdf,D:\Documentos\The Liberator\The Liberator 5 - Prepping and Self-Sufficiency\Homesteading (105)\Beekeeping (45)\Beekeeping in Denver Urban Gardens Community Gardens.cover.jpg,True,464,600,55242,
D:\Documentos\The Liberator\The Liberator 5 - Prepping and Self-Sufficiency\Homesteading (105)\Beekeeping (45)\Beekeeping in Tennessee.pdf,D:\Documentos\The Liberator\The Liberator 5 - Prepping and Self-Sufficiency\Homesteading (105)\Beekeeping (45)\Beekeeping in Tennessee.cover.jpg,True,464,600,54691,
D:\Documentos\The Liberator\The Liberator 5 - Prepping and Self-Sufficiency\Homesteading (105)\Beekeeping (45)\Beekeeping In The Tropics.pdf,D:\Documentos\The Liberator\The Liberator 5 - Prepping and Self-Sufficiency\Homesteading (105)\Beekeeping (45)\Beekeeping In The Tropics.cover.jpg,True,425,600,8531,
D:\Documentos\The Liberator\The Liberator 5 - Prepping and Self-Sufficiency\Homesteading (105)\Beekeeping (45)\Beekeeping With Top Bar Hives.pdf,D:\Documentos\The Liberator\The Liberator 5 - Prepping and Self-Sufficiency\Homesteading (105)\Beekeeping (45)\Beekeeping With Top Bar Hives.cover.jpg,True,464,600,45190,
D:\Documentos\The Liberator\The Liberator 5 - Prepping and Self-Sufficiency\Homesteading (105)\Beekeeping (45)\Beekeeping.pdf,D:\Documentos\The Liberator\The Liberator 5 - Prepping and Self-Sufficiency\Homesteading (105)\Beekeeping (45)\Beekeeping.cover.jpg,True,464,600,78625,
D:\Documentos\The Liberator\The Liberator 5 - Prepping and Self-Sufficiency\Homesteading (105)\Beekeeping (45)\Best Management Practices for Safe Urban Beekeeping.pdf,D:\Documentos\The Liberator\The Liberator 5 - Prepping and Self-Sufficiency\Homesteading (105)\Beekeeping (45)\Best Management Practices for Safe Urban Beekeeping.cover.jpg,True,464,600,65800,
D:\Documentos\The Liberator\The Liberator 5 - Prepping and Self-Sufficiency\Homesteading (105)\Beekeeping (45)\Better Beekeeping in Top Bar Hives.pdf,D:\Documentos\The Liberator\The Liberator 5 - Prepping and Self-Sufficiency\Homesteading (105)\Beekeeping (45)\Better Beekeeping in Top Bar Hives.cover.jpg,True,424,600,70340,
D:\Documentos\The Liberator\The Liberator 5 - Prepping and Self-Sufficiency\Homesteading (105)\Beekeeping (45)\Build Your Own Top Bar Hive.pdf,D:\Documentos\The Liberator\The Liberator 5 - Prepping and Self-Sufficiency\Homesteading (105)\Beekeeping (45)\Build Your Own Top Bar Hive.cover.jpg,True,464,600,43097,
D:\Documentos\The Liberator\The Liberator 5 - Prepping and Self-Sufficiency\Homesteading (105)\Beekeeping (45)\Building 7 Modified Warre' Bee Hives.pdf,D:\Documentos\The Liberator\The Liberator 5 - Prepping and Self-Sufficiency\Homesteading (105)\Beekeeping (45)\Building 7 Modified Warre' Bee Hives.cover.jpg,True,464,600,36546,
D:\Documentos\The Liberator\The Liberator 5 - Prepping and Self-Sufficiency\Homesteading (105)\Beekeeping (45)\Building a Better Beehive.pdf,D:\Documentos\The Liberator\The Liberator 5 - Prepping and Self-Sufficiency\Homesteading (105)\Beekeeping (45)\Building a Better Beehive.cover.jpg,True,464,600,87146,
D:\Documentos\The Liberator\The Liberator 5 - Prepping and Self-Sufficiency\Homesteading (105)\Beekeeping (45)\California Beekeeping.pdf,D:\Documentos\The Liberator\The Liberator 5 - Prepping and Self-Sufficiency\Homesteading (105)\Beekeeping (45)\California Beekeeping.cover.jpg,True,399,600,59922,
D:\Documentos\The Liberator\The Liberator 5 - Prepping and Self-Sufficiency\Homesteading (105)\Beekeeping (45)\Friendly Beekeeping.pdf,D:\Documentos\The Liberator\The Liberator 5 - Prepping and Self-Sufficiency\Homesteading (105)\Beekeeping (45)\Friendly Beekeeping.cover.jpg,True,464,600,57074,
D:\Documentos\The Liberator\The Liberator 5 - Prepping and Self-Sufficiency\Homesteading (105)\Beekeeping (45)\Golden Mean Beekeeping Top Bar Hive.pdf,D:\Documentos\The Liberator\The Liberator 5 - Prepping and Self-Sufficiency\Homesteading (105)\Beekeeping (45)\Golden Mean Beekeeping Top Bar Hive.cover.jpg,True,464,600,34839,
D:\Documentos\The Liberator\The Liberator 5 - Prepping and Self-Sufficiency\Homesteading (105)\Beekeeping (45)\Guide to Natural Beekeeping.pdf,D:\Documentos\The Liberator\The Liberator 5 - Prepping and Self-Sufficiency\Homesteading (105)\Beekeeping (45)\Guide to Natural Beekeeping.cover.jpg,True,600,464,41192,
D:\Documentos\The Liberator\The Liberator 5 - Prepping and Self-Sufficiency\Homesteading (105)\Beekeeping (45)\Hexagonal Hive Plans.pdf,D:\Documentos\The Liberator\The Liberator 5 - Prepping and Self-Sufficiency\Homesteading (105)\Beekeeping (45)\Hexagonal Hive Plans.cover.jpg,True,425,600,39147,
D:\Documentos\The Liberator\The Liberator 5 - Prepping and Self-Sufficiency\Homesteading (105)\Beekeeping (45)\Hive Startup Guide.pdf,D:\Documentos\The Liberator\The Liberator 5 - Prepping and Self-Sufficiency\Homesteading (105)\Beekeeping (45)\Hive Startup Guide.cover.jpg,True,464,600,68718,
D:\Documentos\The Liberator\The Liberator 5 - Prepping and Self-Sufficiency\Homesteading (105)\Beekeeping (45)\How To Build a Top Bar Hive.pdf,D:\Documentos\The Liberator\The Liberator 5 - Prepping and Self-Sufficiency\Homesteading (105)\Beekeeping (45)\How To Build a Top Bar Hive.cover.jpg,True,600,424,34944,
D:\Documentos\The Liberator\The Liberator 5 - Prepping and Self-Sufficiency\Homesteading (105)\Beekeeping (45)\How To Introduce Bees to A Top Bar Hive.pdf,D:\Documentos\The Liberator\The Liberator 5 - Prepping and Self-Sufficiency\Homesteading (105)\Beekeeping (45)\How To Introduce Bees to A Top Bar Hive.cover.jpg,True,424,600,63710,
D:\Documentos\The Liberator\The Liberator 5 - Prepping and Self-Sufficiency\Homesteading (105)\Beekeeping (45)\How To Start Beekeeping for Free.pdf,D:\Documentos\The Liberator\The Liberator 5 - Prepping and Self-Sufficiency\Homesteading (105)\Beekeeping (45)\How To Start Beekeeping for Free.cover.jpg,True,424,600,66989,
D:\Documentos\The Liberator\The Liberator 5 - Prepping and Self-Sufficiency\Homesteading (105)\Beekeeping (45)\Integrated Top Bar Hive Management.pdf,D:\Documentos\The Liberator\The Liberator 5 - Prepping and Self-Sufficiency\Homesteading (105)\Beekeeping (45)\Integrated Top Bar Hive Management.cover.jpg,True,464,600,76485,
D:\Documentos\The Liberator\The Liberator 5 - Prepping and Self-Sufficiency\Homesteading (105)\Beekeeping (45)\Keeping Top Bar Hives.pdf,D:\Documentos\The Liberator\The Liberator 5 - Prepping and Self-Sufficiency\Homesteading (105)\Beekeeping (45)\Keeping Top Bar Hives.cover.jpg,True,464,600,70945,
D:\Documentos\The Liberator\The Liberator 5 - Prepping and Self-Sufficiency\Homesteading (105)\Beekeeping (45)\Making a Top Bar Hive.pdf,D:\Documentos\The Liberator\The Liberator 5 - Prepping and Self-Sufficiency\Homesteading (105)\Beekeeping (45)\Making a Top Bar Hive.cover.jpg,True,464,600,48838,
D:\Documentos\The Liberator\The Liberator 5 - Prepping and Self-Sufficiency\Homesteading (105)\Beekeeping (45)\Natural Top Bar Beekeeping.pdf,D:\Documentos\The Liberator\The Liberator 5 - Prepping and Self-Sufficiency\Homesteading (105)\Beekeeping (45)\Natural Top Bar Beekeeping.cover.jpg,True,464,600,61518,
D:\Documentos\The Liberator\The Liberator 5 - Prepping and Self-Sufficiency\Homesteading (105)\Beekeeping (45)\Parasitic Mites of Honey Bees.pdf,D:\Documentos\The Liberator\The Liberator 5 - Prepping and Self-Sufficiency\Homesteading (105)\Beekeeping (45)\Parasitic Mites of Honey Bees.cover.jpg,True,464,600,76713,
D:\Documentos\The Liberator\The Liberator 5 - Prepping and Self-Sufficiency\Homesteading (105)\Beekeeping (45)\Plans For A Complete Beekeeping System.pdf,D:\Documentos\The Liberator\The Liberator 5 - Prepping and Self-Sufficiency\Homesteading (105)\Beekeeping (45)\Plans For A Complete Beekeeping System.cover.jpg,True,460,600,22373,
D:\Documentos\The Liberator\The Liberator 5 - Prepping and Self-Sufficiency\Homesteading (105)\Beekeeping (45)\Practical Guide for Organic Beekeepers.pdf,D:\Documentos\The Liberator\The Liberator 5 - Prepping and Self-Sufficiency\Homesteading (105)\Beekeeping (45)\Practical Guide for Organic Beekeepers.cover.jpg,True,425,600,18122,
D:\Documentos\The Liberator\The Liberator 5 - Prepping and Self-Sufficiency\Homesteading (105)\Beekeeping (45)\Protecting Honey Bees from Pesticides.pdf,D:\Documentos\The Liberator\The Liberator 5 - Prepping and Self-Sufficiency\Homesteading (105)\Beekeeping (45)\Protecting Honey Bees from Pesticides.cover.jpg,True,464,600,82440,
D:\Documentos\The Liberator\The Liberator 5 - Prepping and Self-Sufficiency\Homesteading (105)\Beekeeping (45)\Sustaining Native Bee Habitat.pdf,D:\Documentos\The Liberator\The Liberator 5 - Prepping and Self-Sufficiency\Homesteading (105)\Beekeeping (45)\Sustaining Native Bee Habitat.cover.jpg,True,464,600,53568,
D:\Documentos\The Liberator\The Liberator 5 - Prepping and Self-Sufficiency\Homesteading (105)\Beekeeping (45)\The Apprentice Beekeeper.pdf,D:\Documentos\The Liberator\The Liberator 5 - Prepping and Self-Sufficiency\Homesteading (105)\Beekeeping (45)\The Apprentice Beekeeper.cover.jpg,True,464,600,53884,
D:\Documentos\The Liberator\The Liberator 5 - Prepping and Self-Sufficiency\Homesteading (105)\Beekeeping (45)\The Pleasure of Beekeeping With the Warré Hive.pdf,D:\Documentos\The Liberator\The Liberator 5 - Prepping and Self-Sufficiency\Homesteading (105)\Beekeeping (45)\The Pleasure of Beekeeping With the Warré Hive.cover.jpg,True,424,600,55664,
D:\Documentos\The Liberator\The Liberator 5 - Prepping and Self-Sufficiency\Homesteading (105)\Beekeeping (45)\The Top Bar Bee Hive.pdf,D:\Documentos\The Liberator\The Liberator 5 - Prepping and Self-Sufficiency\Homesteading (105)\Beekeeping (45)\The Top Bar Bee Hive.cover.jpg,True,464,600,80722,
D:\Documentos\The Liberator\The Liberator 5 - Prepping and Self-Sufficiency\Homesteading (105)\Beekeeping (45)\Top Bar Hives for The New Zealand Backyard.pdf,D:\Documentos\The Liberator\The Liberator 5 - Prepping and Self-Sufficiency\Homesteading (105)\Beekeeping (45)\Top Bar Hives for The New Zealand Backyard.cover.jpg,True,464,600,34387,
D:\Documentos\The Liberator\The Liberator 5 - Prepping and Self-Sufficiency\Homesteading (105)\Beekeeping (45)\Towards Sustainable Beekeeping.pdf,D:\Documentos\The Liberator\The Liberator 5 - Prepping and Self-Sufficiency\Homesteading (105)\Beekeeping (45)\Towards Sustainable Beekeeping.cover.jpg,True,424,600,74311,
D:\Documentos\The Liberator\The Liberator 5 - Prepping and Self-Sufficiency\Homesteading (105)\Beekeeping (45)\Warré Beehive Plans.pdf,D:\Documentos\The Liberator\The Liberator 5 - Prepping and Self-Sufficiency\Homesteading (105)\Beekeeping (45)\Warré Beehive Plans.cover.jpg,True,424,600,16516,
D:\Documentos\The Liberator\The Liberator 5 - Prepping and Self-Sufficiency\Homesteading (105)\Beekeeping (45)\West Virginia Beekeeper's Guide.pdf,D:\Documentos\The Liberator\The Liberator 5 - Prepping and Self-Sufficiency\Homesteading (105)\Beekeeping (45)\West Virginia Beekeeper's Guide.cover.jpg,True,464,600,57321,
D:\Documentos\The Liberator\The Liberator 5 - Prepping and Self-Sufficiency\Homesteading (105)\Beekeeping (45)\What You Don't Know About Beekeeping.pdf,D:\Documentos\The Liberator\The Liberator 5 - Prepping and Self-Sufficiency\Homesteading (105)\Beekeeping (45)\What You Don't Know About Beekeeping.cover.jpg,True,464,600,59162,
D:\Documentos\The Liberator\The Liberator 5 - Prepping and Self-Sufficiency\Homesteading (105)\Blacksmithing (6)\Blacksmith Fundamentals.pdf,D:\Documentos\The Liberator\The Liberator 5 - Prepping and Self-Sufficiency\Homesteading (105)\Blacksmithing (6)\Blacksmith Fundamentals.cover.jpg,True,464,600,62677,
D:\Documentos\The Liberator\The Liberator 5 - Prepping and Self-Sufficiency\Homesteading (105)\Blacksmithing (6)\Build A Homestead Forge And Fabricate Your Own Hardware.pdf,D:\Documentos\The Liberator\The Liberator 5 - Prepping and Self-Sufficiency\Homesteading (105)\Blacksmithing (6)\Build A Homestead Forge And Fabricate Your Own Hardware.cover.jpg,True,464,600,67066,
D:\Documentos\The Liberator\The Liberator 5 - Prepping and Self-Sufficiency\Homesteading (105)\Blacksmithing (6)\Build Your Own Portable Forge.pdf,D:\Documentos\The Liberator\The Liberator 5 - Prepping and Self-Sufficiency\Homesteading (105)\Blacksmithing (6)\Build Your Own Portable Forge.cover.jpg,True,464,600,73009,
D:\Documentos\The Liberator\The Liberator 5 - Prepping and Self-Sufficiency\Homesteading (105)\Blacksmithing (6)\Farm Blacksmithing.pdf,D:\Documentos\The Liberator\The Liberator 5 - Prepping and Self-Sufficiency\Homesteading (105)\Blacksmithing (6)\Farm Blacksmithing.cover.jpg,True,414,600,19315,
D:\Documentos\The Liberator\The Liberator 5 - Prepping and Self-Sufficiency\Homesteading (105)\Blacksmithing (6)\Metal Forming 2.pdf,D:\Documentos\The Liberator\The Liberator 5 - Prepping and Self-Sufficiency\Homesteading (105)\Blacksmithing (6)\Metal Forming 2.cover.jpg,True,422,600,5342,
D:\Documentos\The Liberator\The Liberator 5 - Prepping and Self-Sufficiency\Homesteading (105)\Blacksmithing (6)\Stainless Steel.pdf,D:\Documentos\The Liberator\The Liberator 5 - Prepping and Self-Sufficiency\Homesteading (105)\Blacksmithing (6)\Stainless Steel.cover.jpg,True,464,600,64659,
D:\Documentos\The Liberator\The Liberator 5 - Prepping and Self-Sufficiency\Homesteading (105)\Hot Water (3)\Bread Box Water Heater Plans.pdf,D:\Documentos\The Liberator\The Liberator 5 - Prepping and Self-Sufficiency\Homesteading (105)\Hot Water (3)\Bread Box Water Heater Plans.cover.jpg,True,462,600,21968,
D:\Documentos\The Liberator\The Liberator 5 - Prepping and Self-Sufficiency\Homesteading (105)\Hot Water (3)\Build A Safe Effective Wood fired Hot Water Heater.pdf,D:\Documentos\The Liberator\The Liberator 5 - Prepping and Self-Sufficiency\Homesteading (105)\Hot Water (3)\Build A Safe Effective Wood fired Hot Water Heater.cover.jpg,True,464,600,69365,
D:\Documentos\The Liberator\The Liberator 5 - Prepping and Self-Sufficiency\Homesteading (105)\Hot Water (3)\Solar Water Heater.pdf,D:\Documentos\The Liberator\The Liberator 5 - Prepping and Self-Sufficiency\Homesteading (105)\Hot Water (3)\Solar Water Heater.cover.jpg,True,464,600,13417,
D:\Documentos\The Liberator\The Liberator 5 - Prepping and Self-Sufficiency\Homesteading (105)\Other Homesteading Skills (31)\1881 Household Cyclopedia book.pdf,D:\Documentos\The Liberator\The Liberator 5 - Prepping and Self-Sufficiency\Homesteading (105)\Other Homesteading Skills (31)\1881 Household Cyclopedia book.cover.jpg,True,464,600,23992,
D:\Documentos\The Liberator\The Liberator 5 - Prepping and Self-Sufficiency\Homesteading (105)\Other Homesteading Skills (31)\60 Uses for Vinegar.pdf,D:\Documentos\The Liberator\The Liberator 5 - Prepping and Self-Sufficiency\Homesteading (105)\Other Homesteading Skills (31)\60 Uses for Vinegar.cover.jpg,True,464,600,44499,
D:\Documentos\The Liberator\The Liberator 5 - Prepping and Self-Sufficiency\Homesteading (105)\Other Homesteading Skills (31)\Cheese Making.pdf,D:\Documentos\The Liberator\The Liberator 5 - Prepping and Self-Sufficiency\Homesteading (105)\Other Homesteading Skills (31)\Cheese Making.cover.jpg,True,464,600,81545,
D:\Documentos\The Liberator\The Liberator 5 - Prepping and Self-Sufficiency\Homesteading (105)\Other Homesteading Skills (31)\Clay and Ceramic Pot Making.pdf,D:\Documentos\The Liberator\The Liberator 5 - Prepping and Self-Sufficiency\Homesteading (105)\Other Homesteading Skills (31)\Clay and Ceramic Pot Making.cover.jpg,True,461,600,69329,
D:\Documentos\The Liberator\The Liberator 5 - Prepping and Self-Sufficiency\Homesteading (105)\Other Homesteading Skills (31)\Colloidal Silver Maker.pdf,D:\Documentos\The Liberator\The Liberator 5 - Prepping and Self-Sufficiency\Homesteading (105)\Other Homesteading Skills (31)\Colloidal Silver Maker.cover.jpg,True,464,600,54089,
D:\Documentos\The Liberator\The Liberator 5 - Prepping and Self-Sufficiency\Homesteading (105)\Other Homesteading Skills (31)\Crosscut Saw Manual.pdf,D:\Documentos\The Liberator\The Liberator 5 - Prepping and Self-Sufficiency\Homesteading (105)\Other Homesteading Skills (31)\Crosscut Saw Manual.cover.jpg,True,464,600,34958,
D:\Documentos\The Liberator\The Liberator 5 - Prepping and Self-Sufficiency\Homesteading (105)\Other Homesteading Skills (31)\Essentials of Archery.pdf,D:\Documentos\The Liberator\The Liberator 5 - Prepping and Self-Sufficiency\Homesteading (105)\Other Homesteading Skills (31)\Essentials of Archery.cover.jpg,True,424,600,15815,
D:\Documentos\The Liberator\The Liberator 5 - Prepping and Self-Sufficiency\Homesteading (105)\Other Homesteading Skills (31)\Foxfire 1.pdf,D:\Documentos\The Liberator\The Liberator 5 - Prepping and Self-Sufficiency\Homesteading (105)\Other Homesteading Skills (31)\Foxfire 1.cover.jpg,True,383,600,29893,
D:\Documentos\The Liberator\The Liberator 5 - Prepping and Self-Sufficiency\Homesteading (105)\Other Homesteading Skills (31)\Foxfire 2.pdf,D:\Documentos\The Liberator\The Liberator 5 - Prepping and Self-Sufficiency\Homesteading (105)\Other Homesteading Skills (31)\Foxfire 2.cover.jpg,True,388,600,24817,
D:\Documentos\The Liberator\The Liberator 5 - Prepping and Self-Sufficiency\Homesteading (105)\Other Homesteading Skills (31)\Foxfire 3.pdf,D:\Documentos\The Liberator\The Liberator 5 - Prepping and Self-Sufficiency\Homesteading (105)\Other Homesteading Skills (31)\Foxfire 3.cover.jpg,True,403,600,13557,
D:\Documentos\The Liberator\The Liberator 5 - Prepping and Self-Sufficiency\Homesteading (105)\Other Homesteading Skills (31)\Foxfire 4.pdf,D:\Documentos\The Liberator\The Liberator 5 - Prepping and Self-Sufficiency\Homesteading (105)\Other Homesteading Skills (31)\Foxfire 4.cover.jpg,True,469,600,36482,
D:\Documentos\The Liberator\The Liberator 5 - Prepping and Self-Sufficiency\Homesteading (105)\Other Homesteading Skills (31)\Foxfire 5.pdf,D:\Documentos\The Liberator\The Liberator 5 - Prepping and Self-Sufficiency\Homesteading (105)\Other Homesteading Skills (31)\Foxfire 5.cover.jpg,True,469,600,41532,
D:\Documentos\The Liberator\The Liberator 5 - Prepping and Self-Sufficiency\Homesteading (105)\Other Homesteading Skills (31)\Foxfire 6.pdf,D:\Documentos\The Liberator\The Liberator 5 - Prepping and Self-Sufficiency\Homesteading (105)\Other Homesteading Skills (31)\Foxfire 6.cover.jpg,True,469,600,47335,
D:\Documentos\The Liberator\The Liberator 5 - Prepping and Self-Sufficiency\Homesteading (105)\Other Homesteading Skills (31)\General Plumbing.pdf,D:\Documentos\The Liberator\The Liberator 5 - Prepping and Self-Sufficiency\Homesteading (105)\Other Homesteading Skills (31)\General Plumbing.cover.jpg,True,464,600,44980,
D:\Documentos\The Liberator\The Liberator 5 - Prepping and Self-Sufficiency\Homesteading (105)\Other Homesteading Skills (31)\Home Made Yeast.pdf,D:\Documentos\The Liberator\The Liberator 5 - Prepping and Self-Sufficiency\Homesteading (105)\Other Homesteading Skills (31)\Home Made Yeast.cover.jpg,True,600,339,55421,
D:\Documentos\The Liberator\The Liberator 5 - Prepping and Self-Sufficiency\Homesteading (105)\Other Homesteading Skills (31)\Homemade Tracer Ammo.pdf,D:\Documentos\The Liberator\The Liberator 5 - Prepping and Self-Sufficiency\Homesteading (105)\Other Homesteading Skills (31)\Homemade Tracer Ammo.cover.jpg,True,464,600,57853,
D:\Documentos\The Liberator\The Liberator 5 - Prepping and Self-Sufficiency\Homesteading (105)\Other Homesteading Skills (31)\How To Make Black Powder.pdf,D:\Documentos\The Liberator\The Liberator 5 - Prepping and Self-Sufficiency\Homesteading (105)\Other Homesteading Skills (31)\How To Make Black Powder.cover.jpg,True,464,600,66188,
D:\Documentos\The Liberator\The Liberator 5 - Prepping and Self-Sufficiency\Homesteading (105)\Other Homesteading Skills (31)\How To Make Charcoal At Home.pdf,D:\Documentos\The Liberator\The Liberator 5 - Prepping and Self-Sufficiency\Homesteading (105)\Other Homesteading Skills (31)\How To Make Charcoal At Home.cover.jpg,True,464,600,70426,
D:\Documentos\The Liberator\The Liberator 5 - Prepping and Self-Sufficiency\Homesteading (105)\Other Homesteading Skills (31)\How to Render Animal Fat.pdf,D:\Documentos\The Liberator\The Liberator 5 - Prepping and Self-Sufficiency\Homesteading (105)\Other Homesteading Skills (31)\How to Render Animal Fat.cover.jpg,True,464,600,49318,
D:\Documentos\The Liberator\The Liberator 5 - Prepping and Self-Sufficiency\Homesteading (105)\Other Homesteading Skills (31)\Knife Sharpening.pdf,D:\Documentos\The Liberator\The Liberator 5 - Prepping and Self-Sufficiency\Homesteading (105)\Other Homesteading Skills (31)\Knife Sharpening.cover.jpg,True,464,600,58602,
D:\Documentos\The Liberator\The Liberator 5 - Prepping and Self-Sufficiency\Homesteading (105)\Other Homesteading Skills (31)\Maintaining & Diagnosing Small Engine Problems.pdf,D:\Documentos\The Liberator\The Liberator 5 - Prepping and Self-Sufficiency\Homesteading (105)\Other Homesteading Skills (31)\Maintaining & Diagnosing Small Engine Problems.cover.jpg,True,464,600,72104,
D:\Documentos\The Liberator\The Liberator 5 - Prepping and Self-Sufficiency\Homesteading (105)\Other Homesteading Skills (31)\Making Your Own Desiccant Packs For Long Term Firearm Storage.pdf,D:\Documentos\The Liberator\The Liberator 5 - Prepping and Self-Sufficiency\Homesteading (105)\Other Homesteading Skills (31)\Making Your Own Desiccant Packs For Long Term Firearm Storage.cover.jpg,True,464,600,52977,
D:\Documentos\The Liberator\The Liberator 5 - Prepping and Self-Sufficiency\Homesteading (105)\Other Homesteading Skills (31)\Maple Syrup Production for The Beginner.pdf,D:\Documentos\The Liberator\The Liberator 5 - Prepping and Self-Sufficiency\Homesteading (105)\Other Homesteading Skills (31)\Maple Syrup Production for The Beginner.cover.jpg,True,464,600,22560,
D:\Documentos\The Liberator\The Liberator 5 - Prepping and Self-Sufficiency\Homesteading (105)\Other Homesteading Skills (31)\Modern Household Cookery By A Lady.pdf,D:\Documentos\The Liberator\The Liberator 5 - Prepping and Self-Sufficiency\Homesteading (105)\Other Homesteading Skills (31)\Modern Household Cookery By A Lady.cover.jpg,True,464,600,48606,
D:\Documentos\The Liberator\The Liberator 5 - Prepping and Self-Sufficiency\Homesteading (105)\Other Homesteading Skills (31)\Moveable Tobacco Curing Frames.pdf,D:\Documentos\The Liberator\The Liberator 5 - Prepping and Self-Sufficiency\Homesteading (105)\Other Homesteading Skills (31)\Moveable Tobacco Curing Frames.cover.jpg,True,471,600,64604,
D:\Documentos\The Liberator\The Liberator 5 - Prepping and Self-Sufficiency\Homesteading (105)\Other Homesteading Skills (31)\Rural Tanning Techniques.pdf,D:\Documentos\The Liberator\The Liberator 5 - Prepping and Self-Sufficiency\Homesteading (105)\Other Homesteading Skills (31)\Rural Tanning Techniques.cover.jpg,True,461,600,38990,
D:\Documentos\The Liberator\The Liberator 5 - Prepping and Self-Sufficiency\Homesteading (105)\Other Homesteading Skills (31)\Saw Filing - A Beginner's Primer.pdf,D:\Documentos\The Liberator\The Liberator 5 - Prepping and Self-Sufficiency\Homesteading (105)\Other Homesteading Skills (31)\Saw Filing - A Beginner's Primer.cover.jpg,True,464,600,93264,
D:\Documentos\The Liberator\The Liberator 5 - Prepping and Self-Sufficiency\Homesteading (105)\Other Homesteading Skills (31)\Tanning Deer.pdf,D:\Documentos\The Liberator\The Liberator 5 - Prepping and Self-Sufficiency\Homesteading (105)\Other Homesteading Skills (31)\Tanning Deer.cover.jpg,True,464,600,71946,
D:\Documentos\The Liberator\The Liberator 5 - Prepping and Self-Sufficiency\Homesteading (105)\Other Homesteading Skills (31)\The Complete Guide To Home Carpentry.pdf,D:\Documentos\The Liberator\The Liberator 5 - Prepping and Self-Sufficiency\Homesteading (105)\Other Homesteading Skills (31)\The Complete Guide To Home Carpentry.cover.jpg,True,441,600,69824,
D:\Documentos\The Liberator\The Liberator 5 - Prepping and Self-Sufficiency\Homesteading (105)\Other Homesteading Skills (31)\The Thatcher's Craft.pdf,D:\Documentos\The Liberator\The Liberator 5 - Prepping and Self-Sufficiency\Homesteading (105)\Other Homesteading Skills (31)\The Thatcher's Craft.cover.jpg,True,425,600,6135,
D:\Documentos\The Liberator\The Liberator 5 - Prepping and Self-Sufficiency\Homesteading (105)\Other Homesteading Skills (31)\Yogurt.pdf,D:\Documentos\The Liberator\The Liberator 5 - Prepping and Self-Sufficiency\Homesteading (105)\Other Homesteading Skills (31)\Yogurt.cover.jpg,True,464,600,61460,
D:\Documentos\The Liberator\The Liberator 5 - Prepping and Self-Sufficiency\Homesteading (105)\Soap and Candles (5)\Candle Making.pdf,D:\Documentos\The Liberator\The Liberator 5 - Prepping and Self-Sufficiency\Homesteading (105)\Soap and Candles (5)\Candle Making.cover.jpg,True,600,424,53499,
D:\Documentos\The Liberator\The Liberator 5 - Prepping and Self-Sufficiency\Homesteading (105)\Soap and Candles (5)\General Making Soap.pdf,D:\Documentos\The Liberator\The Liberator 5 - Prepping and Self-Sufficiency\Homesteading (105)\Soap and Candles (5)\General Making Soap.cover.jpg,True,464,600,57832,
D:\Documentos\The Liberator\The Liberator 5 - Prepping and Self-Sufficiency\Homesteading (105)\Soap and Candles (5)\Heat Light and Power.pdf,D:\Documentos\The Liberator\The Liberator 5 - Prepping and Self-Sufficiency\Homesteading (105)\Soap and Candles (5)\Heat Light and Power.cover.jpg,True,464,600,70362,
D:\Documentos\The Liberator\The Liberator 5 - Prepping and Self-Sufficiency\Homesteading (105)\Soap and Candles (5)\How To Make Soap 2008.pdf,D:\Documentos\The Liberator\The Liberator 5 - Prepping and Self-Sufficiency\Homesteading (105)\Soap and Candles (5)\How To Make Soap 2008.cover.jpg,True,464,600,68015,
D:\Documentos\The Liberator\The Liberator 5 - Prepping and Self-Sufficiency\Homesteading (105)\Soap and Candles (5)\How To Make Soap.pdf,D:\Documentos\The Liberator\The Liberator 5 - Prepping and Self-Sufficiency\Homesteading (105)\Soap and Candles (5)\How To Make Soap.cover.jpg,True,461,600,20103,
D:\Documentos\The Liberator\The Liberator 5 - Prepping and Self-Sufficiency\Homesteading (105)\Wood Heat (8)\Build Your Own Rocket Stove.pdf,D:\Documentos\The Liberator\The Liberator 5 - Prepping and Self-Sufficiency\Homesteading (105)\Wood Heat (8)\Build Your Own Rocket Stove.cover.jpg,True,464,600,65206,
D:\Documentos\The Liberator\The Liberator 5 - Prepping and Self-Sufficiency\Homesteading (105)\Wood Heat (8)\Cookstove Lore.pdf,D:\Documentos\The Liberator\The Liberator 5 - Prepping and Self-Sufficiency\Homesteading (105)\Wood Heat (8)\Cookstove Lore.cover.jpg,True,464,600,77121,
D:\Documentos\The Liberator\The Liberator 5 - Prepping and Self-Sufficiency\Homesteading (105)\Wood Heat (8)\Firewood How And What To Buy.pdf,D:\Documentos\The Liberator\The Liberator 5 - Prepping and Self-Sufficiency\Homesteading (105)\Wood Heat (8)\Firewood How And What To Buy.cover.jpg,True,464,600,83050,
D:\Documentos\The Liberator\The Liberator 5 - Prepping and Self-Sufficiency\Homesteading (105)\Wood Heat (8)\Gathering Low Cost Firewood.pdf,D:\Documentos\The Liberator\The Liberator 5 - Prepping and Self-Sufficiency\Homesteading (105)\Wood Heat (8)\Gathering Low Cost Firewood.cover.jpg,True,464,600,75250,
D:\Documentos\The Liberator\The Liberator 5 - Prepping and Self-Sufficiency\Homesteading (105)\Wood Heat (8)\How To Build an Adobe Oven.pdf,D:\Documentos\The Liberator\The Liberator 5 - Prepping and Self-Sufficiency\Homesteading (105)\Wood Heat (8)\How To Build an Adobe Oven.cover.jpg,True,464,600,39813,
D:\Documentos\The Liberator\The Liberator 5 - Prepping and Self-Sufficiency\Homesteading (105)\Wood Heat (8)\How To Prepare Your Firewood Supply.pdf,D:\Documentos\The Liberator\The Liberator 5 - Prepping and Self-Sufficiency\Homesteading (105)\Wood Heat (8)\How To Prepare Your Firewood Supply.cover.jpg,True,464,600,67957,
D:\Documentos\The Liberator\The Liberator 5 - Prepping and Self-Sufficiency\Homesteading (105)\Wood Heat (8)\Residential Wood Heating.pdf,D:\Documentos\The Liberator\The Liberator 5 - Prepping and Self-Sufficiency\Homesteading (105)\Wood Heat (8)\Residential Wood Heating.cover.jpg,True,475,600,70652,
D:\Documentos\The Liberator\The Liberator 5 - Prepping and Self-Sufficiency\Homesteading (105)\Wood Heat (8)\Wood Burning.pdf,D:\Documentos\The Liberator\The Liberator 5 - Prepping and Self-Sufficiency\Homesteading (105)\Wood Heat (8)\Wood Burning.cover.jpg,True,460,600,90523,
D:\Documentos\The Liberator\The Liberator 5 - Prepping and Self-Sufficiency\Knots (13)\Basic Book Of Knots And Lashings.pdf,D:\Documentos\The Liberator\The Liberator 5 - Prepping and Self-Sufficiency\Knots (13)\Basic Book Of Knots And Lashings.cover.jpg,True,424,600,64428,
D:\Documentos\The Liberator\The Liberator 5 - Prepping and Self-Sufficiency\Knots (13)\Encyclopedia Of Knots.pdf,D:\Documentos\The Liberator\The Liberator 5 - Prepping and Self-Sufficiency\Knots (13)\Encyclopedia Of Knots.cover.jpg,True,464,600,49928,
D:\Documentos\The Liberator\The Liberator 5 - Prepping and Self-Sufficiency\Knots (13)\Essential Fishing Knots.pdf,D:\Documentos\The Liberator\The Liberator 5 - Prepping and Self-Sufficiency\Knots (13)\Essential Fishing Knots.cover.jpg,True,464,600,59225,
D:\Documentos\The Liberator\The Liberator 5 - Prepping and Self-Sufficiency\Knots (13)\Fishing Knots Tying How To Tie A Knot Knotting.pdf,D:\Documentos\The Liberator\The Liberator 5 - Prepping and Self-Sufficiency\Knots (13)\Fishing Knots Tying How To Tie A Knot Knotting.cover.jpg,True,464,600,57863,
D:\Documentos\The Liberator\The Liberator 5 - Prepping and Self-Sufficiency\Knots (13)\Handbook Of Knots Splices.pdf,D:\Documentos\The Liberator\The Liberator 5 - Prepping and Self-Sufficiency\Knots (13)\Handbook Of Knots Splices.cover.jpg,True,600,466,17346,
D:\Documentos\The Liberator\The Liberator 5 - Prepping and Self-Sufficiency\Knots (13)\Knots An Illustrated Practical Guide .pdf,D:\Documentos\The Liberator\The Liberator 5 - Prepping and Self-Sufficiency\Knots (13)\Knots An Illustrated Practical Guide .cover.jpg,True,288,600,36486,
D:\Documentos\The Liberator\The Liberator 5 - Prepping and Self-Sufficiency\Knots (13)\Knots Splices And Rope Work.pdf,D:\Documentos\The Liberator\The Liberator 5 - Prepping and Self-Sufficiency\Knots (13)\Knots Splices And Rope Work.cover.jpg,True,451,600,30747,
D:\Documentos\The Liberator\The Liberator 5 - Prepping and Self-Sufficiency\Knots (13)\Knots Splices Attachments.pdf,D:\Documentos\The Liberator\The Liberator 5 - Prepping and Self-Sufficiency\Knots (13)\Knots Splices Attachments.cover.jpg,True,466,600,29959,
D:\Documentos\The Liberator\The Liberator 5 - Prepping and Self-Sufficiency\Knots (13)\Pioneering Knots And Lashings.pdf,D:\Documentos\The Liberator\The Liberator 5 - Prepping and Self-Sufficiency\Knots (13)\Pioneering Knots And Lashings.cover.jpg,True,464,600,66869,
D:\Documentos\The Liberator\The Liberator 5 - Prepping and Self-Sufficiency\Knots (13)\Ropes Knots Ladders Lashings Anchorages.pdf,D:\Documentos\The Liberator\The Liberator 5 - Prepping and Self-Sufficiency\Knots (13)\Ropes Knots Ladders Lashings Anchorages.cover.jpg,True,600,335,35014,
D:\Documentos\The Liberator\The Liberator 5 - Prepping and Self-Sufficiency\Knots (13)\Sea Scout Knots.pdf,D:\Documentos\The Liberator\The Liberator 5 - Prepping and Self-Sufficiency\Knots (13)\Sea Scout Knots.cover.jpg,True,424,600,43055,
D:\Documentos\The Liberator\The Liberator 5 - Prepping and Self-Sufficiency\Knots (13)\Tying Farm Knots.pdf,D:\Documentos\The Liberator\The Liberator 5 - Prepping and Self-Sufficiency\Knots (13)\Tying Farm Knots.cover.jpg,True,464,600,47540,
D:\Documentos\The Liberator\The Liberator 5 - Prepping and Self-Sufficiency\Knots (13)\What Knot Useful Knots For Scouting And Climbing .pdf,D:\Documentos\The Liberator\The Liberator 5 - Prepping and Self-Sufficiency\Knots (13)\What Knot Useful Knots For Scouting And Climbing .cover.jpg,True,424,600,26997,
D:\Documentos\The Liberator\The Liberator 5 - Prepping and Self-Sufficiency\Military Manuals (68)\Military Operations (21)\Art of War.pdf,D:\Documentos\The Liberator\The Liberator 5 - Prepping and Self-Sufficiency\Military Manuals (68)\Military Operations (21)\Art of War.cover.jpg,True,464,600,18277,
D:\Documentos\The Liberator\The Liberator 5 - Prepping and Self-Sufficiency\Military Manuals (68)\Military Operations (21)\Camouflage Concealment And Decoys.pdf,D:\Documentos\The Liberator\The Liberator 5 - Prepping and Self-Sufficiency\Military Manuals (68)\Military Operations (21)\Camouflage Concealment And Decoys.cover.jpg,True,464,600,25260,
D:\Documentos\The Liberator\The Liberator 5 - Prepping and Self-Sufficiency\Military Manuals (68)\Military Operations (21)\Canadian Military Field Craft.pdf,D:\Documentos\The Liberator\The Liberator 5 - Prepping and Self-Sufficiency\Military Manuals (68)\Military Operations (21)\Canadian Military Field Craft.cover.jpg,True,389,600,21661,
D:\Documentos\The Liberator\The Liberator 5 - Prepping and Self-Sufficiency\Military Manuals (68)\Military Operations (21)\CIA Simple Sabotage Field Manual.pdf,D:\Documentos\The Liberator\The Liberator 5 - Prepping and Self-Sufficiency\Military Manuals (68)\Military Operations (21)\CIA Simple Sabotage Field Manual.cover.jpg,True,377,600,39055,
D:\Documentos\The Liberator\The Liberator 5 - Prepping and Self-Sufficiency\Military Manuals (68)\Military Operations (21)\Civil Disturbance Operations.pdf,D:\Documentos\The Liberator\The Liberator 5 - Prepping and Self-Sufficiency\Military Manuals (68)\Military Operations (21)\Civil Disturbance Operations.cover.jpg,True,464,600,25532,
D:\Documentos\The Liberator\The Liberator 5 - Prepping and Self-Sufficiency\Military Manuals (68)\Military Operations (21)\Close Quarters Combat Manual.pdf,D:\Documentos\The Liberator\The Liberator 5 - Prepping and Self-Sufficiency\Military Manuals (68)\Military Operations (21)\Close Quarters Combat Manual.cover.jpg,True,392,600,16625,
D:\Documentos\The Liberator\The Liberator 5 - Prepping and Self-Sufficiency\Military Manuals (68)\Military Operations (21)\Combat Skills Of The Soldier.pdf,D:\Documentos\The Liberator\The Liberator 5 - Prepping and Self-Sufficiency\Military Manuals (68)\Military Operations (21)\Combat Skills Of The Soldier.cover.jpg,True,462,600,45819,
D:\Documentos\The Liberator\The Liberator 5 - Prepping and Self-Sufficiency\Military Manuals (68)\Military Operations (21)\Combat Survival Guerrilla Skills Handbook Of The Red Chinese.pdf,D:\Documentos\The Liberator\The Liberator 5 - Prepping and Self-Sufficiency\Military Manuals (68)\Military Operations (21)\Combat Survival Guerrilla Skills Handbook Of The Red Chinese.cover.jpg,True,464,600,11958,
D:\Documentos\The Liberator\The Liberator 5 - Prepping and Self-Sufficiency\Military Manuals (68)\Military Operations (21)\Combat Training With Pistols.pdf,D:\Documentos\The Liberator\The Liberator 5 - Prepping and Self-Sufficiency\Military Manuals (68)\Military Operations (21)\Combat Training With Pistols.cover.jpg,True,464,600,13511,
D:\Documentos\The Liberator\The Liberator 5 - Prepping and Self-Sufficiency\Military Manuals (68)\Military Operations (21)\How To Kill Tanks.pdf,D:\Documentos\The Liberator\The Liberator 5 - Prepping and Self-Sufficiency\Military Manuals (68)\Military Operations (21)\How To Kill Tanks.cover.jpg,True,497,600,55196,
D:\Documentos\The Liberator\The Liberator 5 - Prepping and Self-Sufficiency\Military Manuals (68)\Military Operations (21)\How To Start And Train A Militia Unit.pdf,D:\Documentos\The Liberator\The Liberator 5 - Prepping and Self-Sufficiency\Military Manuals (68)\Military Operations (21)\How To Start And Train A Militia Unit.cover.jpg,True,381,600,49020,
D:\Documentos\The Liberator\The Liberator 5 - Prepping and Self-Sufficiency\Military Manuals (68)\Military Operations (21)\Kill Or Get Killed.pdf,D:\Documentos\The Liberator\The Liberator 5 - Prepping and Self-Sufficiency\Military Manuals (68)\Military Operations (21)\Kill Or Get Killed.cover.jpg,True,464,600,18449,
D:\Documentos\The Liberator\The Liberator 5 - Prepping and Self-Sufficiency\Military Manuals (68)\Military Operations (21)\Pistol Marksmanship.pdf,D:\Documentos\The Liberator\The Liberator 5 - Prepping and Self-Sufficiency\Military Manuals (68)\Military Operations (21)\Pistol Marksmanship.cover.jpg,True,464,600,13345,
D:\Documentos\The Liberator\The Liberator 5 - Prepping and Self-Sufficiency\Military Manuals (68)\Military Operations (21)\Soldier's Manual Of Common Tasks Warrior Skills Level 1.pdf,D:\Documentos\The Liberator\The Liberator 5 - Prepping and Self-Sufficiency\Military Manuals (68)\Military Operations (21)\Soldier's Manual Of Common Tasks Warrior Skills Level 1.cover.jpg,True,384,600,44497,
D:\Documentos\The Liberator\The Liberator 5 - Prepping and Self-Sufficiency\Military Manuals (68)\Military Operations (21)\Soldier's Manual Of Common Tasks Warrior Skills Level 1234.pdf,D:\Documentos\The Liberator\The Liberator 5 - Prepping and Self-Sufficiency\Military Manuals (68)\Military Operations (21)\Soldier's Manual Of Common Tasks Warrior Skills Level 1234.cover.jpg,True,389,600,45885,
D:\Documentos\The Liberator\The Liberator 5 - Prepping and Self-Sufficiency\Military Manuals (68)\Military Operations (21)\Tactical Ready Guide.pdf,D:\Documentos\The Liberator\The Liberator 5 - Prepping and Self-Sufficiency\Military Manuals (68)\Military Operations (21)\Tactical Ready Guide.cover.jpg,True,464,600,26419,
D:\Documentos\The Liberator\The Liberator 5 - Prepping and Self-Sufficiency\Military Manuals (68)\Military Operations (21)\The Bear Went Over The Mountain - Soviet Combat Tactics in Afghanistan.pdf,D:\Documentos\The Liberator\The Liberator 5 - Prepping and Self-Sufficiency\Military Manuals (68)\Military Operations (21)\The Bear Went Over The Mountain - Soviet Combat Tactics in Afghanistan.cover.jpg,True,384,600,54546,
D:\Documentos\The Liberator\The Liberator 5 - Prepping and Self-Sufficiency\Military Manuals (68)\Military Operations (21)\The Guerrilla and How to Fight Him.pdf,D:\Documentos\The Liberator\The Liberator 5 - Prepping and Self-Sufficiency\Military Manuals (68)\Military Operations (21)\The Guerrilla and How to Fight Him.cover.jpg,True,464,600,23953,
D:\Documentos\The Liberator\The Liberator 5 - Prepping and Self-Sufficiency\Military Manuals (68)\Military Operations (21)\Total Resistance.pdf,D:\Documentos\The Liberator\The Liberator 5 - Prepping and Self-Sufficiency\Military Manuals (68)\Military Operations (21)\Total Resistance.cover.jpg,True,600,459,49143,
D:\Documentos\The Liberator\The Liberator 5 - Prepping and Self-Sufficiency\Military Manuals (68)\Military Operations (21)\Urban Operations.pdf,D:\Documentos\The Liberator\The Liberator 5 - Prepping and Self-Sufficiency\Military Manuals (68)\Military Operations (21)\Urban Operations.cover.jpg,True,465,600,23826,
D:\Documentos\The Liberator\The Liberator 5 - Prepping and Self-Sufficiency\Military Manuals (68)\Military Operations (21)\USMC Mao Tse-Tung on Guerrilla Warfare.pdf,D:\Documentos\The Liberator\The Liberator 5 - Prepping and Self-Sufficiency\Military Manuals (68)\Military Operations (21)\USMC Mao Tse-Tung on Guerrilla Warfare.cover.jpg,True,443,600,19822,
D:\Documentos\The Liberator\The Liberator 5 - Prepping and Self-Sufficiency\Military Manuals (68)\Military Skills Manuals (15)\Carpentry.pdf,D:\Documentos\The Liberator\The Liberator 5 - Prepping and Self-Sufficiency\Military Manuals (68)\Military Skills Manuals (15)\Carpentry.cover.jpg,True,442,600,22210,
D:\Documentos\The Liberator\The Liberator 5 - Prepping and Self-Sufficiency\Military Manuals (68)\Military Skills Manuals (15)\Concrete And Masonry.pdf,D:\Documentos\The Liberator\The Liberator 5 - Prepping and Self-Sufficiency\Military Manuals (68)\Military Skills Manuals (15)\Concrete And Masonry.cover.jpg,True,464,600,52960,
D:\Documentos\The Liberator\The Liberator 5 - Prepping and Self-Sufficiency\Military Manuals (68)\Military Skills Manuals (15)\Field Cooking For Nutrition.pdf,D:\Documentos\The Liberator\The Liberator 5 - Prepping and Self-Sufficiency\Military Manuals (68)\Military Skills Manuals (15)\Field Cooking For Nutrition.cover.jpg,True,464,600,75016,
D:\Documentos\The Liberator\The Liberator 5 - Prepping and Self-Sufficiency\Military Manuals (68)\Military Skills Manuals (15)\How To Find Your Way US Army.pdf,D:\Documentos\The Liberator\The Liberator 5 - Prepping and Self-Sufficiency\Military Manuals (68)\Military Skills Manuals (15)\How To Find Your Way US Army.cover.jpg,True,600,464,38086,
D:\Documentos\The Liberator\The Liberator 5 - Prepping and Self-Sufficiency\Military Manuals (68)\Military Skills Manuals (15)\Map Reading And Land Navigation.pdf,D:\Documentos\The Liberator\The Liberator 5 - Prepping and Self-Sufficiency\Military Manuals (68)\Military Skills Manuals (15)\Map Reading And Land Navigation.cover.jpg,True,464,600,18357,
D:\Documentos\The Liberator\The Liberator 5 - Prepping and Self-Sufficiency\Military Manuals (68)\Military Skills Manuals (15)\Marine Land Navigation.pdf,D:\Documentos\The Liberator\The Liberator 5 - Prepping and Self-Sufficiency\Military Manuals (68)\Military Skills Manuals (15)\Marine Land Navigation.cover.jpg,True,464,600,51562,
D:\Documentos\The Liberator\The Liberator 5 - Prepping and Self-Sufficiency\Military Manuals (68)\Military Skills Manuals (15)\Military Mountaineering.pdf,D:\Documentos\The Liberator\The Liberator 5 - Prepping and Self-Sufficiency\Military Manuals (68)\Military Skills Manuals (15)\Military Mountaineering.cover.jpg,True,464,600,9618,
D:\Documentos\The Liberator\The Liberator 5 - Prepping and Self-Sufficiency\Military Manuals (68)\Military Skills Manuals (15)\Mountain Operations.pdf,D:\Documentos\The Liberator\The Liberator 5 - Prepping and Self-Sufficiency\Military Manuals (68)\Military Skills Manuals (15)\Mountain Operations.cover.jpg,True,464,600,16823,
D:\Documentos\The Liberator\The Liberator 5 - Prepping and Self-Sufficiency\Military Manuals (68)\Military Skills Manuals (15)\Mountaineering Techniques (Advanced).pdf,D:\Documentos\The Liberator\The Liberator 5 - Prepping and Self-Sufficiency\Military Manuals (68)\Military Skills Manuals (15)\Mountaineering Techniques (Advanced).cover.jpg,True,464,600,44501,
D:\Documentos\The Liberator\The Liberator 5 - Prepping and Self-Sufficiency\Military Manuals (68)\Military Skills Manuals (15)\Mountaineering Techniques (Basic).pdf,D:\Documentos\The Liberator\The Liberator 5 - Prepping and Self-Sufficiency\Military Manuals (68)\Military Skills Manuals (15)\Mountaineering Techniques (Basic).cover.jpg,True,464,600,32406,
D:\Documentos\The Liberator\The Liberator 5 - Prepping and Self-Sufficiency\Military Manuals (68)\Military Skills Manuals (15)\Physical Security.pdf,D:\Documentos\The Liberator\The Liberator 5 - Prepping and Self-Sufficiency\Military Manuals (68)\Military Skills Manuals (15)\Physical Security.cover.jpg,True,463,600,26866,
D:\Documentos\The Liberator\The Liberator 5 - Prepping and Self-Sufficiency\Military Manuals (68)\Military Skills Manuals (15)\Rappelling.pdf,D:\Documentos\The Liberator\The Liberator 5 - Prepping and Self-Sufficiency\Military Manuals (68)\Military Skills Manuals (15)\Rappelling.cover.jpg,True,464,600,28760,
D:\Documentos\The Liberator\The Liberator 5 - Prepping and Self-Sufficiency\Military Manuals (68)\Military Skills Manuals (15)\Rifle Marksmanship.pdf,D:\Documentos\The Liberator\The Liberator 5 - Prepping and Self-Sufficiency\Military Manuals (68)\Military Skills Manuals (15)\Rifle Marksmanship.cover.jpg,True,464,600,30822,
D:\Documentos\The Liberator\The Liberator 5 - Prepping and Self-Sufficiency\Military Manuals (68)\Military Skills Manuals (15)\Terrain Analysis.pdf,D:\Documentos\The Liberator\The Liberator 5 - Prepping and Self-Sufficiency\Military Manuals (68)\Military Skills Manuals (15)\Terrain Analysis.cover.jpg,True,461,600,42255,
D:\Documentos\The Liberator\The Liberator 5 - Prepping and Self-Sufficiency\Military Manuals (68)\Military Skills Manuals (15)\Topographic Operations.pdf,D:\Documentos\The Liberator\The Liberator 5 - Prepping and Self-Sufficiency\Military Manuals (68)\Military Skills Manuals (15)\Topographic Operations.cover.jpg,True,463,600,36712,
D:\Documentos\The Liberator\The Liberator 5 - Prepping and Self-Sufficiency\Military Manuals (68)\Military Survival Guides (9)\Combat Survival Evasion.pdf,D:\Documentos\The Liberator\The Liberator 5 - Prepping and Self-Sufficiency\Military Manuals (68)\Military Survival Guides (9)\Combat Survival Evasion.cover.jpg,True,418,600,16174,
D:\Documentos\The Liberator\The Liberator 5 - Prepping and Self-Sufficiency\Military Manuals (68)\Military Survival Guides (9)\Field-Expedient Weapons Tools and Equipment.pdf,D:\Documentos\The Liberator\The Liberator 5 - Prepping and Self-Sufficiency\Military Manuals (68)\Military Survival Guides (9)\Field-Expedient Weapons Tools and Equipment.cover.jpg,True,390,600,35145,
D:\Documentos\The Liberator\The Liberator 5 - Prepping and Self-Sufficiency\Military Manuals (68)\Military Survival Guides (9)\Survivability.pdf,D:\Documentos\The Liberator\The Liberator 5 - Prepping and Self-Sufficiency\Military Manuals (68)\Military Survival Guides (9)\Survivability.cover.jpg,True,464,600,45622,
D:\Documentos\The Liberator\The Liberator 5 - Prepping and Self-Sufficiency\Military Manuals (68)\Military Survival Guides (9)\Survival Evasion Recovery.pdf,D:\Documentos\The Liberator\The Liberator 5 - Prepping and Self-Sufficiency\Military Manuals (68)\Military Survival Guides (9)\Survival Evasion Recovery.cover.jpg,True,464,600,17818,
D:\Documentos\The Liberator\The Liberator 5 - Prepping and Self-Sufficiency\Military Manuals (68)\Military Survival Guides (9)\Survival Manual.pdf,D:\Documentos\The Liberator\The Liberator 5 - Prepping and Self-Sufficiency\Military Manuals (68)\Military Survival Guides (9)\Survival Manual.cover.jpg,True,464,600,22339,
D:\Documentos\The Liberator\The Liberator 5 - Prepping and Self-Sufficiency\Military Manuals (68)\Military Survival Guides (9)\USMC Summer Survival Course.pdf,D:\Documentos\The Liberator\The Liberator 5 - Prepping and Self-Sufficiency\Military Manuals (68)\Military Survival Guides (9)\USMC Summer Survival Course.cover.jpg,True,464,600,24441,
D:\Documentos\The Liberator\The Liberator 5 - Prepping and Self-Sufficiency\Military Manuals (68)\Military Survival Guides (9)\USMC Survival at Sea Water Survival Course.pdf,D:\Documentos\The Liberator\The Liberator 5 - Prepping and Self-Sufficiency\Military Manuals (68)\Military Survival Guides (9)\USMC Survival at Sea Water Survival Course.cover.jpg,True,464,600,11245,
D:\Documentos\The Liberator\The Liberator 5 - Prepping and Self-Sufficiency\Military Manuals (68)\Military Survival Guides (9)\USMC Winter Survival Course.pdf,D:\Documentos\The Liberator\The Liberator 5 - Prepping and Self-Sufficiency\Military Manuals (68)\Military Survival Guides (9)\USMC Winter Survival Course.cover.jpg,True,464,600,24294,
D:\Documentos\The Liberator\The Liberator 5 - Prepping and Self-Sufficiency\Military Manuals (68)\Military Survival Guides (9)\Western Australia Police Aids To Survival.pdf,D:\Documentos\The Liberator\The Liberator 5 - Prepping and Self-Sufficiency\Military Manuals (68)\Military Survival Guides (9)\Western Australia Police Aids To Survival.cover.jpg,True,424,600,7261,
"D:\Documentos\The Liberator\The Liberator 5 - Prepping and Self-Sufficiency\Military Manuals (68)\Nuclear, Biological, and Chemical (14)\ABCs Of Nuclear Survival.pdf","D:\Documentos\The Liberator\The Liberator 5 - Prepping and Self-Sufficiency\Military Manuals (68)\Nuclear, Biological, and Chemical (14)\ABCs Of Nuclear Survival.cover.jpg",True,464,600,42217,
"D:\Documentos\The Liberator\The Liberator 5 - Prepping and Self-Sufficiency\Military Manuals (68)\Nuclear, Biological, and Chemical (14)\Avoiding EMP Damage.pdf","D:\Documentos\The Liberator\The Liberator 5 - Prepping and Self-Sufficiency\Military Manuals (68)\Nuclear, Biological, and Chemical (14)\Avoiding EMP Damage.cover.jpg",True,530,600,97435,
"D:\Documentos\The Liberator\The Liberator 5 - Prepping and Self-Sufficiency\Military Manuals (68)\Nuclear, Biological, and Chemical (14)\Biological Weapons FAQ.pdf","D:\Documentos\The Liberator\The Liberator 5 - Prepping and Self-Sufficiency\Military Manuals (68)\Nuclear, Biological, and Chemical (14)\Biological Weapons FAQ.cover.jpg",True,486,600,56638,
"D:\Documentos\The Liberator\The Liberator 5 - Prepping and Self-Sufficiency\Military Manuals (68)\Nuclear, Biological, and Chemical (14)\Chemical, Biological, Radiological Incident Handbook.pdf","D:\Documentos\The Liberator\The Liberator 5 - Prepping and Self-Sufficiency\Military Manuals (68)\Nuclear, Biological, and Chemical (14)\Chemical, Biological, Radiological Incident Handbook.cover.jpg",True,464,600,45066,
"D:\Documentos\The Liberator\The Liberator 5 - Prepping and Self-Sufficiency\Military Manuals (68)\Nuclear, Biological, and Chemical (14)\EMP System Engineering Requirements.pdf","D:\Documentos\The Liberator\The Liberator 5 - Prepping and Self-Sufficiency\Military Manuals (68)\Nuclear, Biological, and Chemical (14)\EMP System Engineering Requirements.cover.jpg",True,466,600,36928,
"D:\Documentos\The Liberator\The Liberator 5 - Prepping and Self-Sufficiency\Military Manuals (68)\Nuclear, Biological, and Chemical (14)\FEMA Protection In The Nuclear Age.pdf","D:\Documentos\The Liberator\The Liberator 5 - Prepping and Self-Sufficiency\Military Manuals (68)\Nuclear, Biological, and Chemical (14)\FEMA Protection In The Nuclear Age.cover.jpg",True,464,600,24488,
"D:\Documentos\The Liberator\The Liberator 5 - Prepping and Self-Sufficiency\Military Manuals (68)\Nuclear, Biological, and Chemical (14)\Nuclear War Survival Skills.pdf","D:\Documentos\The Liberator\The Liberator 5 - Prepping and Self-Sufficiency\Military Manuals (68)\Nuclear, Biological, and Chemical (14)\Nuclear War Survival Skills.cover.jpg",True,464,600,50346,
"D:\Documentos\The Liberator\The Liberator 5 - Prepping and Self-Sufficiency\Military Manuals (68)\Nuclear, Biological, and Chemical (14)\Potassium Iodide.pdf","D:\Documentos\The Liberator\The Liberator 5 - Prepping and Self-Sufficiency\Military Manuals (68)\Nuclear, Biological, and Chemical (14)\Potassium Iodide.cover.jpg",True,464,600,75388,
"D:\Documentos\The Liberator\The Liberator 5 - Prepping and Self-Sufficiency\Military Manuals (68)\Nuclear, Biological, and Chemical (14)\Radiological Defense Officers Course Manual.pdf","D:\Documentos\The Liberator\The Liberator 5 - Prepping and Self-Sufficiency\Military Manuals (68)\Nuclear, Biological, and Chemical (14)\Radiological Defense Officers Course Manual.cover.jpg",True,471,600,6551,
"D:\Documentos\The Liberator\The Liberator 5 - Prepping and Self-Sufficiency\Military Manuals (68)\Nuclear, Biological, and Chemical (14)\Recovery from Nuclear Attack.pdf","D:\Documentos\The Liberator\The Liberator 5 - Prepping and Self-Sufficiency\Military Manuals (68)\Nuclear, Biological, and Chemical (14)\Recovery from Nuclear Attack.cover.jpg",True,464,600,20747,
"D:\Documentos\The Liberator\The Liberator 5 - Prepping and Self-Sufficiency\Military Manuals (68)\Nuclear, Biological, and Chemical (14)\The Effects Of Nuclear War.pdf","D:\Documentos\The Liberator\The Liberator 5 - Prepping and Self-Sufficiency\Military Manuals (68)\Nuclear, Biological, and Chemical (14)\The Effects Of Nuclear War.cover.jpg",True,600,380,17768,
"D:\Documentos\The Liberator\The Liberator 5 - Prepping and Self-Sufficiency\Military Manuals (68)\Nuclear, Biological, and Chemical (14)\The Family Fallout Shelter MP-15.pdf","D:\Documentos\The Liberator\The Liberator 5 - Prepping and Self-Sufficiency\Military Manuals (68)\Nuclear, Biological, and Chemical (14)\The Family Fallout Shelter MP-15.cover.jpg",True,485,600,43039,
"D:\Documentos\The Liberator\The Liberator 5 - Prepping and Self-Sufficiency\Military Manuals (68)\Nuclear, Biological, and Chemical (14)\The International CBRN Training Curriculum.pdf","D:\Documentos\The Liberator\The Liberator 5 - Prepping and Self-Sufficiency\Military Manuals (68)\Nuclear, Biological, and Chemical (14)\The International CBRN Training Curriculum.cover.jpg",True,423,600,65303,
"D:\Documentos\The Liberator\The Liberator 5 - Prepping and Self-Sufficiency\Military Manuals (68)\Nuclear, Biological, and Chemical (14)\What to Do if Nuclear War is Imminent.pdf","D:\Documentos\The Liberator\The Liberator 5 - Prepping and Self-Sufficiency\Military Manuals (68)\Nuclear, Biological, and Chemical (14)\What to Do if Nuclear War is Imminent.cover.jpg",True,464,600,79527,
D:\Documentos\The Liberator\The Liberator 5 - Prepping and Self-Sufficiency\Military Manuals (68)\Special Forces Manuals (5)\Canadian National Defense Defence Nationale.pdf,D:\Documentos\The Liberator\The Liberator 5 - Prepping and Self-Sufficiency\Military Manuals (68)\Special Forces Manuals (5)\Canadian National Defense Defence Nationale.cover.jpg,True,464,600,25312,
D:\Documentos\The Liberator\The Liberator 5 - Prepping and Self-Sufficiency\Military Manuals (68)\Special Forces Manuals (5)\Navy Seal Physical Fitness Guide.pdf,D:\Documentos\The Liberator\The Liberator 5 - Prepping and Self-Sufficiency\Military Manuals (68)\Special Forces Manuals (5)\Navy Seal Physical Fitness Guide.cover.jpg,True,464,600,20585,
D:\Documentos\The Liberator\The Liberator 5 - Prepping and Self-Sufficiency\Military Manuals (68)\Special Forces Manuals (5)\Ranger Unit Operations.pdf,D:\Documentos\The Liberator\The Liberator 5 - Prepping and Self-Sufficiency\Military Manuals (68)\Special Forces Manuals (5)\Ranger Unit Operations.cover.jpg,True,459,600,41363,
D:\Documentos\The Liberator\The Liberator 5 - Prepping and Self-Sufficiency\Military Manuals (68)\Special Forces Manuals (5)\Special Forces Caching Techniques.pdf,D:\Documentos\The Liberator\The Liberator 5 - Prepping and Self-Sufficiency\Military Manuals (68)\Special Forces Manuals (5)\Special Forces Caching Techniques.cover.jpg,True,425,600,45819,
D:\Documentos\The Liberator\The Liberator 5 - Prepping and Self-Sufficiency\Military Manuals (68)\Special Forces Manuals (5)\US Navy Seal Survival Handbook.pdf,D:\Documentos\The Liberator\The Liberator 5 - Prepping and Self-Sufficiency\Military Manuals (68)\Special Forces Manuals (5)\US Navy Seal Survival Handbook.cover.jpg,True,424,600,67819,
D:\Documentos\The Liberator\The Liberator 5 - Prepping and Self-Sufficiency\Military Manuals (68)\Terrorism (4)\Emergency Responce To Terrorism.pdf,D:\Documentos\The Liberator\The Liberator 5 - Prepping and Self-Sufficiency\Military Manuals (68)\Terrorism (4)\Emergency Responce To Terrorism.cover.jpg,True,464,600,39931,
D:\Documentos\The Liberator\The Liberator 5 - Prepping and Self-Sufficiency\Military Manuals (68)\Terrorism (4)\FEMA Terrorism.pdf,D:\Documentos\The Liberator\The Liberator 5 - Prepping and Self-Sufficiency\Military Manuals (68)\Terrorism (4)\FEMA Terrorism.cover.jpg,True,464,600,24554,
D:\Documentos\The Liberator\The Liberator 5 - Prepping and Self-Sufficiency\Military Manuals (68)\Terrorism (4)\Marines Individual Terrorism Survival.pdf,D:\Documentos\The Liberator\The Liberator 5 - Prepping and Self-Sufficiency\Military Manuals (68)\Terrorism (4)\Marines Individual Terrorism Survival.cover.jpg,True,464,600,13542,
D:\Documentos\The Liberator\The Liberator 5 - Prepping and Self-Sufficiency\Military Manuals (68)\Terrorism (4)\Surviving Terrorism.pdf,D:\Documentos\The Liberator\The Liberator 5 - Prepping and Self-Sufficiency\Military Manuals (68)\Terrorism (4)\Surviving Terrorism.cover.jpg,True,464,600,55195,
D:\Documentos\The Liberator\The Liberator 5 - Prepping and Self-Sufficiency\Prepping-Matrix-V-1-0 (2020_05_07 01_01_44 UTC).pdf,D:\Documentos\The Liberator\The Liberator 5 - Prepping and Self-Sufficiency\Prepping-Matrix-V-1-0 (2020_05_07 01_01_44 UTC).cover.jpg,True,450,600,116904,
D:\Documentos\The Liberator\The Liberator 5 - Prepping and Self-Sufficiency\Security and Defense (29)\Hand to Hand Combat (16)\21 Techniques of Silent Killing.pdf,D:\Documentos\The Liberator\The Liberator 5 - Prepping and Self-Sufficiency\Security and Defense (29)\Hand to Hand Combat (16)\21 Techniques of Silent Killing.cover.jpg,True,600,457,20691,
D:\Documentos\The Liberator\The Liberator 5 - Prepping and Self-Sufficiency\Security and Defense (29)\Hand to Hand Combat (16)\22 Ways To Kill A Man With Your Bare Hands.pdf,D:\Documentos\The Liberator\The Liberator 5 - Prepping and Self-Sufficiency\Security and Defense (29)\Hand to Hand Combat (16)\22 Ways To Kill A Man With Your Bare Hands.cover.jpg,True,464,600,32443,
D:\Documentos\The Liberator\The Liberator 5 - Prepping and Self-Sufficiency\Security and Defense (29)\Hand to Hand Combat (16)\Citizens Homeland Defense Guide I The Art Of  Survival.pdf,D:\Documentos\The Liberator\The Liberator 5 - Prepping and Self-Sufficiency\Security and Defense (29)\Hand to Hand Combat (16)\Citizens Homeland Defense Guide I The Art Of  Survival.cover.jpg,True,464,600,38189,
D:\Documentos\The Liberator\The Liberator 5 - Prepping and Self-Sufficiency\Security and Defense (29)\Hand to Hand Combat (16)\Combat Conditioning Manual Jiu Jitsu.pdf,D:\Documentos\The Liberator\The Liberator 5 - Prepping and Self-Sufficiency\Security and Defense (29)\Hand to Hand Combat (16)\Combat Conditioning Manual Jiu Jitsu.cover.jpg,True,386,600,64117,
D:\Documentos\The Liberator\The Liberator 5 - Prepping and Self-Sufficiency\Security and Defense (29)\Hand to Hand Combat (16)\Dragon's Touch Weaknesses Of The Human Anatomy.pdf,D:\Documentos\The Liberator\The Liberator 5 - Prepping and Self-Sufficiency\Security and Defense (29)\Hand to Hand Combat (16)\Dragon's Touch Weaknesses Of The Human Anatomy.cover.jpg,True,464,600,32316,
D:\Documentos\The Liberator\The Liberator 5 - Prepping and Self-Sufficiency\Security and Defense (29)\Hand to Hand Combat (16)\Fundamentals Of Marine Corps Martial Arts.pdf,D:\Documentos\The Liberator\The Liberator 5 - Prepping and Self-Sufficiency\Security and Defense (29)\Hand to Hand Combat (16)\Fundamentals Of Marine Corps Martial Arts.cover.jpg,True,464,600,59505,
D:\Documentos\The Liberator\The Liberator 5 - Prepping and Self-Sufficiency\Security and Defense (29)\Hand to Hand Combat (16)\Hand To Hand Martial Arts.pdf,D:\Documentos\The Liberator\The Liberator 5 - Prepping and Self-Sufficiency\Security and Defense (29)\Hand to Hand Combat (16)\Hand To Hand Martial Arts.cover.jpg,True,464,600,46489,
D:\Documentos\The Liberator\The Liberator 5 - Prepping and Self-Sufficiency\Security and Defense (29)\Hand to Hand Combat (16)\How To Win In Hand To Hand Fighting.pdf,D:\Documentos\The Liberator\The Liberator 5 - Prepping and Self-Sufficiency\Security and Defense (29)\Hand to Hand Combat (16)\How To Win In Hand To Hand Fighting.cover.jpg,True,464,600,75281,
D:\Documentos\The Liberator\The Liberator 5 - Prepping and Self-Sufficiency\Security and Defense (29)\Hand to Hand Combat (16)\Krav Maga.pdf,D:\Documentos\The Liberator\The Liberator 5 - Prepping and Self-Sufficiency\Security and Defense (29)\Hand to Hand Combat (16)\Krav Maga.cover.jpg,True,464,600,60654,
D:\Documentos\The Liberator\The Liberator 5 - Prepping and Self-Sufficiency\Security and Defense (29)\Hand to Hand Combat (16)\Medium Range Combatives.pdf,D:\Documentos\The Liberator\The Liberator 5 - Prepping and Self-Sufficiency\Security and Defense (29)\Hand to Hand Combat (16)\Medium Range Combatives.cover.jpg,True,467,600,43950,
D:\Documentos\The Liberator\The Liberator 5 - Prepping and Self-Sufficiency\Security and Defense (29)\Hand to Hand Combat (16)\Military Martial Arts.pdf,D:\Documentos\The Liberator\The Liberator 5 - Prepping and Self-Sufficiency\Security and Defense (29)\Hand to Hand Combat (16)\Military Martial Arts.cover.jpg,True,486,600,47727,
D:\Documentos\The Liberator\The Liberator 5 - Prepping and Self-Sufficiency\Security and Defense (29)\Hand to Hand Combat (16)\Nerve Centers and Pressure Points.pdf,D:\Documentos\The Liberator\The Liberator 5 - Prepping and Self-Sufficiency\Security and Defense (29)\Hand to Hand Combat (16)\Nerve Centers and Pressure Points.cover.jpg,True,464,600,18941,
D:\Documentos\The Liberator\The Liberator 5 - Prepping and Self-Sufficiency\Security and Defense (29)\Hand to Hand Combat (16)\Practical Unarmed Combat.pdf,D:\Documentos\The Liberator\The Liberator 5 - Prepping and Self-Sufficiency\Security and Defense (29)\Hand to Hand Combat (16)\Practical Unarmed Combat.cover.jpg,True,477,600,71860,
D:\Documentos\The Liberator\The Liberator 5 - Prepping and Self-Sufficiency\Security and Defense (29)\Hand to Hand Combat (16)\SAS Self Defense Handbook – John “Lofty” Wiseman.pdf,D:\Documentos\The Liberator\The Liberator 5 - Prepping and Self-Sufficiency\Security and Defense (29)\Hand to Hand Combat (16)\SAS Self Defense Handbook – John “Lofty” Wiseman.cover.jpg,True,478,600,74159,
D:\Documentos\The Liberator\The Liberator 5 - Prepping and Self-Sufficiency\Security and Defense (29)\Hand to Hand Combat (16)\The Ten Brazilian Jiu jitsu Moves Every Cop Should Know.pdf,D:\Documentos\The Liberator\The Liberator 5 - Prepping and Self-Sufficiency\Security and Defense (29)\Hand to Hand Combat (16)\The Ten Brazilian Jiu jitsu Moves Every Cop Should Know.cover.jpg,True,486,600,65715,
D:\Documentos\The Liberator\The Liberator 5 - Prepping and Self-Sufficiency\Security and Defense (29)\Hand to Hand Combat (16)\US Army Combatives Hand To Hand Combat Fm.pdf,D:\Documentos\The Liberator\The Liberator 5 - Prepping and Self-Sufficiency\Security and Defense (29)\Hand to Hand Combat (16)\US Army Combatives Hand To Hand Combat Fm.cover.jpg,True,464,600,10674,
D:\Documentos\The Liberator\The Liberator 5 - Prepping and Self-Sufficiency\Security and Defense (29)\Home Defense (5)\Defending the Homestead.pdf,D:\Documentos\The Liberator\The Liberator 5 - Prepping and Self-Sufficiency\Security and Defense (29)\Home Defense (5)\Defending the Homestead.cover.jpg,True,464,600,70656,
D:\Documentos\The Liberator\The Liberator 5 - Prepping and Self-Sufficiency\Security and Defense (29)\Home Defense (5)\Defending Your Property.pdf,D:\Documentos\The Liberator\The Liberator 5 - Prepping and Self-Sufficiency\Security and Defense (29)\Home Defense (5)\Defending Your Property.cover.jpg,True,396,600,23137,
D:\Documentos\The Liberator\The Liberator 5 - Prepping and Self-Sufficiency\Security and Defense (29)\Home Defense (5)\Home Security and SHTF Defense.pdf,D:\Documentos\The Liberator\The Liberator 5 - Prepping and Self-Sufficiency\Security and Defense (29)\Home Defense (5)\Home Security and SHTF Defense.cover.jpg,True,464,600,45539,
D:\Documentos\The Liberator\The Liberator 5 - Prepping and Self-Sufficiency\Security and Defense (29)\Home Defense (5)\Off Grid Home Protection Systems.pdf,D:\Documentos\The Liberator\The Liberator 5 - Prepping and Self-Sufficiency\Security and Defense (29)\Home Defense (5)\Off Grid Home Protection Systems.cover.jpg,True,464,600,97494,
D:\Documentos\The Liberator\The Liberator 5 - Prepping and Self-Sufficiency\Security and Defense (29)\Home Defense (5)\Shotguns for Home Defense.pdf,D:\Documentos\The Liberator\The Liberator 5 - Prepping and Self-Sufficiency\Security and Defense (29)\Home Defense (5)\Shotguns for Home Defense.cover.jpg,True,464,600,15551,
D:\Documentos\The Liberator\The Liberator 5 - Prepping and Self-Sufficiency\Security and Defense (29)\Weapons (8)\Be Your Own Bodyguard.pdf,D:\Documentos\The Liberator\The Liberator 5 - Prepping and Self-Sufficiency\Security and Defense (29)\Weapons (8)\Be Your Own Bodyguard.cover.jpg,True,464,600,24034,
D:\Documentos\The Liberator\The Liberator 5 - Prepping and Self-Sufficiency\Security and Defense (29)\Weapons (8)\Converting Model Rockets Into Explosive Missiles.pdf,D:\Documentos\The Liberator\The Liberator 5 - Prepping and Self-Sufficiency\Security and Defense (29)\Weapons (8)\Converting Model Rockets Into Explosive Missiles.cover.jpg,True,111,175,7066,
D:\Documentos\The Liberator\The Liberator 5 - Prepping and Self-Sufficiency\Security and Defense (29)\Weapons (8)\Homemade Grenade Launchers.pdf,D:\Documentos\The Liberator\The Liberator 5 - Prepping and Self-Sufficiency\Security and Defense (29)\Weapons (8)\Homemade Grenade Launchers.cover.jpg,True,467,600,65645,
D:\Documentos\The Liberator\The Liberator 5 - Prepping and Self-Sufficiency\Security and Defense (29)\Weapons (8)\How to Throw a Knife The Throw.pdf,D:\Documentos\The Liberator\The Liberator 5 - Prepping and Self-Sufficiency\Security and Defense (29)\Weapons (8)\How to Throw a Knife The Throw.cover.jpg,True,475,600,76426,
D:\Documentos\The Liberator\The Liberator 5 - Prepping and Self-Sufficiency\Security and Defense (29)\Weapons (8)\Secret Guide to Making Ninja Weapons.pdf,D:\Documentos\The Liberator\The Liberator 5 - Prepping and Self-Sufficiency\Security and Defense (29)\Weapons (8)\Secret Guide to Making Ninja Weapons.cover.jpg,True,464,600,63340,
D:\Documentos\The Liberator\The Liberator 5 - Prepping and Self-Sufficiency\Security and Defense (29)\Weapons (8)\Selecting a Survival Battery of Firearms.pdf,D:\Documentos\The Liberator\The Liberator 5 - Prepping and Self-Sufficiency\Security and Defense (29)\Weapons (8)\Selecting a Survival Battery of Firearms.cover.jpg,True,464,600,54981,
D:\Documentos\The Liberator\The Liberator 5 - Prepping and Self-Sufficiency\Security and Defense (29)\Weapons (8)\The Fairbairn Manual of Knife Fighting.pdf,D:\Documentos\The Liberator\The Liberator 5 - Prepping and Self-Sufficiency\Security and Defense (29)\Weapons (8)\The Fairbairn Manual of Knife Fighting.cover.jpg,True,424,600,50921,
D:\Documentos\The Liberator\The Liberator 5 - Prepping and Self-Sufficiency\Security and Defense (29)\Weapons (8)\Viet Cong Booby Traps.pdf,D:\Documentos\The Liberator\The Liberator 5 - Prepping and Self-Sufficiency\Security and Defense (29)\Weapons (8)\Viet Cong Booby Traps.cover.jpg,True,475,600,37583,
D:\Documentos\The Liberator\The Liberator 5 - Prepping and Self-Sufficiency\Urban Survival (17)\Big Book of Homemade Weapons.pdf,D:\Documentos\The Liberator\The Liberator 5 - Prepping and Self-Sufficiency\Urban Survival (17)\Big Book of Homemade Weapons.cover.jpg,True,460,600,36168,
D:\Documentos\The Liberator\The Liberator 5 - Prepping and Self-Sufficiency\Urban Survival (17)\CIA Lock Picking Field Operative Training Manual 1.pdf,D:\Documentos\The Liberator\The Liberator 5 - Prepping and Self-Sufficiency\Urban Survival (17)\CIA Lock Picking Field Operative Training Manual 1.cover.jpg,True,464,600,23304,
D:\Documentos\The Liberator\The Liberator 5 - Prepping and Self-Sufficiency\Urban Survival (17)\Getaway Driving Techniques for Escape and Evasion.pdf,D:\Documentos\The Liberator\The Liberator 5 - Prepping and Self-Sufficiency\Urban Survival (17)\Getaway Driving Techniques for Escape and Evasion.cover.jpg,True,464,600,69478,
D:\Documentos\The Liberator\The Liberator 5 - Prepping and Self-Sufficiency\Urban Survival (17)\Hidden Street Weapons.pdf,D:\Documentos\The Liberator\The Liberator 5 - Prepping and Self-Sufficiency\Urban Survival (17)\Hidden Street Weapons.cover.jpg,True,464,600,34791,
D:\Documentos\The Liberator\The Liberator 5 - Prepping and Self-Sufficiency\Urban Survival (17)\How To Be Invisible.pdf,D:\Documentos\The Liberator\The Liberator 5 - Prepping and Self-Sufficiency\Urban Survival (17)\How To Be Invisible.cover.jpg,True,464,600,21878,
D:\Documentos\The Liberator\The Liberator 5 - Prepping and Self-Sufficiency\Urban Survival (17)\Kitchen Improvised Explosives.pdf,D:\Documentos\The Liberator\The Liberator 5 - Prepping and Self-Sufficiency\Urban Survival (17)\Kitchen Improvised Explosives.cover.jpg,True,464,600,44215,
D:\Documentos\The Liberator\The Liberator 5 - Prepping and Self-Sufficiency\Urban Survival (17)\One Year in Hell.pdf,D:\Documentos\The Liberator\The Liberator 5 - Prepping and Self-Sufficiency\Urban Survival (17)\One Year in Hell.cover.jpg,True,464,600,53642,
D:\Documentos\The Liberator\The Liberator 5 - Prepping and Self-Sufficiency\Urban Survival (17)\Secret Hiding Places.pdf,D:\Documentos\The Liberator\The Liberator 5 - Prepping and Self-Sufficiency\Urban Survival (17)\Secret Hiding Places.cover.jpg,True,387,600,22825,
"D:\Documentos\The Liberator\The Liberator 5 - Prepping and Self-Sufficiency\Urban Survival (17)\Security Storage Containers - Design, Construction, and Concealment.pdf","D:\Documentos\The Liberator\The Liberator 5 - Prepping and Self-Sufficiency\Urban Survival (17)\Security Storage Containers - Design, Construction, and Concealment.cover.jpg",True,379,600,9617,
D:\Documentos\The Liberator\The Liberator 5 - Prepping and Self-Sufficiency\Urban Survival (17)\SHTF School Introduction.pdf,D:\Documentos\The Liberator\The Liberator 5 - Prepping and Self-Sufficiency\Urban Survival (17)\SHTF School Introduction.cover.jpg,True,464,600,41622,
D:\Documentos\The Liberator\The Liberator 5 - Prepping and Self-Sufficiency\Urban Survival (17)\Steal This Book.pdf,D:\Documentos\The Liberator\The Liberator 5 - Prepping and Self-Sufficiency\Urban Survival (17)\Steal This Book.cover.jpg,True,464,600,42144,
D:\Documentos\The Liberator\The Liberator 5 - Prepping and Self-Sufficiency\Urban Survival (17)\Strengthening Exterior Doors.pdf,D:\Documentos\The Liberator\The Liberator 5 - Prepping and Self-Sufficiency\Urban Survival (17)\Strengthening Exterior Doors.cover.jpg,True,464,600,73060,
D:\Documentos\The Liberator\The Liberator 5 - Prepping and Self-Sufficiency\Urban Survival (17)\Surviving In The City.pdf,D:\Documentos\The Liberator\The Liberator 5 - Prepping and Self-Sufficiency\Urban Survival (17)\Surviving In The City.cover.jpg,True,464,600,80366,
D:\Documentos\The Liberator\The Liberator 5 - Prepping and Self-Sufficiency\Urban Survival (17)\The Anarchists Cookbook.pdf,D:\Documentos\The Liberator\The Liberator 5 - Prepping and Self-Sufficiency\Urban Survival (17)\The Anarchists Cookbook.cover.jpg,True,424,600,16694,
D:\Documentos\The Liberator\The Liberator 5 - Prepping and Self-Sufficiency\Urban Survival (17)\Understanding Earthquake Hazards in Urban Areas.pdf,D:\Documentos\The Liberator\The Liberator 5 - Prepping and Self-Sufficiency\Urban Survival (17)\Understanding Earthquake Hazards in Urban Areas.cover.jpg,True,464,600,86703,
D:\Documentos\The Liberator\The Liberator 5 - Prepping and Self-Sufficiency\Urban Survival (17)\Urban Preparation Kit Part I On Body Kit.pdf,D:\Documentos\The Liberator\The Liberator 5 - Prepping and Self-Sufficiency\Urban Survival (17)\Urban Preparation Kit Part I On Body Kit.cover.jpg,True,425,600,23930,
D:\Documentos\The Liberator\The Liberator 5 - Prepping and Self-Sufficiency\Urban Survival (17)\Wilderness Evasion A Guide To Hiding Out And Eluding Pursuit In Remote Areas.pdf,D:\Documentos\The Liberator\The Liberator 5 - Prepping and Self-Sufficiency\Urban Survival (17)\Wilderness Evasion A Guide To Hiding Out And Eluding Pursuit In Remote Areas.cover.jpg,True,600,480,11969,
D:\Documentos\The Liberator\The Liberator 5 - Prepping and Self-Sufficiency\Water (50)\Water Pumps (8)\Build a Hand Pump.pdf,D:\Documentos\The Liberator\The Liberator 5 - Prepping and Self-Sufficiency\Water (50)\Water Pumps (8)\Build a Hand Pump.cover.jpg,True,464,600,36223,
D:\Documentos\The Liberator\The Liberator 5 - Prepping and Self-Sufficiency\Water (50)\Water Pumps (8)\Comparison Of Two Types Of Water Pumps.pdf,D:\Documentos\The Liberator\The Liberator 5 - Prepping and Self-Sufficiency\Water (50)\Water Pumps (8)\Comparison Of Two Types Of Water Pumps.cover.jpg,True,464,600,42250,
D:\Documentos\The Liberator\The Liberator 5 - Prepping and Self-Sufficiency\Water (50)\Water Pumps (8)\Homemade Hydraulic Ram Pump.pdf,D:\Documentos\The Liberator\The Liberator 5 - Prepping and Self-Sufficiency\Water (50)\Water Pumps (8)\Homemade Hydraulic Ram Pump.cover.jpg,True,464,600,41564,
D:\Documentos\The Liberator\The Liberator 5 - Prepping and Self-Sufficiency\Water (50)\Water Pumps (8)\How To A Cheap Wind Machine For Pumping Water.pdf,D:\Documentos\The Liberator\The Liberator 5 - Prepping and Self-Sufficiency\Water (50)\Water Pumps (8)\How To A Cheap Wind Machine For Pumping Water.cover.jpg,True,462,600,26068,
D:\Documentos\The Liberator\The Liberator 5 - Prepping and Self-Sufficiency\Water (50)\Water Pumps (8)\Hydraulic Ram Pumps.pdf,D:\Documentos\The Liberator\The Liberator 5 - Prepping and Self-Sufficiency\Water (50)\Water Pumps (8)\Hydraulic Ram Pumps.cover.jpg,True,425,600,64306,
D:\Documentos\The Liberator\The Liberator 5 - Prepping and Self-Sufficiency\Water (50)\Water Pumps (8)\PVC Hand Pumps.pdf,D:\Documentos\The Liberator\The Liberator 5 - Prepping and Self-Sufficiency\Water (50)\Water Pumps (8)\PVC Hand Pumps.cover.jpg,True,464,600,42703,
D:\Documentos\The Liberator\The Liberator 5 - Prepping and Self-Sufficiency\Water (50)\Water Pumps (8)\Remote Pumping Buyer’s Guide.pdf,D:\Documentos\The Liberator\The Liberator 5 - Prepping and Self-Sufficiency\Water (50)\Water Pumps (8)\Remote Pumping Buyer’s Guide.cover.jpg,True,456,600,71285,
D:\Documentos\The Liberator\The Liberator 5 - Prepping and Self-Sufficiency\Water (50)\Water Pumps (8)\Spiral Pumps – How To Make Them.pdf,D:\Documentos\The Liberator\The Liberator 5 - Prepping and Self-Sufficiency\Water (50)\Water Pumps (8)\Spiral Pumps – How To Make Them.cover.jpg,True,464,600,55561,
D:\Documentos\The Liberator\The Liberator 5 - Prepping and Self-Sufficiency\Water (50)\Water Purification (29)\Acid Neutralizing Water Filter Resin.pdf,D:\Documentos\The Liberator\The Liberator 5 - Prepping and Self-Sufficiency\Water (50)\Water Purification (29)\Acid Neutralizing Water Filter Resin.cover.jpg,True,464,600,47358,
D:\Documentos\The Liberator\The Liberator 5 - Prepping and Self-Sufficiency\Water (50)\Water Purification (29)\Bio Sand Filter Construction Guidelines.pdf,D:\Documentos\The Liberator\The Liberator 5 - Prepping and Self-Sufficiency\Water (50)\Water Purification (29)\Bio Sand Filter Construction Guidelines.cover.jpg,True,464,600,26541,
D:\Documentos\The Liberator\The Liberator 5 - Prepping and Self-Sufficiency\Water (50)\Water Purification (29)\Brackish Water Purification Systems.pdf,D:\Documentos\The Liberator\The Liberator 5 - Prepping and Self-Sufficiency\Water (50)\Water Purification (29)\Brackish Water Purification Systems.cover.jpg,True,464,600,63820,
D:\Documentos\The Liberator\The Liberator 5 - Prepping and Self-Sufficiency\Water (50)\Water Purification (29)\Bucket Filter Construction Instructions.pdf,D:\Documentos\The Liberator\The Liberator 5 - Prepping and Self-Sufficiency\Water (50)\Water Purification (29)\Bucket Filter Construction Instructions.cover.jpg,True,464,600,64482,
D:\Documentos\The Liberator\The Liberator 5 - Prepping and Self-Sufficiency\Water (50)\Water Purification (29)\Emergency Disinfection of Drinking Water.pdf,D:\Documentos\The Liberator\The Liberator 5 - Prepping and Self-Sufficiency\Water (50)\Water Purification (29)\Emergency Disinfection of Drinking Water.cover.jpg,True,464,600,58298,
D:\Documentos\The Liberator\The Liberator 5 - Prepping and Self-Sufficiency\Water (50)\Water Purification (29)\Emergency Water Purification & Clorox.pdf,D:\Documentos\The Liberator\The Liberator 5 - Prepping and Self-Sufficiency\Water (50)\Water Purification (29)\Emergency Water Purification & Clorox.cover.jpg,True,464,600,58367,
D:\Documentos\The Liberator\The Liberator 5 - Prepping and Self-Sufficiency\Water (50)\Water Purification (29)\Emergency Water Supply.pdf,D:\Documentos\The Liberator\The Liberator 5 - Prepping and Self-Sufficiency\Water (50)\Water Purification (29)\Emergency Water Supply.cover.jpg,True,464,600,57660,
D:\Documentos\The Liberator\The Liberator 5 - Prepping and Self-Sufficiency\Water (50)\Water Purification (29)\Gravity Fed Water Treatment System.pdf,D:\Documentos\The Liberator\The Liberator 5 - Prepping and Self-Sufficiency\Water (50)\Water Purification (29)\Gravity Fed Water Treatment System.cover.jpg,True,464,600,50841,
D:\Documentos\The Liberator\The Liberator 5 - Prepping and Self-Sufficiency\Water (50)\Water Purification (29)\Homemade Berkey Water Filter.pdf,D:\Documentos\The Liberator\The Liberator 5 - Prepping and Self-Sufficiency\Water (50)\Water Purification (29)\Homemade Berkey Water Filter.cover.jpg,True,464,600,54560,
D:\Documentos\The Liberator\The Liberator 5 - Prepping and Self-Sufficiency\Water (50)\Water Purification (29)\Household Water Testing.pdf,D:\Documentos\The Liberator\The Liberator 5 - Prepping and Self-Sufficiency\Water (50)\Water Purification (29)\Household Water Testing.cover.jpg,True,464,600,78971,
D:\Documentos\The Liberator\The Liberator 5 - Prepping and Self-Sufficiency\Water (50)\Water Purification (29)\Household Water Treatment.pdf,D:\Documentos\The Liberator\The Liberator 5 - Prepping and Self-Sufficiency\Water (50)\Water Purification (29)\Household Water Treatment.cover.jpg,True,464,600,68697,
D:\Documentos\The Liberator\The Liberator 5 - Prepping and Self-Sufficiency\Water (50)\Water Purification (29)\How To Remove Ozone From Water.pdf,D:\Documentos\The Liberator\The Liberator 5 - Prepping and Self-Sufficiency\Water (50)\Water Purification (29)\How To Remove Ozone From Water.cover.jpg,True,464,600,46012,
D:\Documentos\The Liberator\The Liberator 5 - Prepping and Self-Sufficiency\Water (50)\Water Purification (29)\Light Weight Low Power Water Purification.pdf,D:\Documentos\The Liberator\The Liberator 5 - Prepping and Self-Sufficiency\Water (50)\Water Purification (29)\Light Weight Low Power Water Purification.cover.jpg,True,464,600,40599,
D:\Documentos\The Liberator\The Liberator 5 - Prepping and Self-Sufficiency\Water (50)\Water Purification (29)\Measuring Purity Of Water In A Primitive Environment.pdf,D:\Documentos\The Liberator\The Liberator 5 - Prepping and Self-Sufficiency\Water (50)\Water Purification (29)\Measuring Purity Of Water In A Primitive Environment.cover.jpg,True,464,600,47817,
D:\Documentos\The Liberator\The Liberator 5 - Prepping and Self-Sufficiency\Water (50)\Water Purification (29)\Ozone and Water Purification.pdf,D:\Documentos\The Liberator\The Liberator 5 - Prepping and Self-Sufficiency\Water (50)\Water Purification (29)\Ozone and Water Purification.cover.jpg,True,464,600,58687,
D:\Documentos\The Liberator\The Liberator 5 - Prepping and Self-Sufficiency\Water (50)\Water Purification (29)\Portable Water Purification Ceramic-Carbon Filter.pdf,D:\Documentos\The Liberator\The Liberator 5 - Prepping and Self-Sufficiency\Water (50)\Water Purification (29)\Portable Water Purification Ceramic-Carbon Filter.cover.jpg,True,464,600,31285,
D:\Documentos\The Liberator\The Liberator 5 - Prepping and Self-Sufficiency\Water (50)\Water Purification (29)\Priming The Berkey Filter.pdf,D:\Documentos\The Liberator\The Liberator 5 - Prepping and Self-Sufficiency\Water (50)\Water Purification (29)\Priming The Berkey Filter.cover.jpg,True,464,600,56203,
"D:\Documentos\The Liberator\The Liberator 5 - Prepping and Self-Sufficiency\Water (50)\Water Purification (29)\Protect Your Health, Treat The Water (The SODIS Plastic Bottle Method).pdf","D:\Documentos\The Liberator\The Liberator 5 - Prepping and Self-Sufficiency\Water (50)\Water Purification (29)\Protect Your Health, Treat The Water (The SODIS Plastic Bottle Method).cover.jpg",True,424,600,72866,
D:\Documentos\The Liberator\The Liberator 5 - Prepping and Self-Sufficiency\Water (50)\Water Purification (29)\Purification Of Water On A Small Scale.pdf,D:\Documentos\The Liberator\The Liberator 5 - Prepping and Self-Sufficiency\Water (50)\Water Purification (29)\Purification Of Water On A Small Scale.cover.jpg,True,463,600,24143,
D:\Documentos\The Liberator\The Liberator 5 - Prepping and Self-Sufficiency\Water (50)\Water Purification (29)\Purifying Drinking Water.pdf,D:\Documentos\The Liberator\The Liberator 5 - Prepping and Self-Sufficiency\Water (50)\Water Purification (29)\Purifying Drinking Water.cover.jpg,True,464,600,109103,
D:\Documentos\The Liberator\The Liberator 5 - Prepping and Self-Sufficiency\Water (50)\Water Purification (29)\Residential Reverse Osmosis Installation Tips.pdf,D:\Documentos\The Liberator\The Liberator 5 - Prepping and Self-Sufficiency\Water (50)\Water Purification (29)\Residential Reverse Osmosis Installation Tips.cover.jpg,True,464,600,52449,
D:\Documentos\The Liberator\The Liberator 5 - Prepping and Self-Sufficiency\Water (50)\Water Purification (29)\Safe Use of Household Grey Water.pdf,D:\Documentos\The Liberator\The Liberator 5 - Prepping and Self-Sufficiency\Water (50)\Water Purification (29)\Safe Use of Household Grey Water.cover.jpg,True,464,600,66515,
D:\Documentos\The Liberator\The Liberator 5 - Prepping and Self-Sufficiency\Water (50)\Water Purification (29)\Safe Water School Training Manual.pdf,D:\Documentos\The Liberator\The Liberator 5 - Prepping and Self-Sufficiency\Water (50)\Water Purification (29)\Safe Water School Training Manual.cover.jpg,True,425,600,35534,
D:\Documentos\The Liberator\The Liberator 5 - Prepping and Self-Sufficiency\Water (50)\Water Purification (29)\Slow Sand Filters.pdf,D:\Documentos\The Liberator\The Liberator 5 - Prepping and Self-Sufficiency\Water (50)\Water Purification (29)\Slow Sand Filters.cover.jpg,True,464,600,81301,
D:\Documentos\The Liberator\The Liberator 5 - Prepping and Self-Sufficiency\Water (50)\Water Purification (29)\Survival Water Purification.pdf,D:\Documentos\The Liberator\The Liberator 5 - Prepping and Self-Sufficiency\Water (50)\Water Purification (29)\Survival Water Purification.cover.jpg,True,464,600,55423,
D:\Documentos\The Liberator\The Liberator 5 - Prepping and Self-Sufficiency\Water (50)\Water Purification (29)\Technologies Demonstrated at Echo - Sand Water Filter.pdf,D:\Documentos\The Liberator\The Liberator 5 - Prepping and Self-Sufficiency\Water (50)\Water Purification (29)\Technologies Demonstrated at Echo - Sand Water Filter.cover.jpg,True,464,600,38421,
D:\Documentos\The Liberator\The Liberator 5 - Prepping and Self-Sufficiency\Water (50)\Water Purification (29)\Water for Life - Community Water Security.pdf,D:\Documentos\The Liberator\The Liberator 5 - Prepping and Self-Sufficiency\Water (50)\Water Purification (29)\Water for Life - Community Water Security.cover.jpg,True,464,600,62237,
D:\Documentos\The Liberator\The Liberator 5 - Prepping and Self-Sufficiency\Water (50)\Water Purification (29)\Water Purification.pdf,D:\Documentos\The Liberator\The Liberator 5 - Prepping and Self-Sufficiency\Water (50)\Water Purification (29)\Water Purification.cover.jpg,True,423,600,46878,
D:\Documentos\The Liberator\The Liberator 5 - Prepping and Self-Sufficiency\Water (50)\Water Purification (29)\Water Treatment.pdf,D:\Documentos\The Liberator\The Liberator 5 - Prepping and Self-Sufficiency\Water (50)\Water Purification (29)\Water Treatment.cover.jpg,True,464,600,59507,
"D:\Documentos\The Liberator\The Liberator 5 - Prepping and Self-Sufficiency\Water (50)\Water Storage (13)\An Inexpensive, Do It Yourself Water Well.pdf","D:\Documentos\The Liberator\The Liberator 5 - Prepping and Self-Sufficiency\Water (50)\Water Storage (13)\An Inexpensive, Do It Yourself Water Well.cover.jpg",True,464,600,77670,
D:\Documentos\The Liberator\The Liberator 5 - Prepping and Self-Sufficiency\Water (50)\Water Storage (13)\Building in Alaska - Suggestions for Installing Domestic Water Storage Tanks.pdf,D:\Documentos\The Liberator\The Liberator 5 - Prepping and Self-Sufficiency\Water (50)\Water Storage (13)\Building in Alaska - Suggestions for Installing Domestic Water Storage Tanks.cover.jpg,True,464,600,59325,
D:\Documentos\The Liberator\The Liberator 5 - Prepping and Self-Sufficiency\Water (50)\Water Storage (13)\Buried and Semi-Submerged Water Tanks.pdf,D:\Documentos\The Liberator\The Liberator 5 - Prepping and Self-Sufficiency\Water (50)\Water Storage (13)\Buried and Semi-Submerged Water Tanks.cover.jpg,True,424,600,58608,
D:\Documentos\The Liberator\The Liberator 5 - Prepping and Self-Sufficiency\Water (50)\Water Storage (13)\Ferrocement Water Tanks.pdf,D:\Documentos\The Liberator\The Liberator 5 - Prepping and Self-Sufficiency\Water (50)\Water Storage (13)\Ferrocement Water Tanks.cover.jpg,True,424,600,61147,
D:\Documentos\The Liberator\The Liberator 5 - Prepping and Self-Sufficiency\Water (50)\Water Storage (13)\How To Design and Build a Water System for Your Backwoods Home.pdf,D:\Documentos\The Liberator\The Liberator 5 - Prepping and Self-Sufficiency\Water (50)\Water Storage (13)\How To Design and Build a Water System for Your Backwoods Home.cover.jpg,True,464,600,63771,
D:\Documentos\The Liberator\The Liberator 5 - Prepping and Self-Sufficiency\Water (50)\Water Storage (13)\How To Make A Plastic Covered Solar Still.pdf,D:\Documentos\The Liberator\The Liberator 5 - Prepping and Self-Sufficiency\Water (50)\Water Storage (13)\How To Make A Plastic Covered Solar Still.cover.jpg,True,460,600,23047,
D:\Documentos\The Liberator\The Liberator 5 - Prepping and Self-Sufficiency\Water (50)\Water Storage (13)\Low Cost Handpumps for Rainwater Water Tanks in East Africa.pdf,D:\Documentos\The Liberator\The Liberator 5 - Prepping and Self-Sufficiency\Water (50)\Water Storage (13)\Low Cost Handpumps for Rainwater Water Tanks in East Africa.cover.jpg,True,425,600,9050,
D:\Documentos\The Liberator\The Liberator 5 - Prepping and Self-Sufficiency\Water (50)\Water Storage (13)\Rainwater Harvesting.pdf,D:\Documentos\The Liberator\The Liberator 5 - Prepping and Self-Sufficiency\Water (50)\Water Storage (13)\Rainwater Harvesting.cover.jpg,True,464,600,54740,
D:\Documentos\The Liberator\The Liberator 5 - Prepping and Self-Sufficiency\Water (50)\Water Storage (13)\Simple Solar Still for the Production of Distilled Water.pdf,D:\Documentos\The Liberator\The Liberator 5 - Prepping and Self-Sufficiency\Water (50)\Water Storage (13)\Simple Solar Still for the Production of Distilled Water.cover.jpg,True,460,600,27060,
D:\Documentos\The Liberator\The Liberator 5 - Prepping and Self-Sufficiency\Water (50)\Water Storage (13)\Solar Distillation.pdf,D:\Documentos\The Liberator\The Liberator 5 - Prepping and Self-Sufficiency\Water (50)\Water Storage (13)\Solar Distillation.cover.jpg,True,424,600,72914,
D:\Documentos\The Liberator\The Liberator 5 - Prepping and Self-Sufficiency\Water (50)\Water Storage (13)\Water Cistern Construction for Small Houses.pdf,D:\Documentos\The Liberator\The Liberator 5 - Prepping and Self-Sufficiency\Water (50)\Water Storage (13)\Water Cistern Construction for Small Houses.cover.jpg,True,464,600,59123,
D:\Documentos\The Liberator\The Liberator 5 - Prepping and Self-Sufficiency\Water (50)\Water Storage (13)\Water Conservation Tips.pdf,D:\Documentos\The Liberator\The Liberator 5 - Prepping and Self-Sufficiency\Water (50)\Water Storage (13)\Water Conservation Tips.cover.jpg,True,464,600,47921,
D:\Documentos\The Liberator\The Liberator 5 - Prepping and Self-Sufficiency\Water (50)\Water Storage (13)\Water Getting Started.pdf,D:\Documentos\The Liberator\The Liberator 5 - Prepping and Self-Sufficiency\Water (50)\Water Storage (13)\Water Getting Started.cover.jpg,True,464,600,64536,
D:\Documentos\The Liberator\The Liberator 5 - Prepping and Self-Sufficiency\Wilderness Survival (67)\Adventurer Woodstravel Module.pdf,D:\Documentos\The Liberator\The Liberator 5 - Prepping and Self-Sufficiency\Wilderness Survival (67)\Adventurer Woodstravel Module.cover.jpg,True,464,600,24665,
D:\Documentos\The Liberator\The Liberator 5 - Prepping and Self-Sufficiency\Wilderness Survival (67)\Backpacker’s Survival Skills 101.pdf,D:\Documentos\The Liberator\The Liberator 5 - Prepping and Self-Sufficiency\Wilderness Survival (67)\Backpacker’s Survival Skills 101.cover.jpg,True,600,461,92565,
D:\Documentos\The Liberator\The Liberator 5 - Prepping and Self-Sufficiency\Wilderness Survival (67)\Cold Weather (7)\Alpine Living For SAR.pdf,D:\Documentos\The Liberator\The Liberator 5 - Prepping and Self-Sufficiency\Wilderness Survival (67)\Cold Weather (7)\Alpine Living For SAR.cover.jpg,True,600,450,47656,
D:\Documentos\The Liberator\The Liberator 5 - Prepping and Self-Sufficiency\Wilderness Survival (67)\Cold Weather (7)\Cold Weather Survival A Way of Life.pdf,D:\Documentos\The Liberator\The Liberator 5 - Prepping and Self-Sufficiency\Wilderness Survival (67)\Cold Weather (7)\Cold Weather Survival A Way of Life.cover.jpg,True,600,367,17576,
D:\Documentos\The Liberator\The Liberator 5 - Prepping and Self-Sufficiency\Wilderness Survival (67)\Cold Weather (7)\Cold Weather Survival.pdf,D:\Documentos\The Liberator\The Liberator 5 - Prepping and Self-Sufficiency\Wilderness Survival (67)\Cold Weather (7)\Cold Weather Survival.cover.jpg,True,390,600,32008,
D:\Documentos\The Liberator\The Liberator 5 - Prepping and Self-Sufficiency\Wilderness Survival (67)\Cold Weather (7)\Extreme Cold Prevention Guide.pdf,D:\Documentos\The Liberator\The Liberator 5 - Prepping and Self-Sufficiency\Wilderness Survival (67)\Cold Weather (7)\Extreme Cold Prevention Guide.cover.jpg,True,600,389,64454,
D:\Documentos\The Liberator\The Liberator 5 - Prepping and Self-Sufficiency\Wilderness Survival (67)\Cold Weather (7)\Snow Shelters.pdf,D:\Documentos\The Liberator\The Liberator 5 - Prepping and Self-Sufficiency\Wilderness Survival (67)\Cold Weather (7)\Snow Shelters.cover.jpg,True,382,600,46860,
D:\Documentos\The Liberator\The Liberator 5 - Prepping and Self-Sufficiency\Wilderness Survival (67)\Cold Weather (7)\Survival In Cold Weather Areas.pdf,D:\Documentos\The Liberator\The Liberator 5 - Prepping and Self-Sufficiency\Wilderness Survival (67)\Cold Weather (7)\Survival In Cold Weather Areas.cover.jpg,True,464,600,17315,
D:\Documentos\The Liberator\The Liberator 5 - Prepping and Self-Sufficiency\Wilderness Survival (67)\Cold Weather (7)\Winter Survival In Your Car.pdf,D:\Documentos\The Liberator\The Liberator 5 - Prepping and Self-Sufficiency\Wilderness Survival (67)\Cold Weather (7)\Winter Survival In Your Car.cover.jpg,True,464,600,88251,
D:\Documentos\The Liberator\The Liberator 5 - Prepping and Self-Sufficiency\Wilderness Survival (67)\Dangerous Animals.pdf,D:\Documentos\The Liberator\The Liberator 5 - Prepping and Self-Sufficiency\Wilderness Survival (67)\Dangerous Animals.cover.jpg,True,464,600,65364,
D:\Documentos\The Liberator\The Liberator 5 - Prepping and Self-Sufficiency\Wilderness Survival (67)\Firecraft (15)\Bucket Stove.pdf,D:\Documentos\The Liberator\The Liberator 5 - Prepping and Self-Sufficiency\Wilderness Survival (67)\Firecraft (15)\Bucket Stove.cover.jpg,True,464,600,61540,
D:\Documentos\The Liberator\The Liberator 5 - Prepping and Self-Sufficiency\Wilderness Survival (67)\Firecraft (15)\Bush Fungus Stove.pdf,D:\Documentos\The Liberator\The Liberator 5 - Prepping and Self-Sufficiency\Wilderness Survival (67)\Firecraft (15)\Bush Fungus Stove.cover.jpg,True,464,600,71922,
D:\Documentos\The Liberator\The Liberator 5 - Prepping and Self-Sufficiency\Wilderness Survival (67)\Firecraft (15)\Cookstove Construction by The Terra-CETA Method.pdf,D:\Documentos\The Liberator\The Liberator 5 - Prepping and Self-Sufficiency\Wilderness Survival (67)\Firecraft (15)\Cookstove Construction by The Terra-CETA Method.cover.jpg,True,464,600,25826,
D:\Documentos\The Liberator\The Liberator 5 - Prepping and Self-Sufficiency\Wilderness Survival (67)\Firecraft (15)\Couple Of Change To The Midge.pdf,D:\Documentos\The Liberator\The Liberator 5 - Prepping and Self-Sufficiency\Wilderness Survival (67)\Firecraft (15)\Couple Of Change To The Midge.cover.jpg,True,464,600,44716,
D:\Documentos\The Liberator\The Liberator 5 - Prepping and Self-Sufficiency\Wilderness Survival (67)\Firecraft (15)\Double Drum Sawdust Stove.pdf,D:\Documentos\The Liberator\The Liberator 5 - Prepping and Self-Sufficiency\Wilderness Survival (67)\Firecraft (15)\Double Drum Sawdust Stove.cover.jpg,True,461,600,23027,
D:\Documentos\The Liberator\The Liberator 5 - Prepping and Self-Sufficiency\Wilderness Survival (67)\Firecraft (15)\Fire Base Camp Trail Stove.pdf,D:\Documentos\The Liberator\The Liberator 5 - Prepping and Self-Sufficiency\Wilderness Survival (67)\Firecraft (15)\Fire Base Camp Trail Stove.cover.jpg,True,464,600,38188,
D:\Documentos\The Liberator\The Liberator 5 - Prepping and Self-Sufficiency\Wilderness Survival (67)\Firecraft (15)\Fire Bow Drill.pdf,D:\Documentos\The Liberator\The Liberator 5 - Prepping and Self-Sufficiency\Wilderness Survival (67)\Firecraft (15)\Fire Bow Drill.cover.jpg,True,464,600,64158,
D:\Documentos\The Liberator\The Liberator 5 - Prepping and Self-Sufficiency\Wilderness Survival (67)\Firecraft (15)\Fire By Can.pdf,D:\Documentos\The Liberator\The Liberator 5 - Prepping and Self-Sufficiency\Wilderness Survival (67)\Firecraft (15)\Fire By Can.cover.jpg,True,464,600,43719,
D:\Documentos\The Liberator\The Liberator 5 - Prepping and Self-Sufficiency\Wilderness Survival (67)\Firecraft (15)\Fire Coal Extenders.pdf,D:\Documentos\The Liberator\The Liberator 5 - Prepping and Self-Sufficiency\Wilderness Survival (67)\Firecraft (15)\Fire Coal Extenders.cover.jpg,True,464,600,36705,
D:\Documentos\The Liberator\The Liberator 5 - Prepping and Self-Sufficiency\Wilderness Survival (67)\Firecraft (15)\Fire Flint Steel and Battery.pdf,D:\Documentos\The Liberator\The Liberator 5 - Prepping and Self-Sufficiency\Wilderness Survival (67)\Firecraft (15)\Fire Flint Steel and Battery.cover.jpg,True,464,600,41607,
D:\Documentos\The Liberator\The Liberator 5 - Prepping and Self-Sufficiency\Wilderness Survival (67)\Firecraft (15)\Instructions For Building The Midge (Modified Inverted Downdraft Gasifier Experiment).pdf,D:\Documentos\The Liberator\The Liberator 5 - Prepping and Self-Sufficiency\Wilderness Survival (67)\Firecraft (15)\Instructions For Building The Midge (Modified Inverted Downdraft Gasifier Experiment).cover.jpg,True,464,600,40123,
D:\Documentos\The Liberator\The Liberator 5 - Prepping and Self-Sufficiency\Wilderness Survival (67)\Firecraft (15)\Knowing Survival Fire Craft Can Save Your Life.pdf,D:\Documentos\The Liberator\The Liberator 5 - Prepping and Self-Sufficiency\Wilderness Survival (67)\Firecraft (15)\Knowing Survival Fire Craft Can Save Your Life.cover.jpg,True,464,600,73353,
D:\Documentos\The Liberator\The Liberator 5 - Prepping and Self-Sufficiency\Wilderness Survival (67)\Firecraft (15)\Plumber's Stove.pdf,D:\Documentos\The Liberator\The Liberator 5 - Prepping and Self-Sufficiency\Wilderness Survival (67)\Firecraft (15)\Plumber's Stove.cover.jpg,True,464,600,42039,
D:\Documentos\The Liberator\The Liberator 5 - Prepping and Self-Sufficiency\Wilderness Survival (67)\Firecraft (15)\Rocket Stove.pdf,D:\Documentos\The Liberator\The Liberator 5 - Prepping and Self-Sufficiency\Wilderness Survival (67)\Firecraft (15)\Rocket Stove.cover.jpg,True,464,600,53644,
D:\Documentos\The Liberator\The Liberator 5 - Prepping and Self-Sufficiency\Wilderness Survival (67)\Firecraft (15)\Sawdust Burning Space Heater Stove.pdf,D:\Documentos\The Liberator\The Liberator 5 - Prepping and Self-Sufficiency\Wilderness Survival (67)\Firecraft (15)\Sawdust Burning Space Heater Stove.cover.jpg,True,462,600,24903,
D:\Documentos\The Liberator\The Liberator 5 - Prepping and Self-Sufficiency\Wilderness Survival (67)\Firecraft (15)\Tinder Fungus.pdf,D:\Documentos\The Liberator\The Liberator 5 - Prepping and Self-Sufficiency\Wilderness Survival (67)\Firecraft (15)\Tinder Fungus.cover.jpg,True,464,600,45494,
D:\Documentos\The Liberator\The Liberator 5 - Prepping and Self-Sufficiency\Wilderness Survival (67)\Food Expedient Cooking.pdf,D:\Documentos\The Liberator\The Liberator 5 - Prepping and Self-Sufficiency\Wilderness Survival (67)\Food Expedient Cooking.cover.jpg,True,464,600,86045,
D:\Documentos\The Liberator\The Liberator 5 - Prepping and Self-Sufficiency\Wilderness Survival (67)\Foraging (19)\Beverage Plants.pdf,D:\Documentos\The Liberator\The Liberator 5 - Prepping and Self-Sufficiency\Wilderness Survival (67)\Foraging (19)\Beverage Plants.cover.jpg,True,423,600,52519,
D:\Documentos\The Liberator\The Liberator 5 - Prepping and Self-Sufficiency\Wilderness Survival (67)\Foraging (19)\Common Edible Mushrooms.pdf,D:\Documentos\The Liberator\The Liberator 5 - Prepping and Self-Sufficiency\Wilderness Survival (67)\Foraging (19)\Common Edible Mushrooms.cover.jpg,True,384,600,50326,
D:\Documentos\The Liberator\The Liberator 5 - Prepping and Self-Sufficiency\Wilderness Survival (67)\Foraging (19)\Edible And Medicinal Plants.pdf,D:\Documentos\The Liberator\The Liberator 5 - Prepping and Self-Sufficiency\Wilderness Survival (67)\Foraging (19)\Edible And Medicinal Plants.cover.jpg,True,464,600,21501,
D:\Documentos\The Liberator\The Liberator 5 - Prepping and Self-Sufficiency\Wilderness Survival (67)\Foraging (19)\Edible Insects.pdf,D:\Documentos\The Liberator\The Liberator 5 - Prepping and Self-Sufficiency\Wilderness Survival (67)\Foraging (19)\Edible Insects.cover.jpg,True,464,600,92772,
D:\Documentos\The Liberator\The Liberator 5 - Prepping and Self-Sufficiency\Wilderness Survival (67)\Foraging (19)\Edible Wild Plants.pdf,D:\Documentos\The Liberator\The Liberator 5 - Prepping and Self-Sufficiency\Wilderness Survival (67)\Foraging (19)\Edible Wild Plants.cover.jpg,True,464,600,23646,
D:\Documentos\The Liberator\The Liberator 5 - Prepping and Self-Sufficiency\Wilderness Survival (67)\Foraging (19)\Harvesting the Wild - Acorns.pdf,D:\Documentos\The Liberator\The Liberator 5 - Prepping and Self-Sufficiency\Wilderness Survival (67)\Foraging (19)\Harvesting the Wild - Acorns.cover.jpg,True,464,600,71307,
D:\Documentos\The Liberator\The Liberator 5 - Prepping and Self-Sufficiency\Wilderness Survival (67)\Foraging (19)\Hendricks Park Plant Identification Guide.pdf,D:\Documentos\The Liberator\The Liberator 5 - Prepping and Self-Sufficiency\Wilderness Survival (67)\Foraging (19)\Hendricks Park Plant Identification Guide.cover.jpg,True,464,600,35310,
D:\Documentos\The Liberator\The Liberator 5 - Prepping and Self-Sufficiency\Wilderness Survival (67)\Foraging (19)\Introduction to Plant Identification.pdf,D:\Documentos\The Liberator\The Liberator 5 - Prepping and Self-Sufficiency\Wilderness Survival (67)\Foraging (19)\Introduction to Plant Identification.cover.jpg,True,600,450,32150,
D:\Documentos\The Liberator\The Liberator 5 - Prepping and Self-Sufficiency\Wilderness Survival (67)\Foraging (19)\Morel Mushroom Hunting Tips.pdf,D:\Documentos\The Liberator\The Liberator 5 - Prepping and Self-Sufficiency\Wilderness Survival (67)\Foraging (19)\Morel Mushroom Hunting Tips.cover.jpg,True,464,600,83063,
D:\Documentos\The Liberator\The Liberator 5 - Prepping and Self-Sufficiency\Wilderness Survival (67)\Foraging (19)\Plant Identification.pdf,D:\Documentos\The Liberator\The Liberator 5 - Prepping and Self-Sufficiency\Wilderness Survival (67)\Foraging (19)\Plant Identification.cover.jpg,True,464,600,79133,
D:\Documentos\The Liberator\The Liberator 5 - Prepping and Self-Sufficiency\Wilderness Survival (67)\Foraging (19)\Plant Terminology.pdf,D:\Documentos\The Liberator\The Liberator 5 - Prepping and Self-Sufficiency\Wilderness Survival (67)\Foraging (19)\Plant Terminology.cover.jpg,True,600,450,70371,
D:\Documentos\The Liberator\The Liberator 5 - Prepping and Self-Sufficiency\Wilderness Survival (67)\Foraging (19)\Poison Hemlock.pdf,D:\Documentos\The Liberator\The Liberator 5 - Prepping and Self-Sufficiency\Wilderness Survival (67)\Foraging (19)\Poison Hemlock.cover.jpg,True,464,600,64573,
"D:\Documentos\The Liberator\The Liberator 5 - Prepping and Self-Sufficiency\Wilderness Survival (67)\Foraging (19)\Poisonous Snakes, Insects & Plants.pdf","D:\Documentos\The Liberator\The Liberator 5 - Prepping and Self-Sufficiency\Wilderness Survival (67)\Foraging (19)\Poisonous Snakes, Insects & Plants.cover.jpg",True,464,600,30340,
D:\Documentos\The Liberator\The Liberator 5 - Prepping and Self-Sufficiency\Wilderness Survival (67)\Foraging (19)\Useful Wild Plants - Chapter 3.pdf,D:\Documentos\The Liberator\The Liberator 5 - Prepping and Self-Sufficiency\Wilderness Survival (67)\Foraging (19)\Useful Wild Plants - Chapter 3.cover.jpg,True,416,600,46368,
D:\Documentos\The Liberator\The Liberator 5 - Prepping and Self-Sufficiency\Wilderness Survival (67)\Foraging (19)\Useful Wild Plants - Chapter 4.pdf,D:\Documentos\The Liberator\The Liberator 5 - Prepping and Self-Sufficiency\Wilderness Survival (67)\Foraging (19)\Useful Wild Plants - Chapter 4.cover.jpg,True,415,600,49579,
D:\Documentos\The Liberator\The Liberator 5 - Prepping and Self-Sufficiency\Wilderness Survival (67)\Foraging (19)\Useful Wild Plants - Chapter 5.pdf,D:\Documentos\The Liberator\The Liberator 5 - Prepping and Self-Sufficiency\Wilderness Survival (67)\Foraging (19)\Useful Wild Plants - Chapter 5.cover.jpg,True,421,600,46202,
D:\Documentos\The Liberator\The Liberator 5 - Prepping and Self-Sufficiency\Wilderness Survival (67)\Foraging (19)\Useful Wild Plants - Chapters 1 & 2.pdf,D:\Documentos\The Liberator\The Liberator 5 - Prepping and Self-Sufficiency\Wilderness Survival (67)\Foraging (19)\Useful Wild Plants - Chapters 1 & 2.cover.jpg,True,366,600,20440,
D:\Documentos\The Liberator\The Liberator 5 - Prepping and Self-Sufficiency\Wilderness Survival (67)\Foraging (19)\Useful Wild Plants Of The United States And Canada.pdf,D:\Documentos\The Liberator\The Liberator 5 - Prepping and Self-Sufficiency\Wilderness Survival (67)\Foraging (19)\Useful Wild Plants Of The United States And Canada.cover.jpg,True,366,600,20440,
D:\Documentos\The Liberator\The Liberator 5 - Prepping and Self-Sufficiency\Wilderness Survival (67)\Foraging (19)\Wild Food and Foraging.pdf,D:\Documentos\The Liberator\The Liberator 5 - Prepping and Self-Sufficiency\Wilderness Survival (67)\Foraging (19)\Wild Food and Foraging.cover.jpg,True,424,600,94577,
D:\Documentos\The Liberator\The Liberator 5 - Prepping and Self-Sufficiency\Wilderness Survival (67)\Hunting Survival.pdf,D:\Documentos\The Liberator\The Liberator 5 - Prepping and Self-Sufficiency\Wilderness Survival (67)\Hunting Survival.cover.jpg,True,464,600,56500,
"D:\Documentos\The Liberator\The Liberator 5 - Prepping and Self-Sufficiency\Wilderness Survival (67)\Hunting, Fishing, Snaring, Trapping (6)\Basic Fishing.pdf","D:\Documentos\The Liberator\The Liberator 5 - Prepping and Self-Sufficiency\Wilderness Survival (67)\Hunting, Fishing, Snaring, Trapping (6)\Basic Fishing.cover.jpg",True,464,600,69362,
"D:\Documentos\The Liberator\The Liberator 5 - Prepping and Self-Sufficiency\Wilderness Survival (67)\Hunting, Fishing, Snaring, Trapping (6)\Boys Book of Hunting and Fishing.pdf","D:\Documentos\The Liberator\The Liberator 5 - Prepping and Self-Sufficiency\Wilderness Survival (67)\Hunting, Fishing, Snaring, Trapping (6)\Boys Book of Hunting and Fishing.cover.jpg",True,432,600,69671,
"D:\Documentos\The Liberator\The Liberator 5 - Prepping and Self-Sufficiency\Wilderness Survival (67)\Hunting, Fishing, Snaring, Trapping (6)\Camp Life In The Woods And The Tricks Of Trapping And Trap Making.pdf","D:\Documentos\The Liberator\The Liberator 5 - Prepping and Self-Sufficiency\Wilderness Survival (67)\Hunting, Fishing, Snaring, Trapping (6)\Camp Life In The Woods And The Tricks Of Trapping And Trap Making.cover.jpg",True,451,600,30907,
"D:\Documentos\The Liberator\The Liberator 5 - Prepping and Self-Sufficiency\Wilderness Survival (67)\Hunting, Fishing, Snaring, Trapping (6)\Deadfalls and Snares – AR Harding.pdf","D:\Documentos\The Liberator\The Liberator 5 - Prepping and Self-Sufficiency\Wilderness Survival (67)\Hunting, Fishing, Snaring, Trapping (6)\Deadfalls and Snares – AR Harding.cover.jpg",True,429,600,59952,
"D:\Documentos\The Liberator\The Liberator 5 - Prepping and Self-Sufficiency\Wilderness Survival (67)\Hunting, Fishing, Snaring, Trapping (6)\Hunting With A Bow And Arrow.pdf","D:\Documentos\The Liberator\The Liberator 5 - Prepping and Self-Sufficiency\Wilderness Survival (67)\Hunting, Fishing, Snaring, Trapping (6)\Hunting With A Bow And Arrow.cover.jpg",True,464,600,47314,
"D:\Documentos\The Liberator\The Liberator 5 - Prepping and Self-Sufficiency\Wilderness Survival (67)\Hunting, Fishing, Snaring, Trapping (6)\Tricks of Trapping.pdf","D:\Documentos\The Liberator\The Liberator 5 - Prepping and Self-Sufficiency\Wilderness Survival (67)\Hunting, Fishing, Snaring, Trapping (6)\Tricks of Trapping.cover.jpg",True,424,600,16063,
D:\Documentos\The Liberator\The Liberator 5 - Prepping and Self-Sufficiency\Wilderness Survival (67)\Navigation (5)\Celestial Navigation What are the Options.pdf,D:\Documentos\The Liberator\The Liberator 5 - Prepping and Self-Sufficiency\Wilderness Survival (67)\Navigation (5)\Celestial Navigation What are the Options.cover.jpg,True,464,600,85552,
D:\Documentos\The Liberator\The Liberator 5 - Prepping and Self-Sufficiency\Wilderness Survival (67)\Navigation (5)\Compass Dip Needle How To Calibrate Notes.pdf,D:\Documentos\The Liberator\The Liberator 5 - Prepping and Self-Sufficiency\Wilderness Survival (67)\Navigation (5)\Compass Dip Needle How To Calibrate Notes.cover.jpg,True,464,600,58138,
D:\Documentos\The Liberator\The Liberator 5 - Prepping and Self-Sufficiency\Wilderness Survival (67)\Navigation (5)\How To Make A Twilight To Twilight Timer.pdf,D:\Documentos\The Liberator\The Liberator 5 - Prepping and Self-Sufficiency\Wilderness Survival (67)\Navigation (5)\How To Make A Twilight To Twilight Timer.cover.jpg,True,464,600,26067,
D:\Documentos\The Liberator\The Liberator 5 - Prepping and Self-Sufficiency\Wilderness Survival (67)\Navigation (5)\Land Navigation.pdf,D:\Documentos\The Liberator\The Liberator 5 - Prepping and Self-Sufficiency\Wilderness Survival (67)\Navigation (5)\Land Navigation.cover.jpg,True,464,600,106633,
D:\Documentos\The Liberator\The Liberator 5 - Prepping and Self-Sufficiency\Wilderness Survival (67)\Navigation (5)\Night Duration Measurements and Uses.pdf,D:\Documentos\The Liberator\The Liberator 5 - Prepping and Self-Sufficiency\Wilderness Survival (67)\Navigation (5)\Night Duration Measurements and Uses.cover.jpg,True,464,600,58719,
D:\Documentos\The Liberator\The Liberator 5 - Prepping and Self-Sufficiency\Wilderness Survival (67)\Out Of Captivity Surviving 1967 Days In The Colombian Jungle.pdf,D:\Documentos\The Liberator\The Liberator 5 - Prepping and Self-Sufficiency\Wilderness Survival (67)\Out Of Captivity Surviving 1967 Days In The Colombian Jungle.cover.jpg,True,400,600,74098,
D:\Documentos\The Liberator\The Liberator 5 - Prepping and Self-Sufficiency\Wilderness Survival (67)\The Journals of Lewis and Clark.pdf,D:\Documentos\The Liberator\The Liberator 5 - Prepping and Self-Sufficiency\Wilderness Survival (67)\The Journals of Lewis and Clark.cover.jpg,True,464,600,38103,
D:\Documentos\The Liberator\The Liberator 5 - Prepping and Self-Sufficiency\Wilderness Survival (67)\Wilderness Survival Shelters (7)\7 Primitive Shelters.pdf,D:\Documentos\The Liberator\The Liberator 5 - Prepping and Self-Sufficiency\Wilderness Survival (67)\Wilderness Survival Shelters (7)\7 Primitive Shelters.cover.jpg,True,464,600,47043,
D:\Documentos\The Liberator\The Liberator 5 - Prepping and Self-Sufficiency\Wilderness Survival (67)\Wilderness Survival Shelters (7)\Backwoods and Survival Shelters.pdf,D:\Documentos\The Liberator\The Liberator 5 - Prepping and Self-Sufficiency\Wilderness Survival (67)\Wilderness Survival Shelters (7)\Backwoods and Survival Shelters.cover.jpg,True,424,600,41253,
D:\Documentos\The Liberator\The Liberator 5 - Prepping and Self-Sufficiency\Wilderness Survival (67)\Wilderness Survival Shelters (7)\Building Your Own Tent.pdf,D:\Documentos\The Liberator\The Liberator 5 - Prepping and Self-Sufficiency\Wilderness Survival (67)\Wilderness Survival Shelters (7)\Building Your Own Tent.cover.jpg,True,464,600,62304,
D:\Documentos\The Liberator\The Liberator 5 - Prepping and Self-Sufficiency\Wilderness Survival (67)\Wilderness Survival Shelters (7)\How To Build A Debris Hut.pdf,D:\Documentos\The Liberator\The Liberator 5 - Prepping and Self-Sufficiency\Wilderness Survival (67)\Wilderness Survival Shelters (7)\How To Build A Debris Hut.cover.jpg,True,464,600,53640,
D:\Documentos\The Liberator\The Liberator 5 - Prepping and Self-Sufficiency\Wilderness Survival (67)\Wilderness Survival Shelters (7)\Shelter And Making Camp.pdf,D:\Documentos\The Liberator\The Liberator 5 - Prepping and Self-Sufficiency\Wilderness Survival (67)\Wilderness Survival Shelters (7)\Shelter And Making Camp.cover.jpg,True,464,600,58454,
D:\Documentos\The Liberator\The Liberator 5 - Prepping and Self-Sufficiency\Wilderness Survival (67)\Wilderness Survival Shelters (7)\Shelter.pdf,D:\Documentos\The Liberator\The Liberator 5 - Prepping and Self-Sufficiency\Wilderness Survival (67)\Wilderness Survival Shelters (7)\Shelter.cover.jpg,True,464,600,34340,
D:\Documentos\The Liberator\The Liberator 5 - Prepping and Self-Sufficiency\Wilderness Survival (67)\Wilderness Survival Shelters (7)\Shelters Shacks Shanties.pdf,D:\Documentos\The Liberator\The Liberator 5 - Prepping and Self-Sufficiency\Wilderness Survival (67)\Wilderness Survival Shelters (7)\Shelters Shacks Shanties.cover.jpg,True,451,600,30911,
D:\Documentos\The Liberator\The Liberator 5 - Prepping and Self-Sufficiency\Wilderness Survival (67)\Wilderness Survival Skills.pdf,D:\Documentos\The Liberator\The Liberator 5 - Prepping and Self-Sufficiency\Wilderness Survival (67)\Wilderness Survival Skills.cover.jpg,True,464,600,25775,
