filename,best_title,best_author,title_source,rel_path
 2025. La singularidad está más cerca (Ray Kurzweil).pdf,La singularidad está más cerca,Ray Kurzweil,meta,      😱 NUEVO 2026\ 2025. La singularidad está más cerca (Ray Kurzweil).pdf
 Briceño - Refutando a un Nobel_ Reflexiones sobre _El camino a la libertad_.pdf,Nolbert Briceño,Briceño,page1,      😱 NUEVO 2026\ Briceño - Refutando a un Nobel_ Reflexiones sobre _El camino a la libertad_.pdf
  Kurzweil - The Singularity Is Nearer.pdf,The Singularity Is Nearer: When We Merge with AI,Ray Kurzweil,meta,      😱 NUEVO 2026\ 🗓️ NUEVO 2025\  Kurzweil - The Singularity Is Nearer.pdf
Constitución Territorial Libertaria de los Mexicanos.pdf,Constitución Territorial,Cuenta Microsoft,page1,      😱 NUEVO 2026\ 🗓️ NUEVO 2025\  📅 MESES 2025\   Enero\Constitución Territorial Libertaria de los Mexicanos.pdf
Innovation Commons The Origin of Economic Growth (Jason Potts).pdf,Innovation Commons,Jason Potts,page1,      😱 NUEVO 2026\ 🗓️ NUEVO 2025\  📅 MESES 2025\   Enero\Innovation Commons The Origin of Economic Growth (Jason Potts).pdf
Constitución Libertaria.pdf,Constitución Territorial,Cuenta Microsoft,page1,      😱 NUEVO 2026\ 🗓️ NUEVO 2025\  📅 MESES 2025\   Febrero\Constitución Libertaria.pdf
" Economic Logic, Fourth Edit_.pdf",Economic Logic,,meta,"      😱 NUEVO 2026\ 🗓️ NUEVO 2025\  📅 MESES 2025\   Marzo\ Economic Logic, Fourth Edit_.pdf"
Anarquismo coletivista o bakuninismo. Elementos de um programa anarquista.pdf,Anarquismo coletivista o bakuninismo. Elementos de um programa anarquista,,filename,      😱 NUEVO 2026\ 🗓️ NUEVO 2025\  📅 MESES 2025\   Marzo\Anarquismo coletivista o bakuninismo. Elementos de um programa anarquista.pdf
ELG_10 3-25.pdf,EL LIBERTADOR GALOPANTE GUATEMALA,,page1,      😱 NUEVO 2026\ 🗓️ NUEVO 2025\  📅 MESES 2025\   Marzo\ELG_10 3-25.pdf
Lao Zi Philosophy of Liberal Government.pdf,Lao Zi Philosophy of Liberal Government,,meta,      😱 NUEVO 2026\ 🗓️ NUEVO 2025\  📅 MESES 2025\   Marzo\Lao Zi Philosophy of Liberal Government.pdf
McCraw - Joseph Schumpeter_ Innovación y Destrucción Creativa_.pdf,Joseph Schumpeter,Thomas K. McCraw,meta,      😱 NUEVO 2026\ 🗓️ NUEVO 2025\  📅 MESES 2025\   Marzo\McCraw - Joseph Schumpeter_ Innovación y Destrucción Creativa_.pdf
"Schumpeter - Ciclos economicos_ Analisis teorico, historico y estadistico del proceso capitalista.pdf","Ciclos económicos : análisis teórico, histórico y estadístico del proceso capitalista","Schumpeter, Joseph A",meta,"      😱 NUEVO 2026\ 🗓️ NUEVO 2025\  📅 MESES 2025\   Marzo\Schumpeter - Ciclos economicos_ Analisis teorico, historico y estadistico del proceso capitalista.pdf"
Schumpeter - Historia del Análisis Económico_.pdf,Historia del Análisis Económico,Schumpeter,filename,      😱 NUEVO 2026\ 🗓️ NUEVO 2025\  📅 MESES 2025\   Marzo\Schumpeter - Historia del Análisis Económico_.pdf
Schumpeter - Imperialismo Clases Sociales.pdf,Imperialismo Clases Sociales,Schumpeter,filename,      😱 NUEVO 2026\ 🗓️ NUEVO 2025\  📅 MESES 2025\   Marzo\Schumpeter - Imperialismo Clases Sociales.pdf
Schumpeter - Teoría del Desenvolvimiento Económico.pdf,P ® i g f p p # s p ^,Schumpeter,page1,      😱 NUEVO 2026\ 🗓️ NUEVO 2025\  📅 MESES 2025\   Marzo\Schumpeter - Teoría del Desenvolvimiento Económico.pdf
The Liberal Approach to the Past (Michael J. Douma) (Z-Library).pdf,The Liberal Approach to the Past,Z-Library,meta,      😱 NUEVO 2026\ 🗓️ NUEVO 2025\  📅 MESES 2025\   Marzo\The Liberal Approach to the Past (Michael J. Douma) (Z-Library).pdf
 Hume. Cuándo saber ser escéptico (Gerardo López Sastre).pdf,Cuándo saber ser escéptico,Gerardo López Sastre,page1,      😱 NUEVO 2026\ 🗓️ NUEVO 2025\  📅 MESES 2025\ Junio\ Hume. Cuándo saber ser escéptico (Gerardo López Sastre).pdf
" Sobre la Justicia kantiana_ Kant el liberal, Kant el anarquista.pdf","Sobre la Justicia kantiana. Kant el liberal, Kant el anarquista",Todd May,meta,"      😱 NUEVO 2026\ 🗓️ NUEVO 2025\  📅 MESES 2025\ Junio\ Sobre la Justicia kantiana_ Kant el liberal, Kant el anarquista.pdf"
" Teixidó - Necesidades, Valores y Normas desde una Filosofía Científica_.pdf",Foto: Internet. https://crossexamined.org/wp-content/uploads/2019/02/%C2%BFQu%-,Teixidó,page1,"      😱 NUEVO 2026\ 🗓️ NUEVO 2025\  📅 MESES 2025\ Junio\ Teixidó - Necesidades, Valores y Normas desde una Filosofía Científica_.pdf"
 The Stoic Capitalist (Robert Rosenkranz).pdf,The Stoic Capitalist,Robert Rosenkranz,filename,      😱 NUEVO 2026\ 🗓️ NUEVO 2025\  📅 MESES 2025\ Junio\ The Stoic Capitalist (Robert Rosenkranz).pdf
3727820.pdf,NIETZSCHE Y EPICURO,,page1,      😱 NUEVO 2026\ 🗓️ NUEVO 2025\  📅 MESES 2025\ Junio\3727820.pdf
AA VV - Anarquismo y nacionalismo.pdf,Anarquismo y nacionalismo,VV AA,meta,      😱 NUEVO 2026\ 🗓️ NUEVO 2025\  📅 MESES 2025\ Junio\AA VV - Anarquismo y nacionalismo.pdf
Pelletier - El anarcosindicalismo en Japon.pdf,El anarcosindicalismo en Japón,Philippe Pelletier,meta,      😱 NUEVO 2026\ 🗓️ NUEVO 2025\  📅 MESES 2025\ Junio\Anarquismo Oriental\Pelletier - El anarcosindicalismo en Japon.pdf
REVOLUCIÓN ANARQUISTA COREANA _EN MANCHURIA _(1929-1932).pdf,(Microsoft Word - Emilio Crisi - Revoluci\363n Anarquista Coreana en Manchuria),1929-1932,meta,      😱 NUEVO 2026\ 🗓️ NUEVO 2025\  📅 MESES 2025\ Junio\Anarquismo Oriental\REVOLUCIÓN ANARQUISTA COREANA _EN MANCHURIA _(1929-1932).pdf
"Aproximación pragmática a la teoría del_juicio moral, desde la crítica a Kohlberg.pdf","Redalyc.Aproximación pragmática a la teoría del juicio moral, desde la crítica a Kohlberg","Aguirre Dávila, Eduardo",meta,"      😱 NUEVO 2026\ 🗓️ NUEVO 2025\  📅 MESES 2025\ Junio\Aproximación pragmática a la teoría del_juicio moral, desde la crítica a Kohlberg.pdf"
Can Stoicism Be Reconciled With Anarchy_A comparative examination of Anarcho-Stoicism_(Roderick McMillan).pdf,Can Stoicism Be Reconciled With Anarchy?,Roderick McMillan,meta,      😱 NUEVO 2026\ 🗓️ NUEVO 2025\  📅 MESES 2025\ Junio\Can Stoicism Be Reconciled With Anarchy_A comparative examination of Anarcho-Stoicism_(Roderick McMillan).pdf
" Anarchy, Blockchain and Utopia_ _A theory of political-socioeconomic _systems organised using Blockchain.pdf",The JBBA | Volume 1 | Issue 1 | July 2018,,page1,"      😱 NUEVO 2026\ 🗓️ NUEVO 2025\  📅 MESES 2025\ Junio\Criptoanarquismo\ Anarchy, Blockchain and Utopia_ _A theory of political-socioeconomic _systems organised using Blockchain.pdf"
Anarchy Status Updates and Utopia.pdf,"Anarchy, Status Updates, and Utopia",James Grimmelmann,meta,      😱 NUEVO 2026\ 🗓️ NUEVO 2025\  📅 MESES 2025\ Junio\Criptoanarquismo\Anarchy Status Updates and Utopia.pdf
Anarquia-de-las-criptomonedas.pdf,Anarquía de las criptomonedas,,meta,      😱 NUEVO 2026\ 🗓️ NUEVO 2025\  📅 MESES 2025\ Junio\Criptoanarquismo\Anarquia-de-las-criptomonedas.pdf
Bitcoins i la criptoanarquia.pdf,Querol-13,,meta,      😱 NUEVO 2026\ 🗓️ NUEVO 2025\  📅 MESES 2025\ Junio\Criptoanarquismo\Bitcoins i la criptoanarquia.pdf
Criptomonedas y libertad de empresa_Memoria para optar al grado de Licenciado en Ciencias Jurídicas y Sociales.pdf,UNIVERSIDAD DE CHILE FACULTAD DE CIENCIAS JURÍDICAS Y SOCIALES,Patricio hermosilla,page1,      😱 NUEVO 2026\ 🗓️ NUEVO 2025\  📅 MESES 2025\ Junio\Criptoanarquismo\Criptomonedas y libertad de empresa_Memoria para optar al grado de Licenciado en Ciencias Jurídicas y Sociales.pdf
Crypto Heroínas_ _Las Divergencias en _Tiempos de Virtualidad.pdf,Crypto Heroínas: las divergencias en tiempos de virtualidad,,page1,      😱 NUEVO 2026\ 🗓️ NUEVO 2025\  📅 MESES 2025\ Junio\Criptoanarquismo\Crypto Heroínas_ _Las Divergencias en _Tiempos de Virtualidad.pdf
Crypto Politics_Notes on Sociotechnical Imaginaries of Governance in Blockchain Based Technologies.pdf,Crypto Politics:,,page1,      😱 NUEVO 2026\ 🗓️ NUEVO 2025\  📅 MESES 2025\ Junio\Criptoanarquismo\Crypto Politics_Notes on Sociotechnical Imaginaries of Governance in Blockchain Based Technologies.pdf
Crypto-Anarchy Decentralized Finance Global Changes.pdf,From Cypherpunks to Decentralized Finance: How Crypto-Anarchy is Redefining Legal and Economic Systems,Alesia Zhuk,meta,      😱 NUEVO 2026\ 🗓️ NUEVO 2025\  📅 MESES 2025\ Junio\Criptoanarquismo\Crypto-Anarchy Decentralized Finance Global Changes.pdf
Crypto-Anarchy vs. State Sovereignty_ _Navigating the Digital Frontier.pdf,Page 857 - 863,HP,page1,      😱 NUEVO 2026\ 🗓️ NUEVO 2025\  📅 MESES 2025\ Junio\Criptoanarquismo\Crypto-Anarchy vs. State Sovereignty_ _Navigating the Digital Frontier.pdf
Crypto-anarchyaparadigmshiftforsocietyandthelegalsystem-ZhukA.pdf,Crypto-anarchy: a paradigm shift for society and the legal system,Alesia Zhuk,meta,      😱 NUEVO 2026\ 🗓️ NUEVO 2025\  📅 MESES 2025\ Junio\Criptoanarquismo\Crypto-anarchyaparadigmshiftforsocietyandthelegalsystem-ZhukA.pdf
Cryptoeconomics as governance  an intellectual history from  Crypto Anarchy  to  Cryptoeconomics .pdf,Cryptoeconomics as governance: an intellectual history from “Crypto Anarchy” to “Cryptoeconomics”,,meta,      😱 NUEVO 2026\ 🗓️ NUEVO 2025\  📅 MESES 2025\ Junio\Criptoanarquismo\Cryptoeconomics as governance  an intellectual history from  Crypto Anarchy  to  Cryptoeconomics .pdf
Cypherpunk.pdf,Volume 11 |,,page1,      😱 NUEVO 2026\ 🗓️ NUEVO 2025\  📅 MESES 2025\ Junio\Criptoanarquismo\Cypherpunk.pdf
Decentralized Social Life Theory.pdf,Decentralized Social Life Theory,,page1,      😱 NUEVO 2026\ 🗓️ NUEVO 2025\  📅 MESES 2025\ Junio\Criptoanarquismo\Decentralized Social Life Theory.pdf
Hiding Crimes in Cyberspace.pdf,Hiding Crimes in Cyberspace1,,page1,      😱 NUEVO 2026\ 🗓️ NUEVO 2025\  📅 MESES 2025\ Junio\Criptoanarquismo\Hiding Crimes in Cyberspace.pdf
Justicia en la red_ el caso del bitcoin y las nuevas instituciones financieras.pdf,Escritores en formación,,page1,      😱 NUEVO 2026\ 🗓️ NUEVO 2025\  📅 MESES 2025\ Junio\Criptoanarquismo\Justicia en la red_ el caso del bitcoin y las nuevas instituciones financieras.pdf
On the Existential Basis of Self-Sovereign Identity and Soulbound Tokens_An Examination of the “Self” in the Age of Web3.pdf,Journal of Strategic Innovation and Sustainability Vol. 17(3) 2022,Op6905,page1,      😱 NUEVO 2026\ 🗓️ NUEVO 2025\  📅 MESES 2025\ Junio\Criptoanarquismo\On the Existential Basis of Self-Sovereign Identity and Soulbound Tokens_An Examination of the “Self” in the Age of Web3.pdf
"Peter Ludlow (Hg.)_ Crypto Anarchy, Cyberstates, and_Pirate Utopias.pdf","Peter Ludlow (Hg.): Crypto Anarchy, Cyberstates, and Pirate Utopias",Shenja van der Graaf,meta,"      😱 NUEVO 2026\ 🗓️ NUEVO 2025\  📅 MESES 2025\ Junio\Criptoanarquismo\Peter Ludlow (Hg.)_ Crypto Anarchy, Cyberstates, and_Pirate Utopias.pdf"
Socially Responsible to Crypto Anarchic - Editorial.pdf,From Socially Responsible Enterprises to Crypto-Anarchy: We Cover Quite a Range,"Nikhilesh Dholakia, Deniz Atik, and Delphine Godefroit-Winkel",meta,      😱 NUEVO 2026\ 🗓️ NUEVO 2025\  📅 MESES 2025\ Junio\Criptoanarquismo\Socially Responsible to Crypto Anarchic - Editorial.pdf
The Art of Crypto Currencies_A Comprehensive Analysis of Popular Crypto Currencies.pdf,"Vol. 7, No. 12, 2016",,page1,      😱 NUEVO 2026\ 🗓️ NUEVO 2025\  📅 MESES 2025\ Junio\Criptoanarquismo\The Art of Crypto Currencies_A Comprehensive Analysis of Popular Crypto Currencies.pdf
"The first Blockchain, the crypto-anarchist dream.pdf","The first Blockchain, the crypto-anarchist dream",,page1,"      😱 NUEVO 2026\ 🗓️ NUEVO 2025\  📅 MESES 2025\ Junio\Criptoanarquismo\The first Blockchain, the crypto-anarchist dream.pdf"
Trustless Property Systems and Anarchy.pdf,TRUSTLESS PROPERTY SYSTEMS AND ANARCHY: HOW TRUSTLESS TRANSFER,Mark Vincent,page1,      😱 NUEVO 2026\ 🗓️ NUEVO 2025\  📅 MESES 2025\ Junio\Criptoanarquismo\Trustless Property Systems and Anarchy.pdf
Криптоанархизм_идеологическая основа технологии блокчейн.pdf,ЦИФРОВОЕ ПРОСТРАНСТВО ПОЛИТИКИ,,page1,      😱 NUEVO 2026\ 🗓️ NUEVO 2025\  📅 MESES 2025\ Junio\Criptoanarquismo\Криптоанархизм_идеологическая основа технологии блокчейн.pdf
Crypto_ How the Code Rebels Beat the Government — saving privacy in the digital age (Steven Levy).pdf,Crypto_ How the Code Rebels Beat the Government — saving privacy in the digital age,Steven Levy,filename,      😱 NUEVO 2026\ 🗓️ NUEVO 2025\  📅 MESES 2025\ Junio\Crypto_ How the Code Rebels Beat the Government — saving privacy in the digital age (Steven Levy).pdf
Desobediencia civil (William E. Scheuerman).pdf,Desobediencia civil,William E. Scheuerman,filename,      😱 NUEVO 2026\ 🗓️ NUEVO 2025\  📅 MESES 2025\ Junio\Desobediencia Civil\Desobediencia civil (William E. Scheuerman).pdf
DESOBEDIENCIA-CIVIL.pdf,Teoría de sistemas y “pensamiento complejo”,jorge riechmann,meta,      😱 NUEVO 2026\ 🗓️ NUEVO 2025\  📅 MESES 2025\ Junio\Desobediencia Civil\DESOBEDIENCIA-CIVIL.pdf
Graeber - Etnografia de la accion directa.pdf,Etnografía de la acción directa,David Graeber,meta,      😱 NUEVO 2026\ 🗓️ NUEVO 2025\  📅 MESES 2025\ Junio\Desobediencia Civil\Graeber - Etnografia de la accion directa.pdf
La Desobediencia Civil como recurso de la Sociedad Civil para el Alcance de la Justicia.pdf,Redalyc.La desobediencia civil como recurso de la sociedad civil para el alcance de la justicia,"García GONZÁLEZ, Dora Elvira",meta,      😱 NUEVO 2026\ 🗓️ NUEVO 2025\  📅 MESES 2025\ Junio\Desobediencia Civil\La Desobediencia Civil como recurso de la Sociedad Civil para el Alcance de la Justicia.pdf
La desobediencia civil.pdf,"Revista Dilemas Contemporáneos: Educación, Política y Valores.",Lab5_74,page1,      😱 NUEVO 2026\ 🗓️ NUEVO 2025\  📅 MESES 2025\ Junio\Desobediencia Civil\La desobediencia civil.pdf
La desobediencia civil_.pdf,capitulo 1 completo_2017,peppanas,meta,      😱 NUEVO 2026\ 🗓️ NUEVO 2025\  📅 MESES 2025\ Junio\Desobediencia Civil\La desobediencia civil_.pdf
Las cosas por su nombre_ ¿Objeción de conciencia o _desobediencia civil_.pdf,rbyd28_master,,meta,      😱 NUEVO 2026\ 🗓️ NUEVO 2025\  📅 MESES 2025\ Junio\Desobediencia Civil\Las cosas por su nombre_ ¿Objeción de conciencia o _desobediencia civil_.pdf
Diccionario incorrecto de la nueva normalidad (Carlos Rodríguez Braun).pdf,Diccionario incorrecto de la nueva normalidad (Acción empresarial) (Spanish Edition),Carlos Rodríguez Braun,meta,      😱 NUEVO 2026\ 🗓️ NUEVO 2025\  📅 MESES 2025\ Junio\Diccionario incorrecto de la nueva normalidad (Carlos Rodríguez Braun).pdf
Diccionario políticamente incorrecto (Carlos Rodríguez Braun).pdf,Diccionario políticamente incorrecto,Carlos Rodríguez Braun,filename,      😱 NUEVO 2026\ 🗓️ NUEVO 2025\  📅 MESES 2025\ Junio\Diccionario políticamente incorrecto (Carlos Rodríguez Braun).pdf
Economía de los no economistas (Carlos Rodríguez Braun).pdf,Economía de los no economistas 🌊𝐒𝐞𝐚 𝐨𝐟 𝐋𝐞𝐭𝐭𝐞𝐫𝐬🌛,Carlos Rodríguez Braun,meta,      😱 NUEVO 2026\ 🗓️ NUEVO 2025\  📅 MESES 2025\ Junio\Economía de los no economistas (Carlos Rodríguez Braun).pdf
Egoist-Communism_ What It Is and What It_Isn’t.pdf,Egoist-Communism: What It Is and What It Isn’t,Dr. Bones,meta,      😱 NUEVO 2026\ 🗓️ NUEVO 2025\  📅 MESES 2025\ Junio\Egoist-Communism_ What It Is and What It_Isn’t.pdf
Elementos de Economía Política_.pdf,Elementos de Economía Política / James Mill,Universidad de Sevilla. Biblioteca de la Facultad de Derecho. jabyn@us.es,meta,      😱 NUEVO 2026\ 🗓️ NUEVO 2025\  📅 MESES 2025\ Junio\Elementos de Economía Política_.pdf
"Ensayos económicos los orígenes del capitalismo moderno (David Hume, Javier Ugarte Pérez).pdf",Ensayos económicos: los orígenes del capitalismo moderno,"Hume, David; Ugarte Pérez, Javier;",meta,"      😱 NUEVO 2026\ 🗓️ NUEVO 2025\  📅 MESES 2025\ Junio\Ensayos económicos los orígenes del capitalismo moderno (David Hume, Javier Ugarte Pérez).pdf"
F.A. HAYEK 1899-1992_ALBUM BIOGRÁFICO.pdf,INDICE PROGRAMA ECONOMIA – ESCUELA AUSTRIACA,Juan Torras,meta,      😱 NUEVO 2026\ 🗓️ NUEVO 2025\  📅 MESES 2025\ Junio\Escuela Austriaca\F.A. HAYEK 1899-1992_ALBUM BIOGRÁFICO.pdf
Fundamentos de la Escuela Austriaca sobre el capital y los_ciclos económicos e invitación al diálogo con la síntesis_neoclásica.pdf,Fundamentos de la Escuela Austriaca sobre el capital y los ciclos económicos e invitación al diálogo con la síntesis neoclásica,"Sánchez-Bayón, Antonio; Castro-Oliva, Marcos",meta,      😱 NUEVO 2026\ 🗓️ NUEVO 2025\  📅 MESES 2025\ Junio\Escuela Austriaca\Fundamentos de la Escuela Austriaca sobre el capital y los_ciclos económicos e invitación al diálogo con la síntesis_neoclásica.pdf
La Escuela Austríaca en el Siglo XXI.pdf,Modelo Blogs PDF,,meta,      😱 NUEVO 2026\ 🗓️ NUEVO 2025\  📅 MESES 2025\ Junio\Escuela Austriaca\La Escuela Austríaca en el Siglo XXI.pdf
Ethics As Social Science The Moral Philosophy of Social Cooperation (New Thinking in Political Economy) (Leland B. Yeager).pdf,Ethics As Social Science The Moral Philosophy of Social Cooperation (New Thinking in Political Economy),Leland B. Yeager,filename,      😱 NUEVO 2026\ 🗓️ NUEVO 2025\  📅 MESES 2025\ Junio\Ethics As Social Science The Moral Philosophy of Social Cooperation (New Thinking in Political Economy) (Leland B. Yeager).pdf
Hume - Ensayos políticos.pdf,Ensayos políticos,David Hume,filename,      😱 NUEVO 2026\ 🗓️ NUEVO 2025\  📅 MESES 2025\ Junio\Hume - Ensayos políticos.pdf
James and John Stuart Mill  Father and Son in the 19th Century (Bruce Mazlish).pdf,James and John Stuart Mill,Bruce Mazlish,meta,      😱 NUEVO 2026\ 🗓️ NUEVO 2025\  📅 MESES 2025\ Junio\James and John Stuart Mill  Father and Son in the 19th Century (Bruce Mazlish).pdf
 Kant_ Liberal y Anti-relativista.pdf,KANT: LIBERAL Y ANTI-RELATIVISTA*,,page1,"      😱 NUEVO 2026\ 🗓️ NUEVO 2025\  📅 MESES 2025\ Junio\Kant, Utilitarismo\ Kant_ Liberal y Anti-relativista.pdf"
Contradicciones y posibilidades del liberalismo _utilitarista como ideología moderna.pdf,"ColombiaInternacional 71, enero a junio de 2010: 265-282",,page1,"      😱 NUEVO 2026\ 🗓️ NUEVO 2025\  📅 MESES 2025\ Junio\Kant, Utilitarismo\Contradicciones y posibilidades del liberalismo _utilitarista como ideología moderna.pdf"
El concepto de libertad en la Crítica de la razón práctica.pdf,Derechos fundamentales y justicia desde la perspectiva política,,page1,"      😱 NUEVO 2026\ 🗓️ NUEVO 2025\  📅 MESES 2025\ Junio\Kant, Utilitarismo\El concepto de libertad en la Crítica de la razón práctica.pdf"
El Pensamiento Libertario de William Godwin_ Utilitarismo _y Racionalidad Instrumental.pdf,Enero/Junio 2013,,page1,"      😱 NUEVO 2026\ 🗓️ NUEVO 2025\  📅 MESES 2025\ Junio\Kant, Utilitarismo\El Pensamiento Libertario de William Godwin_ Utilitarismo _y Racionalidad Instrumental.pdf"
ENCRUCIJADA POLÍTICA_ KANT ENTRE_EL LIBERALISMO Y EL REPUBLICANISMO_(PEDRO MEZA HERNÁNDEZ).pdf,00a-Directorio,Elizabeth,meta,"      😱 NUEVO 2026\ 🗓️ NUEVO 2025\  📅 MESES 2025\ Junio\Kant, Utilitarismo\ENCRUCIJADA POLÍTICA_ KANT ENTRE_EL LIBERALISMO Y EL REPUBLICANISMO_(PEDRO MEZA HERNÁNDEZ).pdf"
FUERZA Y LIBERTAD_ LA FILOSOFÍA KAN-_TIANA DEL DERECHO.pdf,CAPÍTULO 49,,page1,"      😱 NUEVO 2026\ 🗓️ NUEVO 2025\  📅 MESES 2025\ Junio\Kant, Utilitarismo\FUERZA Y LIBERTAD_ LA FILOSOFÍA KAN-_TIANA DEL DERECHO.pdf"
"IMMANUEL KANT, LA ILUSTRACIÓN, _EL INDIVIDUO Y EL ESTADO._EXAMEN Y CRÍTICA.pdf","IMMANUEL KANT, LA ILUSTRACIÓN,",,page1,"      😱 NUEVO 2026\ 🗓️ NUEVO 2025\  📅 MESES 2025\ Junio\Kant, Utilitarismo\IMMANUEL KANT, LA ILUSTRACIÓN, _EL INDIVIDUO Y EL ESTADO._EXAMEN Y CRÍTICA.pdf"
J_S_Mill_utilitarismo_y_liberalismo.pdf,JOHN STUART MILL,Eugenio,page1,"      😱 NUEVO 2026\ 🗓️ NUEVO 2025\  📅 MESES 2025\ Junio\Kant, Utilitarismo\J_S_Mill_utilitarismo_y_liberalismo.pdf"
Kant y el Pensamiento Liberal Contemporáneo.pdf,Kant y el pensamiento liberal contemporáneo,Paulette Dieterlen,meta,"      😱 NUEVO 2026\ 🗓️ NUEVO 2025\  📅 MESES 2025\ Junio\Kant, Utilitarismo\Kant y el Pensamiento Liberal Contemporáneo.pdf"
KANT Y EL PROBLEMA DE LA LIBERTAD.pdf,KANT Y EL PROBLEMA DE LA LIBERTAD MARÍA DE LOS ÁNGELES PÉREZ MELÉNDEZ,Jorge Luis,page1,"      😱 NUEVO 2026\ 🗓️ NUEVO 2025\  📅 MESES 2025\ Junio\Kant, Utilitarismo\KANT Y EL PROBLEMA DE LA LIBERTAD.pdf"
Kant y Rawls_ ¿liberales e individualistas_.pdf,Roberto Casales García*,,page1,"      😱 NUEVO 2026\ 🗓️ NUEVO 2025\  📅 MESES 2025\ Junio\Kant, Utilitarismo\Kant y Rawls_ ¿liberales e individualistas_.pdf"
"Kant, el Filósofo de la Libertad_.pdf",Prim71.p65,YMORALESG,meta,"      😱 NUEVO 2026\ 🗓️ NUEVO 2025\  📅 MESES 2025\ Junio\Kant, Utilitarismo\Kant, el Filósofo de la Libertad_.pdf"
Kant_ ¿liberal o republicano_.pdf,CON-TEXTOS KANTIANOS.,,page1,"      😱 NUEVO 2026\ 🗓️ NUEVO 2025\  📅 MESES 2025\ Junio\Kant, Utilitarismo\Kant_ ¿liberal o republicano_.pdf"
La doctrina kantiana de la_reciprocidad entre libertad y_razón.pdf,La doctrina kantiana de la reciprocidad entre libertad y razón,William H. Bossart; Ana María Apreda,meta,"      😱 NUEVO 2026\ 🗓️ NUEVO 2025\  📅 MESES 2025\ Junio\Kant, Utilitarismo\La doctrina kantiana de la_reciprocidad entre libertad y_razón.pdf"
La moral y el derecho positivo_kantiano_ ¿cómo pensamos la_libertad_.pdf,La moral y el derecho positivo kantiano: ¿cómo pensamos la libertad?,"Alonso, Nicolás y Corral, Soledad",meta,"      😱 NUEVO 2026\ 🗓️ NUEVO 2025\  📅 MESES 2025\ Junio\Kant, Utilitarismo\La moral y el derecho positivo_kantiano_ ¿cómo pensamos la_libertad_.pdf"
Las categorías de la libertad en Kant.pdf,"© PENSAMIENTO, ISSN 0031-4749",,page1,"      😱 NUEVO 2026\ 🗓️ NUEVO 2025\  📅 MESES 2025\ Junio\Kant, Utilitarismo\Las categorías de la libertad en Kant.pdf"
Liberalismo y republicanismo _en la concepción kantiana_de «ciudadanía».pdf,"Redalyc.Liberalismo y republicanismo en la concepción kantiana de ""ciudadanía""","Beade, Ileana P.",meta,"      😱 NUEVO 2026\ 🗓️ NUEVO 2025\  📅 MESES 2025\ Junio\Kant, Utilitarismo\Liberalismo y republicanismo _en la concepción kantiana_de «ciudadanía».pdf"
Observaciones sobre Kant y el _liberalismo.pdf,FILOSOFÍAS DEL PODER Y USOS DEL DERECHO,,page1,"      😱 NUEVO 2026\ 🗓️ NUEVO 2025\  📅 MESES 2025\ Junio\Kant, Utilitarismo\Observaciones sobre Kant y el _liberalismo.pdf"
Sobre la Libertad de Kant.pdf,UNIVERSIDAD DE COSTA RICA ESCUELA DE FILOSOFÍA,Dirección Filosofía,page1,"      😱 NUEVO 2026\ 🗓️ NUEVO 2025\  📅 MESES 2025\ Junio\Kant, Utilitarismo\Sobre la Libertad de Kant.pdf"
"UTILITARISMO Y LIBERALISMO. _AMISTAD, UNION Y ULTERIOR DIVORCIO.pdf",RÜCKHER ZU MENGER,COI,meta,"      😱 NUEVO 2026\ 🗓️ NUEVO 2025\  📅 MESES 2025\ Junio\Kant, Utilitarismo\UTILITARISMO Y LIBERALISMO. _AMISTAD, UNION Y ULTERIOR DIVORCIO.pdf"
¿Es la filosofía de Kant individualista_.pdf,¿ES LA FILOSOFÍA DE KANT INDIVIDUALISTA?,carlos,page1,"      😱 NUEVO 2026\ 🗓️ NUEVO 2025\  📅 MESES 2025\ Junio\Kant, Utilitarismo\¿Es la filosofía de Kant individualista_.pdf"
La filosofia helenistica en la historiografia anarquista.pdf,La filosofía helenística en la configuración de la historiografía anarquista,Roberto Valdez Rangel,meta,      😱 NUEVO 2026\ 🗓️ NUEVO 2025\  📅 MESES 2025\ Junio\La filosofia helenistica en la historiografia anarquista.pdf
La Ética del Pragmatismo_.pdf,La ética del pragmatismo [The ethics of pragmatism],,page1,      😱 NUEVO 2026\ 🗓️ NUEVO 2025\  📅 MESES 2025\ Junio\La Ética del Pragmatismo_.pdf
"Más economía para andar por casa (Olvido Macías Valle, etc.).pdf",Más economía para andar por casa 🌊𝐒𝐞𝐚 𝐨𝐟 𝐋𝐞𝐭𝐭𝐞𝐫𝐬🌛,"Olvido Macías Valle, etc.",meta,"      😱 NUEVO 2026\ 🗓️ NUEVO 2025\  📅 MESES 2025\ Junio\Más economía para andar por casa (Olvido Macías Valle, etc.).pdf"
Panfletos liberales III (Carlos Rodríguez Braun).pdf,Panfletos liberales III,Carlos Rodríguez Braun,meta,      😱 NUEVO 2026\ 🗓️ NUEVO 2025\  📅 MESES 2025\ Junio\Panfletos liberales III (Carlos Rodríguez Braun).pdf
Panfletos liberales IV (Carlos Rodríguez Braun).pdf,Panfletos liberales IV,Carlos Rodríguez Braun,meta,      😱 NUEVO 2026\ 🗓️ NUEVO 2025\  📅 MESES 2025\ Junio\Panfletos liberales IV (Carlos Rodríguez Braun).pdf
Panfletos liberales. Reflexiones de un economista audaz (Carlos Rodríguez Braun).pdf,Panfletos liberales. Reflexiones de un economista audaz,Carlos Rodríguez Braun,meta,      😱 NUEVO 2026\ 🗓️ NUEVO 2025\  📅 MESES 2025\ Junio\Panfletos liberales. Reflexiones de un economista audaz (Carlos Rodríguez Braun).pdf
The Cynics and Stoics_(Diogenes Laërtius).pdf,Cynics and Stoics,Diogenes Laërtius,meta,      😱 NUEVO 2026\ 🗓️ NUEVO 2025\  📅 MESES 2025\ Junio\The Cynics and Stoics_(Diogenes Laërtius).pdf
THE LIFE OF JOHN BRIGHT.pdf,The Life Of John Bright,Trevelyan George Macauly,meta,      😱 NUEVO 2026\ 🗓️ NUEVO 2025\  📅 MESES 2025\ Junio\THE LIFE OF JOHN BRIGHT.pdf
The Life of Richard Cobden.pdf,Online Library of Liberty: The Life of Richard Cobden - Portable Library of Liberty,,meta,      😱 NUEVO 2026\ 🗓️ NUEVO 2025\  📅 MESES 2025\ Junio\The Life of Richard Cobden.pdf
The Life of William Ewart Gladstone.pdf,The Life of William Ewart Gladstone,George Barnett Smith,meta,      😱 NUEVO 2026\ 🗓️ NUEVO 2025\  📅 MESES 2025\ Junio\The Life of William Ewart Gladstone.pdf
The Roman Libertarians - An Ancient Philosophy of Freedom (Journal of Private Enterprise).pdf,The Roman Libertarians:,Linley Hall,page1,      😱 NUEVO 2026\ 🗓️ NUEVO 2025\  📅 MESES 2025\ Junio\The Roman Libertarians - An Ancient Philosophy of Freedom (Journal of Private Enterprise).pdf
Tonterías económicas (Carlos Rodríguez Braun).pdf,Tonterías económicas 🌊𝐒𝐞𝐚 𝐨𝐟 𝐋𝐞𝐭𝐭𝐞𝐫𝐬🌛,Carlos Rodríguez Braun,meta,      😱 NUEVO 2026\ 🗓️ NUEVO 2025\  📅 MESES 2025\ Junio\Tonterías económicas (Carlos Rodríguez Braun).pdf
Tonterías económicas III (Carlos Rodríguez Braun).pdf,Tonterías económicas III,Carlos Rodríguez Braun,meta,      😱 NUEVO 2026\ 🗓️ NUEVO 2025\  📅 MESES 2025\ Junio\Tonterías económicas III (Carlos Rodríguez Braun).pdf
"Una Extensa Revisión de la Ética Argumentativa, Brindando un Enfoque Plenamente Praxeológico.pdf","Una Extensa Revisión de la Ética Argumentativa, Brindando un Enfoque Plenamente Praxeológico - Obsidian Vault - Obsidian v1.8.10",,meta,"      😱 NUEVO 2026\ 🗓️ NUEVO 2025\  📅 MESES 2025\ Junio\Una Extensa Revisión de la Ética Argumentativa, Brindando un Enfoque Plenamente Praxeológico.pdf"
¿DIÓGENES DE SINOPE PROTOANARQUISTA_.pdf,Volumen 80 (2023) 251-263,,page1,      😱 NUEVO 2026\ 🗓️ NUEVO 2025\  📅 MESES 2025\ Junio\¿DIÓGENES DE SINOPE PROTOANARQUISTA_.pdf
 Adam Smith_ La riqueza de las naciones y la teoría de los sentimientos morales.pdf,Adam Smith_ La riqueza de las naciones y la teoría de los sentimientos morales,,filename,      😱 NUEVO 2026\ 🗓️ NUEVO 2025\  📅 MESES 2025\Agosto\ Adam Smith_ La riqueza de las naciones y la teoría de los sentimientos morales.pdf
Banca central.pdf,Banca central,,filename,      😱 NUEVO 2026\ 🗓️ NUEVO 2025\  📅 MESES 2025\Agosto\Banca central.pdf
Elementos de Econometria aplicada.pdf,Elementos de Econometria aplicada,,filename,      😱 NUEVO 2026\ 🗓️ NUEVO 2025\  📅 MESES 2025\Agosto\Elementos de Econometria aplicada.pdf
Europa-en-la-encrucijada-digital.pdf,EUROPA EN LA,,page1,      😱 NUEVO 2026\ 🗓️ NUEVO 2025\  📅 MESES 2025\Agosto\Europa-en-la-encrucijada-digital.pdf
Ideas & Debate.pdf,Ideas & Debate,,filename,      😱 NUEVO 2026\ 🗓️ NUEVO 2025\  📅 MESES 2025\Agosto\Ideas & Debate.pdf
Informe-33-Redes-sociales-Anonimato-bots-normas-censura.pdf,INFORMES DE LA FUNDACIÓN,,page1,      😱 NUEVO 2026\ 🗓️ NUEVO 2025\  📅 MESES 2025\Agosto\Informe-33-Redes-sociales-Anonimato-bots-normas-censura.pdf
Informe-35-IA-y-mercado-de-trabajo.pdf,INFORMES DE LA FUNDACIÓN,,page1,      😱 NUEVO 2026\ 🗓️ NUEVO 2025\  📅 MESES 2025\Agosto\Informe-35-IA-y-mercado-de-trabajo.pdf
Intervencion-estatal-y-pobreza-energetica-WEB.pdf,INTERVENCIÓN ESTATAL Y POBREZA ENERGÉTICA,,page1,      😱 NUEVO 2026\ 🗓️ NUEVO 2025\  📅 MESES 2025\Agosto\Intervencion-estatal-y-pobreza-energetica-WEB.pdf
Laissez - Faire 2017.pdf,Faire 2017,Laissez,filename,      😱 NUEVO 2026\ 🗓️ NUEVO 2025\  📅 MESES 2025\Agosto\Laissez - Faire 2017.pdf
Laissez - Faire 2019.pdf,Faire 2019,Laissez,filename,      😱 NUEVO 2026\ 🗓️ NUEVO 2025\  📅 MESES 2025\Agosto\Laissez - Faire 2019.pdf
Policy_Brief_ES_EN_Barreras_Competitividad_Nuclear_interactuvo (1).pdf,INFORME DE POLÍTICA PÚBLICA PUBLIC POLICY BRIEF,,page1,      😱 NUEVO 2026\ 🗓️ NUEVO 2025\  📅 MESES 2025\Agosto\Policy_Brief_ES_EN_Barreras_Competitividad_Nuclear_interactuvo (1).pdf
RSE_EU-BLUEPRINT_CAPITULO-3.pdf,COMPETITIVIDAD Y,,page1,      😱 NUEVO 2026\ 🗓️ NUEVO 2025\  📅 MESES 2025\Agosto\RSE_EU-BLUEPRINT_CAPITULO-3.pdf
 Hayek y la revolución Cripto_Orden espontáneo en defensa de la propiedad privada_(Luciano Niccoló Pagani).pdf,"Junio 30, 2024",Luciano Niccoló Pagani,page1,      😱 NUEVO 2026\ 🗓️ NUEVO 2025\  📅 MESES 2025\Julio\ Hayek y la revolución Cripto_Orden espontáneo en defensa de la propiedad privada_(Luciano Niccoló Pagani).pdf
Crypto-Politics  Encryption and Democratic Practices in the Digital Era (Linda Monsees).pdf,Crypto-Politics,Linda Monsees;,meta,      😱 NUEVO 2026\ 🗓️ NUEVO 2025\  📅 MESES 2025\Julio\Crypto-Politics  Encryption and Democratic Practices in the Digital Era (Linda Monsees).pdf
"Ciudad chárter - Wikipedia, la enciclopedia libre.pdf","Ciudad chárter - Wikipedia, la enciclopedia libre",Ciudad chárter,meta,"      😱 NUEVO 2026\ 🗓️ NUEVO 2025\  📅 MESES 2025\Septiembre\Ciudad chárter - Wikipedia, la enciclopedia libre.pdf"
CRITICA A LOS PLIB (1).pdf,CRITICA A LOS PLIB,TheLAGmen TheLAGmen,meta,      😱 NUEVO 2026\ 🗓️ NUEVO 2025\  📅 MESES 2025\Septiembre\CRITICA A LOS PLIB (1).pdf
El Estado mínimo frente a las inmunidades_del poder_ Una concepción jurídica desde la _Escuela Austriaca (José María Pernas Alonso).pdf,El Estado mínimo frente a las inmunidades,José María Pernas Alonso,page1,      😱 NUEVO 2026\ 🗓️ NUEVO 2025\  📅 MESES 2025\Septiembre\El Estado mínimo frente a las inmunidades_del poder_ Una concepción jurídica desde la _Escuela Austriaca (José María Pernas Alonso).pdf
"HOA Warrior II Responding to Pets, Paint,  Parking in Your HOA (Shelly Marshall).pdf","HOA Warrior II Responding to Pets, Paint,  Parking in Your HOA",Shelly Marshall,filename,"      😱 NUEVO 2026\ 🗓️ NUEVO 2025\  📅 MESES 2025\Septiembre\HOA Warrior II Responding to Pets, Paint,  Parking in Your HOA (Shelly Marshall).pdf"
Introduction-to-Charter-Cities.pdf,INTRODUCTION TO CHARTER CITIES INTRODUCTION,,page1,      😱 NUEVO 2026\ 🗓️ NUEVO 2025\  📅 MESES 2025\Septiembre\Introduction-to-Charter-Cities.pdf
"P. Romer - Technologies, Rules, and Progress_ The Case for Charter Cities.pdf","Technologies, Rules, and Progress: The Case for Charter Cities",Paul Romer,meta,"      😱 NUEVO 2026\ 🗓️ NUEVO 2025\  📅 MESES 2025\Septiembre\P. Romer - Technologies, Rules, and Progress_ The Case for Charter Cities.pdf"
 Ayau - El Proceso Económico .pdf,El Proceso Económico,"Ayau Cordón, Manuel F.",meta,      😱 NUEVO 2026\ 🗓️ NUEVO 2025\ Ayau - El Proceso Económico .pdf
 Bawerk - Economía burguesa y economía socialista.pdf,Economía burguesa y economía socialista,Bawerk,filename,      😱 NUEVO 2026\ 🗓️ NUEVO 2025\ Bawerk - Economía burguesa y economía socialista.pdf
" Blockchain and the Law_ The Rule of Code (Primavera De Filippi, Aaron Wright).pdf",and the LAW,"Primavera De Filippi, Aaron Wright",page1,"      😱 NUEVO 2026\ 🗓️ NUEVO 2025\ Blockchain and the Law_ The Rule of Code (Primavera De Filippi, Aaron Wright).pdf"
" Blockchain_ Bastión de la libertad, Investigación a la luz de la teoría austriaca de _la tecnología blockchain como condición posibilitadora (Patricia Falagan de la Sierra).pdf",BLOCKCHAIN: BASTIÓN DE LA LIBERTAD,Patricia Falagán De la Sierra,meta,"      😱 NUEVO 2026\ 🗓️ NUEVO 2025\ Blockchain_ Bastión de la libertad, Investigación a la luz de la teoría austriaca de _la tecnología blockchain como condición posibilitadora (Patricia Falagan de la Sierra).pdf"
 Conozca lo que le pasara a usted y a su país si el comunismo logra adueñarse del poder.pdf,Conozca lo que le pasara a usted y a su país si el comunismo logra adueñarse del poder,,filename,      😱 NUEVO 2026\ 🗓️ NUEVO 2025\ Conozca lo que le pasara a usted y a su país si el comunismo logra adueñarse del poder.pdf
 Constitución Territorial Libertaria de los Mexicanos.pdf,PARA TODO EL QUE QUIERA SER LIBRE,Cuenta Microsoft,page1,      😱 NUEVO 2026\ 🗓️ NUEVO 2025\ Constitución Territorial Libertaria de los Mexicanos.pdf
" Contra la Revolución Francesa (Alberto Garín, Fernando Díaz Villanueva).pdf",Contra la Revolución Francesa (HarperCollins No Ficción) (Spanish Edition),"Alberto Garín, Fernando Díaz Villanueva",meta,"      😱 NUEVO 2026\ 🗓️ NUEVO 2025\ Contra la Revolución Francesa (Alberto Garín, Fernando Díaz Villanueva).pdf"
" Contractual Communities_in the Self-Organising City_Freedom, Creativity, Subsidiarity.pdf","Contractual Communities_in the Self-Organising City_Freedom, Creativity, Subsidiarity",,filename,"      😱 NUEVO 2026\ 🗓️ NUEVO 2025\ Contractual Communities_in the Self-Organising City_Freedom, Creativity, Subsidiarity.pdf"
 Cypherpunk Ethics_ Radical Ethics for the Digital Age (Patrick D. Anderson).pdf,Cypherpunk Ethics_ Radical Ethics for the Digital Age,Patrick D. Anderson,filename,      😱 NUEVO 2026\ 🗓️ NUEVO 2025\ Cypherpunk Ethics_ Radical Ethics for the Digital Age (Patrick D. Anderson).pdf
" Digital Cash (Brunton, Finn).pdf",Digital Cash,"Brunton, Finn",filename,"      😱 NUEVO 2026\ 🗓️ NUEVO 2025\ Digital Cash (Brunton, Finn).pdf"
 Drug War Crimes The Consequences of Prohibition (Jeffrey A. Miron).pdf,Drug War Crimes: The Consequences of Prohibition,Jeffrey A. Miron,meta,      😱 NUEVO 2026\ 🗓️ NUEVO 2025\ Drug War Crimes The Consequences of Prohibition (Jeffrey A. Miron).pdf
 Economía de la Complejidad (Presentación).pdf,Economía de la Complejidad,Presentación,filename,      😱 NUEVO 2026\ 🗓️ NUEVO 2025\ Economía de la Complejidad (Presentación).pdf
 Economía de la Complejidad_ Breve introducción a un nuevo paradigma (Vicente Moreno Casas).pdf,Economía de la Complejidad_ Breve introducción a un nuevo paradigma,Vicente Moreno Casas,filename,      😱 NUEVO 2026\ 🗓️ NUEVO 2025\ Economía de la Complejidad_ Breve introducción a un nuevo paradigma (Vicente Moreno Casas).pdf
 El auge de la brutalidad organizada (Siniša Malešević).pdf,El auge de la brutalidad organizada,Siniša Malešević,meta,      😱 NUEVO 2026\ 🗓️ NUEVO 2025\ El auge de la brutalidad organizada (Siniša Malešević).pdf
 El Dilema de los Innovadores (Clayton M.C.).pdf,El Dilema de los Innovadores,Clayton M.C.,filename,      😱 NUEVO 2026\ 🗓️ NUEVO 2025\ El Dilema de los Innovadores (Clayton M.C.).pdf
 El mito del Estado (Ernst Cassirer).pdf,El mito del Estado,Ernst Cassirer,filename,      😱 NUEVO 2026\ 🗓️ NUEVO 2025\ El mito del Estado (Ernst Cassirer).pdf
 Falacias de la justicia social (Thomas Sowell).pdf,Falacias de la justicia social,Thomas Sowell,meta,      😱 NUEVO 2026\ 🗓️ NUEVO 2025\ Falacias de la justicia social (Thomas Sowell).pdf
 Gatto - Emburrecimiento Programado_ O el currículo oculto de la escolarización obligatoria.pdf,Emburrecimiento Programado_ O el currículo oculto de la escolarización obligatoria,Gatto,filename,      😱 NUEVO 2026\ 🗓️ NUEVO 2025\ Gatto - Emburrecimiento Programado_ O el currículo oculto de la escolarización obligatoria.pdf
 Guerra_ Deconstrucción Económica (Presentación).pdf,Guerra_ Deconstrucción Económica,Presentación,filename,      😱 NUEVO 2026\ 🗓️ NUEVO 2025\ Guerra_ Deconstrucción Económica (Presentación).pdf
 Guía de la accion humana para principiantes.pdf,Guía de la accion humana para principiantes,,filename,      😱 NUEVO 2026\ 🗓️ NUEVO 2025\ Guía de la accion humana para principiantes.pdf
 Hayek - Teoría Pura del Capital.pdf,OBRAS DE FRIEDRICH A. HAYEK VOLUMEN XII,mp6,page1,      😱 NUEVO 2026\ 🗓️ NUEVO 2025\ Hayek - Teoría Pura del Capital.pdf
 Hoppe - Criticism of causal-scientific social research.pdf,Criticism of causal-scientific social research,A. Tank,page1,      😱 NUEVO 2026\ 🗓️ NUEVO 2025\ Hoppe - Criticism of causal-scientific social research.pdf
 Kaiser - Parásitos Mentales.pdf,Parásitos Mentales,Kaiser,filename,      😱 NUEVO 2026\ 🗓️ NUEVO 2025\ Kaiser - Parásitos Mentales.pdf
 Libertad Para Gente Inteligente- De la Cognición a la Acción (Juan I. Fernandez).pdf,Libertad Para Gente Inteligente,Juan I. Fernandez,meta,      😱 NUEVO 2026\ 🗓️ NUEVO 2025\ Libertad Para Gente Inteligente- De la Cognición a la Acción (Juan I. Fernandez).pdf
 Los Impuestos - Manuel F. Ayau.pdf,Manuel F. Ayau,Los Impuestos,filename,      😱 NUEVO 2026\ 🗓️ NUEVO 2025\ Los Impuestos - Manuel F. Ayau.pdf
 Orden Sin Diseño_ El Alma Oculta de la Ciudad.pdf,Orden Sin Diseño_ El Alma Oculta de la Ciudad,,filename,      😱 NUEVO 2026\ 🗓️ NUEVO 2025\ Orden Sin Diseño_ El Alma Oculta de la Ciudad.pdf
 The Cyphernomicon (Timothy C. May).pdf,The Cyphernomicon,Timothy C. May,meta,      😱 NUEVO 2026\ 🗓️ NUEVO 2025\ The Cyphernomicon (Timothy C. May).pdf
 The Paleoconservatives New Voices of the Old Right (Joseph Scotchie) (Z-Library).pdf,cover,Z-Library,meta,      😱 NUEVO 2026\ 🗓️ NUEVO 2025\ The Paleoconservatives New Voices of the Old Right (Joseph Scotchie) (Z-Library).pdf
" Wittgenstein, la Escuela Austriaca y la Arquitectura Invisible de la Sociedad_.pdf","Wittgenstein, la Escuela Austriaca y la Arquitectura Invisible de la Sociedad",,filename,"      😱 NUEVO 2026\ 🗓️ NUEVO 2025\ Wittgenstein, la Escuela Austriaca y la Arquitectura Invisible de la Sociedad_.pdf"
"Chokepoint Capitalism How Big Tech and Big Content Captured Creative Labor Markets and How Well Win Them Back (Rebecca Giblin, Cory Doctorow).pdf",Chokepoint Capitalism,Rebecca Giblin & Cory Doctorow,meta,"      😱 NUEVO 2026\ 🗓️ NUEVO 2025\ 🤓 AUTORES nuevos\Cory Doctorow\Chokepoint Capitalism How Big Tech and Big Content Captured Creative Labor Markets and How Well Win Them Back (Rebecca Giblin, Cory Doctorow).pdf"
Cuando los administradores de sistemas gobernaron la Tierra (Cory Doctorow).pdf,Cuando los administradores de sistemas gobernaron la Tierra,Cory Doctorow,meta,      😱 NUEVO 2026\ 🗓️ NUEVO 2025\ 🤓 AUTORES nuevos\Cory Doctorow\Cuando los administradores de sistemas gobernaron la Tierra (Cory Doctorow).pdf
How to Destroy Surveillance Capitalism (Cory Doctorow).pdf,How to Destroy Surveillance Capitalism,Cory Doctorow,meta,      😱 NUEVO 2026\ 🗓️ NUEVO 2025\ 🤓 AUTORES nuevos\Cory Doctorow\How to Destroy Surveillance Capitalism (Cory Doctorow).pdf
Information Doesnt Want to Be Free Laws for the Internet Age (Cory Doctorow).pdf,Information Doesn't Want to Be Free: Laws for the Internet Age,Cory Doctorow,meta,      😱 NUEVO 2026\ 🗓️ NUEVO 2025\ 🤓 AUTORES nuevos\Cory Doctorow\Information Doesnt Want to Be Free Laws for the Internet Age (Cory Doctorow).pdf
The Internet Con How to Seize the Means of Computation (Cory Doctorow).pdf,The Internet Con,Cory Doctorow,meta,      😱 NUEVO 2026\ 🗓️ NUEVO 2025\ 🤓 AUTORES nuevos\Cory Doctorow\The Internet Con How to Seize the Means of Computation (Cory Doctorow).pdf
Un Lugar tan Extraño (Cory Doctorow).pdf,Cory Doctorow,Un lugar tan extraño,meta,      😱 NUEVO 2026\ 🗓️ NUEVO 2025\ 🤓 AUTORES nuevos\Cory Doctorow\Un Lugar tan Extraño (Cory Doctorow).pdf
"Blockchain Governance (Primavera De Filippi, Wessel Reijers, etc.).pdf",Blockchain Governance,Primavera De Filippi;Wessel Reijers;Morshed Mannan;,meta,"      😱 NUEVO 2026\ 🗓️ NUEVO 2025\Blockchain Governance (Primavera De Filippi, Wessel Reijers, etc.).pdf"
Cypherpunk visions and trends 2023-2025 (Juraj Bednár).pdf,Cypherpunk visions and trends 2023-2025,Juraj Bednár,meta,      😱 NUEVO 2026\ 🗓️ NUEVO 2025\Cypherpunk visions and trends 2023-2025 (Juraj Bednár).pdf
D. Carreiro - Indigenismo e intervencionismo.pdf,Marzo 2024,D. Carreiro,page1,      😱 NUEVO 2026\ 🗓️ NUEVO 2025\D. Carreiro - Indigenismo e intervencionismo.pdf
Debate de IA_ Estatismo Vs. Libertad.pdf,Documento sin título,,meta,      😱 NUEVO 2026\ 🗓️ NUEVO 2025\Debate de IA_ Estatismo Vs. Libertad.pdf
Digital Resistance - Explorations in Tactical Media (Critical Art Ensemble).pdf,Digital Resistance - Explorations in Tactical Media,Critical Art Ensemble,filename,      😱 NUEVO 2026\ 🗓️ NUEVO 2025\Digital Resistance - Explorations in Tactical Media (Critical Art Ensemble).pdf
 El Libertador N6 Selección de Columnas.pdf,GALOPANTE ENERO,Susi ka,meta,      😱 NUEVO 2026\ 🗓️ NUEVO 2025\El Libertador Galopante Chile\ El Libertador N6 Selección de Columnas.pdf
Edición 1 - Abril 2023.pdf,EL LIBERTADOR GALOPANTE,Franco Luciano Farías Valero,page1,      😱 NUEVO 2026\ 🗓️ NUEVO 2025\El Libertador Galopante Chile\El Libertador Galopante Guatemala\Edición 1 - Abril 2023.pdf
Edición 2 - Mayo 2023.pdf,¡Hemos subido de nivel!,Edición 2,page1,      😱 NUEVO 2026\ 🗓️ NUEVO 2025\El Libertador Galopante Chile\El Libertador Galopante Guatemala\Edición 2 - Mayo 2023.pdf
Edición 3 - Junio 2023.pdf,EL LIBERTADOR,Edición 3,page1,      😱 NUEVO 2026\ 🗓️ NUEVO 2025\El Libertador Galopante Chile\El Libertador Galopante Guatemala\Edición 3 - Junio 2023.pdf
Edición 4 - Julio 2023.pdf,EL LIBERTADOR,Edición 4,page1,      😱 NUEVO 2026\ 🗓️ NUEVO 2025\El Libertador Galopante Chile\El Libertador Galopante Guatemala\Edición 4 - Julio 2023.pdf
Edición 5 - Agosto 2023.pdf,"N.º 2. 01 de junio de 2023. Ciudad de Guatemala, Guatemala.",Edición 5,page1,      😱 NUEVO 2026\ 🗓️ NUEVO 2025\El Libertador Galopante Chile\El Libertador Galopante Guatemala\Edición 5 - Agosto 2023.pdf
Edición 6 - Octubre 2023.pdf,ELG Edición 6,Ana Valeria del Rosario Vasquez Castro,meta,      😱 NUEVO 2026\ 🗓️ NUEVO 2025\El Libertador Galopante Chile\El Libertador Galopante Guatemala\Edición 6 - Octubre 2023.pdf
Edición 7 - Septiembre 2024.pdf,ELG Edición 7,Ana Valeria del Rosario Vasquez Castro,meta,      😱 NUEVO 2026\ 🗓️ NUEVO 2025\El Libertador Galopante Chile\El Libertador Galopante Guatemala\Edición 7 - Septiembre 2024.pdf
Edición 8 - Enero 2025.pdf,EL LIBERTADOR GALOPANTE GUATEMALA,Edición 8,page1,      😱 NUEVO 2026\ 🗓️ NUEVO 2025\El Libertador Galopante Chile\El Libertador Galopante Guatemala\Edición 8 - Enero 2025.pdf
El Libertador N1.pdf,Libertador Galopante,Susi ka,meta,      😱 NUEVO 2026\ 🗓️ NUEVO 2025\El Libertador Galopante Chile\El Libertador N1.pdf
El Libertador N10 Fe y Razón.pdf,N10 GALOPANTE ABRIL FE Y RAZON,Paulina,meta,      😱 NUEVO 2026\ 🗓️ NUEVO 2025\El Libertador Galopante Chile\El Libertador N10 Fe y Razón.pdf
El Libertador N3-1.pdf,L. GALOPANTE OCTUBRE,Susi ka,meta,      😱 NUEVO 2026\ 🗓️ NUEVO 2025\El Libertador Galopante Chile\El Libertador N3-1.pdf
El Libertador N4.pdf,L. GALOPANTE Noviembre,Susi ka,meta,      😱 NUEVO 2026\ 🗓️ NUEVO 2025\El Libertador Galopante Chile\El Libertador N4.pdf
El Libertador N5.pdf,GALOPANTE DICIEMBRE,Susi ka,meta,      😱 NUEVO 2026\ 🗓️ NUEVO 2025\El Libertador Galopante Chile\El Libertador N5.pdf
El Libertador N7 Edición Especial 1º Foro Libertario de Chile (1).pdf,Copia de GALOPANTE ENERO,Cesar Torres,meta,      😱 NUEVO 2026\ 🗓️ NUEVO 2025\El Libertador Galopante Chile\El Libertador N7 Edición Especial 1º Foro Libertario de Chile (1).pdf
El Libertador N8 Edición Especial Ronald Ojeda.pdf,ESPECIAL RONALD OJEDA,,meta,      😱 NUEVO 2026\ 🗓️ NUEVO 2025\El Libertador Galopante Chile\El Libertador N8 Edición Especial Ronald Ojeda.pdf
El sistema y la madre que lo parió (Javi Cabello).pdf,El sistema y la madre que lo parió.,Javi Cabello,meta,      😱 NUEVO 2026\ 🗓️ NUEVO 2025\El sistema y la madre que lo parió (Javi Cabello).pdf
Electronic Civil Disobedience and Other Un - Critical Art Ensemble.pdf,Electronic Civil Disobedience and Other Unpopular Ideas,Critical Art Ensemble,meta,      😱 NUEVO 2026\ 🗓️ NUEVO 2025\Electronic Civil Disobedience and Other Un - Critical Art Ensemble.pdf
"Examining the Armed Citizen the Historic Struggle Between Man and the State for the Control of Small Arms (Markel, Paul).pdf",Examining the Armed Citizen: the Historic Struggle Between Man and the State for the Control of Small Arms,"Markel, Paul",meta,"      😱 NUEVO 2026\ 🗓️ NUEVO 2025\Examining the Armed Citizen the Historic Struggle Between Man and the State for the Control of Small Arms (Markel, Paul).pdf"
Gatto - Historia Secreta del Sistema Educativo.pdf,Historia secreta del sistema educativo,Gatto,meta,      😱 NUEVO 2026\ 🗓️ NUEVO 2025\Gatto - Historia Secreta del Sistema Educativo.pdf
HANS-HERMANN HOPPE (1949-) – Reseña de sus principales artículos y participaciones.pdf,HANS-HERMANN HOPPE (1949-) – Reseña de sus principales artículos y participaciones,,meta,      😱 NUEVO 2026\ 🗓️ NUEVO 2025\HANS-HERMANN HOPPE (1949-) – Reseña de sus principales artículos y participaciones.pdf
Hayek - El orden de la libertad.pdf,El orden de la libertad,Hayek,filename,      😱 NUEVO 2026\ 🗓️ NUEVO 2025\Hayek - El orden de la libertad.pdf
Hijacking Bitcoin. La Historia Oculta Del BTC (Roger Ver).pdf,Hijacking Bitcoin. La Historia Oculta Del BTC,Roger Ver,meta,      😱 NUEVO 2026\ 🗓️ NUEVO 2025\Hijacking Bitcoin. La Historia Oculta Del BTC (Roger Ver).pdf
Homo Domesticus (Benjamin Gomar).pdf,"""Los dioses nos han dado a los hombres una vida fácil, pero nosotros la hemos complicado buscando lujos""",EL DESENCANTADO,meta,      😱 NUEVO 2026\ 🗓️ NUEVO 2025\Homo Domesticus (Benjamin Gomar).pdf
"Huerta - Conferencias sobre Economía Austriaca, Vol I.pdf","Lectures in Austrian Economics, Volume I (Palgrave Studies in Austrian Economics)",Huerta,meta,"      😱 NUEVO 2026\ 🗓️ NUEVO 2025\Huerta - Conferencias sobre Economía Austriaca, Vol I.pdf"
Kurzweil - La era de las máquinas espirituales.pdf,LA ERA DE MÁQUINAS ESPIRITUALES RAY KURZWEIL,Jesus Sanchez,page1,      😱 NUEVO 2026\ 🗓️ NUEVO 2025\Kurzweil - La era de las máquinas espirituales.pdf
Los Hermanos de la Costa_ PiraterÍa Libertaria en el Caribe (Bernardo Fuster).pdf,Prólogo,internet,meta,      😱 NUEVO 2026\ 🗓️ NUEVO 2025\Los Hermanos de la Costa_ PiraterÍa Libertaria en el Caribe (Bernardo Fuster).pdf
Lysander Spooner Selected Works of a Libertarian Hero (Annotated) (Lysander Spooner).pdf,Lysander Spooner: Selected Works of a Libertarian Hero (Annotated),Lysander Spooner,meta,      😱 NUEVO 2026\ 🗓️ NUEVO 2025\Lysander Spooner Selected Works of a Libertarian Hero (Annotated) (Lysander Spooner).pdf
Manifesto Neo-Nefasto.pdf,Manifesto Neo Nefasto Versión 2 *LECTURA PDF*,,meta,      😱 NUEVO 2026\ 🗓️ NUEVO 2025\Manifesto Neo-Nefasto.pdf
Mills - La élite del poder.pdf,La élite del poder,Mills,filename,      😱 NUEVO 2026\ 🗓️ NUEVO 2025\Mills - La élite del poder.pdf
Obfuscation.pdf,Obfuscation,Finn Brunton,meta,      😱 NUEVO 2026\ 🗓️ NUEVO 2025\Obfuscation.pdf
"Sindicatos, ¿Para qué_.pdf",Friedrich A. Harek,,page1,"      😱 NUEVO 2026\ 🗓️ NUEVO 2025\Sindicatos, ¿Para qué_.pdf"
The Sovereign Manifesto How To Be Free in an Unfree World.pdf,The Sovereign Manifesto How To Be Free in an Unfree World,,filename,      😱 NUEVO 2026\ 🗓️ NUEVO 2025\The Sovereign Manifesto How To Be Free in an Unfree World.pdf
Weapons of Mass Instruction - A Schoolteachers Journey through the Dark World of Compulsory Schooling (John Taylor Gatto).pdf,Weapons of Mass Instruction - A Schoolteachers Journey through the Dark World of Compulsory Schooling,John Taylor Gatto,filename,      😱 NUEVO 2026\ 🗓️ NUEVO 2025\Weapons of Mass Instruction - A Schoolteachers Journey through the Dark World of Compulsory Schooling (John Taylor Gatto).pdf
Zanotti - Introdccion filosófica al pensamiento de F.A. Hayek.pdf,Introdccion filosófica al pensamiento de F.A. Hayek,Zanotti,filename,      😱 NUEVO 2026\ 🗓️ NUEVO 2025\Zanotti - Introdccion filosófica al pensamiento de F.A. Hayek.pdf
¿Justicia sin Estado_ ¿Es el Estado un mal innecesario_ (Armando Torrent Ruiz).pdf,¿JUSTICIA SIN ESTADO? ¿ES EL ESTADO UN MAL INNECESARIO?,Armando Torrent Ruiz,page1,      😱 NUEVO 2026\ 🗓️ NUEVO 2025\¿Justicia sin Estado_ ¿Es el Estado un mal innecesario_ (Armando Torrent Ruiz).pdf
 El triunfo de la estupidez (Jano García).pdf,El triunfo de la estupidez,Jano García,filename,      😱 NUEVO 2026\ 🗓️ NUEVO 2025\➕ Varios\ El triunfo de la estupidez (Jano García).pdf
 En defensa del libre mercado _ El argumento moral en favor de una economía libre.pdf,En defensa del libre mercado : El argumento moral en favor de una economía libre (Spanish Edition),"Robert Sirico, Padre",meta,      😱 NUEVO 2026\ 🗓️ NUEVO 2025\➕ Varios\ En defensa del libre mercado _ El argumento moral en favor de una economía libre.pdf
 La mente parasitaria (Gad Saad).pdf,La mente parasitaria (Deusto) (Spanish Edition),"Saad, Gad",meta,      😱 NUEVO 2026\ 🗓️ NUEVO 2025\➕ Varios\ La mente parasitaria (Gad Saad).pdf
" Moral Markets The Critical Role of Values in the Economy (Paul J. Zak, Michael C. Jensen) (Z-Library).pdf","Moral Markets The Critical Role of Values in the Economy (Paul J. Zak, Michael C. Jensen)",Z-Library,filename,"      😱 NUEVO 2026\ 🗓️ NUEVO 2025\➕ Varios\ Moral Markets The Critical Role of Values in the Economy (Paul J. Zak, Michael C. Jensen) (Z-Library).pdf"
" Thomas, Fritz - El IVA y otras consideraciones de los impuestos.pdf",El IVA y otras consideraciones de los impuestos,"Thomas, Fritz",filename,"      😱 NUEVO 2026\ 🗓️ NUEVO 2025\➕ Varios\ Thomas, Fritz - El IVA y otras consideraciones de los impuestos.pdf"
10 ideas falsas que favorecen al despotismo (José Benegas).pdf,10 ideas falsas que favorecen al despotismo,José Benegas,filename,      😱 NUEVO 2026\ 🗓️ NUEVO 2025\➕ Varios\10 ideas falsas que favorecen al despotismo (José Benegas).pdf
A Beginners Guide to Bitcoin And Austrian Economics (Aaron Koenig) (Z-Library).pdf,A Beginners Guide to Bitcoin And Austrian Economics (Aaron Koenig),Z-Library,filename,      😱 NUEVO 2026\ 🗓️ NUEVO 2025\➕ Varios\A Beginners Guide to Bitcoin And Austrian Economics (Aaron Koenig) (Z-Library).pdf
"Alberto Benegas Lynch - Liberalismo, estatismo y democracia.pdf","Liberalismo, estatismo y democracia",Alberto Benegas Lynch,filename,"      😱 NUEVO 2026\ 🗓️ NUEVO 2025\➕ Varios\Alberto Benegas Lynch - Liberalismo, estatismo y democracia.pdf"
Ayau - De Robinson Crusoe a Viernes.pdf,DE ROBINSON CRUSOE A VIERNES,Ayau,page1,      😱 NUEVO 2026\ 🗓️ NUEVO 2025\➕ Varios\Ayau - De Robinson Crusoe a Viernes.pdf
Ayau - El Proceso Económico .pdf,Manual del Estudiante,Regina,page1,      😱 NUEVO 2026\ 🗓️ NUEVO 2025\➕ Varios\Ayau - El Proceso Económico .pdf
Ayau - No tenemos que seguir siendo pobres.pdf,No tenemos que seguir siendo pobres,Ayau,filename,      😱 NUEVO 2026\ 🗓️ NUEVO 2025\➕ Varios\Ayau - No tenemos que seguir siendo pobres.pdf
Breve introducción al libertarismo(1).pdf,Breve introducción al libertarismo,,meta,      😱 NUEVO 2026\ 🗓️ NUEVO 2025\➕ Varios\Breve introducción al libertarismo(1).pdf
Breve introducción al libertarismo.pdf,Breve introducción al libertarismo,,meta,      😱 NUEVO 2026\ 🗓️ NUEVO 2025\➕ Varios\Breve introducción al libertarismo.pdf
Caminos abiertos (Biblioteca Au - Gabriel Zanotti.pdf,Caminos abiertos (Biblioteca Austriaca) (Spanish Edition),Gabriel Zanotti,meta,      😱 NUEVO 2026\ 🗓️ NUEVO 2025\➕ Varios\Caminos abiertos (Biblioteca Au - Gabriel Zanotti.pdf
"Cialdini, Robert B. - Influencia ciencia y práctica.pdf",Influencia ciencia y práctica,Solar,filename,"      😱 NUEVO 2026\ 🗓️ NUEVO 2025\➕ Varios\Cialdini, Robert B. - Influencia ciencia y práctica.pdf"
De frente contra el autoritarismo .pdf,Amagi Issue 2 final copia,,meta,      😱 NUEVO 2026\ 🗓️ NUEVO 2025\➕ Varios\De frente contra el autoritarismo .pdf
El dilema de los innovadores (extractos).pdf,El dilema de los innovadores,Clayton M. Christensen,meta,      😱 NUEVO 2026\ 🗓️ NUEVO 2025\➕ Varios\El dilema de los innovadores (extractos).pdf
El Liberalismo y la Sociedad Libre en el Siglo XXI (Brad Lips).pdf,El liberalismo y la sociedad libre en el siglo XXI,Brad Lips,page1,      😱 NUEVO 2026\ 🗓️ NUEVO 2025\➕ Varios\El Liberalismo y la Sociedad Libre en el Siglo XXI (Brad Lips).pdf
El Libro Negro de la Nueva Derecha Infiltración Atlantista & Batalla Cultural.pdf,El Libro Negro de la Nueva Derecha: Infiltración Atlantista & Batalla Cultural (Spanish Edition),"Schneider, Santiago",meta,      😱 NUEVO 2026\ 🗓️ NUEVO 2025\➕ Varios\El Libro Negro de la Nueva Derecha Infiltración Atlantista & Batalla Cultural.pdf
El libro negro del ecologismo.pdf,El libro negro del ecologismo,,meta,      😱 NUEVO 2026\ 🗓️ NUEVO 2025\➕ Varios\El libro negro del ecologismo.pdf
El Litigo Internacional Y El Estado De Derecho El Caso De Guatemala .pdf,El Litigo Internacional Y El Estado De Derecho El Caso De Guatemala,,filename,      😱 NUEVO 2026\ 🗓️ NUEVO 2025\➕ Varios\El Litigo Internacional Y El Estado De Derecho El Caso De Guatemala .pdf
El manifiesto capitalista - Robert T. Kiyosaki.pdf,Robert T. Kiyosaki,El manifiesto capitalista,filename,      😱 NUEVO 2026\ 🗓️ NUEVO 2025\➕ Varios\El manifiesto capitalista - Robert T. Kiyosaki.pdf
El Metodo de la Economia Politica - Adrian O Ravier.pdf,El método de la economía política,ADRIAN RAVIER,meta,      😱 NUEVO 2026\ 🗓️ NUEVO 2025\➕ Varios\El Metodo de la Economia Politica - Adrian O Ravier.pdf
Experimento libertario. De las ideas a la realidad (Guido Agostinelli).pdf,Experimento libertario,Guido Agostinelli,meta,      😱 NUEVO 2026\ 🗓️ NUEVO 2025\➕ Varios\Experimento libertario. De las ideas a la realidad (Guido Agostinelli).pdf
Formación de capital y ciclos económicos - Adrián Ravier.pdf,"Tasa de interés, ahorro, inversión y formación de capital",Adrian Osvaldo Ravier,meta,      😱 NUEVO 2026\ 🗓️ NUEVO 2025\➕ Varios\Formación de capital y ciclos económicos - Adrián Ravier.pdf
KEVIN CARSON Y EL LIBRE MERCADO.pdf,KEVIN CARSON Y EL LIBRE MERCADO: ¿ES PLAUSIBLE SU VISIÓN LIBERTARIA DE,Casa Objetivista,page1,      😱 NUEVO 2026\ 🗓️ NUEVO 2025\➕ Varios\KEVIN CARSON Y EL LIBRE MERCADO.pdf
La dieta de la longevidad. Comer bien para vivir sano hasta los 110 años (Valter Longo).pdf,La dieta de la longevidad: Comer bien para vivir sano hasta los 110 años (Spanish Edition),Valter Longo,meta,      😱 NUEVO 2026\ 🗓️ NUEVO 2025\➕ Varios\La dieta de la longevidad. Comer bien para vivir sano hasta los 110 años (Valter Longo).pdf
La Extraña Muerte de Europa (Douglas Murray).pdf,LA EXTRAÑA MUERTE DE EUROPA,Douglas Murray,meta,      😱 NUEVO 2026\ 🗓️ NUEVO 2025\➕ Varios\La Extraña Muerte de Europa (Douglas Murray).pdf
La piñata (Hugo Alconada Mon).pdf,La piñata,Hugo Alconada Mon,meta,      😱 NUEVO 2026\ 🗓️ NUEVO 2025\➕ Varios\La piñata (Hugo Alconada Mon).pdf
La revolución Santanera_ El Proyecto Libertario de Panamá (Mauro Zúñiga Saavedra).pdf,La Revolución Santanera: El proyecto libertario de Panamá (Spanish Edition),"Zúñiga Saavedra, Mauro",meta,      😱 NUEVO 2026\ 🗓️ NUEVO 2025\➕ Varios\La revolución Santanera_ El Proyecto Libertario de Panamá (Mauro Zúñiga Saavedra).pdf
La trinchera de las letras- La batalla cultural contra la libertad y el conocimiento (Juan Soto Ivars).pdf,Juan Soto Ivars,Juan Soto Ivars,page1,      😱 NUEVO 2026\ 🗓️ NUEVO 2025\➕ Varios\La trinchera de las letras- La batalla cultural contra la libertad y el conocimiento (Juan Soto Ivars).pdf
Libertad o Tirania Agenda 2030 - Cristina Martin Jimenez.pdf,Cristina Martin Jimenez,Libertad o Tirania Agenda 2030,filename,      😱 NUEVO 2026\ 🗓️ NUEVO 2025\➕ Varios\Libertad o Tirania Agenda 2030 - Cristina Martin Jimenez.pdf
Marty - Ideologías.pdf,Ideologías,Antonella Marty,meta,      😱 NUEVO 2026\ 🗓️ NUEVO 2025\➕ Varios\Marty - Ideologías.pdf
Milei La revolución que no vieron venir - Nicolás Márquez.pdf,Milei: La revolución que no vieron venir (Spanish Edition),"Duclos, Marcelo & Márquez, Nicolás",meta,      😱 NUEVO 2026\ 🗓️ NUEVO 2025\➕ Varios\Milei La revolución que no vieron venir - Nicolás Márquez.pdf
Milei Una historia del presente (Ernesto Tenembaum).pdf,Milei,Ernesto Tenembaum,meta,      😱 NUEVO 2026\ 🗓️ NUEVO 2025\➕ Varios\Milei Una historia del presente (Ernesto Tenembaum).pdf
Milei- Todas las respuestas a las preguntas que suscita (José Benegas).pdf,Milei,José Benegas,meta,      😱 NUEVO 2026\ 🗓️ NUEVO 2025\➕ Varios\Milei- Todas las respuestas a las preguntas que suscita (José Benegas).pdf
Motosierra y confusión Cómo recuperar la economía para salir de la crisis (Mercedes DAlessandro).pdf,Motosierra y confusión,Mercedes DAlessandro,meta,      😱 NUEVO 2026\ 🗓️ NUEVO 2025\➕ Varios\Motosierra y confusión Cómo recuperar la economía para salir de la crisis (Mercedes DAlessandro).pdf
P. Villegas - El Debate sobre el Cálculo Económico en Perspectiva.pdf,"EL DEBATE SOBRE EL CÁLCULO ECONÓMICO EN PERSPECTIVA: CRONOLOGÍA, FUNDAMENTOS Y",CAMILA INOSTROZA ORTEGA,page1,      😱 NUEVO 2026\ 🗓️ NUEVO 2025\➕ Varios\P. Villegas - El Debate sobre el Cálculo Económico en Perspectiva.pdf
R. Steiner - La Filosofía de la Libertad_.pdf,aaaa,R. Steiner,meta,      😱 NUEVO 2026\ 🗓️ NUEVO 2025\➕ Varios\R. Steiner - La Filosofía de la Libertad_.pdf
Revista ATOMO N.10.-2-1-1.pdf,© Fundación para el Progreso. Las opiniones,,page1,      😱 NUEVO 2026\ 🗓️ NUEVO 2025\➕ Varios\Revista ATOMO N.10.-2-1-1.pdf
Una conversación sobre educación libertaria_ La visita de Silvio Gallo a Chile.pdf,UNA CONVERSACIÓN SOBRE EDUCACIÓN LIBERTARIA,,page1,      😱 NUEVO 2026\ 🗓️ NUEVO 2025\➕ Varios\Una conversación sobre educación libertaria_ La visita de Silvio Gallo a Chile.pdf
Adopting Liberty_ Kinsella Story (Alan D. Bergman).pdf,ADOPTING LIBERTY,Alan D. Bergman,page1,      😱 NUEVO 2026\Adopting Liberty_ Kinsella Story (Alan D. Bergman).pdf
Consecuencias-de-la-fijacion-de-precios-maximos-caso-de-los-medicamentos-en-Espana.pdf,DE LA FIJACIÓN DE,Antonio Mora Amaro,page1,      😱 NUEVO 2026\Consecuencias-de-la-fijacion-de-precios-maximos-caso-de-los-medicamentos-en-Espana.pdf
Eficiencia-y-simplicidad-en-la-fiscalidad-estonia.pdf,Eficiencia y simplicidad en la fiscalidad estonia,Iván .,page1,      😱 NUEVO 2026\Eficiencia-y-simplicidad-en-la-fiscalidad-estonia.pdf
El-mito-de-la-Revolucion-Industrial.pdf,Revista Orden Espontáneo - La Revolución Industrial,Nicolás Sánchez,meta,      😱 NUEVO 2026\El-mito-de-la-Revolucion-Industrial.pdf
El-Sistema-Publico-de-Pensiones-Conquista-Social-o-Expropiacion-de-la-Responsabilidad-Individual.pdf,Trabajo Teoria del Estado,,meta,      😱 NUEVO 2026\El-Sistema-Publico-de-Pensiones-Conquista-Social-o-Expropiacion-de-la-Responsabilidad-Individual.pdf
"Enemigos del Estado, 1° Edicion (Revista).pdf",Enemigos del estado,Jorge Muñoz,page1,"      😱 NUEVO 2026\Enemigos del Estado, 1° Edicion (Revista).pdf"
Iain McKay - Anarcocapitalismo y anarquismo.pdf,"""Anarco""capitalismo y anarquismo",Iain McKay,meta,      😱 NUEVO 2026\Iain McKay - Anarcocapitalismo y anarquismo.pdf
Impacto-de-Bitcoin-en-la-economia-espanola.pdf,IMPACTO DE BITCOIN EN LA ECONOMÍA ESPAÑOLA,python-docx,page1,      😱 NUEVO 2026\Impacto-de-Bitcoin-en-la-economia-espanola.pdf
Kaiser - Nazi-Comunismo.pdf,Nazi-Comunismo,Kaiser,filename,      😱 NUEVO 2026\Kaiser - Nazi-Comunismo.pdf
La-tentacion-populista-en-el-Peru-Una-vision-macroeconomica-2000-2025.pdf,LA TENTACIÓN POPULISTA EN EL PERÚ: UNA VISIÓN MACROECONÓMICA (2000-2025).,unsaac,page1,      😱 NUEVO 2026\La-tentacion-populista-en-el-Peru-Una-vision-macroeconomica-2000-2025.pdf
Libertarismo_ Conceptos claves y tipos (Dr. Raúl Arlotti).pdf,LIBERTARISMO: CONCEPTOS CLAVE Y TIPOS,Raul Arlotti,page1,      😱 NUEVO 2026\Libertarismo_ Conceptos claves y tipos (Dr. Raúl Arlotti).pdf
Mafia-o-Estado-Una-reflexion-sobre-las-fronteras-difusas-del-poder.pdf,Trabajo - TDE - Mat Faraco,,meta,      😱 NUEVO 2026\Mafia-o-Estado-Una-reflexion-sobre-las-fronteras-difusas-del-poder.pdf
Nefastus - El Arte de Ser Nefasto_ Una arqueología del error contada desde el futuro_.pdf,El Arte de Ser Nefasto_ Una arqueología del error contada desde el futuro,Nefastus,filename,      😱 NUEVO 2026\Nefastus - El Arte de Ser Nefasto_ Una arqueología del error contada desde el futuro_.pdf
Pernas - Camino de Libertad_ Cómo suprimir la coacción estatal.pdf,Camino de Libertad,Pernas,page1,      😱 NUEVO 2026\Pernas - Camino de Libertad_ Cómo suprimir la coacción estatal.pdf
V1-No1-2025-Dialogo-Espontaneo_compressed.pdf,V1 Nº1 2025 Diálogo Espontáneo,Nicolás Sánchez Cominero,meta,      😱 NUEVO 2026\V1-No1-2025-Dialogo-Espontaneo_compressed.pdf
V1-No2-2025-Dialogo-Espontaneo_compressed.pdf,V1 Nº2 2025 Diálogo Espontáneo,Nicolás Sánchez Cominero,meta,      😱 NUEVO 2026\V1-No2-2025-Dialogo-Espontaneo_compressed.pdf
V1-No3-2025-Dialogo-Espontaneo_compressed.pdf,V1 nº3 2025 Diálogo Espontáneo,Nicolás Sánchez Cominero,meta,      😱 NUEVO 2026\V1-No3-2025-Dialogo-Espontaneo_compressed.pdf
Vol-II-noE-2026-Dialogo-Espontaneo_compressed.pdf,"Vol II, nºE, 2026 - Diálogo Espontáneo",Nicolás Sánchez Cominero,meta,      😱 NUEVO 2026\Vol-II-noE-2026-Dialogo-Espontaneo_compressed.pdf
 Anti-Politica - Mayweather.pdf,Mayweather,Windows User,filename,      😱 NUEVO 2026\🗓️ 2023-2024\ Nuevo 2023\ Anti-Politica - Mayweather.pdf
 Bagus - Anti-Rallo_ Una Crítica a la Teoría Monetaria de Juan Ramón Rallo.pdf,ANTI-RALLO: Una crítica a la teoría monetaria de Juan Ramón Rallo,Philipp Bagus,meta,      😱 NUEVO 2026\🗓️ 2023-2024\ Nuevo 2023\ Bagus - Anti-Rallo_ Una Crítica a la Teoría Monetaria de Juan Ramón Rallo.pdf
 Bagus - La Tragedia del Euro.pdf,La tragedia del euro (Biblioteca de la Libertad Formato Menor nº 10) (Spanish Edition),Philipp Bagus,meta,      😱 NUEVO 2026\🗓️ 2023-2024\ Nuevo 2023\ Bagus - La Tragedia del Euro.pdf
 Boettke - Viviendo La Economía_ Ayer Hoy Y Mañana.pdf,"Viviendo la economía: ayer, hoy y mañana (Spanish Edition)",Peter J. Boettke,meta,      😱 NUEVO 2026\🗓️ 2023-2024\ Nuevo 2023\ Boettke - Viviendo La Economía_ Ayer Hoy Y Mañana.pdf
 Hayek sobre Hayek_ Un Dialogo Autobiografico.pdf,Un diálogo autobiográfico (Hayek sobre Hayek) (Biblioteca Austriaca) (Spanish Edition),Friedrich A. Hayek,meta,      😱 NUEVO 2026\🗓️ 2023-2024\ Nuevo 2023\ Hayek sobre Hayek_ Un Dialogo Autobiografico.pdf
 Huemer - Understanding Knowledge.pdf,Understanding Knowledge,Michael Huemer,meta,      😱 NUEVO 2026\🗓️ 2023-2024\ Nuevo 2023\ Huemer - Understanding Knowledge.pdf
 Christian Anarchism_A Political Commentary on the Gospel.pdf,Christian Anarchism,"Christoyannopoulos, Alexandre",meta,      😱 NUEVO 2026\🗓️ 2023-2024\ Nuevo 2023\ Julio-Diciembre\  Diciembre\ Christian Anarchism_A Political Commentary on the Gospel.pdf
 El Último Recurso - Julian L. Simon(1).pdf,El último recurso,Julian L. Simon,meta,      😱 NUEVO 2026\🗓️ 2023-2024\ Nuevo 2023\ Julio-Diciembre\  Diciembre\ El Último Recurso - Julian L. Simon(1).pdf
 El Último Recurso - Julian L. Simon.pdf,El último recurso,Julian L. Simon,meta,      😱 NUEVO 2026\🗓️ 2023-2024\ Nuevo 2023\ Julio-Diciembre\  Diciembre\ El Último Recurso - Julian L. Simon.pdf
"American anarchism (Shone, Steve J) (Z-Library).pdf",American Anarchism,"Shone, Steve J.",meta,"      😱 NUEVO 2026\🗓️ 2023-2024\ Nuevo 2023\ Julio-Diciembre\  Diciembre\American anarchism (Shone, Steve J) (Z-Library).pdf"
BREVE MANIFIESTO LIBERTARIO.pdf,BREVE MANIFIESTO LIBERTARIO,,filename,      😱 NUEVO 2026\🗓️ 2023-2024\ Nuevo 2023\ Julio-Diciembre\  Diciembre\BREVE MANIFIESTO LIBERTARIO.pdf
Cleptocracia- Así nos robaron nuestro dinero y nuestra libertad.pdf,Cleptocracia- Así nos robaron nuestro dinero y nuestra libertad,Ivan,filename,      😱 NUEVO 2026\🗓️ 2023-2024\ Nuevo 2023\ Julio-Diciembre\  Diciembre\Cleptocracia- Así nos robaron nuestro dinero y nuestra libertad.pdf
Comunismo e individualismo (Errico Malatesta).pdf,Comunismo e individualismo,Errico Malatesta,filename,      😱 NUEVO 2026\🗓️ 2023-2024\ Nuevo 2023\ Julio-Diciembre\  Diciembre\Comunismo e individualismo (Errico Malatesta).pdf
Del abuso de las palabras (John Locke).pdf,Del abuso de las palabras,John Locke,meta,      😱 NUEVO 2026\🗓️ 2023-2024\ Nuevo 2023\ Julio-Diciembre\  Diciembre\Del abuso de las palabras (John Locke).pdf
"Ecología de Mercado - Luis Larrain, Javier Hurtado, Pedro Ramirez.pdf","Luis Larrain, Javier Hurtado, Pedro Ramirez",Ecología de Mercado,filename,"      😱 NUEVO 2026\🗓️ 2023-2024\ Nuevo 2023\ Julio-Diciembre\  Diciembre\Ecología de Mercado - Luis Larrain, Javier Hurtado, Pedro Ramirez.pdf"
Economía para todos - Roberto Cachanosky(1).pdf,Roberto Cachanosky(1),Economía para todos,filename,      😱 NUEVO 2026\🗓️ 2023-2024\ Nuevo 2023\ Julio-Diciembre\  Diciembre\Economía para todos - Roberto Cachanosky(1).pdf
Economía para todos - Roberto Cachanosky.pdf,Roberto Cachanosky,Economía para todos,filename,      😱 NUEVO 2026\🗓️ 2023-2024\ Nuevo 2023\ Julio-Diciembre\  Diciembre\Economía para todos - Roberto Cachanosky.pdf
El Manifiesto Libertario - Resumen.pdf,El Manifiesto Libertario,El Manifiesto Libertario,page1,      😱 NUEVO 2026\🗓️ 2023-2024\ Nuevo 2023\ Julio-Diciembre\  Diciembre\El Manifiesto Libertario - Resumen.pdf
Estrangulados_ Cómo el estado asfixia tu economía.pdf,Estrangulados_ Cómo el estado asfixia tu economía,Compu10,filename,      😱 NUEVO 2026\🗓️ 2023-2024\ Nuevo 2023\ Julio-Diciembre\  Diciembre\Estrangulados_ Cómo el estado asfixia tu economía.pdf
Guillen - Economía Libertaria.pdf,Economía Libertaria,Guillen,filename,      😱 NUEVO 2026\🗓️ 2023-2024\ Nuevo 2023\ Julio-Diciembre\  Diciembre\Guillen - Economía Libertaria.pdf
Historia Secreta de Argentina - Iván Carrino.pdf,Iván Carrino,Compu10,filename,      😱 NUEVO 2026\🗓️ 2023-2024\ Nuevo 2023\ Julio-Diciembre\  Diciembre\Historia Secreta de Argentina - Iván Carrino.pdf
La rebelión de las naciones Crisis del liberalismo y auge del conservadurismo popular (Francisco de Santibañes).pdf,La rebelión de las naciones Crisis del liberalismo y auge del conservadurismo popular,Francisco de Santibañes,filename,      😱 NUEVO 2026\🗓️ 2023-2024\ Nuevo 2023\ Julio-Diciembre\  Diciembre\La rebelión de las naciones Crisis del liberalismo y auge del conservadurismo popular (Francisco de Santibañes).pdf
La teoría política del individualismo posesivo. De Hobbes a Locke (C. B. Macpherson) (Z-Library).pdf,C. B. Macpherson.,Z-Library,page1,      😱 NUEVO 2026\🗓️ 2023-2024\ Nuevo 2023\ Julio-Diciembre\  Diciembre\La teoría política del individualismo posesivo. De Hobbes a Locke (C. B. Macpherson) (Z-Library).pdf
Mafia Democracy How Our Republic Became a Mob Racket (Michael Franzese).pdf,Mafia Democracy How Our Republic Became a Mob Racket,Michael Franzese,filename,      😱 NUEVO 2026\🗓️ 2023-2024\ Nuevo 2023\ Julio-Diciembre\  Diciembre\Mafia Democracy How Our Republic Became a Mob Racket (Michael Franzese).pdf
"Manifiesto capitalista (Luis O. Kelso, Mortimer J. Adler).pdf",Manifiesto capitalista,"Luis O. Kelso, Mortimer J. Adler",filename,"      😱 NUEVO 2026\🗓️ 2023-2024\ Nuevo 2023\ Julio-Diciembre\  Diciembre\Manifiesto capitalista (Luis O. Kelso, Mortimer J. Adler).pdf"
Peronismo Demoliciones - Maria Zaldivar.pdf,Peronismo Demoliciones,María Zaldívar,meta,      😱 NUEVO 2026\🗓️ 2023-2024\ Nuevo 2023\ Julio-Diciembre\  Diciembre\Peronismo Demoliciones - Maria Zaldivar.pdf
Porque soy libertario (Javier Sádaba).pdf,Porque soy libertario,Javier Sádaba,filename,      😱 NUEVO 2026\🗓️ 2023-2024\ Nuevo 2023\ Julio-Diciembre\  Diciembre\Porque soy libertario (Javier Sádaba).pdf
"Sulbaran - Criptomonedas, descentralización y una mirada liberal a la esclavitud postmoderna.pdf",Henry Sulbaran,Sulbaran,page1,"      😱 NUEVO 2026\🗓️ 2023-2024\ Nuevo 2023\ Julio-Diciembre\  Diciembre\Sulbaran - Criptomonedas, descentralización y una mirada liberal a la esclavitud postmoderna.pdf"
Zap  Free Speech and Tolerance in the Light of the Zero Aggression Principle (Gerard Casey).pdf,Zap  Free Speech and Tolerance in the Light of the Zero Aggression Principle,Gerard Casey,filename,      😱 NUEVO 2026\🗓️ 2023-2024\ Nuevo 2023\ Julio-Diciembre\  Diciembre\Zap  Free Speech and Tolerance in the Light of the Zero Aggression Principle (Gerard Casey).pdf
El libre segunda edición.pdf,El libre segunda edición,,filename,      😱 NUEVO 2026\🗓️ 2023-2024\ Nuevo 2023\ Julio-Diciembre\ Noviembre\El libre segunda edición.pdf
El loco- La vida desconocida de Javier Milei y su irrupción en la política.pdf,El loco,Juan Luis González,meta,      😱 NUEVO 2026\🗓️ 2023-2024\ Nuevo 2023\ Julio-Diciembre\ Noviembre\El loco- La vida desconocida de Javier Milei y su irrupción en la política.pdf
El_liberalismo_radical_de_Jose_Victorino.pdf,El liberalismo,,page1,      😱 NUEVO 2026\🗓️ 2023-2024\ Nuevo 2023\ Julio-Diciembre\ Noviembre\El_liberalismo_radical_de_Jose_Victorino.pdf
Esclavizados_pero_Felices_Gobierno_Mundi.pdf,GOBIERNO MUNDIAL MASÓN,,page1,      😱 NUEVO 2026\🗓️ 2023-2024\ Nuevo 2023\ Julio-Diciembre\ Noviembre\Esclavizados_pero_Felices_Gobierno_Mundi.pdf
Escuela Austriaca.pdf,ESCUELA AUSTRIACA Presentado por: Sara Lucia Carreño Bareño Angie Leonela Medina Sánchez Dany Dayana Daza Calderón Karenth Katherin Riscanebo Guevara FUNDAMENTOS DE LA ECONOMIA Presentado a: Fernando Chavarro Miranda,ddaya,meta,      😱 NUEVO 2026\🗓️ 2023-2024\ Nuevo 2023\ Julio-Diciembre\ Noviembre\Escuela Austriaca.pdf
Los Fundamentos de La Ciencia Económica - Faustino Ballvé.pdf,Faustino Ballvé,mp6,page1,      😱 NUEVO 2026\🗓️ 2023-2024\ Nuevo 2023\ Julio-Diciembre\ Noviembre\Los Fundamentos de La Ciencia Económica - Faustino Ballvé.pdf
Massa Confidencial PDF.pdf,Massa Confidencial PDF,chris,filename,      😱 NUEVO 2026\🗓️ 2023-2024\ Nuevo 2023\ Julio-Diciembre\ Noviembre\Massa Confidencial PDF.pdf
 Kinsella - Legal Foundations of a Free Society.pdf,LEGAL FOUNDATIONS,Kinsella,page1,      😱 NUEVO 2026\🗓️ 2023-2024\ Nuevo 2023\ Julio-Diciembre\ Octubre\ Kinsella - Legal Foundations of a Free Society.pdf
Austroliberalismo en Ibn Jaldún.pdf,AUSTROLIBERALISMO EN IBN JALDÚN,,page1,      😱 NUEVO 2026\🗓️ 2023-2024\ Nuevo 2023\ Julio-Diciembre\ Octubre\Austroliberalismo en Ibn Jaldún.pdf
TFM Narrativas político económicas libertarias.pdf,UNIVERSIDAD CATÓLICA DE VALENCIA ͞,,page1,      😱 NUEVO 2026\🗓️ 2023-2024\ Nuevo 2023\ Julio-Diciembre\ Octubre\TFM Narrativas político económicas libertarias.pdf
"A Way to Be Free, the Autobiography of Robert LeFevre Vol I.pdf",1way????,Edie Dougherty,meta,"      😱 NUEVO 2026\🗓️ 2023-2024\ Nuevo 2023\ Julio-Diciembre\ Septiembre\A Way to Be Free, the Autobiography of Robert LeFevre Vol I.pdf"
Crítica Austriaca a La Teoría Estática Del «Pico De Hubbert».pdf,Notas,,page1,      😱 NUEVO 2026\🗓️ 2023-2024\ Nuevo 2023\ Julio-Diciembre\ Septiembre\Crítica Austriaca a La Teoría Estática Del «Pico De Hubbert».pdf
Hess - Capitalism for kids  growing up to be your own boss.pdf,YOUR OWN BOSS,Hess,page1,      😱 NUEVO 2026\🗓️ 2023-2024\ Nuevo 2023\ Julio-Diciembre\ Septiembre\Hess - Capitalism for kids  growing up to be your own boss.pdf
Hess - Dear America.pdf,Dear America,"Hess, Karl, 1923-",meta,      😱 NUEVO 2026\🗓️ 2023-2024\ Nuevo 2023\ Julio-Diciembre\ Septiembre\Hess - Dear America.pdf
La Crisis del 2001 y la Crisis Actual en Argentina.pdf,MAY · KIRTCHEV · BARLOW · NAKAMOTO RECOPILACIÓN POR SIMÓN OCAMPO,Usuario de Windows,page1,      😱 NUEVO 2026\🗓️ 2023-2024\ Nuevo 2023\ Julio-Diciembre\ Septiembre\La Crisis del 2001 y la Crisis Actual en Argentina.pdf
Las Leyes Y El Derecho en el Mercado Libre.pdf,LAS LEYES Y EL DERECHO,,page1,      😱 NUEVO 2026\🗓️ 2023-2024\ Nuevo 2023\ Julio-Diciembre\ Septiembre\Las Leyes Y El Derecho en el Mercado Libre.pdf
Mises - Los objetivos inmediatos de la educación económica.pdf,Los objetivos inmediatos de la educación económica,HACER,meta,      😱 NUEVO 2026\🗓️ 2023-2024\ Nuevo 2023\ Julio-Diciembre\ Septiembre\Mises - Los objetivos inmediatos de la educación económica.pdf
Principios generales de una sociedad libre para fortalecer el orden espontáneo del mercado.pdf,Vol. 23(44) 2015│QUIPUKAMAYOC /125,ILOVEPDF.COM,page1,      😱 NUEVO 2026\🗓️ 2023-2024\ Nuevo 2023\ Julio-Diciembre\ Septiembre\Principios generales de una sociedad libre para fortalecer el orden espontáneo del mercado.pdf
 Aprender a Pensar_ John Stuart Mill.pdf,Stuart Mili,,page1,      😱 NUEVO 2026\🗓️ 2023-2024\ Nuevo 2023\ Julio-Diciembre\Agosto\ Aprender a Pensar_ John Stuart Mill.pdf
 Cómo leer a John Stuart Mill (Ana de Miguel Alvarez).pdf,John Stuart Mili,Ana de Miguel Alvarez,page1,      😱 NUEVO 2026\🗓️ 2023-2024\ Nuevo 2023\ Julio-Diciembre\Agosto\ Cómo leer a John Stuart Mill (Ana de Miguel Alvarez).pdf
 Locke La mente es una tabula rasa (Sergi Aguilar).pdf,Sergi Aguilar,Sergi Aguilar,page1,      😱 NUEVO 2026\🗓️ 2023-2024\ Nuevo 2023\ Julio-Diciembre\Agosto\ Locke La mente es una tabula rasa (Sergi Aguilar).pdf
" Resumen de Capitalismo, Socialismo y Democracia de Joseph Schumpeter.pdf","Resumen de Capitalismo, Socialismo y Democracia de Joseph Schumpeter (RESÚMENES UNIVERSITARIOS)",,meta,"      😱 NUEVO 2026\🗓️ 2023-2024\ Nuevo 2023\ Julio-Diciembre\Agosto\ Resumen de Capitalismo, Socialismo y Democracia de Joseph Schumpeter.pdf"
 Resumen de Principios de Economía Política de Carl Menger.pdf,Resumen de Principios de Economía Política de Carl Menger (RESÚMENES UNIVERSITARIOS),,meta,      😱 NUEVO 2026\🗓️ 2023-2024\ Nuevo 2023\ Julio-Diciembre\Agosto\ Resumen de Principios de Economía Política de Carl Menger.pdf
101 definiciones del anarquismo (etc.).pdf,101 definiciones del anarquismo,etc.,filename,      😱 NUEVO 2026\🗓️ 2023-2024\ Nuevo 2023\ Julio-Diciembre\Agosto\101 definiciones del anarquismo (etc.).pdf
"Anarquismo Africano - A história de um movimento (MBAH, SAM I. E. IGARIWEY).pdf",Anarquismo Africano: A História de um Movimento,"Igariwey, I.E. & Mbah, Sam",meta,"      😱 NUEVO 2026\🗓️ 2023-2024\ Nuevo 2023\ Julio-Diciembre\Agosto\Anarquismo Africano - A história de um movimento (MBAH, SAM I. E. IGARIWEY).pdf"
Anarquismo Judaismo Y Masoneria (Federico Rivanera Carlés).pdf,Anarquismo Judaismo Y Masoneria,Federico Rivanera Carlés,filename,      😱 NUEVO 2026\🗓️ 2023-2024\ Nuevo 2023\ Julio-Diciembre\Agosto\Anarquismo Judaismo Y Masoneria (Federico Rivanera Carlés).pdf
Anarquismo y geografía (VV.AA.).pdf,Anarquismo y geografía,VV.AA.,filename,      😱 NUEVO 2026\🗓️ 2023-2024\ Nuevo 2023\ Julio-Diciembre\Agosto\Anarquismo y geografía (VV.AA.).pdf
Anarquismos no occidentales (Jason Adams).pdf,Anarquismos no occidentales,Jason Adams,meta,      😱 NUEVO 2026\🗓️ 2023-2024\ Nuevo 2023\ Julio-Diciembre\Agosto\Anarquismos no occidentales (Jason Adams).pdf
Blanco - Sobre la Propiedad Intelectual.pdf,Maximiliano Blanco,Blanco,page1,      😱 NUEVO 2026\🗓️ 2023-2024\ Nuevo 2023\ Julio-Diciembre\Agosto\Blanco - Sobre la Propiedad Intelectual.pdf
Bretone - El Estado y el futuro de la esclavitud.pdf,Luca Bretone,Bretone,page1,      😱 NUEVO 2026\🗓️ 2023-2024\ Nuevo 2023\ Julio-Diciembre\Agosto\Bretone - El Estado y el futuro de la esclavitud.pdf
Como Adam Smith Puede Cambiar tu Vida.pdf,CÃ³mo Adam Smith puede cambiar tu vida,"Roberts, Russ(Author)",meta,      😱 NUEVO 2026\🗓️ 2023-2024\ Nuevo 2023\ Julio-Diciembre\Agosto\Como Adam Smith Puede Cambiar tu Vida.pdf
Contarti - Sociedad sin estado según Robert Murphy.pdf,Nicolás Enrique Martínez Contarti,Contarti,page1,      😱 NUEVO 2026\🗓️ 2023-2024\ Nuevo 2023\ Julio-Diciembre\Agosto\Contarti - Sociedad sin estado según Robert Murphy.pdf
Cripto-anarquía y Comunidades Virtuales (Timothy C. May).pdf,Cripto-anarquía y Comunidades Virtuales,Timothy C. May,meta,      😱 NUEVO 2026\🗓️ 2023-2024\ Nuevo 2023\ Julio-Diciembre\Agosto\Cripto-anarquía y Comunidades Virtuales (Timothy C. May).pdf
El príncipe. El manga (Nicolás Maquiavelo).pdf,El príncipe: el manga,Nicolás Maquiavelo,meta,      😱 NUEVO 2026\🗓️ 2023-2024\ Nuevo 2023\ Julio-Diciembre\Agosto\El príncipe. El manga (Nicolás Maquiavelo).pdf
El Verdadero Liberalismo.pdf,El Verdadero Liberalismo,nelson.mino,page1,      😱 NUEVO 2026\🗓️ 2023-2024\ Nuevo 2023\ Julio-Diciembre\Agosto\El Verdadero Liberalismo.pdf
Elogio De La Anarquia Por Dos Excentricos Chinos Del Siglo III (Kang XI y Xingjian Bao).pdf,Elogio De La Anarquia Por Dos Excentricos Chinos Del Siglo III,Chona,filename,      😱 NUEVO 2026\🗓️ 2023-2024\ Nuevo 2023\ Julio-Diciembre\Agosto\Elogio De La Anarquia Por Dos Excentricos Chinos Del Siglo III (Kang XI y Xingjian Bao).pdf
Escohotado - El Espíritu de la Comedia.pdf,El espíritu de la comedia,Escohotado,meta,      😱 NUEVO 2026\🗓️ 2023-2024\ Nuevo 2023\ Julio-Diciembre\Agosto\Escohotado - El Espíritu de la Comedia.pdf
Francisco de Vitoria en la Escuela de Salamanca y su proyección en Nueva España (Editoras  Virginia Aspe Armella etc.).pdf,Francisco de Vitoria en la Escuela de Salamanca y su proyección en Nueva España,"Zorroza Huarte, Idoya",meta,      😱 NUEVO 2026\🗓️ 2023-2024\ Nuevo 2023\ Julio-Diciembre\Agosto\Francisco de Vitoria en la Escuela de Salamanca y su proyección en Nueva España (Editoras  Virginia Aspe Armella etc.).pdf
Hayek - La Contrarrevolucion de la Ciencia(1).pdf,La Contrarrevolucion de la Ciencia(1),Hayek,filename,      😱 NUEVO 2026\🗓️ 2023-2024\ Nuevo 2023\ Julio-Diciembre\Agosto\Hayek - La Contrarrevolucion de la Ciencia(1).pdf
Individuación y Anarquía Metafísica y Fenomenología de la Individuación. (Germán Vargas Guillén).pdf,Individuación y Anarquía Metafísica y Fenomenología de la Individuación,Germán Vargas Guillén,filename,      😱 NUEVO 2026\🗓️ 2023-2024\ Nuevo 2023\ Julio-Diciembre\Agosto\Individuación y Anarquía Metafísica y Fenomenología de la Individuación. (Germán Vargas Guillén).pdf
John Stuart Mill (Gerardo López Sastre).pdf,John Stuart Mill,Gerardo López Sastre,meta,      😱 NUEVO 2026\🗓️ 2023-2024\ Nuevo 2023\ Julio-Diciembre\Agosto\John Stuart Mill (Gerardo López Sastre).pdf
Kant - Crítica de la razón pura el manga.pdf,Crítica de la razón pura: el manga,Immanuel Kant,meta,      😱 NUEVO 2026\🗓️ 2023-2024\ Nuevo 2023\ Julio-Diciembre\Agosto\Kant - Crítica de la razón pura el manga.pdf
La anarquía La Compañía de las Indias Orientales y el expolio de la India (William Dalrymple).pdf,La anarquía: La Compañía de las Indias Orientales y el expolio de la India,William Dalrymple,meta,      😱 NUEVO 2026\🗓️ 2023-2024\ Nuevo 2023\ Julio-Diciembre\Agosto\La anarquía La Compañía de las Indias Orientales y el expolio de la India (William Dalrymple).pdf
Las raíces filosóficas y positivas de la doctrina del derecho de gentes de la escuela de Salamanca (Ángel Poncela González).pdf,Las raíces filosóficas y positivas de la doctrina del derecho de gentes de la escuela de Salamanca,Ángel Poncela González,filename,      😱 NUEVO 2026\🗓️ 2023-2024\ Nuevo 2023\ Julio-Diciembre\Agosto\Las raíces filosóficas y positivas de la doctrina del derecho de gentes de la escuela de Salamanca (Ángel Poncela González).pdf
"Libertad, Individualidad y Progreso - Por José Benegas.pdf","Libertad, individualidad",israel,page1,"      😱 NUEVO 2026\🗓️ 2023-2024\ Nuevo 2023\ Julio-Diciembre\Agosto\Libertad, Individualidad y Progreso - Por José Benegas.pdf"
Los Pensadores de La Libertad de Locke A Nozick-Mariano Grondona.pdf,Los Pensadores de La Libertad de Locke A Nozick-Mariano Grondona,,filename,      😱 NUEVO 2026\🗓️ 2023-2024\ Nuevo 2023\ Julio-Diciembre\Agosto\Los Pensadores de La Libertad de Locke A Nozick-Mariano Grondona.pdf
Meditaciones el manga (Marco Aurelio).pdf,Meditaciones: el manga,Marco Aurelio,meta,      😱 NUEVO 2026\🗓️ 2023-2024\ Nuevo 2023\ Julio-Diciembre\Agosto\Meditaciones el manga (Marco Aurelio).pdf
Molinari - Sobre la produccion de seguridad.pdf,SOBRE LA PRODUCCIÓN DE SEGURIDAD1,Molinari,page1,      😱 NUEVO 2026\🗓️ 2023-2024\ Nuevo 2023\ Julio-Diciembre\Agosto\Molinari - Sobre la produccion de seguridad.pdf
Montaldo - El Nazismo y la Economía.pdf,Nicolás Álvarez Montaldo,Montaldo,page1,      😱 NUEVO 2026\🗓️ 2023-2024\ Nuevo 2023\ Julio-Diciembre\Agosto\Montaldo - El Nazismo y la Economía.pdf
Nietzsche - Así habló Zaratustra el manga.pdf,Así habló Zaratustra: el manga,Friedrich Nietzsche,meta,      😱 NUEVO 2026\🗓️ 2023-2024\ Nuevo 2023\ Julio-Diciembre\Agosto\Nietzsche - Así habló Zaratustra el manga.pdf
Nietzsche - El Anticristo el manga.pdf,El Anticristo: el manga,Friedrich Nietzsche,meta,      😱 NUEVO 2026\🗓️ 2023-2024\ Nuevo 2023\ Julio-Diciembre\Agosto\Nietzsche - El Anticristo el manga.pdf
"Pavón - Calentamiento global, cambio climático… ¡Geoingeniería!.pdf",Thelma Beatriz Pavón Silva,Pavón,page1,"      😱 NUEVO 2026\🗓️ 2023-2024\ Nuevo 2023\ Julio-Diciembre\Agosto\Pavón - Calentamiento global, cambio climático… ¡Geoingeniería!.pdf"
"Porcel - De tales narcisistas depresivos, tal Narciso Estado.pdf",Sebastián Porcel Contreras,Porcel,page1,"      😱 NUEVO 2026\🗓️ 2023-2024\ Nuevo 2023\ Julio-Diciembre\Agosto\Porcel - De tales narcisistas depresivos, tal Narciso Estado.pdf"
R. Castillo - La búsqueda de la libertad y la muerte.pdf,Ricardo Castillo,R. Castillo,page1,      😱 NUEVO 2026\🗓️ 2023-2024\ Nuevo 2023\ Julio-Diciembre\Agosto\R. Castillo - La búsqueda de la libertad y la muerte.pdf
Rocker - Las Corrientes Liberales en los Estados.pdf,Las Corrientes Liberales en los Estados,Rocker,filename,      😱 NUEVO 2026\🗓️ 2023-2024\ Nuevo 2023\ Julio-Diciembre\Agosto\Rocker - Las Corrientes Liberales en los Estados.pdf
Viglioco - Epicuro y El Liberalismo.pdf,Matías Viglioco,Viglioco,page1,      😱 NUEVO 2026\🗓️ 2023-2024\ Nuevo 2023\ Julio-Diciembre\Agosto\Viglioco - Epicuro y El Liberalismo.pdf
Wepfer - El Comunismo y El Ciber-Comunismo ¿Son posibles_.pdf,Daniel Wepfer,Wepfer,page1,      😱 NUEVO 2026\🗓️ 2023-2024\ Nuevo 2023\ Julio-Diciembre\Agosto\Wepfer - El Comunismo y El Ciber-Comunismo ¿Son posibles_.pdf
África rebelde  comunalismo y anarquismo en Nigeria (Sam Mbah I. E. Igariwey).pdf,Sam Mbah / 1. E. Igariwey,Sam Mbah I. E. Igariwey,page1,      😱 NUEVO 2026\🗓️ 2023-2024\ Nuevo 2023\ Julio-Diciembre\Agosto\África rebelde  comunalismo y anarquismo en Nigeria (Sam Mbah I. E. Igariwey).pdf
El Individuo Soberano una guía para dominar transición hacía la era de la información (James Dale Davidson and Lord William Rees-Mogg).pdf,El Individuo Soberano: una guía para dominar transición hacía la era de la información,James Dale Davidson & Lord William Rees-Mogg,meta,      😱 NUEVO 2026\🗓️ 2023-2024\ Nuevo 2023\ Julio-Diciembre\Julio\El Individuo Soberano una guía para dominar transición hacía la era de la información (James Dale Davidson and Lord William Rees-Mogg).pdf
El liberalismo libertario – masonerialibertaria.pdf,"SITIO DESTINADO A LA DEFENSA Y PROMOCIÓN DE LA DEMOCRACIA, LA",,page1,      😱 NUEVO 2026\🗓️ 2023-2024\ Nuevo 2023\ Julio-Diciembre\Julio\El liberalismo libertario – masonerialibertaria.pdf
G.H. Smith - Ayn Rand y Altruismo.pdf,Ayn Rand y Altruismo (Spanish Edition),George H. Smith,meta,      😱 NUEVO 2026\🗓️ 2023-2024\ Nuevo 2023\ Julio-Diciembre\Julio\G.H. Smith - Ayn Rand y Altruismo.pdf
"Hacienda somos todos, cariño (etc.).pdf","Hacienda somos todos, cariño",Carlos Rodríguez Braun & María Blanco & Luis Daniel Ávila,meta,"      😱 NUEVO 2026\🗓️ 2023-2024\ Nuevo 2023\ Julio-Diciembre\Julio\Hacienda somos todos, cariño (etc.).pdf"
J.T. López - Econofakes.pdf,Econofakes,Juan Torres López,meta,      😱 NUEVO 2026\🗓️ 2023-2024\ Nuevo 2023\ Julio-Diciembre\Julio\J.T. López - Econofakes.pdf
Litwak - Paraísos fiscales e infiernos tributarios- Una mirada diferente sobre las jurisdicciones offshore y la competencia fiscal....pdf,Paraísos fiscales e infiernos tributarios: una mirada diferente sobre las jurisdicciones offshore y la competencia fiscal (Spanish Edition),Martín Litwak,meta,      😱 NUEVO 2026\🗓️ 2023-2024\ Nuevo 2023\ Julio-Diciembre\Julio\Litwak - Paraísos fiscales e infiernos tributarios- Una mirada diferente sobre las jurisdicciones offshore y la competencia fiscal....pdf
Preston - Anarco-Fascismo_ Un resumen del pensamiento Anarquista de Derecha.pdf,Derecha Alternativa,Preston,page1,      😱 NUEVO 2026\🗓️ 2023-2024\ Nuevo 2023\ Julio-Diciembre\Julio\Preston - Anarco-Fascismo_ Un resumen del pensamiento Anarquista de Derecha.pdf
Principios Modernos de Economía del Desarrollo. Teoría y práctica (Víctor I. Espinosa).pdf,ISBN: 978-84-7209-878-7,Víctor I. Espinosa,page1,      😱 NUEVO 2026\🗓️ 2023-2024\ Nuevo 2023\ Julio-Diciembre\Julio\Principios Modernos de Economía del Desarrollo. Teoría y práctica (Víctor I. Espinosa).pdf
 Karsten y Beckman - Mas Alla de La Democracia.pdf,Mas alla de la democracia (Spanish Edition),Karel Beckman & Frank Karsten,meta,      😱 NUEVO 2026\🗓️ 2023-2024\ Nuevo 2023\ Karsten y Beckman - Mas Alla de La Democracia.pdf
" Laurent - Summa Ácrata_ Ensayo sobre el individuo, su derecho, su justicia.pdf","Summa ácrata. Ensayo sobre el individuo, su derecho, su justicia (Spanish Edition)",Paul Laurent,meta,"      😱 NUEVO 2026\🗓️ 2023-2024\ Nuevo 2023\ Laurent - Summa Ácrata_ Ensayo sobre el individuo, su derecho, su justicia.pdf"
 Rojas - Fundamentos Praxeologicos del Derecho.pdf,Fundamentos Praxeologicos del Derecho,Rojas,filename,      😱 NUEVO 2026\🗓️ 2023-2024\ Nuevo 2023\ Rojas - Fundamentos Praxeologicos del Derecho.pdf
 Rojas - La Inflación como Delito.pdf,LA INFLACIÓN COMO DELITO (Spanish Edition),Ricardo Manuel Rojas,meta,      😱 NUEVO 2026\🗓️ 2023-2024\ Nuevo 2023\ Rojas - La Inflación como Delito.pdf
EL LIBRE (primera edición).pdf,EL LIBRE,primera edición,filename,      😱 NUEVO 2026\🗓️ 2023-2024\ Nuevo 2023\EL LIBRE (primera edición).pdf
Aldahir y Moreno - La Autopropiedad y la Ética de la Argumentación.pdf,José Aldahir Martínez Flores,Aldahir y Moreno,page1,      😱 NUEVO 2026\🗓️ 2023-2024\ Nuevo 2023\Enero-Junio\Enero\Enero (1)\Aldahir y Moreno - La Autopropiedad y la Ética de la Argumentación.pdf
Inclinado hacia la libertad_ El - Louis E. Carabini.pdf,Inclinado hacia la libertad: El intento fallido por eliminar el espíritu humano (Colección Avance nº 1) (Spanish Edition),Louis E. Carabini,meta,      😱 NUEVO 2026\🗓️ 2023-2024\ Nuevo 2023\Enero-Junio\Enero\Enero (2)\Inclinado hacia la libertad_ El - Louis E. Carabini.pdf
"ISLAM, ISLAMISTAS Y YIHADISTAS - Sebastian Quesada Marco.pdf","ISLAM, ISLAMISTAS Y YIHADISTAS (Spanish Edition)",Sebastián Quesada Marco,meta,"      😱 NUEVO 2026\🗓️ 2023-2024\ Nuevo 2023\Enero-Junio\Enero\Enero (2)\ISLAM, ISLAMISTAS Y YIHADISTAS - Sebastian Quesada Marco.pdf"
La Historia y su Metodo_ Guia p - Carlos Sabino.pdf,La Historia y su Método: Guía para estudiantes y estudiosos de la historia (Monografías) (Spanish Edition),Carlos Sabino,meta,      😱 NUEVO 2026\🗓️ 2023-2024\ Nuevo 2023\Enero-Junio\Enero\Enero (2)\La Historia y su Metodo_ Guia p - Carlos Sabino.pdf
La primeras burbujas especulati - Douglas E. French.pdf,La primeras burbujas especulativas (Laissez Faire) (Spanish Edition),Douglas E. French,meta,      😱 NUEVO 2026\🗓️ 2023-2024\ Nuevo 2023\Enero-Junio\Enero\Enero (2)\La primeras burbujas especulati - Douglas E. French.pdf
Libertad forzada - Manuel Carneiro Caneda.pdf,Libertad forzada: Dos bodas y un funeral (Biblioteca de la Libertad Formato Menor nº 31) (Spanish Edition),Manuel Carneiro Caneda,meta,      😱 NUEVO 2026\🗓️ 2023-2024\ Nuevo 2023\Enero-Junio\Enero\Enero (2)\Libertad forzada - Manuel Carneiro Caneda.pdf
Rivas - Bitcoin_ Historia y Guía Completa.pdf,BITCOIN HISTORIA Y GUÍA COMPLETA: ¿QUIÉN ESTÁ DETRÁS? TERMINARÁ CON LOS BANCOS (Spanish Edition),COLIN RIVAS & ANTHONY HILDER & JORDAN MAXWELL,meta,      😱 NUEVO 2026\🗓️ 2023-2024\ Nuevo 2023\Enero-Junio\Enero\Enero (2)\Rivas - Bitcoin_ Historia y Guía Completa.pdf
Seamos Libres - Jose Benegas.pdf,Seamos Libres (Biblioteca de la Libertad Formato Menor nº 13) (Spanish Edition),José Benegas,meta,      😱 NUEVO 2026\🗓️ 2023-2024\ Nuevo 2023\Enero-Junio\Enero\Enero (2)\Seamos Libres - Jose Benegas.pdf
Una vida santa dedicada a la li - Unknown.pdf,Una vida santa dedicada a la libertad: Ensayos en honor de Joe Keckeissen (Biblioteca Instituto Acton),,meta,      😱 NUEVO 2026\🗓️ 2023-2024\ Nuevo 2023\Enero-Junio\Enero\Enero (2)\Una vida santa dedicada a la li - Unknown.pdf
El pensamiento politico moderno - Omar Astorga.pdf,"El pensamiento político moderno: Hobbes, Locke y Kant (Spanish Edition)",Omar Astorga,meta,      😱 NUEVO 2026\🗓️ 2023-2024\ Nuevo 2023\Enero-Junio\Enero\Enero (3)\El pensamiento politico moderno - Omar Astorga.pdf
El Socialismo ha Muerto y el Liberalismo está Naciendo - Jose Maria Mendez.pdf,EL SOCIALISMO HA MUERTO Y EL LIBERALISMO ESTÁ NACIENDO (Spanish Edition),José María Mendez,meta,      😱 NUEVO 2026\🗓️ 2023-2024\ Nuevo 2023\Enero-Junio\Enero\Enero (3)\El Socialismo ha Muerto y el Liberalismo está Naciendo - Jose Maria Mendez.pdf
El Triunfo_ Un libro inspirador - Ivan Petrov.pdf,El Triunfo: Un libro inspirador capitalista (Atlas Libertas) (Spanish Edition),Iván Petrov,meta,      😱 NUEVO 2026\🗓️ 2023-2024\ Nuevo 2023\Enero-Junio\Enero\Enero (3)\El Triunfo_ Un libro inspirador - Ivan Petrov.pdf
ENSAYOS POLITICAMENTE INCORRECT - Oscar Ramos del Cano.pdf,ENSAYOS POLÍTICAMENTE INCORRECTOS: EL CLUB DE LOS VIERNES (Monografías nº 4) (Spanish Edition),Óscar Ramos del Cano,meta,      😱 NUEVO 2026\🗓️ 2023-2024\ Nuevo 2023\Enero-Junio\Enero\Enero (3)\ENSAYOS POLITICAMENTE INCORRECT - Oscar Ramos del Cano.pdf
"Ensayos sobre Descartes, Spinoz - Omar Astorga.pdf","Ensayos sobre Descartes, Spinoza, Hobbes, Rousseau, Kant, Habermas, Bobbio y Paz (Ética. Filosofía política. Ensayismo nº 3) (Spanish Edition)",Omar Astorga,meta,"      😱 NUEVO 2026\🗓️ 2023-2024\ Nuevo 2023\Enero-Junio\Enero\Enero (3)\Ensayos sobre Descartes, Spinoz - Omar Astorga.pdf"
Esferas Inmateriales y Sintonia - Luis Fernando Ayerbe.pdf,Esferas Inmateriales y Sintonías Libertarias (Spanish Edition),Luis Fernando Ayerbe,meta,      😱 NUEVO 2026\🗓️ 2023-2024\ Nuevo 2023\Enero-Junio\Enero\Enero (3)\Esferas Inmateriales y Sintonia - Luis Fernando Ayerbe.pdf
Gritos Libertarios _ Gritos de - Manuel Enrique TUA AGUILAR.pdf,Gritos Libertarios : Gritos de Libertad (Spanish Edition),Manuel Enrique TUA AGUILAR,meta,      😱 NUEVO 2026\🗓️ 2023-2024\ Nuevo 2023\Enero-Junio\Enero\Enero (3)\Gritos Libertarios _ Gritos de - Manuel Enrique TUA AGUILAR.pdf
Innovar para solucionar (Spanis - Asael Polo Hernandez.pdf,Innovar para solucionar (Spanish Edition),Asael Polo Hernández & Miguel Ángel Sáenz & Nabil Polito Hernández & Ericka Porrúa & Abraham Hernández,meta,      😱 NUEVO 2026\🗓️ 2023-2024\ Nuevo 2023\Enero-Junio\Enero\Enero (3)\Innovar para solucionar (Spanis - Asael Polo Hernandez.pdf
Acontecimiento libertario_ Pens - Unknown.pdf,Acontecimiento libertario: Pensamiento y activismo ácrata (Arqueología y genealogía del poder nº 2) (Spanish Edition),Acontecimiento libertario_ Pens,meta,      😱 NUEVO 2026\🗓️ 2023-2024\ Nuevo 2023\Enero-Junio\Enero\Enero (3)\Izquierdistas\Acontecimiento libertario_ Pens - Unknown.pdf
Diario de libertad_ Los viajes - Laura Libertaria.pdf,"Diario de libertad: Los viajes por Iberoamérica (Diarios feministas, reflexiones sobre la vida joven y femenina nº 2) (Spanish Edition)",Laura Libertaria,meta,      😱 NUEVO 2026\🗓️ 2023-2024\ Nuevo 2023\Enero-Junio\Enero\Enero (3)\Izquierdistas\Diario de libertad_ Los viajes - Laura Libertaria.pdf
Diario de prision_ FEMINISMO y - Laura Libertaria.pdf,"Diario de prisión: FEMINISMO y libertad (Diarios feministas, reflexiones sobre la vida joven y femenina nº 1) (Spanish Edition)",Laura Libertaria & C. y C. Ediciones,meta,      😱 NUEVO 2026\🗓️ 2023-2024\ Nuevo 2023\Enero-Junio\Enero\Enero (3)\Izquierdistas\Diario de prision_ FEMINISMO y - Laura Libertaria.pdf
Redencion y Utopia El Judaismo - Michael Lowy.pdf,Redención y Utopía El Judaísmo libertario en Europa Central Un estudio de afinidad electiva (Spanish Edition),Michael Löwy,meta,      😱 NUEVO 2026\🗓️ 2023-2024\ Nuevo 2023\Enero-Junio\Enero\Enero (3)\Izquierdistas\Redencion y Utopia El Judaismo - Michael Lowy.pdf
La filosofía de bitcoin (Álvaro D. María).pdf,La filosofía de bitcoin,Álvaro D. María,meta,      😱 NUEVO 2026\🗓️ 2023-2024\ Nuevo 2023\Enero-Junio\Enero\Enero (3)\La filosofía de bitcoin (Álvaro D. María).pdf
LEVIATAN Y SUS ESCUDOS - Profeta Ramiro Lopez Godoy.pdf,LEVIATAN Y SUS ESCUDOS (Spanish Edition),Profeta Ramiro Lopez Godoy & Ramiro Lopez,meta,      😱 NUEVO 2026\🗓️ 2023-2024\ Nuevo 2023\Enero-Junio\Enero\Enero (3)\LEVIATAN Y SUS ESCUDOS - Profeta Ramiro Lopez Godoy.pdf
Libertario_ Prosario (Spanish E - Miguel D_Addario.pdf,Libertario: Prosario (Spanish Edition),Miguel D'Addario,meta,      😱 NUEVO 2026\🗓️ 2023-2024\ Nuevo 2023\Enero-Junio\Enero\Enero (3)\Libertario_ Prosario (Spanish E - Miguel D_Addario.pdf
Los frutos metalicos (Spanish E - Jose Mur Persio.pdf,Los frutos metálicos (Spanish Edition),José Mur Persio,meta,      😱 NUEVO 2026\🗓️ 2023-2024\ Nuevo 2023\Enero-Junio\Enero\Enero (3)\Los frutos metalicos (Spanish E - Jose Mur Persio.pdf
Los Muertos de Savannah (Spanis - Tarrin P. Lupo.pdf,Los Muertos de Savannah (Spanish Edition),Tarrin P. Lupo,meta,      😱 NUEVO 2026\🗓️ 2023-2024\ Nuevo 2023\Enero-Junio\Enero\Enero (3)\Los Muertos de Savannah (Spanis - Tarrin P. Lupo.pdf
Mentasti - Teologia Libertaria.pdf,Teología Libertaria: La importancia de la fe cristiana en la conformación de occidente (Spanish Edition),Hernán Mentasti,meta,      😱 NUEVO 2026\🗓️ 2023-2024\ Nuevo 2023\Enero-Junio\Enero\Enero (3)\Mentasti - Teologia Libertaria.pdf
Mi enemigo mortal - Willa Cather.pdf,Mi enemigo mortal,Willa Cather,meta,      😱 NUEVO 2026\🗓️ 2023-2024\ Nuevo 2023\Enero-Junio\Enero\Enero (3)\Mi enemigo mortal - Willa Cather.pdf
Paternalismo libertario ¿Por qué un empujoncito (Cass R. Sunstein).pdf,Paternalismo libertario: ¿Por qué un empujoncito?,Cass R. Sunstein,meta,      😱 NUEVO 2026\🗓️ 2023-2024\ Nuevo 2023\Enero-Junio\Enero\Enero (3)\Paternalismo libertario ¿Por qué un empujoncito (Cass R. Sunstein).pdf
Pioneros - Willa Cather.pdf,Pioneros,Willa Cather,meta,      😱 NUEVO 2026\🗓️ 2023-2024\ Nuevo 2023\Enero-Junio\Enero\Enero (3)\Pioneros - Willa Cather.pdf
Una solucion para la humanidad_ - Marcos G. D_.pdf,Una solución para la humanidad: un sistema no gestionado por políticos: Ensayo economía política (Spanish Edition),Marcos G. D.,meta,      😱 NUEVO 2026\🗓️ 2023-2024\ Nuevo 2023\Enero-Junio\Enero\Enero (3)\Una solucion para la humanidad_ - Marcos G. D_.pdf
Arte y ciencia del coaching - Leonardo Ravier.pdf,"Arte y ciencia del coaching: Su historia, filosofía y esencia (Acción, Mercado, Creatividad nº 2) (Spanish Edition)",Leonardo Ravier,meta,      😱 NUEVO 2026\🗓️ 2023-2024\ Nuevo 2023\Enero-Junio\Febrero\Arte y ciencia del coaching - Leonardo Ravier.pdf
Bajo el dios Augusto_ El oficio - Guillermo Gortazar_.pdf,Bajo el dios Augusto: El oficio de historiador ante los guardianes parciales de la historia (La Antorcha) (Spanish Edition),,meta,      😱 NUEVO 2026\🗓️ 2023-2024\ Nuevo 2023\Enero-Junio\Febrero\Bajo el dios Augusto_ El oficio - Guillermo Gortazar_.pdf
"Borges, Paz, Vargas Llosa_ Lite - Angel Soto.pdf","Borges, Paz, Vargas Llosa: Literatura y Libertad en Latinoamérica (Atlas Libertas) (Spanish Edition)",Ángel Soto & Martín Krause & Héctor Ñaupari & Carlos Sabino,meta,"      😱 NUEVO 2026\🗓️ 2023-2024\ Nuevo 2023\Enero-Junio\Febrero\Borges, Paz, Vargas Llosa_ Lite - Angel Soto.pdf"
Coaching Humanista_ Fundamentos - Leonardo Ravier.pdf,"Coaching Humanista: Fundamentos, aplicaciones y herramientas de esencia no directiva (Acción, Mercado, Creatividad) (Spanish Edition)",Leonardo Ravier,meta,      😱 NUEVO 2026\🗓️ 2023-2024\ Nuevo 2023\Enero-Junio\Febrero\Coaching Humanista_ Fundamentos - Leonardo Ravier.pdf
Coaching no directivo_ Metodolo - Leonardo Ravier.pdf,"Coaching no directivo: Metodología y práctica (Acción, Mercado, Creatividad nº 1) (Spanish Edition)",Leonardo Ravier,meta,      😱 NUEVO 2026\🗓️ 2023-2024\ Nuevo 2023\Enero-Junio\Febrero\Coaching no directivo_ Metodolo - Leonardo Ravier.pdf
Desconfianza_ Principios politi - Lorenzo Abadia Escario.pdf,Desconfianza: Principios políticos para un cambio de régimen (La Antorcha) (Spanish Edition),Lorenzo Abadía Escario,meta,      😱 NUEVO 2026\🗓️ 2023-2024\ Nuevo 2023\Enero-Junio\Febrero\Desconfianza_ Principios politi - Lorenzo Abadia Escario.pdf
El acuerdo del seny_ Superar el - Juan Milian Querol.pdf,El acuerdo del seny: Superar el nacionalismo desde la libertad (Monografías) (Spanish Edition),Juan Milián Querol,meta,      😱 NUEVO 2026\🗓️ 2023-2024\ Nuevo 2023\Enero-Junio\Febrero\El acuerdo del seny_ Superar el - Juan Milian Querol.pdf
El derecho configura la politic - Jose Maria de la Cuesta Rute.pdf,El derecho configura la política al servicio del hombre (Cristianismo y Economía de Mercado nº 4) (Spanish Edition),José María de la Cuesta Rute,meta,      😱 NUEVO 2026\🗓️ 2023-2024\ Nuevo 2023\Enero-Junio\Febrero\El derecho configura la politic - Jose Maria de la Cuesta Rute.pdf
"El poder, el estado, la liberta - Angelo Panebianco.pdf","El poder, el estado, la libertad [La frágil constitución de la sociedad libre] (La Antorcha) (Spanish Edition)",Angelo Panebianco,meta,"      😱 NUEVO 2026\🗓️ 2023-2024\ Nuevo 2023\Enero-Junio\Febrero\El poder, el estado, la liberta - Angelo Panebianco.pdf"
El salon de los encuentros_ Una - Guillermo Gortazar.pdf,El salón de los encuentros: Una contribución al debate político del siglo XXI (La Antorcha) (Spanish Edition),Guillermo Gortázar,meta,      😱 NUEVO 2026\🗓️ 2023-2024\ Nuevo 2023\Enero-Junio\Febrero\El salon de los encuentros_ Una - Guillermo Gortazar.pdf
La avalancha de la deuda -Un pe - Bern Flossbach.pdf,"La avalancha de la deuda [Un peligro para nuestra democracia, nuestra prosperidad y su fortuna] (Dinero, Banca y Finanzas) (Spanish Edition)",Bern Flossbach & Philipp Vorndran,meta,      😱 NUEVO 2026\🗓️ 2023-2024\ Nuevo 2023\Enero-Junio\Febrero\La avalancha de la deuda -Un pe - Bern Flossbach.pdf
La moneda del siglo veinte y la política monetaria no convencional - Jose Antonio Aguirre.pdf,"La moneda del siglo veinte y la política no convencional (Biblioteca Dinero, Banca y Finanzas) (Spanish Edition)",José Antonio Aguirre & Juergen B. Donges,meta,      😱 NUEVO 2026\🗓️ 2023-2024\ Nuevo 2023\Enero-Junio\Febrero\La moneda del siglo veinte y la política monetaria no convencional - Jose Antonio Aguirre.pdf
Manifiesto por la izquierda lib - Liber Gonzalez.pdf,Manifiesto por la izquierda libertaria: Alternativa para la izquierda (Spanish Edition),Líber González,meta,      😱 NUEVO 2026\🗓️ 2023-2024\ Nuevo 2023\Enero-Junio\Febrero\Manifiesto por la izquierda lib - Liber Gonzalez.pdf
Miscelanea de Ensayos Filosofic - Arturo Damm Arnal.pdf,Miscelánea de Ensayos Filosóficos (Biblioteca de la Libertad Formato Menor nº 30) (Spanish Edition),Arturo Damm Arnal,meta,      😱 NUEVO 2026\🗓️ 2023-2024\ Nuevo 2023\Enero-Junio\Febrero\Miscelanea de Ensayos Filosofic - Arturo Damm Arnal.pdf
Propiedad y desarrollo sustenta - Luis Pazos.pdf,Propiedad y desarrollo sustentable (Spanish Edition),Luis Pazos,meta,      😱 NUEVO 2026\🗓️ 2023-2024\ Nuevo 2023\Enero-Junio\Febrero\Propiedad y desarrollo sustenta - Luis Pazos.pdf
Sin medias tintas_ 20 entrevist - Diego Sanchez de la Cruz.pdf,Sin medias tintas: 20 entrevistas sobre la Gran Recesión (Monografías) (Spanish Edition),Diego Sánchez de la Cruz,meta,      😱 NUEVO 2026\🗓️ 2023-2024\ Nuevo 2023\Enero-Junio\Febrero\Sin medias tintas_ 20 entrevist - Diego Sanchez de la Cruz.pdf
"Turgot, el ultimo ilustrado - Paloma de la Nuez.pdf","Turgot, el último ilustrado (La Antorcha) (Spanish Edition)",Paloma de la Nuez,meta,"      😱 NUEVO 2026\🗓️ 2023-2024\ Nuevo 2023\Enero-Junio\Febrero\Turgot, el ultimo ilustrado - Paloma de la Nuez.pdf"
 McElroy - El Arte de ser Libre.pdf,El Arte de ser Libre,McElroy,filename,      😱 NUEVO 2026\🗓️ 2023-2024\ Nuevo 2023\Enero-Junio\Junio\ McElroy - El Arte de ser Libre.pdf
Analisis de Capitalismo Socialismo y Democracia.pdf,Nabih Yussef - Teoría Política Contemporánea -1-,Usuario,page1,      😱 NUEVO 2026\🗓️ 2023-2024\ Nuevo 2023\Enero-Junio\Junio\Analisis de Capitalismo Socialismo y Democracia.pdf
Biografía de Friedich August Von Hayek.pdf,Biografía de Friedich August Von Hayek,SERVER2,page1,      😱 NUEVO 2026\🗓️ 2023-2024\ Nuevo 2023\Enero-Junio\Junio\Biografía de Friedich August Von Hayek.pdf
Cañamero - Una Crítica Al Republicanismo Desde El Liberalismo Austriaco y Clásico Revisión Desde La Perspectiva Liberal Enfatizando en El Minarquismo.pdf,Una crítica al republicanismo desde el liberalismo austriaco y clásico,Eduardo Gil Cañamero,meta,      😱 NUEVO 2026\🗓️ 2023-2024\ Nuevo 2023\Enero-Junio\Junio\Cañamero - Una Crítica Al Republicanismo Desde El Liberalismo Austriaco y Clásico Revisión Desde La Perspectiva Liberal Enfatizando en El Minarquismo.pdf
Colomer - Impuestos o Libertad- La hernia fiscal que estrangula a los españoles.pdf,Impuestos o libertad: La hernia fiscal que estrangula a los españoles (Spanish Edition),Ignacio Ruíz-Jarabo Colore,meta,      😱 NUEVO 2026\🗓️ 2023-2024\ Nuevo 2023\Enero-Junio\Junio\Colomer - Impuestos o Libertad- La hernia fiscal que estrangula a los españoles.pdf
El Intervencionismo.pdf,Libertario de Principio - geistige Macht - El intervencionismo,,meta,      😱 NUEVO 2026\🗓️ 2023-2024\ Nuevo 2023\Enero-Junio\Junio\El Intervencionismo.pdf
En Defensa del Capitalismo.pdf,Libertario de Principio - Mises - Capitalismo,,meta,      😱 NUEVO 2026\🗓️ 2023-2024\ Nuevo 2023\Enero-Junio\Junio\En Defensa del Capitalismo.pdf
Gregg - Un Análisis Moral y Económico de la Economía de Mercado.pdf,Un análisis moral y económico de la Economía de Mercado: Fundamentos y Desafíos en una Era Global (Biblioteca Instituto Acton) (Spanish Edition),Samuel Gregg,meta,      😱 NUEVO 2026\🗓️ 2023-2024\ Nuevo 2023\Enero-Junio\Junio\Gregg - Un Análisis Moral y Económico de la Economía de Mercado.pdf
Herbert Spencer ---.pdf,Diapositiva 1,Afshin,meta,      😱 NUEVO 2026\🗓️ 2023-2024\ Nuevo 2023\Enero-Junio\Junio\Herbert Spencer ---.pdf
Holmes - Commow Law Español.pdf,Commow Law Español,Holmes,filename,      😱 NUEVO 2026\🗓️ 2023-2024\ Nuevo 2023\Enero-Junio\Junio\Holmes - Commow Law Español.pdf
Libertario de Principios.pdf,Libertario de Principio - 101,,meta,      😱 NUEVO 2026\🗓️ 2023-2024\ Nuevo 2023\Enero-Junio\Junio\Libertario de Principios.pdf
Minsky - La Sociedad de la Mente.pdf,la-sociedad-de-la-mente,Antonio Benitez,meta,      😱 NUEVO 2026\🗓️ 2023-2024\ Nuevo 2023\Enero-Junio\Junio\Minsky - La Sociedad de la Mente.pdf
Murillo - El Movimiento Libertario en EEUU- de los Mártires de Chicago al anarcocapitalismo.pdf,PRUEBA 3 EL MOVIMIENTO LIBERTARIO EN EEUU: DE LOS MÁRTIRES DE CHICAGO AL,Murillo,page1,      😱 NUEVO 2026\🗓️ 2023-2024\ Nuevo 2023\Enero-Junio\Junio\Murillo - El Movimiento Libertario en EEUU- de los Mártires de Chicago al anarcocapitalismo.pdf
Scruton - Las bondades del pesimismo.pdf,Las bondades del pesimismo: y el peligro de la falsa esperanza (Spanish Edition),Roger Scruton,meta,      😱 NUEVO 2026\🗓️ 2023-2024\ Nuevo 2023\Enero-Junio\Junio\Scruton - Las bondades del pesimismo.pdf
Como No Hablar con un Conservador.pdf,Como No Hablar con un Conservador,,filename,      😱 NUEVO 2026\🗓️ 2023-2024\ Nuevo 2023\Enero-Junio\Mayo\Como No Hablar con un Conservador.pdf
Estevez - Mercado y Sociedad La Utopía Política de Friedrich Hayek.pdf,Mercado y sociedad,Estevez,page1,      😱 NUEVO 2026\🗓️ 2023-2024\ Nuevo 2023\Enero-Junio\Mayo\Estevez - Mercado y Sociedad La Utopía Política de Friedrich Hayek.pdf
Fisher - El Caballero de la Armadura Oxidada.pdf,El Caballero de la Armadura Oxidada,Fisher,filename,      😱 NUEVO 2026\🗓️ 2023-2024\ Nuevo 2023\Enero-Junio\Mayo\Fisher - El Caballero de la Armadura Oxidada.pdf
Libertad de la acción.pdf,La libertad la de acción pacífica: Sobre el origen de los derechos individuales,RYZEN AMD,meta,      😱 NUEVO 2026\🗓️ 2023-2024\ Nuevo 2023\Enero-Junio\Mayo\Libertad de la acción.pdf
Liberalismo Clásico_ Un manual básico.pdf,Eamonn Butler,,page1,      😱 NUEVO 2026\🗓️ 2023-2024\ Nuevo 2023\Enero-Junio\Mayo\Mayo (3)\Liberalismo Clásico_ Un manual básico.pdf
Mitos y Realidades Estado Emprendedor.pdf,EL ESTADO EMPRENDEDOR,Instituto Juan de Mariana,meta,      😱 NUEVO 2026\🗓️ 2023-2024\ Nuevo 2023\Enero-Junio\Mayo\Mitos y Realidades Estado Emprendedor.pdf
Sueños de Acero y Neon - Jordi Wild.pdf,SueÃ±os de acero y neÃ³n,Jordi Wild,meta,      😱 NUEVO 2026\🗓️ 2023-2024\ Nuevo 2023\Enero-Junio\Mayo\Sueños de Acero y Neon - Jordi Wild.pdf
Teorias de Friedrich A. Von Hayek.pdf,Teorías de,Alumn@s,meta,      😱 NUEVO 2026\🗓️ 2023-2024\ Nuevo 2023\Enero-Junio\Mayo\Teorias de Friedrich A. Von Hayek.pdf
Una crisis y cinco errores.pdf,Una crisis y cinco errores,,meta,      😱 NUEVO 2026\🗓️ 2023-2024\ Nuevo 2023\Enero-Junio\Mayo\Una crisis y cinco errores.pdf
Huerta - Ensayos de Economía Política.pdf,JESÚS HUERTA DE SOTO,Huerta,page1,      😱 NUEVO 2026\🗓️ 2023-2024\ Nuevo 2023\Huerta - Ensayos de Economía Política.pdf
Mises - El Libre Mercado y sus Enemigos.pdf,"EL LIBRE MERCADO Y SUS ENEMIGOS.: Pseudociencia, socialismo e inflación (Spanish Edition)",Ludwig von Mises,meta,      😱 NUEVO 2026\🗓️ 2023-2024\ Nuevo 2023\Mises - El Libre Mercado y sus Enemigos.pdf
Narveson - You and the State_ A Short Introduction to Political Philosophy.pdf,You and the State,"Narveson, Jan;",meta,      😱 NUEVO 2026\🗓️ 2023-2024\ Nuevo 2023\Narveson - You and the State_ A Short Introduction to Political Philosophy.pdf
Rallo - Anti-Anti-Rallo.pdf,Anti-Anti-Rallo,Juan Ramón Rallo (editado por RodolfoHodls),meta,      😱 NUEVO 2026\🗓️ 2023-2024\ Nuevo 2023\Rallo - Anti-Anti-Rallo.pdf
"Breaking Away The Case for Secession, Radical Decentralization, and Smaller Polities (Ryan McMaken).pdf","Breaking Away: The Case for Secession, Radical Decentralization, and Smaller Polities",Ryan McMaken,meta,"      😱 NUEVO 2026\🗓️ 2023-2024\ Nuevo 2024\ Enero-Junio\Enero\Breaking Away The Case for Secession, Radical Decentralization, and Smaller Polities (Ryan McMaken).pdf"
Brian - Corporativismo Boliviano.pdf,Corporativismo Boliviano,Brian,filename,      😱 NUEVO 2026\🗓️ 2023-2024\ Nuevo 2024\ Enero-Junio\Enero\Brian - Corporativismo Boliviano.pdf
Briceño - Empresas ¿Creadores o Satisfactoras de Necesidades_.pdf,Empresas ¿Creadores o Satisfactoras de Necesidades,Briceño,filename,      😱 NUEVO 2026\🗓️ 2023-2024\ Nuevo 2024\ Enero-Junio\Enero\Briceño - Empresas ¿Creadores o Satisfactoras de Necesidades_.pdf
Briceño - Funcionario_ Cómplice y ¿Víctima_ del Estado.pdf,Funcionario_ Cómplice y ¿Víctima_ del Estado,Briceño,filename,      😱 NUEVO 2026\🗓️ 2023-2024\ Nuevo 2024\ Enero-Junio\Enero\Briceño - Funcionario_ Cómplice y ¿Víctima_ del Estado.pdf
Contra la manipulación de la izquierda (Javier Giral Palasí).pdf,Contra la manipulación de la izquierda,Javier Giral Palasí,filename,      😱 NUEVO 2026\🗓️ 2023-2024\ Nuevo 2024\ Enero-Junio\Enero\Contra la manipulación de la izquierda (Javier Giral Palasí).pdf
El Orden Espontáneo de la Globalización.pdf,P á g i n a  | 1,Ezequiel Vázquez Ger,page1,      😱 NUEVO 2026\🗓️ 2023-2024\ Nuevo 2024\ Enero-Junio\Enero\El Orden Espontáneo de la Globalización.pdf
La fábrica de los niños transgénero Cómo proteger a nuestros menores de la moda trans (Céline Masson y Caroline Eliacheff).pdf,La fábrica de los niños transgénero Cómo proteger a nuestros menores de la moda trans,Céline Masson y Caroline Eliacheff,filename,      😱 NUEVO 2026\🗓️ 2023-2024\ Nuevo 2024\ Enero-Junio\Enero\La fábrica de los niños transgénero Cómo proteger a nuestros menores de la moda trans (Céline Masson y Caroline Eliacheff).pdf
 Semillas anarquistas bajo la nieve. El pensamiento libertario de izquierda y los escritores británicos desde William Morris hasta Colin Ward (2006) – David Goodway.pdf,1. Agradecimientos,,page1,      😱 NUEVO 2026\🗓️ 2023-2024\ Nuevo 2024\ Enero-Junio\Febrero\ Semillas anarquistas bajo la nieve. El pensamiento libertario de izquierda y los escritores británicos desde William Morris hasta Colin Ward (2006) – David Goodway.pdf
Anarquismo y Otros ensayos – Emma Goldman.pdf,Reseña biográfica,,page1,      😱 NUEVO 2026\🗓️ 2023-2024\ Nuevo 2024\ Enero-Junio\Febrero\Anarquismo y Otros ensayos – Emma Goldman.pdf
Anarquismo_ Una historia de las ideas y los movimientos libertarios (1973) – George Woodcock.pdf,PRIMERA PARTE: LA IDEA,,page1,      😱 NUEVO 2026\🗓️ 2023-2024\ Nuevo 2024\ Enero-Junio\Febrero\Anarquismo_ Una historia de las ideas y los movimientos libertarios (1973) – George Woodcock.pdf
Anarquistas en la Revolución China – Arif Dirlik.pdf,China (1991) – Arif Dirlik,,page1,      😱 NUEVO 2026\🗓️ 2023-2024\ Nuevo 2024\ Enero-Junio\Febrero\Anarquistas en la Revolución China – Arif Dirlik.pdf
Bookchin - La ecología de la libertad. El surgimiento y la disolución de la jerarquía.pdf,1. El concepto de ecología social,Bookchin,page1,      😱 NUEVO 2026\🗓️ 2023-2024\ Nuevo 2024\ Enero-Junio\Febrero\Bookchin - La ecología de la libertad. El surgimiento y la disolución de la jerarquía.pdf
Briceño - Fanatismo como Freno a la Investigación.pdf,Fanatismo como Freno a la Investigación,Briceño,filename,      😱 NUEVO 2026\🗓️ 2023-2024\ Nuevo 2024\ Enero-Junio\Febrero\Briceño - Fanatismo como Freno a la Investigación.pdf
"La pobreza del estatismo. Anarquismo contra marxismo, un debate (1981) – Nikolai Bukharin, Luigi Fabbri, Rudolf Rocker y Albert Meltzer.pdf",La pobreza del estatismo.,,page1,"      😱 NUEVO 2026\🗓️ 2023-2024\ Nuevo 2024\ Enero-Junio\Febrero\La pobreza del estatismo. Anarquismo contra marxismo, un debate (1981) – Nikolai Bukharin, Luigi Fabbri, Rudolf Rocker y Albert Meltzer.pdf"
Molinari - Las Bolsas del Trabajo.pdf,"31 DE MAY, 2022 | LIBÉRTAME | DEJA UN COMENTARIO",Molinari,page1,      😱 NUEVO 2026\🗓️ 2023-2024\ Nuevo 2024\ Enero-Junio\Febrero\Molinari - Las Bolsas del Trabajo.pdf
"Socialismo Libertario – La política en negro y rojo (2012) – Editado por Alex Prichard, Ruth Kinna, Saku Pinta, David Berry.pdf",1. Prefacio,,page1,"      😱 NUEVO 2026\🗓️ 2023-2024\ Nuevo 2024\ Enero-Junio\Febrero\Socialismo Libertario – La política en negro y rojo (2012) – Editado por Alex Prichard, Ruth Kinna, Saku Pinta, David Berry.pdf"
Wolff - En Defensa del Anarquismo.pdf,I. El conflicto entre autoridad y autonomía,Wolff,page1,      😱 NUEVO 2026\🗓️ 2023-2024\ Nuevo 2024\ Enero-Junio\Febrero\Wolff - En Defensa del Anarquismo.pdf
¿Qué es el Anarquismo Analítico_.pdf,Anarquismo Analítico?,,page1,      😱 NUEVO 2026\🗓️ 2023-2024\ Nuevo 2024\ Enero-Junio\Febrero\¿Qué es el Anarquismo Analítico_.pdf
 Casey - Anarquia Libertaria.pdf,Libertarian Anarchy,Gerard Casey,meta,      😱 NUEVO 2026\🗓️ 2023-2024\ Nuevo 2024\ Enero-Junio\Junio\ Casey - Anarquia Libertaria.pdf
 Humboldt - Límites Del Estado.pdf,Wilhelm vonHumboldt (1767-1835) nació en,Humboldt,page1,      😱 NUEVO 2026\🗓️ 2023-2024\ Nuevo 2024\ Enero-Junio\Junio\ Humboldt - Límites Del Estado.pdf
B. Frey - ¿Una utopía_ Un Gobierno Sin Monopolio Territorial.pdf,¿Una utopía? Un gobierno sin monopolio territorial — Bruno S. Frey (2001) | by Libertad en Español | Medium,B. Frey,meta,      😱 NUEVO 2026\🗓️ 2023-2024\ Nuevo 2024\ Enero-Junio\Junio\B. Frey - ¿Una utopía_ Un Gobierno Sin Monopolio Territorial.pdf
Bailey - El Transhumanismo y los Límites de la Democracia.pdf,El transhumanismo y los límites de la democracia — Ronald Bailey | by Libertad en Español | Medium,Bailey,meta,      😱 NUEVO 2026\🗓️ 2023-2024\ Nuevo 2024\ Enero-Junio\Junio\Bailey - El Transhumanismo y los Límites de la Democracia.pdf
"Caplan - El anarcocapitalismo no es una locura, solo está adelantado a su tiempo.pdf","El anarcocapitalismo no es una locura, solo está adelantado a su tiempo — Bryan Caplan | by Libertad en Español | Medium",Caplan,meta,"      😱 NUEVO 2026\🗓️ 2023-2024\ Nuevo 2024\ Enero-Junio\Junio\Caplan - El anarcocapitalismo no es una locura, solo está adelantado a su tiempo.pdf"
Caplan - El argumento del sentido común para el pacifismo.pdf,El argumento del sentido común para el pacifismo — Bryan Caplan | by Libertad en Español | Medium,Caplan,meta,      😱 NUEVO 2026\🗓️ 2023-2024\ Nuevo 2024\ Enero-Junio\Junio\Caplan - El argumento del sentido común para el pacifismo.pdf
Caplan - El minarquista pigouviano.pdf,El minarquista pigouviano — Bryan Caplan | by Libertad en Español | Medium,Caplan,meta,      😱 NUEVO 2026\🗓️ 2023-2024\ Nuevo 2024\ Enero-Junio\Junio\Caplan - El minarquista pigouviano.pdf
Caplan - La Anarquía.pdf,"La anarquía — Bryan Caplan. Traducción del artículo originalmente… | by Libertad en Español | Apr, 2024 | Medium",Caplan,meta,      😱 NUEVO 2026\🗓️ 2023-2024\ Nuevo 2024\ Enero-Junio\Junio\Caplan - La Anarquía.pdf
Caplan - La defensa del «verdadero X».pdf,La defensa del «verdadero X» — Bryan Caplan | by Libertad en Español | Medium,Caplan,meta,      😱 NUEVO 2026\🗓️ 2023-2024\ Nuevo 2024\ Enero-Junio\Junio\Caplan - La defensa del «verdadero X».pdf
Caplan - La eficiencia de la libre competencia.pdf,La eficiencia de la libre competencia — Bryan Caplan | by Libertad en Español | Medium,Caplan,meta,      😱 NUEVO 2026\🗓️ 2023-2024\ Nuevo 2024\ Enero-Junio\Junio\Caplan - La eficiencia de la libre competencia.pdf
Caplan - La Lógica de la Creencia Colectiva.pdf,La lógica de la creencia colectiva — Bryan Caplan | by Libertad en Español | Medium,Caplan,meta,      😱 NUEVO 2026\🗓️ 2023-2024\ Nuevo 2024\ Enero-Junio\Junio\Caplan - La Lógica de la Creencia Colectiva.pdf
"Caplan - La Renta Básica Universal, Algunos experimentos iniciales.pdf","La Renta Básica Universal: Algunos experimentos iniciales — Bryan Caplan | by Libertad en Español | Apr, 2024 | Medium",Caplan,meta,"      😱 NUEVO 2026\🗓️ 2023-2024\ Nuevo 2024\ Enero-Junio\Junio\Caplan - La Renta Básica Universal, Algunos experimentos iniciales.pdf"
D. Friedman - Argumentos libertarios a favor de la redistribución de la renta.pdf,"Argumentos libertarios a favor de la redistribución de la renta — David Friedman | by Libertad en Español | Apr, 2024 | Medium",D. Friedman,meta,      😱 NUEVO 2026\🗓️ 2023-2024\ Nuevo 2024\ Enero-Junio\Junio\D. Friedman - Argumentos libertarios a favor de la redistribución de la renta.pdf
D. Friedman - Contra los Libertarios Bleeding Heart.pdf,"David Friedman contra los Libertarios Bleeding Heart — David Friedman | by Libertad en Español | Apr, 2024 | Medium",D. Friedman,meta,      😱 NUEVO 2026\🗓️ 2023-2024\ Nuevo 2024\ Enero-Junio\Junio\D. Friedman - Contra los Libertarios Bleeding Heart.pdf
"D. Friedman - Creación y Aplicación Privada de la Ley, un Caso Histórico.pdf",Creación y aplicación privada de la ley: un caso histórico — David Friedman | by Libertad en Español | Medium,D. Friedman,meta,"      😱 NUEVO 2026\🗓️ 2023-2024\ Nuevo 2024\ Enero-Junio\Junio\D. Friedman - Creación y Aplicación Privada de la Ley, un Caso Histórico.pdf"
D. Friedman - Crítica a una Versión de la Economía Austriaca.pdf,Crítica a una versión de la economía austriaca — David Friedman | by Libertad en Español | Medium,D. Friedman,meta,      😱 NUEVO 2026\🗓️ 2023-2024\ Nuevo 2024\ Enero-Junio\Junio\D. Friedman - Crítica a una Versión de la Economía Austriaca.pdf
D. Friedman - Economía y psicología evolucionista.pdf,Economía y psicología evolucionista— David Friedman | by Libertad en Español | Medium,D. Friedman,meta,      😱 NUEVO 2026\🗓️ 2023-2024\ Nuevo 2024\ Enero-Junio\Junio\D. Friedman - Economía y psicología evolucionista.pdf
D. Friedman - El realismo moral.pdf,"El realismo moral — David Friedman | by Libertad en Español | Apr, 2024 | Medium",D. Friedman,meta,      😱 NUEVO 2026\🗓️ 2023-2024\ Nuevo 2024\ Enero-Junio\Junio\D. Friedman - El realismo moral.pdf
"D. Friedman - La Ley como Bien Privado, una respuesta a Tyler Cowen sobre la Economía de la Anarquía.pdf",La ley como bien privado: una respuesta a Tyler Cowen sobre la economía de la anarquía — David Friedman | by Libertad en Español | Medium,D. Friedman,meta,"      😱 NUEVO 2026\🗓️ 2023-2024\ Nuevo 2024\ Enero-Junio\Junio\D. Friedman - La Ley como Bien Privado, una respuesta a Tyler Cowen sobre la Economía de la Anarquía.pdf"
D. Friedman - Mi desacuerdo con Murray Rothbard.pdf,Mi desacuerdo con Murray Rothbard — David Friedman | by Libertad en Español | Medium,D. Friedman,meta,      😱 NUEVO 2026\🗓️ 2023-2024\ Nuevo 2024\ Enero-Junio\Junio\D. Friedman - Mi desacuerdo con Murray Rothbard.pdf
D. Friedman - ¿El altruismo produce resultados eficientes_ Marshall contra Kaldor.pdf,"¿El altruismo produce resultados eficientes? Marshall contra Kaldor — David Friedman | by Libertad en Español | Apr, 2024 | Medium",D. Friedman,meta,      😱 NUEVO 2026\🗓️ 2023-2024\ Nuevo 2024\ Enero-Junio\Junio\D. Friedman - ¿El altruismo produce resultados eficientes_ Marshall contra Kaldor.pdf
Desobediencia Civil_ un análisis político.pdf,UNIVERSIDAD DE GRANADA INSTITUTO DE LA PAZ Y LOS CONFLICTOS,,page1,      😱 NUEVO 2026\🗓️ 2023-2024\ Nuevo 2024\ Enero-Junio\Junio\Desobediencia Civil_ un análisis político.pdf
Disidencia Ética y Desobediencia Civil.pdf,Disidencia Ética y Desobediencia Civil,Tecnodoc (Dept. PDF),meta,      😱 NUEVO 2026\🗓️ 2023-2024\ Nuevo 2024\ Enero-Junio\Junio\Disidencia Ética y Desobediencia Civil.pdf
El individuo libertario.pdf,NUEVA SOCIEDAD Número 42 Mayo - Junio p70-86,Aida,meta,      😱 NUEVO 2026\🗓️ 2023-2024\ Nuevo 2024\ Enero-Junio\Junio\El individuo libertario.pdf
El pequeño Libro Rojo del activista en la Red (Marta Peirano).pdf,El pequeño Libro Rojo del activista en la Red,Marta Peirano,filename,      😱 NUEVO 2026\🗓️ 2023-2024\ Nuevo 2024\ Enero-Junio\Junio\El pequeño Libro Rojo del activista en la Red (Marta Peirano).pdf
Huemer - Bitcoin.pdf,Bitcoin — Michael Huemer. Traducción del artículo originalmente… | by Libertad en Español | Medium,Huemer,meta,      😱 NUEVO 2026\🗓️ 2023-2024\ Nuevo 2024\ Enero-Junio\Junio\Huemer - Bitcoin.pdf
Huemer - Cómo detectar a un mentiroso.pdf,Cómo detectar a un mentiroso — Michael Huemer | by Libertad en Español | Medium,Huemer,meta,      😱 NUEVO 2026\🗓️ 2023-2024\ Nuevo 2024\ Enero-Junio\Junio\Huemer - Cómo detectar a un mentiroso.pdf
Huemer - El NAP es para bebés.pdf,El NAP es para bebés — Michael Huemer | by Libertad en Español | Medium,Huemer,meta,      😱 NUEVO 2026\🗓️ 2023-2024\ Nuevo 2024\ Enero-Junio\Junio\Huemer - El NAP es para bebés.pdf
Huemer - En contra de la igualdad.pdf,En contra de la igualdad — Michael Huemer | by Libertad en Español | Medium,Huemer,meta,      😱 NUEVO 2026\🗓️ 2023-2024\ Nuevo 2024\ Enero-Junio\Junio\Huemer - En contra de la igualdad.pdf
Huemer - Gobernantes inmorales.pdf,Gobernantes inmorales — Michael Huemer | by Libertad en Español | Medium,Huemer,meta,      😱 NUEVO 2026\🗓️ 2023-2024\ Nuevo 2024\ Enero-Junio\Junio\Huemer - Gobernantes inmorales.pdf
"Huemer - La búsqueda de rentas, culpando a todos y a nadie.pdf",La búsqueda de rentas: culpando a todos y a nadie — Michael Huemer | by Libertad en Español | Medium,Huemer,meta,"      😱 NUEVO 2026\🗓️ 2023-2024\ Nuevo 2024\ Enero-Junio\Junio\Huemer - La búsqueda de rentas, culpando a todos y a nadie.pdf"
Huemer - Las licencias son una tontería.pdf,Las licencias son una tontería — Michael Huemer | by Libertad en Español | Medium,Huemer,meta,      😱 NUEVO 2026\🗓️ 2023-2024\ Nuevo 2024\ Enero-Junio\Junio\Huemer - Las licencias son una tontería.pdf
Huemer - Psicologizando a los teóricos de la justicia social.pdf,Psicologizando a los teóricos de la justicia social — Michael Huemer | by Libertad en Español | Medium,Huemer,meta,      😱 NUEVO 2026\🗓️ 2023-2024\ Nuevo 2024\ Enero-Junio\Junio\Huemer - Psicologizando a los teóricos de la justicia social.pdf
La lingüística en Gramsci teoría de la comunicación política (Antonio Paoli).pdf,Antonio Paoli,Silvia,page1,      😱 NUEVO 2026\🗓️ 2023-2024\ Nuevo 2024\ Enero-Junio\Junio\La lingüística en Gramsci teoría de la comunicación política (Antonio Paoli).pdf
Leeson y Geloso - ¿Están locos los anarcocapitalistas_ Instituciones de conflicto islandesas medievales en perspectiva comparada.pdf,"¿Están locos los anarcocapitalistas? Instituciones de conflicto islandesas medievales en perspectiva comparada — Vincent Geloso, Peter Leeson | by Libertad en Español | Medium",Leeson y Geloso,meta,      😱 NUEVO 2026\🗓️ 2023-2024\ Nuevo 2024\ Enero-Junio\Junio\Leeson y Geloso - ¿Están locos los anarcocapitalistas_ Instituciones de conflicto islandesas medievales en perspectiva comparada.pdf
"Murphy - La ética de la argumentación de Hans-Hermann Hoppe, una crítica.pdf",La ética de la argumentación de Hans-Hermann Hoppe: una crítica — Robert P. Murphy | by Libertad en Español | Medium,Murphy,meta,"      😱 NUEVO 2026\🗓️ 2023-2024\ Nuevo 2024\ Enero-Junio\Junio\Murphy - La ética de la argumentación de Hans-Hermann Hoppe, una crítica.pdf"
Newdick - Anarquía y teoría de juegos.pdf,Anarquía y teoría de juegos — Doug Newdick | by Libertad en Español | Medium,Newdick,meta,      😱 NUEVO 2026\🗓️ 2023-2024\ Nuevo 2024\ Enero-Junio\Junio\Newdick - Anarquía y teoría de juegos.pdf
"Briceño - España, Telegram, censura e investigación criminal.pdf",Nolbert Briceño,Briceño,page1,"      😱 NUEVO 2026\🗓️ 2023-2024\ Nuevo 2024\ Enero-Junio\Marzo - Abril\Briceño - España, Telegram, censura e investigación criminal.pdf"
El mercantilismo mexicano versus el liberalismo inglés (Luis Ernesto Vázquez Medina).pdf,El MERCANTILISMO,Luis Ernesto Vázquez Medina,page1,      😱 NUEVO 2026\🗓️ 2023-2024\ Nuevo 2024\ Enero-Junio\Marzo - Abril\El mercantilismo mexicano versus el liberalismo inglés (Luis Ernesto Vázquez Medina).pdf
Quispe - Liberalismo.pdf,Liberalismo,Quispe,filename,      😱 NUEVO 2026\🗓️ 2023-2024\ Nuevo 2024\ Enero-Junio\Marzo - Abril\Quispe - Liberalismo.pdf
"Block - Ética, Eficiencia, Derechos de Propiedad Coasianos, e Ingreso Psíquico_ una respyesta a Damsetz.pdf",LIBERTAS 37,ESEADE,meta,"      😱 NUEVO 2026\🗓️ 2023-2024\ Nuevo 2024\ Enero-Junio\Mayo\Block - Ética, Eficiencia, Derechos de Propiedad Coasianos, e Ingreso Psíquico_ una respyesta a Damsetz.pdf"
20 puntos para la acción directa no-violenta.pdf,20 PUNTOS PARA LA PREPARACIÓN DE LA,,page1,      😱 NUEVO 2026\🗓️ 2023-2024\ Nuevo 2024\ Julio-Diciembre\20 puntos para la acción directa no-violenta.pdf
"Anarquismo es movimiento. Anarquismo, neoanarquismo y postanarquismo (Tomás Ibáñez).pdf",La mayoría de libros de Virus editorial se encuentran bajo licencias libres y para su libre descarga;,Tomás Ibáñez,page1,"      😱 NUEVO 2026\🗓️ 2023-2024\ Nuevo 2024\ Julio-Diciembre\Anarquismo es movimiento. Anarquismo, neoanarquismo y postanarquismo (Tomás Ibáñez).pdf"
Anarquismo frente a los nacionalismos (VV.AA.).pdf,Maquetación 1,VV.AA.,meta,      😱 NUEVO 2026\🗓️ 2023-2024\ Nuevo 2024\ Julio-Diciembre\Anarquismo frente a los nacionalismos (VV.AA.).pdf
"Anarquismo para principiantes (Marcos Mayer, Sanyu).pdf",Anarquismo para principiantes,"Marcos Mayer, Sanyu",filename,"      😱 NUEVO 2026\🗓️ 2023-2024\ Nuevo 2024\ Julio-Diciembre\Anarquismo para principiantes (Marcos Mayer, Sanyu).pdf"
Anarquismo. Una introducción (Dolors Marín).pdf,Anarquismo. Una introducción,Dolors Marín,filename,      😱 NUEVO 2026\🗓️ 2023-2024\ Nuevo 2024\ Julio-Diciembre\Anarquismo. Una introducción (Dolors Marín).pdf
Billetes de Trabajo Mutualistas.pdf,Billetes de Trabajo Mutualistas:,danivg1812024@outlook.com,meta,      😱 NUEVO 2026\🗓️ 2023-2024\ Nuevo 2024\ Julio-Diciembre\Billetes de Trabajo Mutualistas.pdf
Borders - La Peligrosa Idea de Jefferson.pdf,Underthrow: How Jefferson's Dangerous Idea Will Spark a New Revolution,Bordes máximos,meta,      😱 NUEVO 2026\🗓️ 2023-2024\ Nuevo 2024\ Julio-Diciembre\Borders - La Peligrosa Idea de Jefferson.pdf
Breve historia del anarquismo (Javier Paniagua Fuentes).pdf,Breve historia del anarquismo,Javier Paniagua Fuentes,filename,      😱 NUEVO 2026\🗓️ 2023-2024\ Nuevo 2024\ Julio-Diciembre\Breve historia del anarquismo (Javier Paniagua Fuentes).pdf
Buey - Desobediencia Civil.pdf,tripa_buey_web,JOHN CONSTANTINE,meta,      😱 NUEVO 2026\🗓️ 2023-2024\ Nuevo 2024\ Julio-Diciembre\Buey - Desobediencia Civil.pdf
Criptomonedas_ hackea tu camino hacia una vida mejor.pdf,"Cryptocurrencies: Hack your way to a better life: How Bitcoin, cryptocurrencies and a return to hard, non-inflationary currency will help us change our lives and the world","Bednár, Juraj",meta,      😱 NUEVO 2026\🗓️ 2023-2024\ Nuevo 2024\ Julio-Diciembre\Criptomonedas_ hackea tu camino hacia una vida mejor.pdf
"Denial Self-Deception, False Beliefs, and the Origins of the Human Mind (Ajit Varki, Danny Brower).pdf","Denial Self-Deception, False Beliefs, and the Origins of the Human Mind","Ajit Varki, Danny Brower",filename,"      😱 NUEVO 2026\🗓️ 2023-2024\ Nuevo 2024\ Julio-Diciembre\Denial Self-Deception, False Beliefs, and the Origins of the Human Mind (Ajit Varki, Danny Brower).pdf"
downs_cap-1-2-3-y-7.pdf,downs_cap-1-2-3-y-7,Facu Cruz,filename,      😱 NUEVO 2026\🗓️ 2023-2024\ Nuevo 2024\ Julio-Diciembre\downs_cap-1-2-3-y-7.pdf
El gobierno Invisible Think-tank los hilos que manejan el mundo (Bruno Cardeñosa).pdf,El gobierno Invisible Think-tank los hilos que manejan el mundo,Bruno Cardeñosa,filename,      😱 NUEVO 2026\🗓️ 2023-2024\ Nuevo 2024\ Julio-Diciembre\El gobierno Invisible Think-tank los hilos que manejan el mundo (Bruno Cardeñosa).pdf
Eso no estaba en mi libro de historia del anarquismo (Spanish Edition) (Gemma Ramos Ramos  David Martínez Fiol).pdf,Eso no estaba en mi libro de historia del anarquismo (Spanish Edition),Gemma Ramos Ramos & David Martínez Fiol,meta,      😱 NUEVO 2026\🗓️ 2023-2024\ Nuevo 2024\ Julio-Diciembre\Eso no estaba en mi libro de historia del anarquismo (Spanish Edition) (Gemma Ramos Ramos  David Martínez Fiol).pdf
Eva Peron - Loris Zanatta.pdf,Eva Perón,Loris Zanatta,meta,      😱 NUEVO 2026\🗓️ 2023-2024\ Nuevo 2024\ Julio-Diciembre\Eva Peron - Loris Zanatta.pdf
Grau - Una disección hoppeana de Javier Milei.pdf,Una disección hoppeana de Javier Milei - Instituto Rothbard,Grau,meta,      😱 NUEVO 2026\🗓️ 2023-2024\ Nuevo 2024\ Julio-Diciembre\Grau - Una disección hoppeana de Javier Milei.pdf
Grau - Una disección rothbardiana de Javier Milei.pdf,Una disección rothbardiana de Javier Milei - Instituto Rothbard,Grau,meta,      😱 NUEVO 2026\🗓️ 2023-2024\ Nuevo 2024\ Julio-Diciembre\Grau - Una disección rothbardiana de Javier Milei.pdf
Guía de Acción Directa No-Violenta.pdf,Guía de Acción Directa No-Violenta,,filename,      😱 NUEVO 2026\🗓️ 2023-2024\ Nuevo 2024\ Julio-Diciembre\Guía de Acción Directa No-Violenta.pdf
Guía para Campañas No-Violentas.pdf,VOLVER A TABLA DE CONTENIDOS,,page1,      😱 NUEVO 2026\🗓️ 2023-2024\ Nuevo 2024\ Julio-Diciembre\Guía para Campañas No-Violentas.pdf
Larken - Lo Que No Es La Anarquía.pdf,Lo Que No Es La Anarquía,Iván,filename,      😱 NUEVO 2026\🗓️ 2023-2024\ Nuevo 2024\ Julio-Diciembre\Larken - Lo Que No Es La Anarquía.pdf
Lucha no violenta contra Golpes de Estado.pdf,La No Violencia Internacional,,page1,      😱 NUEVO 2026\🗓️ 2023-2024\ Nuevo 2024\ Julio-Diciembre\Lucha no violenta contra Golpes de Estado.pdf
Lucha No Violenta_ Los 50 Puntos Crucialès.pdf,LUCHA NO VIOLENTA,,page1,      😱 NUEVO 2026\🗓️ 2023-2024\ Nuevo 2024\ Julio-Diciembre\Lucha No Violenta_ Los 50 Puntos Crucialès.pdf
Nos organizamos para el cambio social.pdf,"Nos organizamos para el cambio social. Un pequeño manual de ""Organizing""",Andrea(s) Speck,meta,      😱 NUEVO 2026\🗓️ 2023-2024\ Nuevo 2024\ Julio-Diciembre\Nos organizamos para el cambio social.pdf
Anarquismo y la psicología de la libertad.pdf,El anarquismo y la psicología de la libertad,Jorge Ekins,meta,      😱 NUEVO 2026\🗓️ 2023-2024\ Nuevo 2024\ Julio-Diciembre\Octubre\Anarquismo y la psicología de la libertad.pdf
Anarquía y orden. Ensayos sobre política (Herbert Read).pdf,Anarquía y orden. Ensayos sobre política,Herbert Read,filename,      😱 NUEVO 2026\🗓️ 2023-2024\ Nuevo 2024\ Julio-Diciembre\Octubre\Anarquía y orden. Ensayos sobre política (Herbert Read).pdf
Ayau - Un juego que no suma cero.pdf,Un juego que no suma cero,Manual Ayau Cordon,meta,      😱 NUEVO 2026\🗓️ 2023-2024\ Nuevo 2024\ Julio-Diciembre\Octubre\Ayau - Un juego que no suma cero.pdf
Bernays - Propaganda.pdf,«La manipulación consciente e inteligente de los hábitos,Bernays,page1,      😱 NUEVO 2026\🗓️ 2023-2024\ Nuevo 2024\ Julio-Diciembre\Octubre\Bernays - Propaganda.pdf
Caminos de libre mercado.pdf,"Caminos de libre mercado - Wikipedia, la enciclopedia libre",,meta,      😱 NUEVO 2026\🗓️ 2023-2024\ Nuevo 2024\ Julio-Diciembre\Octubre\Caminos de libre mercado.pdf
El Liberalismo Sin Adjetivos.pdf,El Liberalismo Sin Adjetivos,,filename,      😱 NUEVO 2026\🗓️ 2023-2024\ Nuevo 2024\ Julio-Diciembre\Octubre\El Liberalismo Sin Adjetivos.pdf
El origen del capitalismo de amigos latinoamericano actual.pdf,e-ISSN 2007-3496,,page1,      😱 NUEVO 2026\🗓️ 2023-2024\ Nuevo 2024\ Julio-Diciembre\Octubre\El origen del capitalismo de amigos latinoamericano actual.pdf
El_Colapso_Demográfico_desde_la_Perspectiva_del_Anarco_Capitalismo.pdf,El Colapso Demográfico desde la Perspectiva del Anarco-Capitalismo Un Análisis Empírico y Teórico,,meta,      😱 NUEVO 2026\🗓️ 2023-2024\ Nuevo 2024\ Julio-Diciembre\Octubre\El_Colapso_Demográfico_desde_la_Perspectiva_del_Anarco_Capitalismo.pdf
Globalismo Ingeniería social y control total en el siglo XXI (Agustín Laje).pdf,Globalismo: Ingeniería social y control total en el siglo XXI,Agustín Laje,meta,      😱 NUEVO 2026\🗓️ 2023-2024\ Nuevo 2024\ Julio-Diciembre\Octubre\Globalismo Ingeniería social y control total en el siglo XXI (Agustín Laje).pdf
Guerra en Ucrania (Carlos Alberto Patiño).pdf,Guerra en Ucrania,Carlos Alberto Patiño,filename,      😱 NUEVO 2026\🗓️ 2023-2024\ Nuevo 2024\ Julio-Diciembre\Octubre\Guerra en Ucrania (Carlos Alberto Patiño).pdf
Naciones y Nacionalismo desde 1780.pdf,ERIC HOBSBAWM CRÍTICA,,page1,      😱 NUEVO 2026\🗓️ 2023-2024\ Nuevo 2024\ Julio-Diciembre\Octubre\Naciones y Nacionalismo desde 1780.pdf
Naciones y Nacionalismos desde 1780 - Eric Hobsbawm.pdf,Naciones y Nacionalismos desde 1780,Eric Hobsbawm,meta,      😱 NUEVO 2026\🗓️ 2023-2024\ Nuevo 2024\ Julio-Diciembre\Octubre\Naciones y Nacionalismos desde 1780 - Eric Hobsbawm.pdf
No sólo es Soros La amenaza del globalismo totalitario en tiempos del coronavirus (Juan Antonio de Castro).pdf,No sólo es Soros La amenaza del globalismo totalitario en tiempos del coronavirus,Juan Antonio de Castro,filename,      😱 NUEVO 2026\🗓️ 2023-2024\ Nuevo 2024\ Julio-Diciembre\Octubre\No sólo es Soros La amenaza del globalismo totalitario en tiempos del coronavirus (Juan Antonio de Castro).pdf
"Obediencia al derecho, desobediencia civil y objeción de conciencia (Hernán A. Ortíz Rivas).pdf","MONOGRAFÍAS JURÍDICAS OBEDIENCIA AL DERECHO,",Hernán A. Ortíz Rivas,page1,"      😱 NUEVO 2026\🗓️ 2023-2024\ Nuevo 2024\ Julio-Diciembre\Octubre\Obediencia al derecho, desobediencia civil y objeción de conciencia (Hernán A. Ortíz Rivas).pdf"
Salvando al Planeta con Plaguicidas y Plásticos.pdf,Salvando al Planeta,usuario,page1,      😱 NUEVO 2026\🗓️ 2023-2024\ Nuevo 2024\ Julio-Diciembre\Octubre\Salvando al Planeta con Plaguicidas y Plásticos.pdf
Politicas Publicas Y Think Tanks (Salazar Vargas Carlos).pdf,Politicas Publicas Y Think Tanks,Salazar Vargas Carlos,filename,      😱 NUEVO 2026\🗓️ 2023-2024\ Nuevo 2024\ Julio-Diciembre\Politicas Publicas Y Think Tanks (Salazar Vargas Carlos).pdf
Primera puñalada al Nacionalismo.pdf,PRIMERA PUÑALADA AL NACIONALISMO,,page1,      😱 NUEVO 2026\🗓️ 2023-2024\ Nuevo 2024\ Julio-Diciembre\Primera puñalada al Nacionalismo.pdf
principios-de-economia.pdf,Principios de Economía,,meta,      😱 NUEVO 2026\🗓️ 2023-2024\ Nuevo 2024\ Julio-Diciembre\principios-de-economia.pdf
Segunda puñalada al Nacionalismo.pdf,SEGUNDA PUÑALADA AL NACIONALISMO,,page1,      😱 NUEVO 2026\🗓️ 2023-2024\ Nuevo 2024\ Julio-Diciembre\Segunda puñalada al Nacionalismo.pdf
Stenger - La Hipótesis Fallida de Dios.pdf,La Hipótesis Fallida de Dios,Stenger,filename,      😱 NUEVO 2026\🗓️ 2023-2024\ Nuevo 2024\ Julio-Diciembre\Stenger - La Hipótesis Fallida de Dios.pdf
Terminar con la Tiranía.pdf,LA LISTA DE CONTROL PARA TERMINAR CON LA,,page1,      😱 NUEVO 2026\🗓️ 2023-2024\ Nuevo 2024\ Julio-Diciembre\Terminar con la Tiranía.pdf
Venezuela_ la Revolución como espectáculo.pdf,Venezuela_ la Revolución como espectáculo,,filename,      😱 NUEVO 2026\🗓️ 2023-2024\ Nuevo 2024\ Julio-Diciembre\Venezuela_ la Revolución como espectáculo.pdf
Viaje a Liberland (Timothée Demeillers y Grégoire Osoha).pdf,Viaje a Liberland,Timothée Demeillers y Grégoire Osoha,filename,      😱 NUEVO 2026\🗓️ 2023-2024\ Nuevo 2024\ Julio-Diciembre\Viaje a Liberland (Timothée Demeillers y Grégoire Osoha).pdf
 Kinsella - Fundamentos Legales de la Sociedad Libre.pdf,LEGAL CIMIENTOS,Kinsella,page1,      😱 NUEVO 2026\🗓️ 2023-2024\ Nuevo 2024\ Kinsella - Fundamentos Legales de la Sociedad Libre.pdf
" Lepage - Mañana, el Capitalismo.pdf","Mañana, el Capitalismo",Lepage,filename,"      😱 NUEVO 2026\🗓️ 2023-2024\ Nuevo 2024\ Lepage - Mañana, el Capitalismo.pdf"
Anarquía Zen – John P. Clark.pdf,Anarquía Zen (2006) – John P.,,page1,      😱 NUEVO 2026\🗓️ 2023-2024\ Nuevo 2024\Anarquía Zen – John P. Clark.pdf
Bakunin Y El Socialismo Libertario (Cappelletti Angel).pdf,Bakunin Y El Socialismo Libertario,[Anarquismo en PDF],filename,      😱 NUEVO 2026\🗓️ 2023-2024\ Nuevo 2024\Bakunin Y El Socialismo Libertario (Cappelletti Angel).pdf
"Briceño - Secesión, el Estado de Mil Cabezas.pdf","Secesión, el Estado de Mil Cabezas",Briceño,filename,"      😱 NUEVO 2026\🗓️ 2023-2024\ Nuevo 2024\Briceño - Secesión, el Estado de Mil Cabezas.pdf"
Cine y Anarquismo (Richard Porton).pdf,Cine y Anarquismo,Richard Porton,filename,      😱 NUEVO 2026\🗓️ 2023-2024\ Nuevo 2024\Cine y Anarquismo (Richard Porton).pdf
EDUCACIÓN LIBRE Y OBLIGATORIA - MURRAY ROTHBARD Capítulo 2 Instrucción formal (Gabriel Luis Oxsa Quispe).pdf,EDUCACIÓN: LIBRE Y OBLIGATORIA MURRAY ROTHBARD,Gabriel Luis Oxsa Quispe,page1,      😱 NUEVO 2026\🗓️ 2023-2024\ Nuevo 2024\EDUCACIÓN LIBRE Y OBLIGATORIA - MURRAY ROTHBARD Capítulo 2 Instrucción formal (Gabriel Luis Oxsa Quispe).pdf
EDUCACIÓN LIBRE Y OBLIGATORIA MURRAY ROTHBARD CAPÍTULO 3 (Gabriel Luis Oxsa Quispe).pdf,EDUCACIÓN: LIBRE Y OBLIGATORIA MURRAY ROTHBARD,Gabriel Luis Oxsa Quispe,page1,      😱 NUEVO 2026\🗓️ 2023-2024\ Nuevo 2024\EDUCACIÓN LIBRE Y OBLIGATORIA MURRAY ROTHBARD CAPÍTULO 3 (Gabriel Luis Oxsa Quispe).pdf
Gramsci - Los intelectuales y la organización de la cultura.pdf,Los intelectuales y la organizacin de la cultura,Er3shkig@l,meta,      😱 NUEVO 2026\🗓️ 2023-2024\ Nuevo 2024\Gramsci - Los intelectuales y la organización de la cultura.pdf
Hayek - Estudios sobre el Abuso de la Razón.pdf,0 PRIMERAS PAGS estudios abuso razon OK_(10-1-19),mp6,meta,      😱 NUEVO 2026\🗓️ 2023-2024\ Nuevo 2024\Hayek - Estudios sobre el Abuso de la Razón.pdf
J. García - Contra la mayoría.pdf,Contra la mayoría,J. García,filename,      😱 NUEVO 2026\🗓️ 2023-2024\ Nuevo 2024\J. García - Contra la mayoría.pdf
"Kaiser y Zitelmann - El Odio a los Ricos_ Igualitarismo, decadencia económica y percepción pública.pdf","El Odio a los Ricos_ Igualitarismo, decadencia económica y percepción pública",Kaiser y Zitelmann,filename,"      😱 NUEVO 2026\🗓️ 2023-2024\ Nuevo 2024\Kaiser y Zitelmann - El Odio a los Ricos_ Igualitarismo, decadencia económica y percepción pública.pdf"
"No soy un hombre, ¡soy dinamita! Friedrich Nietzsche y la tradición anarquista.pdf","Anarchy Unbound: Homenaje a John Moore, por Jonathan",,page1,"      😱 NUEVO 2026\🗓️ 2023-2024\ Nuevo 2024\No soy un hombre, ¡soy dinamita! Friedrich Nietzsche y la tradición anarquista.pdf"
Quispe - Unos quechuas practicando el Anarcocapitalismo.pdf,Unos quechuas practicando el Anarcocapitalismo,Quispe,filename,      😱 NUEVO 2026\🗓️ 2023-2024\ Nuevo 2024\Quispe - Unos quechuas practicando el Anarcocapitalismo.pdf
"  Briceño - Norberto Bobbio, en jaque_ Análisis de sus principales obras.pdf","Norberto Bobbio, en jaque_ Análisis de sus principales obras",Briceño,filename,"     ✍️ EDITORIAL Acraci\  Briceño - Norberto Bobbio, en jaque_ Análisis de sus principales obras.pdf"
  Natali - El Estado Libre de Cospaia.pdf,El Estado Libre de Cospaia,Natali,filename,     ✍️ EDITORIAL Acraci\  Natali - El Estado Libre de Cospaia.pdf
 Beito - Sociedades Fraternales de Ayuda Mutua.pdf,Sociedades Fraternales de Ayuda Mutua,Beito,filename,     ✍️ EDITORIAL Acraci\ Beito - Sociedades Fraternales de Ayuda Mutua.pdf
 Briceño - Boicot_ salvador y verdugo de la sociedad.pdf,Boicot_ salvador y verdugo de la sociedad,Briceño,filename,     ✍️ EDITORIAL Acraci\ Briceño - Boicot_ salvador y verdugo de la sociedad.pdf
 Briceño - Minarquismo ¿El Jefe Final del Estatismo_.pdf,Minarquismo ¿El Jefe Final del Estatismo,Briceño,filename,     ✍️ EDITORIAL Acraci\ Briceño - Minarquismo ¿El Jefe Final del Estatismo_.pdf
 Capella - Praxeología y Economía.pdf,Praxeología y Economía,Capella,filename,     ✍️ EDITORIAL Acraci\ Capella - Praxeología y Economía.pdf
 Carson - Rothbardianos de Izquierda.pdf,Rothbardianos de Izquierda,Carson,filename,     ✍️ EDITORIAL Acraci\ Carson - Rothbardianos de Izquierda.pdf
 Cook- Libertarismo Nietzscheano_ Manifiesto para un Libertarismo Amoral.pdf,Cook- Libertarismo Nietzscheano_ Manifiesto para un Libertarismo Amoral,,filename,     ✍️ EDITORIAL Acraci\ Cook- Libertarismo Nietzscheano_ Manifiesto para un Libertarismo Amoral.pdf
 Gillis - Anarco-Transhumanismo.pdf,Anarco-Transhumanismo,Gillis,filename,     ✍️ EDITORIAL Acraci\ Gillis - Anarco-Transhumanismo.pdf
" Mercado Libre de Niños - Rothbard, Caplan, Block, O_Driscoll y Alexander.pdf","Rothbard, Caplan, Block, O_Driscoll y Alexander",Mercado Libre de Niños,filename,"     ✍️ EDITORIAL Acraci\ Mercado Libre de Niños - Rothbard, Caplan, Block, O_Driscoll y Alexander.pdf"
 Narveson - Contractualismo Libertario.pdf,Contractualismo Libertario,Narveson,filename,     ✍️ EDITORIAL Acraci\ Narveson - Contractualismo Libertario.pdf
 Rothbard - Pensamiento Griego.pdf,Pensamiento Griego,Rothbard,filename,     ✍️ EDITORIAL Acraci\ Rothbard - Pensamiento Griego.pdf
  Huemer - Ética Intuicionista.pdf,Ética Intuicionista,Huemer,filename,     ✍️ EDITORIAL Acraci\ 🔡 Traducciones\  Huemer - Ética Intuicionista.pdf
  Scheffel - La Ética Argumentativa.pdf,La Ética Argumentativa,Scheffel,filename,     ✍️ EDITORIAL Acraci\ 🔡 Traducciones\  Scheffel - La Ética Argumentativa.pdf
 Block - Desalojismo.pdf,Desalojismo,Block,filename,     ✍️ EDITORIAL Acraci\ 🔡 Traducciones\ Block - Desalojismo.pdf
 Block y Vandenberg - Esclavismo Contractua_ Argumentos a favor del Contrato de Esclavo Voluntariol.pdf,Esclavismo Contractua_ Argumentos a favor del Contrato de Esclavo Voluntariol,Block y Vandenberg,filename,     ✍️ EDITORIAL Acraci\ 🔡 Traducciones\ Block y Vandenberg - Esclavismo Contractua_ Argumentos a favor del Contrato de Esclavo Voluntariol.pdf
 Freiman - Utilitarismo Libertario.pdf,Utilitarismo Libertario,Freiman,filename,     ✍️ EDITORIAL Acraci\ 🔡 Traducciones\ Freiman - Utilitarismo Libertario.pdf
 Hoppeanismo.pdf,Hoppeanismo,,filename,     ✍️ EDITORIAL Acraci\ 🔡 Traducciones\ Hoppeanismo.pdf
 Huemer - Defensa de un Intuicionista Modesto.pdf,M I C H A E L H U E M E R,Huemer,page1,     ✍️ EDITORIAL Acraci\ 🔡 Traducciones\ Huemer - Defensa de un Intuicionista Modesto.pdf
 Huemer - Por qué No soy Kantiano.pdf,Por qué No soy Kantiano,Huemer,filename,     ✍️ EDITORIAL Acraci\ 🔡 Traducciones\ Huemer - Por qué No soy Kantiano.pdf
 Ketler - Ética Neo-Hoppeana.pdf,Ética Neo-Hoppeana,Ketler,filename,     ✍️ EDITORIAL Acraci\ 🔡 Traducciones\ Ketler - Ética Neo-Hoppeana.pdf
 Kinsella - Estoppel_ Una Nueva Justificación para los Derechos Individuales.pdf,E S T O P P E L,Kinsella,page1,     ✍️ EDITORIAL Acraci\ 🔡 Traducciones\ Kinsella - Estoppel_ Una Nueva Justificación para los Derechos Individuales.pdf
 Klein - Comunitarismo Libertario.pdf,Comunitarismo Libertario,Klein,filename,     ✍️ EDITORIAL Acraci\ 🔡 Traducciones\ Klein - Comunitarismo Libertario.pdf
 Kuznicki - Libertarismo Kantiano.pdf,Libertarismo Kantiano,Kuznicki,filename,     ✍️ EDITORIAL Acraci\ 🔡 Traducciones\ Kuznicki - Libertarismo Kantiano.pdf
 Lester - Racionalismo Crítico Libertario.pdf,Racionalismo Crítico Libertario,Lester,filename,     ✍️ EDITORIAL Acraci\ 🔡 Traducciones\ Lester - Racionalismo Crítico Libertario.pdf
 Mack - Iusnaturalismo Libertario.pdf,Iusnaturalismo Libertario,Mack,filename,     ✍️ EDITORIAL Acraci\ 🔡 Traducciones\ Mack - Iusnaturalismo Libertario.pdf
 Miron - Violencia y Prohibición de las Drogas.pdf,Violencia y Prohibición de las Drogas,Miron,filename,     ✍️ EDITORIAL Acraci\ 🔡 Traducciones\ Miron - Violencia y Prohibición de las Drogas.pdf
 Nilsson - Anarco-Fascismo_ El Renacimiento de la Naturaleza.pdf,Anarco-Fascismo_ El Renacimiento de la Naturaleza,Nilsson,filename,     ✍️ EDITORIAL Acraci\ 🔡 Traducciones\ Nilsson - Anarco-Fascismo_ El Renacimiento de la Naturaleza.pdf
 Stringham y Zywicki - Hayekianismo Anarquista.pdf,Hayekianismo Anarquista,Stringham y Zywicki,filename,     ✍️ EDITORIAL Acraci\ 🔡 Traducciones\ Stringham y Zywicki - Hayekianismo Anarquista.pdf
 Thrasher - Ordenando la Anarquía.pdf,Ordenando la Anarquía,Thrasher,filename,     ✍️ EDITORIAL Acraci\ 🔡 Traducciones\ Thrasher - Ordenando la Anarquía.pdf
 Vernaglione - El Anarco-Capitalismo.pdf,El Anarco-Capitalismo,Vernaglione,filename,     ✍️ EDITORIAL Acraci\ 🔡 Traducciones\ Vernaglione - El Anarco-Capitalismo.pdf
Badhwar - Objetivismo Libertario.pdf,Objetivismo Libertario,Badhwar,filename,     ✍️ EDITORIAL Acraci\ 🔡 Traducciones\Badhwar - Objetivismo Libertario.pdf
Baysoy - Anarquismo Conservador.pdf,Anarquismo Conservador,Baysoy,filename,     ✍️ EDITORIAL Acraci\ 🔡 Traducciones\Baysoy - Anarquismo Conservador.pdf
Borders y J. Tucker - 99 Formas de Salir del Leviatán.pdf,F O R M A S S A L I R D E L,Borders y J. Tucker,page1,     ✍️ EDITORIAL Acraci\ 🔡 Traducciones\Borders y J. Tucker - 99 Formas de Salir del Leviatán.pdf
C. Johnson - Anticapitalismo Libertario.pdf,Anticapitalismo Libertario,C. Johnson,filename,     ✍️ EDITORIAL Acraci\ 🔡 Traducciones\C. Johnson - Anticapitalismo Libertario.pdf
Copia de  Beito - Sociedades Fraternales de Ayuda Mutua.pdf,Sociedades Fraternales de Ayuda Mutua,Copia de  Beito,filename,     ✍️ EDITORIAL Acraci\ 🔡 Traducciones\Copia de  Beito - Sociedades Fraternales de Ayuda Mutua.pdf
Foldvary - Geoanarquismo.pdf,Geoanarquismo,Foldvary,filename,     ✍️ EDITORIAL Acraci\ 🔡 Traducciones\Foldvary - Geoanarquismo.pdf
Folvary - Provisión Privada de Bienes Públicos.pdf,Provisión Privada de Bienes Públicos,Folvary,filename,     ✍️ EDITORIAL Acraci\ 🔡 Traducciones\Folvary - Provisión Privada de Bienes Públicos.pdf
Huemer - Resumen de Ética Intuicionista.pdf,RESUMEN DE ÉTICA INTUICIONISTA,Huemer,page1,     ✍️ EDITORIAL Acraci\ 🔡 Traducciones\Huemer - Resumen de Ética Intuicionista.pdf
Kilercioglu - Anarco-Capitalismo en 9 Preguntas.pdf,Anarco-Capitalismo en 9 Preguntas,Kilercioglu,filename,     ✍️ EDITORIAL Acraci\ 🔡 Traducciones\Kilercioglu - Anarco-Capitalismo en 9 Preguntas.pdf
Lake - El Intuicionismo en la Ética.pdf,El Intuicionismo en la Ética,Lake,filename,     ✍️ EDITORIAL Acraci\ 🔡 Traducciones\Lake - El Intuicionismo en la Ética.pdf
LeBar - Eudemonismo Libertario.pdf,Eudemonismo Libertario,LeBar,filename,     ✍️ EDITORIAL Acraci\ 🔡 Traducciones\LeBar - Eudemonismo Libertario.pdf
Ouroboros - Autarquismo Anárquico.pdf,Autarquismo Anárquico,Ouroboros,filename,     ✍️ EDITORIAL Acraci\ 🔡 Traducciones\Ouroboros - Autarquismo Anárquico.pdf
"Propiedad y el Fantasma del Dolor, El Pasado como una Idea Fija.pdf","Propiedad y el Fantasma del Dolor, El Pasado como una Idea Fija",,filename,"     ✍️ EDITORIAL Acraci\ 🔡 Traducciones\Propiedad y el Fantasma del Dolor, El Pasado como una Idea Fija.pdf"
Rozeff - Esencia del Panarquismo.pdf,Esencia del Panarquismo,Rozeff,filename,     ✍️ EDITORIAL Acraci\ 🔡 Traducciones\Rozeff - Esencia del Panarquismo.pdf
S. Pierre - Proyecto Estado Libre de New Hampshire (Guía).pdf,S. Pierre - Proyecto Estado Libre de New Hampshire,Guía,filename,     ✍️ EDITORIAL Acraci\ 🔡 Traducciones\S. Pierre - Proyecto Estado Libre de New Hampshire (Guía).pdf
Sciabarra - Crisis del Dualismo Libertario.pdf,Crisis del Dualismo Libertario,Sciabarra,filename,     ✍️ EDITORIAL Acraci\ 🔡 Traducciones\Sciabarra - Crisis del Dualismo Libertario.pdf
Shaffer - Una Crítica Libertaria a la Propiedad Intelectual.pdf,Una Crítica Libertaria a la Propiedad Intelectual,Shaffer,filename,     ✍️ EDITORIAL Acraci\ 🔡 Traducciones\Shaffer - Una Crítica Libertaria a la Propiedad Intelectual.pdf
Stringham - Gobernanza Privada.pdf,Gobernanza Privada,Stringham,filename,     ✍️ EDITORIAL Acraci\ 🔡 Traducciones\Stringham - Gobernanza Privada.pdf
Batalha - Consideraciones Finales sobre el Ambientalismo.pdf,Sin título-12,RibzeR,meta,     ✍️ EDITORIAL Acraci\ 🔡 Traducciones\✂️ Extractos\Batalha - Consideraciones Finales sobre el Ambientalismo.pdf
Batalha - Ecologismo y Libre Mercado.pdf,Sin título-11,RibzeR,meta,     ✍️ EDITORIAL Acraci\ 🔡 Traducciones\✂️ Extractos\Batalha - Ecologismo y Libre Mercado.pdf
Batalha - La Sobrepoblación.pdf,Sin título-3,RibzeR,meta,     ✍️ EDITORIAL Acraci\ 🔡 Traducciones\✂️ Extractos\Batalha - La Sobrepoblación.pdf
Batalha - Libertarismo y Economía.pdf,Sin título-1,RibzeR,meta,     ✍️ EDITORIAL Acraci\ 🔡 Traducciones\✂️ Extractos\Batalha - Libertarismo y Economía.pdf
Batalha - Recursos.pdf,Sin título-2,RibzeR,meta,     ✍️ EDITORIAL Acraci\ 🔡 Traducciones\✂️ Extractos\Batalha - Recursos.pdf
Bell - Comunidades Privadas.pdf,Sin título-7,RibzeR,meta,     ✍️ EDITORIAL Acraci\ 🔡 Traducciones\✂️ Extractos\Bell - Comunidades Privadas.pdf
Bell - Derecho Policentrico en Internet.pdf,Sin título-8,RibzeR,meta,     ✍️ EDITORIAL Acraci\ 🔡 Traducciones\✂️ Extractos\Bell - Derecho Policentrico en Internet.pdf
Bell - Resolución Alternativa de Conflictos.pdf,Sin título-6,RibzeR,meta,     ✍️ EDITORIAL Acraci\ 🔡 Traducciones\✂️ Extractos\Bell - Resolución Alternativa de Conflictos.pdf
Block - Política Exterior.pdf,POLÍTICA EXTERIOR,tabito,page1,     ✍️ EDITORIAL Acraci\ 🔡 Traducciones\✂️ Extractos\Block - Política Exterior.pdf
Borders - El Futuro de la Gobernanza.pdf,Borders -,RibzeR,meta,     ✍️ EDITORIAL Acraci\ 🔡 Traducciones\✂️ Extractos\Borders - El Futuro de la Gobernanza.pdf
Cook - El Objetivo del Libertario Nietzscheano.pdf,Sin título-3,RibzeR,meta,     ✍️ EDITORIAL Acraci\ 🔡 Traducciones\✂️ Extractos\Cook - El Objetivo del Libertario Nietzscheano.pdf
Cook - El Problema de la Moralidad.pdf,Sin título-1,RibzeR,meta,     ✍️ EDITORIAL Acraci\ 🔡 Traducciones\✂️ Extractos\Cook - El Problema de la Moralidad.pdf
Cook - El Sistema Moral del Hombre Moderno.pdf,Sin título-2,RibzeR,meta,     ✍️ EDITORIAL Acraci\ 🔡 Traducciones\✂️ Extractos\Cook - El Sistema Moral del Hombre Moderno.pdf
Cook - La Perspectiva Amoral.pdf,Sin título-4,RibzeR,meta,     ✍️ EDITORIAL Acraci\ 🔡 Traducciones\✂️ Extractos\Cook - La Perspectiva Amoral.pdf
Cook - Moral Libertaria.pdf,Sin título-5,RibzeR,meta,     ✍️ EDITORIAL Acraci\ 🔡 Traducciones\✂️ Extractos\Cook - Moral Libertaria.pdf
Lake - Epistemología Intuicionista.pdf,Sin título-9,RibzeR,meta,     ✍️ EDITORIAL Acraci\ 🔡 Traducciones\✂️ Extractos\Lake - Epistemología Intuicionista.pdf
Lake - Metafísica Intuicionista.pdf,Sin título-10,RibzeR,meta,     ✍️ EDITORIAL Acraci\ 🔡 Traducciones\✂️ Extractos\Lake - Metafísica Intuicionista.pdf
Max Borders - El Fin de la Política.pdf,EL FIN DE LA POLÍTICA,tabito,page1,     ✍️ EDITORIAL Acraci\ 🔡 Traducciones\✂️ Extractos\Max Borders - El Fin de la Política.pdf
Poder Dual y Agorismo para una Sociedad Libre.pdf,Sin título-2,RibzeR,meta,     ✍️ EDITORIAL Acraci\ 🔡 Traducciones\✂️ Extractos\Poder Dual y Agorismo para una Sociedad Libre.pdf
Vernaglione - Transicion al Anarcocapitalismo.pdf,Sin título-5,RibzeR,meta,     ✍️ EDITORIAL Acraci\ 🔡 Traducciones\✂️ Extractos\Vernaglione - Transicion al Anarcocapitalismo.pdf
Anarquismo de Mercado FAQ (C4SS).pdf,Anarquismo de Mercado FAQ,C4SS,filename,     ✍️ EDITORIAL Acraci\Anarquismo de Mercado FAQ (C4SS).pdf
Briceño - ¿Quién Dirige al Estado_.pdf,¿Quién Dirige al Estado,Briceño,filename,     ✍️ EDITORIAL Acraci\Briceño - ¿Quién Dirige al Estado_.pdf
Capella - Derecho de Propiedad.pdf,Derecho de Propiedad,Capella,filename,     ✍️ EDITORIAL Acraci\Capella - Derecho de Propiedad.pdf
El Hombre en el Mundo (Choquenaira).pdf,El Hombre en el Mundo,Choquenaira,filename,     ✍️ EDITORIAL Acraci\El Hombre en el Mundo (Choquenaira).pdf
Simmons - El Anarquismo Filosófico.pdf,EL ANARQUISMO FILOSÓFICO,Simmons,page1,     ✍️ EDITORIAL Acraci\Simmons - El Anarquismo Filosófico.pdf
Tolbert - Anarco-Estoicismo_ Una Introducción.pdf,Anarco-Estoicismo_ Una Introducción,Tolbert,filename,     ✍️ EDITORIAL Acraci\Tolbert - Anarco-Estoicismo_ Una Introducción.pdf
  Sandh - Ética Argumentativa No-Cognitivista.pdf,Ética Argumentativa No-Cognitivista,Sandh,filename,     ✍️ EDITORIAL Acraci\👥 Comunidad\  Sandh - Ética Argumentativa No-Cognitivista.pdf
Briceño - Contra la Ética Argumentativa.pdf,Contra la Ética Argumentativa,Briceño,filename,     ✍️ EDITORIAL Acraci\👥 Comunidad\Briceño - Contra la Ética Argumentativa.pdf
Briceño - La Fantasía de la Democracia.pdf,La Fantasía de la Democracia,Briceño,filename,     ✍️ EDITORIAL Acraci\👥 Comunidad\Briceño - La Fantasía de la Democracia.pdf
Farias - La Democracia como Estafa Piramidal_ Una Mirada Praxeológica.pdf,La Democracia como Estafa Piramidal_ Una Mirada Praxeológica,Farias,filename,     ✍️ EDITORIAL Acraci\👥 Comunidad\Farias - La Democracia como Estafa Piramidal_ Una Mirada Praxeológica.pdf
MacGyver - El Amanecer de la Libertad_ La Sociedad Post-Estatista.pdf,El Amanecer de la Libertad_ La Sociedad Post-Estatista,MacGyver,filename,     ✍️ EDITORIAL Acraci\👥 Comunidad\MacGyver - El Amanecer de la Libertad_ La Sociedad Post-Estatista.pdf
Meza - Análisis Crítico de la Propiedad Intelectual.pdf,Análisis Crítico de la Propiedad Intelectual,Meza,filename,     ✍️ EDITORIAL Acraci\👥 Comunidad\Meza - Análisis Crítico de la Propiedad Intelectual.pdf
Montse - Contra el Feminismo Mainstream.pdf,Contra el Feminismo Mainstream,Montse,filename,     ✍️ EDITORIAL Acraci\👥 Comunidad\Montse - Contra el Feminismo Mainstream.pdf
Olecram - Contra el Feminismo Interseccional.pdf,Contra el Feminismo Interseccional,Olecram,filename,     ✍️ EDITORIAL Acraci\👥 Comunidad\Olecram - Contra el Feminismo Interseccional.pdf
Sandh - Anarco-Divergencia.pdf,Anarco-Divergencia,Sandh,filename,     ✍️ EDITORIAL Acraci\👥 Comunidad\Sandh - Anarco-Divergencia.pdf
Sergio BM - Mileiboys y la Alta Preferencia Temporal.pdf,Mileiboys y la Alta Preferencia Temporal,Sergio BM,filename,     ✍️ EDITORIAL Acraci\👥 Comunidad\Sergio BM - Mileiboys y la Alta Preferencia Temporal.pdf
Sergio BM - Puristas Vs. Reformistas_ Un ensayo sobre la Preferencia Temporal.pdf,Puristas Vs. Reformistas_ Un ensayo sobre la Preferencia Temporal,Sergio BM,filename,     ✍️ EDITORIAL Acraci\👥 Comunidad\Sergio BM - Puristas Vs. Reformistas_ Un ensayo sobre la Preferencia Temporal.pdf
Trimeresurus - Sobre la Moralidad Libertaria.pdf,Sobre la Moralidad Libertaria,Trimeresurus,filename,     ✍️ EDITORIAL Acraci\👥 Comunidad\Trimeresurus - Sobre la Moralidad Libertaria.pdf
Tucu - De la Libertad a los Liberales.pdf,De la Libertad a los Liberales,Tucu,filename,     ✍️ EDITORIAL Acraci\👥 Comunidad\Tucu - De la Libertad a los Liberales.pdf
 Bagus - Diques Privados.pdf,Diques Privados,Bagus,filename,     ✍️ EDITORIAL Acraci\🖼️ Diseños\ Bagus - Diques Privados.pdf
 Brennan - Pluralismo Libertario.pdf,Pluralismo Libertario,Brennan,filename,     ✍️ EDITORIAL Acraci\🖼️ Diseños\ Brennan - Pluralismo Libertario.pdf
 Bylund - El Anarco-Socialismo y sus Problemas.pdf,El Anarco-Socialismo y sus Problemas,Bylund,filename,     ✍️ EDITORIAL Acraci\🖼️ Diseños\ Bylund - El Anarco-Socialismo y sus Problemas.pdf
 DiLorenzo - El Mito del Monopolio Natural.pdf,El Mito del Monopolio Natural,DiLorenzo,filename,     ✍️ EDITORIAL Acraci\🖼️ Diseños\ DiLorenzo - El Mito del Monopolio Natural.pdf
 Galles - Prohibiciones en Libertad.pdf,Prohibiciones en Libertad,Galles,filename,     ✍️ EDITORIAL Acraci\🖼️ Diseños\ Galles - Prohibiciones en Libertad.pdf
 Hoppe - Mises Vs. Keynes.pdf,Mises Vs. Keynes,Hoppe,filename,     ✍️ EDITORIAL Acraci\🖼️ Diseños\ Hoppe - Mises Vs. Keynes.pdf
 Hoppe - Socialismo Conservador.pdf,Socialismo Conservador,Hoppe,filename,     ✍️ EDITORIAL Acraci\🖼️ Diseños\ Hoppe - Socialismo Conservador.pdf
 Huemer - Conservadurismo Fenomenal Compasionado.pdf,Conservadurismo Fenomenal Compasionado,Huemer,filename,     ✍️ EDITORIAL Acraci\🖼️ Diseños\ Huemer - Conservadurismo Fenomenal Compasionado.pdf
 Huemer - Derechos de Armas.pdf,Derechos de Armas,Huemer,filename,     ✍️ EDITORIAL Acraci\🖼️ Diseños\ Huemer - Derechos de Armas.pdf
 Huemer - Intuicionismo Libertario.pdf,Intuicionismo Libertario,Huemer,filename,     ✍️ EDITORIAL Acraci\🖼️ Diseños\ Huemer - Intuicionismo Libertario.pdf
 Huemer - Por qué No soy Objetivista.pdf,Por qué No soy Objetivista,Huemer,filename,     ✍️ EDITORIAL Acraci\🖼️ Diseños\ Huemer - Por qué No soy Objetivista.pdf
 Hülsman - Contra los neoliberales.pdf,Contra los neoliberales,Hülsman,filename,     ✍️ EDITORIAL Acraci\🖼️ Diseños\ Hülsman - Contra los neoliberales.pdf
 Hülsman - Socialismo Nazi.pdf,Socialismo Nazi,Hülsman,filename,     ✍️ EDITORIAL Acraci\🖼️ Diseños\ Hülsman - Socialismo Nazi.pdf
 McElroy - El Anarquismo Americano.pdf,El Anarquismo Americano,McElroy,filename,     ✍️ EDITORIAL Acraci\🖼️ Diseños\ McElroy - El Anarquismo Americano.pdf
 Raico - ¿Es Amoral el Libertarismo_.pdf,¿Es Amoral el Libertarismo,Raico,filename,     ✍️ EDITORIAL Acraci\🖼️ Diseños\ Raico - ¿Es Amoral el Libertarismo_.pdf
 Rockwell - Libertarismo y Vieja Derecha.pdf,Libertarismo y Vieja Derecha,Rockwell,filename,     ✍️ EDITORIAL Acraci\🖼️ Diseños\ Rockwell - Libertarismo y Vieja Derecha.pdf
 Rothbard - Mitos del Libertarismo.pdf,Mitos del Libertarismo,Rothbard,filename,     ✍️ EDITORIAL Acraci\🖼️ Diseños\ Rothbard - Mitos del Libertarismo.pdf
 Rothbard - Purismo Libertario.pdf,Purismo Libertario,Rothbard,filename,     ✍️ EDITORIAL Acraci\🖼️ Diseños\ Rothbard - Purismo Libertario.pdf
 Woods - Anatomía de un Ignorante Económico.pdf,Anatomía de un Ignorante Económico,Woods,filename,     ✍️ EDITORIAL Acraci\🖼️ Diseños\ Woods - Anatomía de un Ignorante Económico.pdf
Adriá - ¿Qué es el Liberalismo_.pdf,¿Qué es el Liberalismo,Adriá,filename,     ✍️ EDITORIAL Acraci\🖼️ Diseños\Adriá - ¿Qué es el Liberalismo_.pdf
McElroy - El Aborto.pdf,El Aborto,McElroy,page1,     ✍️ EDITORIAL Acraci\🖼️ Diseños\Artículos varios\McElroy - El Aborto.pdf
Brennan - Ética Argumentativa Refutada.pdf,É T I C A ARGUMENTATIVA,Brennan,page1,     ✍️ EDITORIAL Acraci\🖼️ Diseños\Brennan - Ética Argumentativa Refutada.pdf
" Carmena - Haller, un reaccionario Anarcocapitalismo.pdf","Haller, un reaccionario Anarcocapitalismo",Carmena,filename,"     ✍️ EDITORIAL Acraci\🖼️ Diseños\Español Nativo\ Carmena - Haller, un reaccionario Anarcocapitalismo.pdf"
Hoppe - Contra el Relativismo y el Positivismo.pdf,Contra el Relativismo y el Positivismo,Hoppe,filename,     ✍️ EDITORIAL Acraci\🖼️ Diseños\Hoppe - Contra el Relativismo y el Positivismo.pdf
Kinsella - ¿Qué es el Libertarismo_.pdf,¿Qué es el Libertarismo,Kinsella,filename,     ✍️ EDITORIAL Acraci\🖼️ Diseños\Kinsella - ¿Qué es el Libertarismo_.pdf
Lima - Revolución Libertaria en Brazil.pdf,Revolución Libertaria en Brazil,Lima,filename,     ✍️ EDITORIAL Acraci\🖼️ Diseños\Lima - Revolución Libertaria en Brazil.pdf
Long - El Argumento Hoppriori.pdf,Δ C R Δ C I Δ,Long,page1,     ✍️ EDITORIAL Acraci\🖼️ Diseños\Long - El Argumento Hoppriori.pdf
Long - Lo que el Imperio le hace a una Cultura.pdf,Lo que el Imperio le hace a una Cultura,Long,filename,     ✍️ EDITORIAL Acraci\🖼️ Diseños\Long - Lo que el Imperio le hace a una Cultura.pdf
Mises - Fundamentos Económicos de la Libertad.pdf,Fundamentos Económicos de la Libertad,Mises,filename,     ✍️ EDITORIAL Acraci\🖼️ Diseños\Mises - Fundamentos Económicos de la Libertad.pdf
Rothbard - Burócratas y Funcionarios en EE.UU.pdf,Burócratas y Funcionarios en EE.UU,Rothbard,filename,     ✍️ EDITORIAL Acraci\🖼️ Diseños\Rothbard - Burócratas y Funcionarios en EE.UU.pdf
Rothbard - Cómo Desocializar y Cómo No.pdf,Cómo Desocializar y Cómo No,Rothbard,filename,     ✍️ EDITORIAL Acraci\🖼️ Diseños\Rothbard - Cómo Desocializar y Cómo No.pdf
Rothbard - Fusionismo Libertario.pdf,Fusionismo Libertario,Rothbard,filename,     ✍️ EDITORIAL Acraci\🖼️ Diseños\Rothbard - Fusionismo Libertario.pdf
 Auberon Herbert.pdf,Auberon Herbert,,page1,    🤓 AUTORES\   CATEGORÍAS\   👴 Precursores\   🏴 Proto-Anarquistas\ Auberon Herbert\ Auberon Herbert.pdf
Auberon - Sobre el voluntarismo.pdf,Auberon Herbert,Auberon,page1,    🤓 AUTORES\   CATEGORÍAS\   👴 Precursores\   🏴 Proto-Anarquistas\ Auberon Herbert\Auberon - Sobre el voluntarismo.pdf
Cappelletti - Prehistoria del anarquismo.pdf,Prehistoria del anarquismo,Angel Cappelletti,meta,    🤓 AUTORES\   CATEGORÍAS\   👴 Precursores\   🏴 Proto-Anarquistas\Cappelletti - Prehistoria del anarquismo.pdf
Epicuro - Obras.pdf,Obras,Epicuro,meta,    🤓 AUTORES\   CATEGORÍAS\   👴 Precursores\   🏴 Proto-Anarquistas\Epicuro - Obras.pdf
Cómplices o enemigos_ 2 modelos de sociedad en el discurso de Étenne de la Boetie.pdf,kaf 02 [ 48,,page1,    🤓 AUTORES\   CATEGORÍAS\   👴 Precursores\   🏴 Proto-Anarquistas\Etienne de la Boetie\Sobre la Boetie\Cómplices o enemigos_ 2 modelos de sociedad en el discurso de Étenne de la Boetie.pdf
El problema del poder en la obra de Etienne de la Boetie.pdf,El problema del poder en la obra de Étienne de La Boétie,"Roman, Maximiliano",meta,    🤓 AUTORES\   CATEGORÍAS\   👴 Precursores\   🏴 Proto-Anarquistas\Etienne de la Boetie\Sobre la Boetie\El problema del poder en la obra de Etienne de la Boetie.pdf
La servidumbre voluntaria y la condición humana.pdf,LA SERVIDUMBRE VOLUNTARIA Y LA CONDICION HUMANA,,page1,    🤓 AUTORES\   CATEGORÍAS\   👴 Precursores\   🏴 Proto-Anarquistas\Etienne de la Boetie\Sobre la Boetie\La servidumbre voluntaria y la condición humana.pdf
Étienne de La Boétie_ el lenguaje de la amistad contra la servidumbre del nombre.pdf,Étienne de La Boétie: el lenguaje de la amistad contra la servidumbre del nombre,Stefano Visentin,meta,    🤓 AUTORES\   CATEGORÍAS\   👴 Precursores\   🏴 Proto-Anarquistas\Etienne de la Boetie\Sobre la Boetie\Étienne de La Boétie_ el lenguaje de la amistad contra la servidumbre del nombre.pdf
 Paul Émile de Puydt.pdf,Paul Émile de Puydt,,page1,    🤓 AUTORES\   CATEGORÍAS\   👴 Precursores\   🏴 Proto-Anarquistas\Paul Emile de Puydt\ Paul Émile de Puydt.pdf
La Libertad a la larga siempre conduce a la Liberación - Paul Emile de Puydt.pdf,"""AUNQUE LA LIBERTAD TIENE SUS INCONVENIENTES Y DIFICULTADES, A LA LARGA",tabito,page1,    🤓 AUTORES\   CATEGORÍAS\   👴 Precursores\   🏴 Proto-Anarquistas\Paul Emile de Puydt\La Libertad a la larga siempre conduce a la Liberación - Paul Emile de Puydt.pdf
Puydt - Panarquía.pdf,MAY · KIRTCHEV · BARLOW · NAKAMOTO RECOPILACIÓN POR SIMÓN OCAMPO,Puydt,page1,    🤓 AUTORES\   CATEGORÍAS\   👴 Precursores\   🏴 Proto-Anarquistas\Paul Emile de Puydt\Puydt - Panarquía.pdf
"Señores, yo soy amigo de todo el mundo - Paul Emile de Puydt.pdf","SEÑORES, YO SOY AMIGO DE TODO EL MUNDO"" (SOSIAS, PERSONAJE DE “EL ANFITRIÓN”, DE MOLIÈRE)",tabito,page1,"    🤓 AUTORES\   CATEGORÍAS\   👴 Precursores\   🏴 Proto-Anarquistas\Paul Emile de Puydt\Señores, yo soy amigo de todo el mundo - Paul Emile de Puydt.pdf"
Prehistoria Del Anarquismo (Cappelletti Angel).pdf,Prehistoria Del Anarquismo,Cappelletti Angel,filename,    🤓 AUTORES\   CATEGORÍAS\   👴 Precursores\   🏴 Proto-Anarquistas\Prehistoria Del Anarquismo (Cappelletti Angel).pdf
 Mises - La Acción Humana_ Tratado de Economía.pdf,La Acción Humana,Mises,meta,    🤓 AUTORES\   CATEGORÍAS\   👴 Precursores\ Mises - La Acción Humana_ Tratado de Economía.pdf
El Credo Voluntarista - Auberon Herbert.pdf,Auberon Herbert,El Credo Voluntarista,filename,    🤓 AUTORES\   CATEGORÍAS\   👴 Precursores\El Credo Voluntarista - Auberon Herbert.pdf
La Panarquía y otros ensayos panarquistas.pdf,La Panarquía,,meta,    🤓 AUTORES\   CATEGORÍAS\   👴 Precursores\La Panarquía y otros ensayos panarquistas.pdf
 Gustave de Molinari.pdf,Gustave de Molinari,,page1,    🤓 AUTORES\   CATEGORÍAS\  🌗 Ancaps-Voluntaristas\  Gustave de Molinari\ Gustave de Molinari.pdf
Molinari - Competencia Política Vs. Competencia de Mercado.pdf,Published on Mises Institute (https://mises.org),Molinari,page1,    🤓 AUTORES\   CATEGORÍAS\  🌗 Ancaps-Voluntaristas\  Gustave de Molinari\Molinari - Competencia Política Vs. Competencia de Mercado.pdf
Molinari - Las veladas de la calle Saint-Lazare. Cap 11.pdf,2.png)Presentación de un orden de justicia y seguridad sin Estado en,Molinari,page1,    🤓 AUTORES\   CATEGORÍAS\  🌗 Ancaps-Voluntaristas\  Gustave de Molinari\Molinari - Las veladas de la calle Saint-Lazare. Cap 11.pdf
Galles - Recordando a Gustave de Molinari.pdf,(http://www.mises.org.es/wp-content/uploads/2015/03/1758.jpg)El 3,Galles,page1,    🤓 AUTORES\   CATEGORÍAS\  🌗 Ancaps-Voluntaristas\  Gustave de Molinari\Sobre Molinari\Galles - Recordando a Gustave de Molinari.pdf
Gustave de Molinari (1819-1912) (Gabriel Calzada).pdf,gustavo-seguridad-300.jpg)Mencionar a Gustave de Molinari y,Gabriel Calzada,page1,    🤓 AUTORES\   CATEGORÍAS\  🌗 Ancaps-Voluntaristas\  Gustave de Molinari\Sobre Molinari\Gustave de Molinari (1819-1912) (Gabriel Calzada).pdf
Los luditas progresistas y las últimas palabras de Gustave de Molinari (Louis Rouanet).pdf,"pesar de un aparentemente interminable de ejemplos contrarios,",Louis Rouanet,page1,    🤓 AUTORES\   CATEGORÍAS\  🌗 Ancaps-Voluntaristas\  Gustave de Molinari\Sobre Molinari\Los luditas progresistas y las últimas palabras de Gustave de Molinari (Louis Rouanet).pdf
Thielen - ¿Fue Gustave de Molinari un anarquista hasta el final_.pdf,Published on Mises Institute (https://mises.org),Thielen,page1,    🤓 AUTORES\   CATEGORÍAS\  🌗 Ancaps-Voluntaristas\  Gustave de Molinari\Sobre Molinari\Thielen - ¿Fue Gustave de Molinari un anarquista hasta el final_.pdf
Veladas en la calle San Lázaro de Gustave Molinari.pdf,Veladas en la calle San Lázaro de Gustave Molinari,,meta,    🤓 AUTORES\   CATEGORÍAS\  🌗 Ancaps-Voluntaristas\  Gustave de Molinari\Veladas en la calle San Lázaro de Gustave Molinari.pdf
 Hans-Hermann Hoppe.pdf,Hans-Hermann Hoppe,,page1,    🤓 AUTORES\   CATEGORÍAS\  🌗 Ancaps-Voluntaristas\  Hans-Hermann Hoppe\ Hans-Hermann Hoppe.pdf
 Hoppe - Defendiendo el Racionalismo al Ultranza.pdf,"Revista de Economía Austriaca, Volumen 3",Hoppe,meta,    🤓 AUTORES\   CATEGORÍAS\  🌗 Ancaps-Voluntaristas\  Hans-Hermann Hoppe\ Hoppe - Defendiendo el Racionalismo al Ultranza.pdf
 Hoppe - Democracia_ El Dios que Fracasó.pdf,Democracia el dios que fracasó,Hans-Hermann Hoppe,meta,    🤓 AUTORES\   CATEGORÍAS\  🌗 Ancaps-Voluntaristas\  Hans-Hermann Hoppe\ Hoppe - Democracia_ El Dios que Fracasó.pdf
 Hoppe - La Ciencia Económica y El Método Austriaco.pdf,La Ciencia Económica y El Método Austriaco,Hans-Hermann Hoppe,filename,    🤓 AUTORES\   CATEGORÍAS\  🌗 Ancaps-Voluntaristas\  Hans-Hermann Hoppe\ Hoppe - La Ciencia Económica y El Método Austriaco.pdf
 Hoppe y Kinsella - La Ética de la Argumentación.pdf,MAY · KIRTCHEV · BARLOW · NAKAMOTO RECOPILACIÓN POR SIMÓN OCAMPO,Usuario de Windows,page1,    🤓 AUTORES\   CATEGORÍAS\  🌗 Ancaps-Voluntaristas\  Hans-Hermann Hoppe\ Hoppe y Kinsella - La Ética de la Argumentación.pdf
" Hoppe, Hülsmann, Block - Contra los Medios Fiduciarios.pdf",MAY · KIRTCHEV · BARLOW · NAKAMOTO RECOPILACIÓN POR SIMÓN OCAMPO,"Hoppe, Hülsmann, Block",page1,"    🤓 AUTORES\   CATEGORÍAS\  🌗 Ancaps-Voluntaristas\  Hans-Hermann Hoppe\ Hoppe, Hülsmann, Block - Contra los Medios Fiduciarios.pdf"
Antonio Muñoz Ballesta_ Hoppe Razon y Libertad.pdf,Hans-Hermann Hoppe: razón y libertad,,page1,    🤓 AUTORES\   CATEGORÍAS\  🌗 Ancaps-Voluntaristas\  Hans-Hermann Hoppe\Artículos\Antonio Muñoz Ballesta_ Hoppe Razon y Libertad.pdf
Hoppe - Análisis de clase marxista y austriaco.pdf,Análisis de clase marxista y austriaco (hoppeano),RYZEN,meta,    🤓 AUTORES\   CATEGORÍAS\  🌗 Ancaps-Voluntaristas\  Hans-Hermann Hoppe\Artículos\Hoppe - Análisis de clase marxista y austriaco.pdf
Hoppe - Argumentación y Autoposesión.pdf,Published on Mises Institute (https://mises.org),Hoppe,page1,    🤓 AUTORES\   CATEGORÍAS\  🌗 Ancaps-Voluntaristas\  Hans-Hermann Hoppe\Artículos\Hoppe - Argumentación y Autoposesión.pdf
Hoppe - Descentralizada y neutral.pdf,Published on Mises Institute (https://mises.org),Hoppe,page1,    🤓 AUTORES\   CATEGORÍAS\  🌗 Ancaps-Voluntaristas\  Hans-Hermann Hoppe\Artículos\Hoppe - Descentralizada y neutral.pdf
Hoppe - El Futuro del Liberalismo_ Exhortación por un Nuevo Radicalismo.pdf,El Futuro del Liberalismo - Exhortación por un Nuevo Radicalismo,Nskinsella,page1,    🤓 AUTORES\   CATEGORÍAS\  🌗 Ancaps-Voluntaristas\  Hans-Hermann Hoppe\Artículos\Hoppe - El Futuro del Liberalismo_ Exhortación por un Nuevo Radicalismo.pdf
Hoppe - La Idea de una Sociedad de Derecho Privado.pdf,Por Hans Hermann Hoppe,Nskinsella,page1,    🤓 AUTORES\   CATEGORÍAS\  🌗 Ancaps-Voluntaristas\  Hans-Hermann Hoppe\Artículos\Hoppe - La Idea de una Sociedad de Derecho Privado.pdf
Hoppe - La idea de una sociedad de ley privada_ el caso de Karl Ludwig von Haller.pdf,Published on Mises Institute (https://mises.org),Hoppe,page1,    🤓 AUTORES\   CATEGORÍAS\  🌗 Ancaps-Voluntaristas\  Hans-Hermann Hoppe\Artículos\Hoppe - La idea de una sociedad de ley privada_ el caso de Karl Ludwig von Haller.pdf
Hoppe - Lo que un Berlín dividido sigue enseñándonos hoy.pdf,Published on Mises Institute (https://mises.org),Hoppe,page1,    🤓 AUTORES\   CATEGORÍAS\  🌗 Ancaps-Voluntaristas\  Hans-Hermann Hoppe\Artículos\Hoppe - Lo que un Berlín dividido sigue enseñándonos hoy.pdf
Hoppe - Mises sobre la secesión.pdf,Published on Mises Institute (https://mises.org),Hoppe,page1,    🤓 AUTORES\   CATEGORÍAS\  🌗 Ancaps-Voluntaristas\  Hans-Hermann Hoppe\Artículos\Hoppe - Mises sobre la secesión.pdf
Hoppe - Por qué el Estado exige controlar el dinero.pdf,Published on Mises Institute (https://mises.org),Hoppe,page1,    🤓 AUTORES\   CATEGORÍAS\  🌗 Ancaps-Voluntaristas\  Hans-Hermann Hoppe\Artículos\Hoppe - Por qué el Estado exige controlar el dinero.pdf
Hoppe - Una guía sobre la ética de la argumentación de Hoppe.pdf,Published on Mises Institute (https://mises.org),Hoppe,page1,    🤓 AUTORES\   CATEGORÍAS\  🌗 Ancaps-Voluntaristas\  Hans-Hermann Hoppe\Artículos\Hoppe - Una guía sobre la ética de la argumentación de Hoppe.pdf
Hoppe - Una reconstrucción austrolibertaria.pdf,Published on Mises Institute (https://mises.org),Hoppe,page1,    🤓 AUTORES\   CATEGORÍAS\  🌗 Ancaps-Voluntaristas\  Hans-Hermann Hoppe\Artículos\Hoppe - Una reconstrucción austrolibertaria.pdf
Hoppe - ¿Deben los austriacos aceptar la indiferencia_.pdf,Published on Mises Institute (https://mises.org),Hoppe,page1,    🤓 AUTORES\   CATEGORÍAS\  🌗 Ancaps-Voluntaristas\  Hans-Hermann Hoppe\Artículos\Hoppe - ¿Deben los austriacos aceptar la indiferencia_.pdf
Hoppe - ¿Por qué Mises (y no Hayek)_.pdf,Published on Mises Institute (https://mises.org),y no Hayek,page1,    🤓 AUTORES\   CATEGORÍAS\  🌗 Ancaps-Voluntaristas\  Hans-Hermann Hoppe\Artículos\Hoppe - ¿Por qué Mises (y no Hayek)_.pdf
"Hoppe - Élites Naturales, los Intelectuales y el Estado.pdf",hoppe_elites-naturales-spanish,Stephan Kinsella,meta,"    🤓 AUTORES\   CATEGORÍAS\  🌗 Ancaps-Voluntaristas\  Hans-Hermann Hoppe\Artículos\Hoppe - Élites Naturales, los Intelectuales y el Estado.pdf"
Entrevista al profesor Hans-Hermann Hoppe(1).pdf,liberalismo.org: Entrevista al profesor Hans-Hermann Hoppe,,page1,    🤓 AUTORES\   CATEGORÍAS\  🌗 Ancaps-Voluntaristas\  Hans-Hermann Hoppe\Entrevistas\Entrevista al profesor Hans-Hermann Hoppe(1).pdf
Entrevista al profesor Hans-Hermann Hoppe.pdf,This is a interview with Hans-Hermann Hoppe made by Antonio,,page1,    🤓 AUTORES\   CATEGORÍAS\  🌗 Ancaps-Voluntaristas\  Hans-Hermann Hoppe\Entrevistas\Entrevista al profesor Hans-Hermann Hoppe.pdf
"Hoppe - Economía, Filosofía y Política.pdf",Published on Mises Institute (https://mises.org),Hoppe,page1,"    🤓 AUTORES\   CATEGORÍAS\  🌗 Ancaps-Voluntaristas\  Hans-Hermann Hoppe\Entrevistas\Hoppe - Economía, Filosofía y Política.pdf"
Hoppe - Entrevista sobre los impuestos.pdf,The following is a Spanish translation of the Philosophie Magazine,Hoppe,page1,    🤓 AUTORES\   CATEGORÍAS\  🌗 Ancaps-Voluntaristas\  Hans-Hermann Hoppe\Entrevistas\Hoppe - Entrevista sobre los impuestos.pdf
Hoppe - La Entrevista en Profundidad.pdf,Published on Mises Institute (https://mises.org),Hoppe,page1,    🤓 AUTORES\   CATEGORÍAS\  🌗 Ancaps-Voluntaristas\  Hans-Hermann Hoppe\Entrevistas\Hoppe - La Entrevista en Profundidad.pdf
Hoppe - Nuestra obsesión por el consumo —mientras ignoramos el ahorro y la inversión— es un gran problema.pdf,Published on Mises Institute (https://mises.org),Hoppe,page1,    🤓 AUTORES\   CATEGORÍAS\  🌗 Ancaps-Voluntaristas\  Hans-Hermann Hoppe\Entrevistas\Hoppe - Nuestra obsesión por el consumo —mientras ignoramos el ahorro y la inversión— es un gran problema.pdf
Hoppe - «mi sueño es una Europa que consista en 1.000 Liechtensteins».pdf,Published on Mises Institute (https://mises.org),Hoppe,page1,    🤓 AUTORES\   CATEGORÍAS\  🌗 Ancaps-Voluntaristas\  Hans-Hermann Hoppe\Entrevistas\Hoppe - «mi sueño es una Europa que consista en 1.000 Liechtensteins».pdf
¡Hoppe sobre los confinamientos!.pdf,Published on Mises Institute (https://mises.org),,page1,    🤓 AUTORES\   CATEGORÍAS\  🌗 Ancaps-Voluntaristas\  Hans-Hermann Hoppe\Entrevistas\¡Hoppe sobre los confinamientos!.pdf
"Gordon - Reseña_ Economy, Society, and History.pdf",Published on Mises Institute (https://mises.org),Gordon,page1,"    🤓 AUTORES\   CATEGORÍAS\  🌗 Ancaps-Voluntaristas\  Hans-Hermann Hoppe\Gordon - Reseña_ Economy, Society, and History.pdf"
Hayek - Sobre el Estado y la Evolución Estatal.pdf,Sobre el Estado y la Evolución Estatal,Windows User,filename,    🤓 AUTORES\   CATEGORÍAS\  🌗 Ancaps-Voluntaristas\  Hans-Hermann Hoppe\Hayek - Sobre el Estado y la Evolución Estatal.pdf
Hoppe - Economía y Ética de la Propiedad Privada.pdf,Economía y Ética de la Propiedad Privada,Hoppe,filename,    🤓 AUTORES\   CATEGORÍAS\  🌗 Ancaps-Voluntaristas\  Hans-Hermann Hoppe\Hoppe - Economía y Ética de la Propiedad Privada.pdf
Hoppe - El caso misesiano contra Keynes.pdf,Published on Mises Institute (https://mises.org),Hoppe,page1,    🤓 AUTORES\   CATEGORÍAS\  🌗 Ancaps-Voluntaristas\  Hans-Hermann Hoppe\Hoppe - El caso misesiano contra Keynes.pdf
Hoppe - La mente de Hans-Hermann Hoppe.pdf,Published on Mises Institute (https://mises.org),Hoppe,page1,    🤓 AUTORES\   CATEGORÍAS\  🌗 Ancaps-Voluntaristas\  Hans-Hermann Hoppe\Hoppe - La mente de Hans-Hermann Hoppe.pdf
"Hoppe - Monarquía, Democracia Y Orden Natural_ Una Visión Austríaca de la Era Americana.pdf","Monarquía, Democracia Y Orden Natural: Una Visión Austríaca De La Era Americana",Hans-Hermann Hoppe,meta,"    🤓 AUTORES\   CATEGORÍAS\  🌗 Ancaps-Voluntaristas\  Hans-Hermann Hoppe\Hoppe - Monarquía, Democracia Y Orden Natural_ Una Visión Austríaca de la Era Americana.pdf"
Hoppe - Un Libertarismo Realista.pdf,Centro Mises (Mises Hispano),Hoppe,page1,    🤓 AUTORES\   CATEGORÍAS\  🌗 Ancaps-Voluntaristas\  Hans-Hermann Hoppe\Hoppe - Un Libertarismo Realista.pdf
Hoppe - Una carta abierta a Walter E. Block.pdf,Una carta abierta a Walter E. Block | Mises Institute,Hoppe,meta,    🤓 AUTORES\   CATEGORÍAS\  🌗 Ancaps-Voluntaristas\  Hans-Hermann Hoppe\Hoppe - Una carta abierta a Walter E. Block.pdf
Hoppe - Ética Rothbardiana.pdf,≡ MENU,Hoppe,page1,    🤓 AUTORES\   CATEGORÍAS\  🌗 Ancaps-Voluntaristas\  Hans-Hermann Hoppe\Hoppe - Ética Rothbardiana.pdf
Hoppe - Abajo la democracia.pdf,This is a Spanish translation of Hoppe’s article Down With,Hoppe,page1,    🤓 AUTORES\   CATEGORÍAS\  🌗 Ancaps-Voluntaristas\  Hans-Hermann Hoppe\Hoppe\Hoppe - Abajo la democracia.pdf
Hoppe - Causas suficientes y necesarias de la Revolución Industrial.pdf,Causas suficientes y necesarias de,Hoppe,page1,    🤓 AUTORES\   CATEGORÍAS\  🌗 Ancaps-Voluntaristas\  Hans-Hermann Hoppe\Hoppe\Hoppe - Causas suficientes y necesarias de la Revolución Industrial.pdf
Hoppe - Crecer para entender la Alemania contemporánea y llorar (Parte 1).pdf,Oscar Grau has translated into Spanish Hoppe’s Growing to,Parte 1,page1,    🤓 AUTORES\   CATEGORÍAS\  🌗 Ancaps-Voluntaristas\  Hans-Hermann Hoppe\Hoppe\Hoppe - Crecer para entender la Alemania contemporánea y llorar (Parte 1).pdf
Hoppe - Crecer para entender la Alemania contemporánea y llorar (Parte 2).pdf,Oscar Grau has translated into Spanish Hoppe’s Growing to,Parte 2,page1,    🤓 AUTORES\   CATEGORÍAS\  🌗 Ancaps-Voluntaristas\  Hans-Hermann Hoppe\Hoppe\Hoppe - Crecer para entender la Alemania contemporánea y llorar (Parte 2).pdf
"Hoppe - Democracia, descivilización y contracultura.pdf",Oscar Grau has provided a Spanish transcription for Hoppe’s,Hoppe,page1,"    🤓 AUTORES\   CATEGORÍAS\  🌗 Ancaps-Voluntaristas\  Hans-Hermann Hoppe\Hoppe\Hoppe - Democracia, descivilización y contracultura.pdf"
Hoppe - El libertarismo y la «derecha alternativa».pdf,This is the Spanish translation of Hoppe’s PFS 2017 speech,Hoppe,page1,    🤓 AUTORES\   CATEGORÍAS\  🌗 Ancaps-Voluntaristas\  Hans-Hermann Hoppe\Hoppe\Hoppe - El libertarismo y la «derecha alternativa».pdf
Hoppe - El mito de Hayek.pdf,Oscar Grau has provided a transcript (thanks to a previous,Hoppe,page1,    🤓 AUTORES\   CATEGORÍAS\  🌗 Ancaps-Voluntaristas\  Hans-Hermann Hoppe\Hoppe\Hoppe - El mito de Hayek.pdf
"Hoppe - El orden natural, el Estado y el problema de la inmigracion.pdf",Oscar Grau has revised and corrected a previous translation of Natural,Hoppe,page1,"    🤓 AUTORES\   CATEGORÍAS\  🌗 Ancaps-Voluntaristas\  Hans-Hermann Hoppe\Hoppe\Hoppe - El orden natural, el Estado y el problema de la inmigracion.pdf"
Hoppe - El papel de la Sociedad Propiedad y Libertad en un mundo loco.pdf,HHHoppe El papel de la Sociedad Propiedad y Libertad en un Mundo Loco-1,Stephan Kinsella,meta,    🤓 AUTORES\   CATEGORÍAS\  🌗 Ancaps-Voluntaristas\  Hans-Hermann Hoppe\Hoppe\Hoppe - El papel de la Sociedad Propiedad y Libertad en un mundo loco.pdf
Hoppe - El racionalismo y los fundamentos de la economía.pdf,Rationalism: Thoughts on Donald McClosky’s The Rhetoric of,Hoppe,page1,    🤓 AUTORES\   CATEGORÍAS\  🌗 Ancaps-Voluntaristas\  Hans-Hermann Hoppe\Hoppe\Hoppe - El racionalismo y los fundamentos de la economía.pdf
Hoppe - El socialismo del conservadurismo.pdf,≡ MENU,Hoppe,page1,    🤓 AUTORES\   CATEGORÍAS\  🌗 Ancaps-Voluntaristas\  Hans-Hermann Hoppe\Hoppe\Hoppe - El socialismo del conservadurismo.pdf
Hoppe - Entendiendo correctamente el libertarismo (La entrevista).pdf,Oscar Grau has translated and provided an adapted Spanish,La entrevista,page1,    🤓 AUTORES\   CATEGORÍAS\  🌗 Ancaps-Voluntaristas\  Hans-Hermann Hoppe\Hoppe\Hoppe - Entendiendo correctamente el libertarismo (La entrevista).pdf
Hoppe - La centralización lleva a la pobreza.pdf,This the Spanish translation (by Jorge A. Soler Sanz) of a short,Hoppe,page1,    🤓 AUTORES\   CATEGORÍAS\  🌗 Ancaps-Voluntaristas\  Hans-Hermann Hoppe\Hoppe\Hoppe - La centralización lleva a la pobreza.pdf
Hoppe - La ciencia de la acción humana.pdf,"Oscar Grau has translated, adapted, and provided a transcript to",Hoppe,page1,    🤓 AUTORES\   CATEGORÍAS\  🌗 Ancaps-Voluntaristas\  Hans-Hermann Hoppe\Hoppe\Hoppe - La ciencia de la acción humana.pdf
"Hoppe - La contradicción de Hobbes, el estado de naturaleza.pdf",An extract from a Hoppe’s speech delivered at the Mises Institute’s,Hoppe,page1,"    🤓 AUTORES\   CATEGORÍAS\  🌗 Ancaps-Voluntaristas\  Hans-Hermann Hoppe\Hoppe\Hoppe - La contradicción de Hobbes, el estado de naturaleza.pdf"
Hoppe - La doctrina económica de los nazis.pdf,"Oscar Grau has translated, adapted, and provided a transcript to",Hoppe,page1,    🤓 AUTORES\   CATEGORÍAS\  🌗 Ancaps-Voluntaristas\  Hans-Hermann Hoppe\Hoppe\Hoppe - La doctrina económica de los nazis.pdf
Hoppe - La esperanza se encuentra en la secesión.pdf,This is the Spanish translation of an interview that Hans-Hermann,Hoppe,page1,    🤓 AUTORES\   CATEGORÍAS\  🌗 Ancaps-Voluntaristas\  Hans-Hermann Hoppe\Hoppe\Hoppe - La esperanza se encuentra en la secesión.pdf
"Hoppe - La incertidumbre y sus exigencias, El papel crítico del seguro en el mercado libre.pdf",This is a Spanish translation by Mariano Bas Uribe of an article,Hoppe,page1,"    🤓 AUTORES\   CATEGORÍAS\  🌗 Ancaps-Voluntaristas\  Hans-Hermann Hoppe\Hoppe\Hoppe - La incertidumbre y sus exigencias, El papel crítico del seguro en el mercado libre.pdf"
Hoppe - La Primera Guerra Mundial como el fin de la civilización.pdf,"Oscar Grau has translated, adapted, and provided a transcript to",Hoppe,page1,    🤓 AUTORES\   CATEGORÍAS\  🌗 Ancaps-Voluntaristas\  Hans-Hermann Hoppe\Hoppe\Hoppe - La Primera Guerra Mundial como el fin de la civilización.pdf
Hoppe - La propiedad y el orden social.pdf,"Oscar Grau has translated, adapted, and provided a transcript to",Hoppe,page1,    🤓 AUTORES\   CATEGORÍAS\  🌗 Ancaps-Voluntaristas\  Hans-Hermann Hoppe\Hoppe\Hoppe - La propiedad y el orden social.pdf
Hoppe - Las tendencias y los patrones históricos desde una perspectiva austrolibertaria.pdf,"Oscar Grau has translated, adapted, and provided a Spanish",Hoppe,page1,    🤓 AUTORES\   CATEGORÍAS\  🌗 Ancaps-Voluntaristas\  Hans-Hermann Hoppe\Hoppe\Hoppe - Las tendencias y los patrones históricos desde una perspectiva austrolibertaria.pdf
Hoppe - Los diez mandamientos y el orden social libertario.pdf,This is an excerpt from Hoppe’s paper entitled The Libertarian,Hoppe,page1,    🤓 AUTORES\   CATEGORÍAS\  🌗 Ancaps-Voluntaristas\  Hans-Hermann Hoppe\Hoppe\Hoppe - Los diez mandamientos y el orden social libertario.pdf
Hoppe - Los errores del liberalismo clásico.pdf,Society (2006).,Hoppe,page1,    🤓 AUTORES\   CATEGORÍAS\  🌗 Ancaps-Voluntaristas\  Hans-Hermann Hoppe\Hoppe\Hoppe - Los errores del liberalismo clásico.pdf
Hoppe - Los libertarios de izquierda y la inmigración.pdf,Los libertarios de izquierda y la,Hoppe,page1,    🤓 AUTORES\   CATEGORÍAS\  🌗 Ancaps-Voluntaristas\  Hans-Hermann Hoppe\Hoppe\Hoppe - Los libertarios de izquierda y la inmigración.pdf
Hoppe - Madurando con Murray.pdf,This a Spanish translation of the Professor Hoppe’s keynote,Hoppe,page1,    🤓 AUTORES\   CATEGORÍAS\  🌗 Ancaps-Voluntaristas\  Hans-Hermann Hoppe\Hoppe\Hoppe - Madurando con Murray.pdf
Hoppe - Mises y el paradigma misesiano.pdf,≡ MENU,Hoppe,page1,    🤓 AUTORES\   CATEGORÍAS\  🌗 Ancaps-Voluntaristas\  Hans-Hermann Hoppe\Hoppe\Hoppe - Mises y el paradigma misesiano.pdf
"Hoppe - Monarquía, democracia y orden natural.pdf",of Marrazó on the topics of his book Democracy: The God That,Hoppe,page1,"    🤓 AUTORES\   CATEGORÍAS\  🌗 Ancaps-Voluntaristas\  Hans-Hermann Hoppe\Hoppe\Hoppe - Monarquía, democracia y orden natural.pdf"
Hoppe - Obsesionados por la megalomanía.pdf,"This is the Spanish translation of Obsessed by Megalomania, an",Hoppe,page1,    🤓 AUTORES\   CATEGORÍAS\  🌗 Ancaps-Voluntaristas\  Hans-Hermann Hoppe\Hoppe\Hoppe - Obsesionados por la megalomanía.pdf
Hoppe - Prefacio a Contra la izquierda de Rockwell.pdf,This is the Hoppe’s preface to Rockwell’s Against the Left: A,Hoppe,page1,    🤓 AUTORES\   CATEGORÍAS\  🌗 Ancaps-Voluntaristas\  Hans-Hermann Hoppe\Hoppe\Hoppe - Prefacio a Contra la izquierda de Rockwell.pdf
Hoppe - Preferencia demostrada y propiedad privada.pdf,Jorge Antonio Soler has translated to Spanish the Hoppe’s response,Hoppe,page1,    🤓 AUTORES\   CATEGORÍAS\  🌗 Ancaps-Voluntaristas\  Hans-Hermann Hoppe\Hoppe\Hoppe - Preferencia demostrada y propiedad privada.pdf
"Hoppe - Propiedad, causalidad y responsabilidad.pdf","This a renew version of Hoppe’s Property, Causality, and Liability",Hoppe,page1,"    🤓 AUTORES\   CATEGORÍAS\  🌗 Ancaps-Voluntaristas\  Hans-Hermann Hoppe\Hoppe\Hoppe - Propiedad, causalidad y responsabilidad.pdf"
Hoppe - Respuesta a Lomasky.pdf,Centro Mises (Mises Hispano),Hoppe,page1,    🤓 AUTORES\   CATEGORÍAS\  🌗 Ancaps-Voluntaristas\  Hans-Hermann Hoppe\Hoppe\Hoppe - Respuesta a Lomasky.pdf
"Hoppe - Sobre el hombre, la naturaleza, la verdad y la justicia.pdf","Oscar Grau has translated, adapted, and provided a transcript to",Hoppe,page1,"    🤓 AUTORES\   CATEGORÍAS\  🌗 Ancaps-Voluntaristas\  Hans-Hermann Hoppe\Hoppe\Hoppe - Sobre el hombre, la naturaleza, la verdad y la justicia.pdf"
"Hoppe - Sobre la teoría y la historia. Una respuesta a Benegas Lynch, (h).pdf",Oscar Grau has translated On Theory and History. Reply to,Hoppe,page1,"    🤓 AUTORES\   CATEGORÍAS\  🌗 Ancaps-Voluntaristas\  Hans-Hermann Hoppe\Hoppe\Hoppe - Sobre la teoría y la historia. Una respuesta a Benegas Lynch, (h).pdf"
Hoppe - Sobre los indefendibles derechos del bienestar.pdf,Jorge Antonio Soler has translated to Spanish the Hoppe’s response,Hoppe,page1,    🤓 AUTORES\   CATEGORÍAS\  🌗 Ancaps-Voluntaristas\  Hans-Hermann Hoppe\Hoppe\Hoppe - Sobre los indefendibles derechos del bienestar.pdf
"Hoppe - The Property and Freedom Society, reflexiones después de cinco años.pdf",Oscar Grau has provided a transcript (a revised and corrected,Hoppe,page1,"    🤓 AUTORES\   CATEGORÍAS\  🌗 Ancaps-Voluntaristas\  Hans-Hermann Hoppe\Hoppe\Hoppe - The Property and Freedom Society, reflexiones después de cinco años.pdf"
Hoppe - Un libertarismo realista.pdf,Oscar Grau has provided a new version of A Realistic,Hoppe,page1,    🤓 AUTORES\   CATEGORÍAS\  🌗 Ancaps-Voluntaristas\  Hans-Hermann Hoppe\Hoppe\Hoppe - Un libertarismo realista.pdf
Hoppe - Un mundo sin robo.pdf,This is the Dante Bayona’s Spanish translation of Hoppe’s A World,Hoppe,page1,    🤓 AUTORES\   CATEGORÍAS\  🌗 Ancaps-Voluntaristas\  Hans-Hermann Hoppe\Hoppe\Hoppe - Un mundo sin robo.pdf
Hoppe - Una crítica al pensamiento de Hayek sobre la evolución social.pdf,Oscar Grau has translated Hoppe’s critique of Hayek’s social,Hoppe,page1,    🤓 AUTORES\   CATEGORÍAS\  🌗 Ancaps-Voluntaristas\  Hans-Hermann Hoppe\Hoppe\Hoppe - Una crítica al pensamiento de Hayek sobre la evolución social.pdf
Hoppe - Una razón para cooperar pacíficamente.pdf,"Oscar Grau has translated, adapted, and provided a transcript to an",Hoppe,page1,    🤓 AUTORES\   CATEGORÍAS\  🌗 Ancaps-Voluntaristas\  Hans-Hermann Hoppe\Hoppe\Hoppe - Una razón para cooperar pacíficamente.pdf
Hoppe - Una solución para la atención médica en 4 pasos.pdf,Solution (2009).,Hoppe,page1,    🤓 AUTORES\   CATEGORÍAS\  🌗 Ancaps-Voluntaristas\  Hans-Hermann Hoppe\Hoppe\Hoppe - Una solución para la atención médica en 4 pasos.pdf
Hoppe - Utilitaristas y randianos contra la razón.pdf,≡ MENU,Hoppe,page1,    🤓 AUTORES\   CATEGORÍAS\  🌗 Ancaps-Voluntaristas\  Hans-Hermann Hoppe\Hoppe\Hoppe - Utilitaristas y randianos contra la razón.pdf
Kinsella - Hoppe sobre comunidades de convenio y defensores de estilos de vida alternativos.pdf,Hoppe sobre comunidades de convenio y defensores de,Kinsella,page1,    🤓 AUTORES\   CATEGORÍAS\  🌗 Ancaps-Voluntaristas\  Hans-Hermann Hoppe\Hoppe\Kinsella - Hoppe sobre comunidades de convenio y defensores de estilos de vida alternativos.pdf
"Bastos - Monarquía, democracia y orden natural(1).pdf","Redalyc.Reseña de ""Monarquía, democracia y orden natural. Una visión austríaca de la era americana"" de Hans-Hermann Hoppe","Bastos Boubeta, Miguel Anxo",meta,"    🤓 AUTORES\   CATEGORÍAS\  🌗 Ancaps-Voluntaristas\  Hans-Hermann Hoppe\Sobre Hoppe\Bastos - Monarquía, democracia y orden natural(1).pdf"
"Bastos - Monarquía, democracia y orden natural.pdf","Redalyc.Reseña de ""Monarquía, democracia y orden natural. Una visión austríaca de la era americana"" de Hans-Hermann Hoppe","Bastos Boubeta, Miguel Anxo",meta,"    🤓 AUTORES\   CATEGORÍAS\  🌗 Ancaps-Voluntaristas\  Hans-Hermann Hoppe\Sobre Hoppe\Bastos - Monarquía, democracia y orden natural.pdf"
Gordon - Hans Hoppe en árabe.pdf,Published on Mises Institute (https://mises.org),Gordon,page1,    🤓 AUTORES\   CATEGORÍAS\  🌗 Ancaps-Voluntaristas\  Hans-Hermann Hoppe\Sobre Hoppe\Gordon - Hans Hoppe en árabe.pdf
Hans-Hermann_Hoppe.pdf,Hans-Hermann Hoppe,,page1,    🤓 AUTORES\   CATEGORÍAS\  🌗 Ancaps-Voluntaristas\  Hans-Hermann Hoppe\Sobre Hoppe\Hans-Hermann_Hoppe.pdf
Hansen - Hoppefobia redux.pdf,Published on Mises Institute (https://mises.org),Hansen,page1,    🤓 AUTORES\   CATEGORÍAS\  🌗 Ancaps-Voluntaristas\  Hans-Hermann Hoppe\Sobre Hoppe\Hansen - Hoppefobia redux.pdf
La Memeficación de Hoppe.pdf,La memificación de Hans-Hermann Hoppe,RibzeR,meta,    🤓 AUTORES\   CATEGORÍAS\  🌗 Ancaps-Voluntaristas\  Hans-Hermann Hoppe\Sobre Hoppe\La Memeficación de Hoppe.pdf
Reseña de Monarquía democracia y Orden natural de Hoppe.pdf,"Monarquía, democracia y orden natural: una visión",,page1,    🤓 AUTORES\   CATEGORÍAS\  🌗 Ancaps-Voluntaristas\  Hans-Hermann Hoppe\Sobre Hoppe\Reseña de Monarquía democracia y Orden natural de Hoppe.pdf
Huerta - Böhm-Bawerk contra la Escuela Neoclásica.pdf,Published on Mises Institute (https://mises.org),Huerta,page1,    🤓 AUTORES\   CATEGORÍAS\  🌗 Ancaps-Voluntaristas\  Jesús Huerta de Soto\Artículos\Artículos cortos\Huerta - Böhm-Bawerk contra la Escuela Neoclásica.pdf
Huerta - El Error Fatal de Ben Bernanke.pdf,El Error Fatal de Ben Bernanke,Huerta,filename,    🤓 AUTORES\   CATEGORÍAS\  🌗 Ancaps-Voluntaristas\  Jesús Huerta de Soto\Artículos\Artículos cortos\Huerta - El Error Fatal de Ben Bernanke.pdf
Huerta - El Error Fatal de Solvencia II.pdf,EL ERROR FATAL DE SOLVENCIA II,Mac Farmasierra,page1,    🤓 AUTORES\   CATEGORÍAS\  🌗 Ancaps-Voluntaristas\  Jesús Huerta de Soto\Artículos\Artículos cortos\Huerta - El Error Fatal de Solvencia II.pdf
Huerta - El Pensamiento Económico en la Antigua Grecia.pdf,EL PENSAMIENTO ECONÓMICO EN LA ANTIGUA GRECIA,Mac Farmasierra,page1,    🤓 AUTORES\   CATEGORÍAS\  🌗 Ancaps-Voluntaristas\  Jesús Huerta de Soto\Artículos\Artículos cortos\Huerta - El Pensamiento Económico en la Antigua Grecia.pdf
Huerta - Hayek y la moral.pdf,F.A. HAYEK (1899-1992): UNA SEMBLANZA MORAL,Huerta,page1,    🤓 AUTORES\   CATEGORÍAS\  🌗 Ancaps-Voluntaristas\  Jesús Huerta de Soto\Artículos\Artículos cortos\Huerta - Hayek y la moral.pdf
Huerta - La diferencia entre los austriacos y todos los demás (en una tabla sencilla).pdf,APOYA A MISES,en una tabla sencilla,page1,    🤓 AUTORES\   CATEGORÍAS\  🌗 Ancaps-Voluntaristas\  Jesús Huerta de Soto\Artículos\Artículos cortos\Huerta - La diferencia entre los austriacos y todos los demás (en una tabla sencilla).pdf
Huerta - La expansión del crédito desperdicia capital.pdf,Published on Mises Institute (https://mises.org),Huerta,page1,    🤓 AUTORES\   CATEGORÍAS\  🌗 Ancaps-Voluntaristas\  Jesús Huerta de Soto\Artículos\Artículos cortos\Huerta - La expansión del crédito desperdicia capital.pdf
Huerta - La Necesaria Reforma Monetaria Internacional.pdf,NOTA SOBRE LA NECESARIA REFORMA MONETARIA INTERNACIONAL Y EL SALVAMENTO PREVIO DE LA BANCA PRIVADA,Mac Farmasierra,page1,    🤓 AUTORES\   CATEGORÍAS\  🌗 Ancaps-Voluntaristas\  Jesús Huerta de Soto\Artículos\Artículos cortos\Huerta - La Necesaria Reforma Monetaria Internacional.pdf
Huerta - Los auges artificiales y la teoría del _ahorro forzoso_.pdf,Published on Mises Institute (https://mises.org),Huerta,page1,    🤓 AUTORES\   CATEGORÍAS\  🌗 Ancaps-Voluntaristas\  Jesús Huerta de Soto\Artículos\Artículos cortos\Huerta - Los auges artificiales y la teoría del _ahorro forzoso_.pdf
Huerta - Premio Adam Smith.pdf,http://www.libertaddigital.com/opiniones/opi_desa_23397.html,DiegoH,meta,    🤓 AUTORES\   CATEGORÍAS\  🌗 Ancaps-Voluntaristas\  Jesús Huerta de Soto\Artículos\Artículos cortos\Huerta - Premio Adam Smith.pdf
Huerta - Propuestas de Mises para un requisito de reserva del 100 por ciento.pdf,Published on Mises Institute (https://mises.org),Huerta,page1,    🤓 AUTORES\   CATEGORÍAS\  🌗 Ancaps-Voluntaristas\  Jesús Huerta de Soto\Artículos\Artículos cortos\Huerta - Propuestas de Mises para un requisito de reserva del 100 por ciento.pdf
Huerta - Sobre La Acción Humana de Mises.pdf,"Catedrático de Economía Política, Universidad Rey Juan Carlos, Madrid)",Mac Farmasierra,page1,    🤓 AUTORES\   CATEGORÍAS\  🌗 Ancaps-Voluntaristas\  Jesús Huerta de Soto\Artículos\Artículos cortos\Huerta - Sobre La Acción Humana de Mises.pdf
Huerta - Crisis Financiera y Recesión Económica.pdf,CRISIS FINANCIERA Y RECESIÓN ECONÓMICA,Mac Farmasierra,page1,    🤓 AUTORES\   CATEGORÍAS\  🌗 Ancaps-Voluntaristas\  Jesús Huerta de Soto\Artículos\Huerta - Crisis Financiera y Recesión Económica.pdf
Huerta - Cuatrocientos Años de Eficiencia Dinámica.pdf,Published on Mises Institute (https://mises.org),Huerta,page1,    🤓 AUTORES\   CATEGORÍAS\  🌗 Ancaps-Voluntaristas\  Jesús Huerta de Soto\Artículos\Huerta - Cuatrocientos Años de Eficiencia Dinámica.pdf
Huerta - Eficiencia y Justicia del Capitalismo.pdf,Jesus Huerta - eficiencia y justicia,Huerta,meta,    🤓 AUTORES\   CATEGORÍAS\  🌗 Ancaps-Voluntaristas\  Jesús Huerta de Soto\Artículos\Huerta - Eficiencia y Justicia del Capitalismo.pdf
Huerta - El peligro de las ilustraciones históricas de los sistemas de banca libre.pdf,Published on Mises Institute (https://mises.org),Huerta,page1,    🤓 AUTORES\   CATEGORÍAS\  🌗 Ancaps-Voluntaristas\  Jesús Huerta de Soto\Artículos\Huerta - El peligro de las ilustraciones históricas de los sistemas de banca libre.pdf
Huerta - El Pensamiento Económico en la Antigua Grecia.pdf,Published on Mises Institute (https://mises.org),Huerta,page1,    🤓 AUTORES\   CATEGORÍAS\  🌗 Ancaps-Voluntaristas\  Jesús Huerta de Soto\Artículos\Huerta - El Pensamiento Económico en la Antigua Grecia.pdf
Huerta - En Defensa del Euro_ un Enfoque Austriaco.pdf,En defensa del Euro: un enfoque austriaco,maria bonet,page1,    🤓 AUTORES\   CATEGORÍAS\  🌗 Ancaps-Voluntaristas\  Jesús Huerta de Soto\Artículos\Huerta - En Defensa del Euro_ un Enfoque Austriaco.pdf
Huerta - La japonización de la Unión Europea.pdf,Published on Mises Institute (https://mises.org),Huerta,page1,    🤓 AUTORES\   CATEGORÍAS\  🌗 Ancaps-Voluntaristas\  Jesús Huerta de Soto\Artículos\Huerta - La japonización de la Unión Europea.pdf
Huerta - La Ética del Capitalismo.pdf,LA ÉTICA DEL CAPITALISMO,Huerta,page1,    🤓 AUTORES\   CATEGORÍAS\  🌗 Ancaps-Voluntaristas\  Jesús Huerta de Soto\Artículos\Huerta - La Ética del Capitalismo.pdf
Huerta - Liberalismo VS Anarco-Capitalismo.pdf,LIBERALISMO VERSUS,Huerta,page1,    🤓 AUTORES\   CATEGORÍAS\  🌗 Ancaps-Voluntaristas\  Jesús Huerta de Soto\Artículos\Huerta - Liberalismo VS Anarco-Capitalismo.pdf
Huerta - Método y Crisis en la Ciencia Económica.pdf,MTODO Y CRISIS EN LA CIENCIA ECONMICA*,ESEADE,meta,    🤓 AUTORES\   CATEGORÍAS\  🌗 Ancaps-Voluntaristas\  Jesús Huerta de Soto\Artículos\Huerta - Método y Crisis en la Ciencia Económica.pdf
Huerta - Ahorro y Previsión en el Seguro de Vida.pdf,03 Cap 03 (057).qxd,Pablo,meta,    🤓 AUTORES\   CATEGORÍAS\  🌗 Ancaps-Voluntaristas\  Jesús Huerta de Soto\Huerta - Ahorro y Previsión en el Seguro de Vida.pdf
"Huerta - Dinero, Credito Bancario y Ciclos Economicos.pdf",3-206-Cap.tulo_02(35-94)).pmd,JUAN,meta,"    🤓 AUTORES\   CATEGORÍAS\  🌗 Ancaps-Voluntaristas\  Jesús Huerta de Soto\Huerta - Dinero, Credito Bancario y Ciclos Economicos.pdf"
Huerta - Estudios de Economía Política.pdf,OK-Cap-01.pmd,PABLO,meta,    🤓 AUTORES\   CATEGORÍAS\  🌗 Ancaps-Voluntaristas\  Jesús Huerta de Soto\Huerta - Estudios de Economía Política.pdf
Huerta - La Escencia de la Escuela Austriaca.pdf,La Escencia de la Escuela Austriaca,Huerta,filename,    🤓 AUTORES\   CATEGORÍAS\  🌗 Ancaps-Voluntaristas\  Jesús Huerta de Soto\Huerta - La Escencia de la Escuela Austriaca.pdf
Huerta - La Teoría de la Eficiencia Dinamica.pdf,101-Huerta de Soto (11-72).pmd,JUAN,meta,    🤓 AUTORES\   CATEGORÍAS\  🌗 Ancaps-Voluntaristas\  Jesús Huerta de Soto\Huerta - La Teoría de la Eficiencia Dinamica.pdf
Huerta - Lecturas de Economía Política Vol 2.pdf,Lecturas de Economía Política Vol 2,rodolfo,filename,    🤓 AUTORES\   CATEGORÍAS\  🌗 Ancaps-Voluntaristas\  Jesús Huerta de Soto\Huerta - Lecturas de Economía Política Vol 2.pdf
"Huerta - Liberalismo. Principio, Ocaso y Promesa.pdf","INSTITUTO DE LIBRE EMPRESA - LIBERALISMO: PRINCIPIOS, OCASO Y PROMESA POR JESUS HUERTA DE SOTO - LIBERALISM",Huerta,meta,"    🤓 AUTORES\   CATEGORÍAS\  🌗 Ancaps-Voluntaristas\  Jesús Huerta de Soto\Huerta - Liberalismo. Principio, Ocaso y Promesa.pdf"
Huerta - Los Principios de Liberalismo.pdf,Los Principios de Liberalismo,Huerta,filename,    🤓 AUTORES\   CATEGORÍAS\  🌗 Ancaps-Voluntaristas\  Jesús Huerta de Soto\Huerta - Los Principios de Liberalismo.pdf
Huerta - Nuevos Estudios de Economía Política.pdf,Nuevos estudios de economía política,Jesús Huerta de Soto,meta,    🤓 AUTORES\   CATEGORÍAS\  🌗 Ancaps-Voluntaristas\  Jesús Huerta de Soto\Huerta - Nuevos Estudios de Economía Política.pdf
Huerta - Perspectivas del Estado de Bienestar.pdf,Perspectivas del Estado de Bienestar,Huerta,filename,    🤓 AUTORES\   CATEGORÍAS\  🌗 Ancaps-Voluntaristas\  Jesús Huerta de Soto\Huerta - Perspectivas del Estado de Bienestar.pdf
Huerta - Teoría del Nacionalismo Libertario.pdf,Suplemento al número 20 de la revista,Huerta,page1,    🤓 AUTORES\   CATEGORÍAS\  🌗 Ancaps-Voluntaristas\  Jesús Huerta de Soto\Huerta - Teoría del Nacionalismo Libertario.pdf
Huerta de soto - Liberalismo Versus Anarcocapitalismo.pdf,Suplemento al número 13 de la revista,Huerta de soto,page1,    🤓 AUTORES\   CATEGORÍAS\  🌗 Ancaps-Voluntaristas\  Jesús Huerta de Soto\Huerta de soto - Liberalismo Versus Anarcocapitalismo.pdf
Huerta de Soto - Procesos de Mercado.pdf,PRIMERAS PAGS.qxp,pablo marcos,meta,    🤓 AUTORES\   CATEGORÍAS\  🌗 Ancaps-Voluntaristas\  Jesús Huerta de Soto\Huerta de Soto - Procesos de Mercado.pdf
La Teoría de la Eficiencia Dinámica.pdf,LA TEORÍA DE LA EFICIENCIA DINÁMICA LA TEORÍA,,page1,    🤓 AUTORES\   CATEGORÍAS\  🌗 Ancaps-Voluntaristas\  Jesús Huerta de Soto\La Teoría de la Eficiencia Dinámica.pdf
Wang - Jesús Huerta de Soto_ El sintetizador de la escuela austriaca.pdf,Published on Mises Institute (https://mises.org),Wang,page1,    🤓 AUTORES\   CATEGORÍAS\  🌗 Ancaps-Voluntaristas\  Jesús Huerta de Soto\Wang - Jesús Huerta de Soto_ El sintetizador de la escuela austriaca.pdf
   Michael Huemer.pdf,Michael Huemer,,page1,    🤓 AUTORES\   CATEGORÍAS\  🌗 Ancaps-Voluntaristas\  Michael Huemer\   Michael Huemer.pdf
 Huemer & Daniel Layman - Is Political Authority an Illusion__ A Debate.pdf,Is Political Authority an Illusion?; A Debate,Michael Huemer,meta,    🤓 AUTORES\   CATEGORÍAS\  🌗 Ancaps-Voluntaristas\  Michael Huemer\ Huemer & Daniel Layman - Is Political Authority an Illusion__ A Debate.pdf
 Huemer - Knowledge Reality and Value.pdf,"Knowledge, Reality, and Value: A Mostly Common Sense Guide to Philosophy",Michael Huemer,meta,    🤓 AUTORES\   CATEGORÍAS\  🌗 Ancaps-Voluntaristas\  Michael Huemer\ Huemer - Knowledge Reality and Value.pdf
Huemer - Activismo político ¿Cuál es el punto_.pdf,Activismo político: ¿Cuál es el punto? — Michael Huemer | by Libertad en Español | Medium,Huemer,meta,    🤓 AUTORES\   CATEGORÍAS\  🌗 Ancaps-Voluntaristas\  Michael Huemer\Artículos\Huemer - Activismo político ¿Cuál es el punto_.pdf
Huemer - Dos impuestos que no son un robo.pdf,Dos impuestos que no son un robo — Michael Huemer | by Libertad en Español | Medium,Huemer,meta,    🤓 AUTORES\   CATEGORÍAS\  🌗 Ancaps-Voluntaristas\  Michael Huemer\Artículos\Huemer - Dos impuestos que no son un robo.pdf
"Huemer - El héroe de Estados Unidos, Edward Snowden.pdf",El héroe de Estados Unidos: Edward Snowden — Michael Huemer | by Libertad en Español | Medium,Huemer,meta,"    🤓 AUTORES\   CATEGORÍAS\  🌗 Ancaps-Voluntaristas\  Michael Huemer\Artículos\Huemer - El héroe de Estados Unidos, Edward Snowden.pdf"
Huemer - El objetivismo moral.pdf,El objetivismo moral — Michael Huemer | by Libertad en Español | Medium,Huemer,meta,    🤓 AUTORES\   CATEGORÍAS\  🌗 Ancaps-Voluntaristas\  Michael Huemer\Artículos\Huemer - El objetivismo moral.pdf
Huemer - En defensa de la inmigración ilegal.pdf,En defensa de la inmigración ilegal — Michael Huemer | by Libertad en Español | Medium,Huemer,meta,    🤓 AUTORES\   CATEGORÍAS\  🌗 Ancaps-Voluntaristas\  Michael Huemer\Artículos\Huemer - En defensa de la inmigración ilegal.pdf
"Huemer - Estudios sobre la irracionalidad, el marxismo.pdf",Estudios sobre la irracionalidad: el marxismo — Michael Huemer | by Libertad en Español | Medium,Huemer,meta,"    🤓 AUTORES\   CATEGORÍAS\  🌗 Ancaps-Voluntaristas\  Michael Huemer\Artículos\Huemer - Estudios sobre la irracionalidad, el marxismo.pdf"
"Huemer - John Rawls es un terrible razonador, parte 2.pdf","John Rawls es un terrible razonador, parte 2 — Michael Huemer | by Libertad en Español | Medium",Huemer,meta,"    🤓 AUTORES\   CATEGORÍAS\  🌗 Ancaps-Voluntaristas\  Michael Huemer\Artículos\Huemer - John Rawls es un terrible razonador, parte 2.pdf"
Huemer - John Rawls es un terrible razonador.pdf,John Rawls es un terrible razonador — Michael Huemer | by Libertad en Español | Medium,Huemer,meta,    🤓 AUTORES\   CATEGORÍAS\  🌗 Ancaps-Voluntaristas\  Michael Huemer\Artículos\Huemer - John Rawls es un terrible razonador.pdf
Huemer - La función social de la «interseccionalidad».pdf,La función social de la «interseccionalidad» — Michael Huemer | by Libertad en Español | Medium,Huemer,meta,    🤓 AUTORES\   CATEGORÍAS\  🌗 Ancaps-Voluntaristas\  Michael Huemer\Artículos\Huemer - La función social de la «interseccionalidad».pdf
Huemer - Las teorías conspirativas.pdf,Las teorías conspirativas — Michael Huemer | by Libertad en Español | Medium,Huemer,meta,    🤓 AUTORES\   CATEGORÍAS\  🌗 Ancaps-Voluntaristas\  Michael Huemer\Artículos\Huemer - Las teorías conspirativas.pdf
Huemer - Necesitamos capitalistas.pdf,Necesitamos capitalistas — Michael Huemer | by Libertad en Español | Medium,Huemer,meta,    🤓 AUTORES\   CATEGORÍAS\  🌗 Ancaps-Voluntaristas\  Michael Huemer\Artículos\Huemer - Necesitamos capitalistas.pdf
Huemer - Política libertaria de pandemia.pdf,Política libertaria de pandemia — Michael Huemer | by Libertad en Español | Medium,Huemer,meta,    🤓 AUTORES\   CATEGORÍAS\  🌗 Ancaps-Voluntaristas\  Michael Huemer\Artículos\Huemer - Política libertaria de pandemia.pdf
Huemer - Sobre cuestionar a los expertos.pdf,Sobre cuestionar a los expertos — Michael Huemer | by Libertad en Español | Medium,Huemer,meta,    🤓 AUTORES\   CATEGORÍAS\  🌗 Ancaps-Voluntaristas\  Michael Huemer\Artículos\Huemer - Sobre cuestionar a los expertos.pdf
Huemer - Sobre la necesidad de la coacción social.pdf,Sobre la necesidad de la coacción social — Michael Huemer | by Libertad en Español | Medium,Huemer,meta,    🤓 AUTORES\   CATEGORÍAS\  🌗 Ancaps-Voluntaristas\  Michael Huemer\Artículos\Huemer - Sobre la necesidad de la coacción social.pdf
Huemer - Una crítica populista de derecha al Presidente Trump.pdf,Una crítica populista de derecha al Presidente Trump — Michael Huemer | by Libertad en Español | Medium,Huemer,meta,    🤓 AUTORES\   CATEGORÍAS\  🌗 Ancaps-Voluntaristas\  Michael Huemer\Artículos\Huemer - Una crítica populista de derecha al Presidente Trump.pdf
Huemer - Votar ¿Deber cívico o pérdida de tiempo inmoral_.pdf,Votar: ¿Deber cívico o pérdida de tiempo inmoral? — Michael Huemer | by Libertad en Español | Medium,Huemer,meta,    🤓 AUTORES\   CATEGORÍAS\  🌗 Ancaps-Voluntaristas\  Michael Huemer\Artículos\Huemer - Votar ¿Deber cívico o pérdida de tiempo inmoral_.pdf
"Huemer - Votar, ¿Deber cívico o pérdida de tiempo inmoral_.pdf",Votar: ¿Deber cívico o pérdida de tiempo inmoral? — Michael Huemer | by Libertad en Español | Medium,Huemer,meta,"    🤓 AUTORES\   CATEGORÍAS\  🌗 Ancaps-Voluntaristas\  Michael Huemer\Artículos\Huemer - Votar, ¿Deber cívico o pérdida de tiempo inmoral_.pdf"
Huemer - ¿Qué es este sinsentido del «estímulo»_.pdf,¿Qué es este sinsentido del «estímulo»? — Michael Huemer | by Libertad en Español | Medium,Huemer,meta,    🤓 AUTORES\   CATEGORÍAS\  🌗 Ancaps-Voluntaristas\  Michael Huemer\Artículos\Huemer - ¿Qué es este sinsentido del «estímulo»_.pdf
Respuesta a Walter Block sobre el Veganismo Ético.pdf,\þ\ÿ R e s p u e s t a a W a l t e r B l o c k S o b r e e l v e g a n i s m o \é t i c o,Michael Huemer,meta,    🤓 AUTORES\   CATEGORÍAS\  🌗 Ancaps-Voluntaristas\  Michael Huemer\Artículos\Respuesta a Walter Block sobre el Veganismo Ético.pdf
Huemer - Justice before the Law.pdf,Michael Huemer,Huemer,page1,    🤓 AUTORES\   CATEGORÍAS\  🌗 Ancaps-Voluntaristas\  Michael Huemer\Huemer - Justice before the Law.pdf
Caplan - El libertarismo de sentido común de Huemer.pdf,El libertarismo de sentido común de Huemer — Bryan Caplan | by Libertad en Español | Medium,Caplan,meta,    🤓 AUTORES\   CATEGORÍAS\  🌗 Ancaps-Voluntaristas\  Michael Huemer\Sobre Huemer\Caplan - El libertarismo de sentido común de Huemer.pdf
Caplan - El problema de la autoridad política por Michael Huemer.pdf,El problema de la autoridad política por Michael Huemer — Bryan Caplan | by Libertad en Español | Medium,Caplan,meta,    🤓 AUTORES\   CATEGORÍAS\  🌗 Ancaps-Voluntaristas\  Michael Huemer\Sobre Huemer\Caplan - El problema de la autoridad política por Michael Huemer.pdf
Gordon - Praxeología con el buen Huemer.pdf,Praxeología con el buen Huemer | Mises Institute,Gordon,meta,    🤓 AUTORES\   CATEGORÍAS\  🌗 Ancaps-Voluntaristas\  Michael Huemer\Sobre Huemer\Gordon - Praxeología con el buen Huemer.pdf
RESEÑA DEL LIBRO EL PROBLEMA DE LA AUTORIDAD POLÍTICA.pdf,RESEÑA DEL LIBRO EL PROBLEMA,,page1,    🤓 AUTORES\   CATEGORÍAS\  🌗 Ancaps-Voluntaristas\  Michael Huemer\Sobre Huemer\RESEÑA DEL LIBRO EL PROBLEMA DE LA AUTORIDAD POLÍTICA.pdf
"Reseña Knowledge, Reality and Value. A Mostly Common Sense Guide to Philosophy.pdf",Thémata. Revista de Filosofía • nº 66 • julio-diciembre (2022),,page1,"    🤓 AUTORES\   CATEGORÍAS\  🌗 Ancaps-Voluntaristas\  Michael Huemer\Sobre Huemer\Reseña Knowledge, Reality and Value. A Mostly Common Sense Guide to Philosophy.pdf"
  Miguel Anxo Bastos.pdf,Miguel Anxo Bastos,,page1,    🤓 AUTORES\   CATEGORÍAS\  🌗 Ancaps-Voluntaristas\  Miguel Anxo Bastos\  Miguel Anxo Bastos.pdf
Bastos - En Defensa de la Libertad  El Pensamiento Político de Frank Meyer.pdf,Redalyc. En defensa de la libertad: el pensamiento político de Frank S. Meyer . RIPS. Revista de Investigaciones Políticas y Sociológicas,"Bastos Boubeta, Miguel Anxo",meta,    🤓 AUTORES\   CATEGORÍAS\  🌗 Ancaps-Voluntaristas\  Miguel Anxo Bastos\Bastos - En Defensa de la Libertad  El Pensamiento Político de Frank Meyer.pdf
Bastos - Génesis y formulación de la gestión de la calidad en la Comunidad Autónoma de Galicia.pdf,"Resumo: Este artigo trata sobre cal é a orixe, a formulación e o xeito en que se desenvolve un escenario",Bastos,page1,    🤓 AUTORES\   CATEGORÍAS\  🌗 Ancaps-Voluntaristas\  Miguel Anxo Bastos\Bastos - Génesis y formulación de la gestión de la calidad en la Comunidad Autónoma de Galicia.pdf
Bastos - La acción colectiva en ausencia de Estado.pdf,Bastos Boubeta publicó bajo el título de Algunas cuestiones disputadas sobre el,Bastos,page1,    🤓 AUTORES\   CATEGORÍAS\  🌗 Ancaps-Voluntaristas\  Miguel Anxo Bastos\Bastos - La acción colectiva en ausencia de Estado.pdf
Bastos - La Justicia del Comercio(1).pdf,Redalyc.La justicia del comercio. análisis crítico de los fundamentos comercio justo,Miguel Anxo Bastos Boubeta,meta,    🤓 AUTORES\   CATEGORÍAS\  🌗 Ancaps-Voluntaristas\  Miguel Anxo Bastos\Bastos - La Justicia del Comercio(1).pdf
Bastos - La justicia del comercio.pdf,LA JUSTICIA DEL COMERCIO.,Bastos,page1,    🤓 AUTORES\   CATEGORÍAS\  🌗 Ancaps-Voluntaristas\  Miguel Anxo Bastos\Bastos - La justicia del comercio.pdf
Bastos - La Propuesta de la Renta Básica de Ciudadania. Crítica.pdf,07.Bastos,Bastos,meta,    🤓 AUTORES\   CATEGORÍAS\  🌗 Ancaps-Voluntaristas\  Miguel Anxo Bastos\Bastos - La Propuesta de la Renta Básica de Ciudadania. Crítica.pdf
Bastos - Librecambismo e imperialismo.pdf,04.Bastos,Bastos,meta,    🤓 AUTORES\   CATEGORÍAS\  🌗 Ancaps-Voluntaristas\  Miguel Anxo Bastos\Bastos - Librecambismo e imperialismo.pdf
Bastos - Los Rebeldes Contra el Futuro.pdf,Rebeldes contra el futuro: El pensamiento político …,Bastos,page1,    🤓 AUTORES\   CATEGORÍAS\  🌗 Ancaps-Voluntaristas\  Miguel Anxo Bastos\Bastos - Los Rebeldes Contra el Futuro.pdf
El Anarcocapitalismo de Miguel Anxo Bastos.pdf,El anarcocapitalismo de Miguel Anxo Bastos - Instituto Juan de Mariana,RibzeR,meta,    🤓 AUTORES\   CATEGORÍAS\  🌗 Ancaps-Voluntaristas\  Miguel Anxo Bastos\El Anarcocapitalismo de Miguel Anxo Bastos.pdf
Bastos - Ciencia en una sociedad anarcocapitalista.pdf,Ciencia en una sociedad anarcocapitalista,tabito,page1,    🤓 AUTORES\   CATEGORÍAS\  🌗 Ancaps-Voluntaristas\  Miguel Anxo Bastos\Escritos varios\Bastos - Ciencia en una sociedad anarcocapitalista.pdf
Bastos - El Anarcoprimitivismo.pdf,Sin título-2,RibzeR,meta,    🤓 AUTORES\   CATEGORÍAS\  🌗 Ancaps-Voluntaristas\  Miguel Anxo Bastos\Escritos varios\Bastos - El Anarcoprimitivismo.pdf
Bastos - El Anarquismo Conservador.pdf,Sin título-1,RibzeR,meta,    🤓 AUTORES\   CATEGORÍAS\  🌗 Ancaps-Voluntaristas\  Miguel Anxo Bastos\Escritos varios\Bastos - El Anarquismo Conservador.pdf
Bastos - La evolución tecnológica y el monopolio estatal del conocimiento - Bastos.pdf,MIGUEL ANXO BASTOS,tabito,page1,    🤓 AUTORES\   CATEGORÍAS\  🌗 Ancaps-Voluntaristas\  Miguel Anxo Bastos\Escritos varios\Bastos - La evolución tecnológica y el monopolio estatal del conocimiento - Bastos.pdf
Bastos - Las tecnologías sociales.pdf,MIGUEL ANXO BASTOS,tabito,page1,    🤓 AUTORES\   CATEGORÍAS\  🌗 Ancaps-Voluntaristas\  Miguel Anxo Bastos\Escritos varios\Bastos - Las tecnologías sociales.pdf
Bastos - Lecturas no ancap que pudieran interesar a un ancap.pdf,Lecturas no anarcocapitalistas que pudieran ser,tabito,page1,    🤓 AUTORES\   CATEGORÍAS\  🌗 Ancaps-Voluntaristas\  Miguel Anxo Bastos\Escritos varios\Bastos - Lecturas no ancap que pudieran interesar a un ancap.pdf
Bastos - Lecturas para el verano.pdf,Lecturas para el verano,tabito,page1,    🤓 AUTORES\   CATEGORÍAS\  🌗 Ancaps-Voluntaristas\  Miguel Anxo Bastos\Escritos varios\Bastos - Lecturas para el verano.pdf
Bastos - Lecturas recomendadas para el verano.pdf,Lecturas recomendadas para el verano,tabito,page1,    🤓 AUTORES\   CATEGORÍAS\  🌗 Ancaps-Voluntaristas\  Miguel Anxo Bastos\Escritos varios\Bastos - Lecturas recomendadas para el verano.pdf
Bastos - Sobre tecnología.pdf,Sobre tecnología,tabito,page1,    🤓 AUTORES\   CATEGORÍAS\  🌗 Ancaps-Voluntaristas\  Miguel Anxo Bastos\Escritos varios\Bastos - Sobre tecnología.pdf
Las fracasadas políticas de calidad en la Gestión Publica.pdf,pp. 85/129,,page1,    🤓 AUTORES\   CATEGORÍAS\  🌗 Ancaps-Voluntaristas\  Miguel Anxo Bastos\Las fracasadas políticas de calidad en la Gestión Publica.pdf
  Murray Rothbard.pdf,Murray Rothbard,,page1,    🤓 AUTORES\   CATEGORÍAS\  🌗 Ancaps-Voluntaristas\  Murray Rothbard\  Murray Rothbard.pdf
Konkin sobre la estrategia libertaria - Murray Rothbard.pdf,Konkin sobre la estrategia libertaria,Konkin sobre la estrategia libertaria,page1,    🤓 AUTORES\   CATEGORÍAS\  🌗 Ancaps-Voluntaristas\  Murray Rothbard\ Ensayos\Artículos cortos\Konkin sobre la estrategia libertaria - Murray Rothbard.pdf
"Rothbard - Albert Jay Nock, el radical.pdf",Published on Mises Institute (https://mises.org),Rothbard,page1,"    🤓 AUTORES\   CATEGORÍAS\  🌗 Ancaps-Voluntaristas\  Murray Rothbard\ Ensayos\Artículos cortos\Rothbard - Albert Jay Nock, el radical.pdf"
Rothbard - Anatomía del Pánico Bancario.pdf,Published on Mises Institute (https://mises.org),Rothbard,page1,    🤓 AUTORES\   CATEGORÍAS\  🌗 Ancaps-Voluntaristas\  Murray Rothbard\ Ensayos\Artículos cortos\Rothbard - Anatomía del Pánico Bancario.pdf
"Rothbard - Con los tipos de interés, «hay dos cadenas causales opuestas en funcionamiento».pdf",Published on Mises Institute (https://mises.org),Rothbard,page1,"    🤓 AUTORES\   CATEGORÍAS\  🌗 Ancaps-Voluntaristas\  Murray Rothbard\ Ensayos\Artículos cortos\Rothbard - Con los tipos de interés, «hay dos cadenas causales opuestas en funcionamiento».pdf"
Rothbard - Cómo la Convención Constitucional amplió vastamente los poderes del presidente.pdf,Published on Mises Institute (https://mises.org),Rothbard,page1,    🤓 AUTORES\   CATEGORÍAS\  🌗 Ancaps-Voluntaristas\  Murray Rothbard\ Ensayos\Artículos cortos\Rothbard - Cómo la Convención Constitucional amplió vastamente los poderes del presidente.pdf
Rothbard - Cómo la Reserva Federal manda e infla.pdf,Published on Mises Institute (https://mises.org),Rothbard,page1,    🤓 AUTORES\   CATEGORÍAS\  🌗 Ancaps-Voluntaristas\  Murray Rothbard\ Ensayos\Artículos cortos\Rothbard - Cómo la Reserva Federal manda e infla.pdf
Rothbard - Cómo la Revolución estadounidense puso de cabeza el comercio exterior norteamericano.pdf,Published on Mises Institute (https://mises.org),Rothbard,page1,    🤓 AUTORES\   CATEGORÍAS\  🌗 Ancaps-Voluntaristas\  Murray Rothbard\ Ensayos\Artículos cortos\Rothbard - Cómo la Revolución estadounidense puso de cabeza el comercio exterior norteamericano.pdf
Rothbard - Cómo los bancos van a la quiebra.pdf,Published on Mises Institute (https://mises.org),Rothbard,page1,    🤓 AUTORES\   CATEGORÍAS\  🌗 Ancaps-Voluntaristas\  Murray Rothbard\ Ensayos\Artículos cortos\Rothbard - Cómo los bancos van a la quiebra.pdf
Rothbard - Cómo los Federalistas apilaron la baraja para ganar la ratificación.pdf,Published on Mises Institute (https://mises.org),Rothbard,page1,    🤓 AUTORES\   CATEGORÍAS\  🌗 Ancaps-Voluntaristas\  Murray Rothbard\ Ensayos\Artículos cortos\Rothbard - Cómo los Federalistas apilaron la baraja para ganar la ratificación.pdf
Rothbard - Cómo ver los aranceles.pdf,Published on Mises Institute (https://mises.org),Rothbard,page1,    🤓 AUTORES\   CATEGORÍAS\  🌗 Ancaps-Voluntaristas\  Murray Rothbard\ Ensayos\Artículos cortos\Rothbard - Cómo ver los aranceles.pdf
Rothbard - Diversidad humana e instrucción individual.pdf,Published on Mises Institute (https://mises.org),Rothbard,page1,    🤓 AUTORES\   CATEGORÍAS\  🌗 Ancaps-Voluntaristas\  Murray Rothbard\ Ensayos\Artículos cortos\Rothbard - Diversidad humana e instrucción individual.pdf
Rothbard - El acuerdo corrupto y la preservación de la esclavitud.pdf,Published on Mises Institute (https://mises.org),Rothbard,page1,    🤓 AUTORES\   CATEGORÍAS\  🌗 Ancaps-Voluntaristas\  Murray Rothbard\ Ensayos\Artículos cortos\Rothbard - El acuerdo corrupto y la preservación de la esclavitud.pdf
Rothbard - El altruismo frente al materialismo en el intercambio de mercado.pdf,Published on Mises Institute (https://mises.org),Rothbard,page1,    🤓 AUTORES\   CATEGORÍAS\  🌗 Ancaps-Voluntaristas\  Murray Rothbard\ Ensayos\Artículos cortos\Rothbard - El altruismo frente al materialismo en el intercambio de mercado.pdf
Rothbard - El carácter del individualismo americano.pdf,Published on Mises Institute (https://mises.org),Rothbard,page1,    🤓 AUTORES\   CATEGORÍAS\  🌗 Ancaps-Voluntaristas\  Murray Rothbard\ Ensayos\Artículos cortos\Rothbard - El carácter del individualismo americano.pdf
"Rothbard - El debate de ratificación, un ejército permanente vs. las milicias.pdf",Published on Mises Institute (https://mises.org),Rothbard,page1,"    🤓 AUTORES\   CATEGORÍAS\  🌗 Ancaps-Voluntaristas\  Murray Rothbard\ Ensayos\Artículos cortos\Rothbard - El debate de ratificación, un ejército permanente vs. las milicias.pdf"
Rothbard - El derecho a no declarar.pdf,Published on Mises Institute (https://mises.org),Rothbard,page1,    🤓 AUTORES\   CATEGORÍAS\  🌗 Ancaps-Voluntaristas\  Murray Rothbard\ Ensayos\Artículos cortos\Rothbard - El derecho a no declarar.pdf
Rothbard - El deseo de morir de los anarcocomunistas.pdf,Published on Mises Institute (https://mises.org),Rothbard,page1,    🤓 AUTORES\   CATEGORÍAS\  🌗 Ancaps-Voluntaristas\  Murray Rothbard\ Ensayos\Artículos cortos\Rothbard - El deseo de morir de los anarcocomunistas.pdf
Rothbard - El Edicto de Diocleciano.pdf,Published on Mises Institute (https://mises.org),Rothbard,page1,    🤓 AUTORES\   CATEGORÍAS\  🌗 Ancaps-Voluntaristas\  Murray Rothbard\ Ensayos\Artículos cortos\Rothbard - El Edicto de Diocleciano.pdf
Rothbard - El engaño detrás de las leyes de licencias del Estado.pdf,Published on Mises Institute (https://mises.org),Rothbard,page1,    🤓 AUTORES\   CATEGORÍAS\  🌗 Ancaps-Voluntaristas\  Murray Rothbard\ Ensayos\Artículos cortos\Rothbard - El engaño detrás de las leyes de licencias del Estado.pdf
"Rothbard - El Impuesto al Consumo, Una Critica.pdf",EL IMPUESTO AL CONSUMO: UNA CRITICA,Magdalena Casey,meta,"    🤓 AUTORES\   CATEGORÍAS\  🌗 Ancaps-Voluntaristas\  Murray Rothbard\ Ensayos\Artículos cortos\Rothbard - El Impuesto al Consumo, Una Critica.pdf"
Rothbard - El mito de la independencia de la Fed.pdf,Published on Mises Institute (https://mises.org),Rothbard,page1,    🤓 AUTORES\   CATEGORÍAS\  🌗 Ancaps-Voluntaristas\  Murray Rothbard\ Ensayos\Artículos cortos\Rothbard - El mito de la independencia de la Fed.pdf
Rothbard - El mito del procesamiento de la carne.pdf,Published on Mises Institute (https://mises.org),Rothbard,page1,    🤓 AUTORES\   CATEGORÍAS\  🌗 Ancaps-Voluntaristas\  Murray Rothbard\ Ensayos\Artículos cortos\Rothbard - El mito del procesamiento de la carne.pdf
Rothbard - Elecciones en el congreso bicameral.pdf,Published on Mises Institute (https://mises.org),Rothbard,page1,    🤓 AUTORES\   CATEGORÍAS\  🌗 Ancaps-Voluntaristas\  Murray Rothbard\ Ensayos\Artículos cortos\Rothbard - Elecciones en el congreso bicameral.pdf
"Rothbard - Escucha, YAF.pdf",Published on Mises Institute (https://mises.org),Rothbard,page1,"    🤓 AUTORES\   CATEGORÍAS\  🌗 Ancaps-Voluntaristas\  Murray Rothbard\ Ensayos\Artículos cortos\Rothbard - Escucha, YAF.pdf"
"Rothbard - Estadísticas, el talón de Aquiles del Estado.pdf",Published on Mises Institute (https://mises.org),Rothbard,page1,"    🤓 AUTORES\   CATEGORÍAS\  🌗 Ancaps-Voluntaristas\  Murray Rothbard\ Ensayos\Artículos cortos\Rothbard - Estadísticas, el talón de Aquiles del Estado.pdf"
"Rothbard - Fumadores de tabaco, la minoría más perseguida de América.pdf",Published on Mises Institute (https://mises.org),Rothbard,page1,"    🤓 AUTORES\   CATEGORÍAS\  🌗 Ancaps-Voluntaristas\  Murray Rothbard\ Ensayos\Artículos cortos\Rothbard - Fumadores de tabaco, la minoría más perseguida de América.pdf"
Rothbard - Hayek y el Premio Nobel.pdf,Published on Mises Institute (https://mises.org),Rothbard,page1,    🤓 AUTORES\   CATEGORÍAS\  🌗 Ancaps-Voluntaristas\  Murray Rothbard\ Ensayos\Artículos cortos\Rothbard - Hayek y el Premio Nobel.pdf
"Rothbard - Historia de la Ciencia, Los Wighs se vuelven locos.pdf",Por Murray N. Rothbard,Propietario,page1,"    🤓 AUTORES\   CATEGORÍAS\  🌗 Ancaps-Voluntaristas\  Murray Rothbard\ Ensayos\Artículos cortos\Rothbard - Historia de la Ciencia, Los Wighs se vuelven locos.pdf"
Rothbard - Hoppeanfobia.pdf,Centro Mises (Mises Hispano),Rothbard,page1,    🤓 AUTORES\   CATEGORÍAS\  🌗 Ancaps-Voluntaristas\  Murray Rothbard\ Ensayos\Artículos cortos\Rothbard - Hoppeanfobia.pdf
"Rothbard - La abolición, una prueba de ácido.pdf",Published on Mises Institute (https://mises.org),Rothbard,page1,"    🤓 AUTORES\   CATEGORÍAS\  🌗 Ancaps-Voluntaristas\  Murray Rothbard\ Ensayos\Artículos cortos\Rothbard - La abolición, una prueba de ácido.pdf"
Rothbard - La cuestión de los tipos de interés.pdf,Published on Mises Institute (https://mises.org),Rothbard,page1,    🤓 AUTORES\   CATEGORÍAS\  🌗 Ancaps-Voluntaristas\  Murray Rothbard\ Ensayos\Artículos cortos\Rothbard - La cuestión de los tipos de interés.pdf
Rothbard - La cuestión del aborto y la descentralización radical.pdf,La cuestión del aborto y la descentralización radical - Centro Mises (Mises Hispano) Centro Mises (Mises Hispano),Rothbard,meta,    🤓 AUTORES\   CATEGORÍAS\  🌗 Ancaps-Voluntaristas\  Murray Rothbard\ Ensayos\Artículos cortos\Rothbard - La cuestión del aborto y la descentralización radical.pdf
Rothbard - La diferencia entre «fluctuaciones económicas» y recesión.pdf,Published on Mises Institute (https://mises.org),Rothbard,page1,    🤓 AUTORES\   CATEGORÍAS\  🌗 Ancaps-Voluntaristas\  Murray Rothbard\ Ensayos\Artículos cortos\Rothbard - La diferencia entre «fluctuaciones económicas» y recesión.pdf
Rothbard - La filosofía de Jefferson.pdf,Published on Mises Institute (https://mises.org),Rothbard,page1,    🤓 AUTORES\   CATEGORÍAS\  🌗 Ancaps-Voluntaristas\  Murray Rothbard\ Ensayos\Artículos cortos\Rothbard - La filosofía de Jefferson.pdf
Rothbard - La imposibilidad de la igualdad.pdf,Published on Mises Institute (https://mises.org),Rothbard,page1,    🤓 AUTORES\   CATEGORÍAS\  🌗 Ancaps-Voluntaristas\  Murray Rothbard\ Ensayos\Artículos cortos\Rothbard - La imposibilidad de la igualdad.pdf
"Rothbard - La nueva constitución, el proceso de ratificación y enmienda.pdf",Published on Mises Institute (https://mises.org),Rothbard,page1,"    🤓 AUTORES\   CATEGORÍAS\  🌗 Ancaps-Voluntaristas\  Murray Rothbard\ Ensayos\Artículos cortos\Rothbard - La nueva constitución, el proceso de ratificación y enmienda.pdf"
Rothbard - La propiedad del producto por los capitalistas.pdf,Published on Mises Institute (https://mises.org),Rothbard,page1,    🤓 AUTORES\   CATEGORÍAS\  🌗 Ancaps-Voluntaristas\  Murray Rothbard\ Ensayos\Artículos cortos\Rothbard - La propiedad del producto por los capitalistas.pdf
Rothbard - La raíz del Viejo Nogal.pdf,Published on Mises Institute (https://mises.org),Rothbard,page1,    🤓 AUTORES\   CATEGORÍAS\  🌗 Ancaps-Voluntaristas\  Murray Rothbard\ Ensayos\Artículos cortos\Rothbard - La raíz del Viejo Nogal.pdf
Rothbard - La repentina aparición de Tom Paine.pdf,Published on Mises Institute (https://mises.org),Rothbard,page1,    🤓 AUTORES\   CATEGORÍAS\  🌗 Ancaps-Voluntaristas\  Murray Rothbard\ Ensayos\Artículos cortos\Rothbard - La repentina aparición de Tom Paine.pdf
Rothbard - La teoría conspirativa de la historia revisada.pdf,Published on Mises Institute (https://mises.org),Rothbard,page1,    🤓 AUTORES\   CATEGORÍAS\  🌗 Ancaps-Voluntaristas\  Murray Rothbard\ Ensayos\Artículos cortos\Rothbard - La teoría conspirativa de la historia revisada.pdf
Rothbard - La ‘ciencia’ de la libertad.pdf,Published on Mises Institute (https://mises.org),Rothbard,page1,    🤓 AUTORES\   CATEGORÍAS\  🌗 Ancaps-Voluntaristas\  Murray Rothbard\ Ensayos\Artículos cortos\Rothbard - La ‘ciencia’ de la libertad.pdf
Rothbard - Ley natural y Derechos de Propiedad.pdf,Por Murray N. Rothbard,Propietario,page1,    🤓 AUTORES\   CATEGORÍAS\  🌗 Ancaps-Voluntaristas\  Murray Rothbard\ Ensayos\Artículos cortos\Rothbard - Ley natural y Derechos de Propiedad.pdf
Rothbard - Libre Mercado.pdf,Murray Rothbard (*),Propietario,page1,    🤓 AUTORES\   CATEGORÍAS\  🌗 Ancaps-Voluntaristas\  Murray Rothbard\ Ensayos\Artículos cortos\Rothbard - Libre Mercado.pdf
"Rothbard - Los años de entreguerras, Ludwig von Mises como asesor económico.pdf",Published on Mises Institute (https://mises.org),Rothbard,page1,"    🤓 AUTORES\   CATEGORÍAS\  🌗 Ancaps-Voluntaristas\  Murray Rothbard\ Ensayos\Artículos cortos\Rothbard - Los años de entreguerras, Ludwig von Mises como asesor económico.pdf"
Rothbard - Ludwig von Mises (1881–1973).pdf,Published on Mises Institute (https://mises.org),1881–1973,page1,    🤓 AUTORES\   CATEGORÍAS\  🌗 Ancaps-Voluntaristas\  Murray Rothbard\ Ensayos\Artículos cortos\Rothbard - Ludwig von Mises (1881–1973).pdf
Rothbard - Ludwig von Mises 1881–1973.pdf,Published on Mises Institute (https://mises.org),Rothbard,page1,    🤓 AUTORES\   CATEGORÍAS\  🌗 Ancaps-Voluntaristas\  Murray Rothbard\ Ensayos\Artículos cortos\Rothbard - Ludwig von Mises 1881–1973.pdf
"Rothbard - Lysander Spooner, pietista libertario.pdf",Published on Mises Institute (https://mises.org),Rothbard,page1,"    🤓 AUTORES\   CATEGORÍAS\  🌗 Ancaps-Voluntaristas\  Murray Rothbard\ Ensayos\Artículos cortos\Rothbard - Lysander Spooner, pietista libertario.pdf"
"Rothbard - Mercantilismo, mercaderes y «conflicto de clases».pdf",Published on Mises Institute (https://mises.org),Rothbard,page1,"    🤓 AUTORES\   CATEGORÍAS\  🌗 Ancaps-Voluntaristas\  Murray Rothbard\ Ensayos\Artículos cortos\Rothbard - Mercantilismo, mercaderes y «conflicto de clases».pdf"
Rothbard - Más allá del ser y el deber ser.pdf,Murray N. Rothbard,Rothbard,page1,    🤓 AUTORES\   CATEGORÍAS\  🌗 Ancaps-Voluntaristas\  Murray Rothbard\ Ensayos\Artículos cortos\Rothbard - Más allá del ser y el deber ser.pdf
Rothbard - No vale un continental.pdf,Published on Mises Institute (https://mises.org),Rothbard,page1,    🤓 AUTORES\   CATEGORÍAS\  🌗 Ancaps-Voluntaristas\  Murray Rothbard\ Ensayos\Artículos cortos\Rothbard - No vale un continental.pdf
Rothbard - Poujade_ ¿Amenaza o promesa_.pdf,Published on Mises Institute (https://mises.org),Rothbard,page1,    🤓 AUTORES\   CATEGORÍAS\  🌗 Ancaps-Voluntaristas\  Murray Rothbard\ Ensayos\Artículos cortos\Rothbard - Poujade_ ¿Amenaza o promesa_.pdf
Rothbard - Sobre el deber de los forajidos naturales a callarse.pdf,Published on Mises Institute (https://mises.org),Rothbard,page1,    🤓 AUTORES\   CATEGORÍAS\  🌗 Ancaps-Voluntaristas\  Murray Rothbard\ Ensayos\Artículos cortos\Rothbard - Sobre el deber de los forajidos naturales a callarse.pdf
Rothbard - Sobre el relativismo ético de Mises.pdf,Published on Mises Institute (https://mises.org),Rothbard,page1,    🤓 AUTORES\   CATEGORÍAS\  🌗 Ancaps-Voluntaristas\  Murray Rothbard\ Ensayos\Artículos cortos\Rothbard - Sobre el relativismo ético de Mises.pdf
Rothbard - Teoría del caos_ Destruyendo la economía matemática desde dentro.pdf,Published on Mises Institute (https://mises.org),Rothbard,page1,    🤓 AUTORES\   CATEGORÍAS\  🌗 Ancaps-Voluntaristas\  Murray Rothbard\ Ensayos\Artículos cortos\Rothbard - Teoría del caos_ Destruyendo la economía matemática desde dentro.pdf
Rothbard - Votaciones y política.pdf,Votaciones y política | Mises Institute,Rothbard,meta,    🤓 AUTORES\   CATEGORÍAS\  🌗 Ancaps-Voluntaristas\  Murray Rothbard\ Ensayos\Artículos cortos\Rothbard - Votaciones y política.pdf
Rothbard - ¿Cuál es la manera apropiada de estudiar al hombre_.pdf,Published on Mises Institute (https://mises.org),Rothbard,page1,    🤓 AUTORES\   CATEGORÍAS\  🌗 Ancaps-Voluntaristas\  Murray Rothbard\ Ensayos\Artículos cortos\Rothbard - ¿Cuál es la manera apropiada de estudiar al hombre_.pdf
Rothbard - ¿Qué es el emprendimiento_.pdf,¿QUÉ ES EL EMPRENDIMIENTO?,Rothbard,page1,    🤓 AUTORES\   CATEGORÍAS\  🌗 Ancaps-Voluntaristas\  Murray Rothbard\ Ensayos\Artículos cortos\Rothbard - ¿Qué es el emprendimiento_.pdf
Rothbard - ¿Qué es el libre mercado_.pdf,Published on Mises Institute (https://mises.org),Rothbard,page1,    🤓 AUTORES\   CATEGORÍAS\  🌗 Ancaps-Voluntaristas\  Murray Rothbard\ Ensayos\Artículos cortos\Rothbard - ¿Qué es el libre mercado_.pdf
Rothbard - Abajo el primitivismo_ una crítica rigurosa de Polanyi.pdf,Published on Mises Institute (https://mises.org),Rothbard,page1,    🤓 AUTORES\   CATEGORÍAS\  🌗 Ancaps-Voluntaristas\  Murray Rothbard\ Ensayos\Rothbard - Abajo el primitivismo_ una crítica rigurosa de Polanyi.pdf
Rothbard - Capitalismo versus Estatismo.pdf,Published on Mises Institute (https://mises.org),Rothbard,page1,    🤓 AUTORES\   CATEGORÍAS\  🌗 Ancaps-Voluntaristas\  Murray Rothbard\ Ensayos\Rothbard - Capitalismo versus Estatismo.pdf
Rothbard - Confesiones de un liberal de derecha.pdf,Published on Mises Institute (https://mises.org),Rothbard,page1,    🤓 AUTORES\   CATEGORÍAS\  🌗 Ancaps-Voluntaristas\  Murray Rothbard\ Ensayos\Rothbard - Confesiones de un liberal de derecha.pdf
Rothbard - Economía de Libre Mercado Utilitarista.pdf,Published on Mises Institute (https://mises.org),Rothbard,page1,    🤓 AUTORES\   CATEGORÍAS\  🌗 Ancaps-Voluntaristas\  Murray Rothbard\ Ensayos\Rothbard - Economía de Libre Mercado Utilitarista.pdf
"Rothbard - Edmund Burke, el anarquista.pdf",[Publicado como “A Note on Burke’s Vindication of Natural Society,Rothbard,page1,"    🤓 AUTORES\   CATEGORÍAS\  🌗 Ancaps-Voluntaristas\  Murray Rothbard\ Ensayos\Rothbard - Edmund Burke, el anarquista.pdf"
Rothbard - El ataque de Hoover al laissez-faire.pdf,Published on Mises Institute (https://mises.org),Rothbard,page1,    🤓 AUTORES\   CATEGORÍAS\  🌗 Ancaps-Voluntaristas\  Murray Rothbard\ Ensayos\Rothbard - El ataque de Hoover al laissez-faire.pdf
Rothbard - El atractivo de un nivel de precios estable.pdf,Published on Mises Institute (https://mises.org),Rothbard,page1,    🤓 AUTORES\   CATEGORÍAS\  🌗 Ancaps-Voluntaristas\  Murray Rothbard\ Ensayos\Rothbard - El atractivo de un nivel de precios estable.pdf
Rothbard - El Caso por el Idealismo Radical.pdf,Published on Mises Institute (https://mises.org),Rothbard,page1,    🤓 AUTORES\   CATEGORÍAS\  🌗 Ancaps-Voluntaristas\  Murray Rothbard\ Ensayos\Rothbard - El Caso por el Idealismo Radical.pdf
Rothbard - El crepúsculo de los Antifederalistas.pdf,Published on Mises Institute (https://mises.org),Rothbard,page1,    🤓 AUTORES\   CATEGORÍAS\  🌗 Ancaps-Voluntaristas\  Murray Rothbard\ Ensayos\Rothbard - El crepúsculo de los Antifederalistas.pdf
Rothbard - El declive de la Vieja Derecha.pdf,Published on Mises Institute (https://mises.org),Rothbard,page1,    🤓 AUTORES\   CATEGORÍAS\  🌗 Ancaps-Voluntaristas\  Murray Rothbard\ Ensayos\Rothbard - El declive de la Vieja Derecha.pdf
Rothbard - El Estado versus la Libertad.pdf,Published on Mises Institute (https://mises.org),Rothbard,page1,    🤓 AUTORES\   CATEGORÍAS\  🌗 Ancaps-Voluntaristas\  Murray Rothbard\ Ensayos\Rothbard - El Estado versus la Libertad.pdf
Rothbard - El Extremista Erudito_ Juan de Mariana.pdf,EL EXTREMISTA ERUDITO: JUAN DE MARIANA,Rothbard,page1,    🤓 AUTORES\   CATEGORÍAS\  🌗 Ancaps-Voluntaristas\  Murray Rothbard\ Ensayos\Rothbard - El Extremista Erudito_ Juan de Mariana.pdf
Rothbard - El filósofo-teólogo_ Santo Tomás de Aquino.pdf,EL FILÓSOFO-TEÓLOGO: SANTO TOMÁS DE,Rothbard,page1,    🤓 AUTORES\   CATEGORÍAS\  🌗 Ancaps-Voluntaristas\  Murray Rothbard\ Ensayos\Rothbard - El filósofo-teólogo_ Santo Tomás de Aquino.pdf
Rothbard - El Final del Socialismo y el Debate del Cálculo Reexaminado.pdf,Published on Mises Institute (https://mises.org),Rothbard,page1,    🤓 AUTORES\   CATEGORÍAS\  🌗 Ancaps-Voluntaristas\  Murray Rothbard\ Ensayos\Rothbard - El Final del Socialismo y el Debate del Cálculo Reexaminado.pdf
"Rothbard - El Joven Murray Rothbard, una autobiografía.pdf",Published on Mises Institute (https://mises.org),Rothbard,page1,"    🤓 AUTORES\   CATEGORÍAS\  🌗 Ancaps-Voluntaristas\  Murray Rothbard\ Ensayos\Rothbard - El Joven Murray Rothbard, una autobiografía.pdf"
Rothbard - El Manto de la Ciencia.pdf,El manto de la ciencia,"Rothbard, Murray N.",meta,    🤓 AUTORES\   CATEGORÍAS\  🌗 Ancaps-Voluntaristas\  Murray Rothbard\ Ensayos\Rothbard - El Manto de la Ciencia.pdf
Rothbard - El Mito de Adam Smith.pdf,EL MITO DE ADAM SMITH,Rothbard,page1,    🤓 AUTORES\   CATEGORÍAS\  🌗 Ancaps-Voluntaristas\  Murray Rothbard\ Ensayos\Rothbard - El Mito de Adam Smith.pdf
Rothbard - El Mito de la Banca Libre en Escocia.pdf,Published on Mises Institute (https://mises.org),Rothbard,page1,    🤓 AUTORES\   CATEGORÍAS\  🌗 Ancaps-Voluntaristas\  Murray Rothbard\ Ensayos\Rothbard - El Mito de la Banca Libre en Escocia.pdf
Rothbard - El New Deal y el surgimiento de la Vieja Derecha.pdf,Published on Mises Institute (https://mises.org),Rothbard,page1,    🤓 AUTORES\   CATEGORÍAS\  🌗 Ancaps-Voluntaristas\  Murray Rothbard\ Ensayos\Rothbard - El New Deal y el surgimiento de la Vieja Derecha.pdf
Rothbard - El profesor Hébert sobre el emprendimiento.pdf,Published on Mises Institute (https://mises.org),Rothbard,page1,    🤓 AUTORES\   CATEGORÍAS\  🌗 Ancaps-Voluntaristas\  Murray Rothbard\ Ensayos\Rothbard - El profesor Hébert sobre el emprendimiento.pdf
"Rothbard - El radical laissez-faire, en busca del Mises histórico.pdf",Published on Mises Institute (https://mises.org),Rothbard,page1,"    🤓 AUTORES\   CATEGORÍAS\  🌗 Ancaps-Voluntaristas\  Murray Rothbard\ Ensayos\Rothbard - El radical laissez-faire, en busca del Mises histórico.pdf"
Rothbard - El verdadero agresor.pdf,Published on Mises Institute (https://mises.org),Rothbard,page1,    🤓 AUTORES\   CATEGORÍAS\  🌗 Ancaps-Voluntaristas\  Murray Rothbard\ Ensayos\Rothbard - El verdadero agresor.pdf
Rothbard - En defensa del «apriorismo extremo».pdf,Published on Mises Institute (https://mises.org),Rothbard,page1,    🤓 AUTORES\   CATEGORÍAS\  🌗 Ancaps-Voluntaristas\  Murray Rothbard\ Ensayos\Rothbard - En defensa del «apriorismo extremo».pdf
Rothbard - F.A. Hayek y el Concepto de Coacción.pdf,HAYEK Y EL CONCEPTO DE COACCIÓN,Rothbard,page1,    🤓 AUTORES\   CATEGORÍAS\  🌗 Ancaps-Voluntaristas\  Murray Rothbard\ Ensayos\Rothbard - F.A. Hayek y el Concepto de Coacción.pdf
Rothbard - Fines y valores y Ley de Utilidad Marginal.pdf,Published on Mises Institute (https://mises.org),Rothbard,page1,    🤓 AUTORES\   CATEGORÍAS\  🌗 Ancaps-Voluntaristas\  Murray Rothbard\ Ensayos\Rothbard - Fines y valores y Ley de Utilidad Marginal.pdf
Rothbard - Izquierda y Derecha_ las posibilidades para la libertad.pdf,Published on Mises Institute (https://mises.org),Rothbard,page1,    🤓 AUTORES\   CATEGORÍAS\  🌗 Ancaps-Voluntaristas\  Murray Rothbard\ Ensayos\Rothbard - Izquierda y Derecha_ las posibilidades para la libertad.pdf
"Rothbard - James Mill, el Lenin del laissez faire.pdf",Published on Mises Institute (https://mises.org),Rothbard,page1,"    🤓 AUTORES\   CATEGORÍAS\  🌗 Ancaps-Voluntaristas\  Murray Rothbard\ Ensayos\Rothbard - James Mill, el Lenin del laissez faire.pdf"
"Rothbard - Jeremy Bentham, del laissez-faire al estatismo.pdf",Published on Mises Institute (https://mises.org),Rothbard,page1,"    🤓 AUTORES\   CATEGORÍAS\  🌗 Ancaps-Voluntaristas\  Murray Rothbard\ Ensayos\Rothbard - Jeremy Bentham, del laissez-faire al estatismo.pdf"
Rothbard - Justicia y derechos de propiedad_ el fracaso del utilitarismo.pdf,Published on Mises Institute (https://mises.org),Rothbard,page1,    🤓 AUTORES\   CATEGORÍAS\  🌗 Ancaps-Voluntaristas\  Murray Rothbard\ Ensayos\Rothbard - Justicia y derechos de propiedad_ el fracaso del utilitarismo.pdf
Rothbard - La Conservación en el Libre Mercado.pdf,Published on Mises Institute (https://mises.org),Rothbard,page1,    🤓 AUTORES\   CATEGORÍAS\  🌗 Ancaps-Voluntaristas\  Murray Rothbard\ Ensayos\Rothbard - La Conservación en el Libre Mercado.pdf
"Rothbard - La Convención de Annapolis, el comienzo de la contrarrevolución.pdf",Published on Mises Institute (https://mises.org),Rothbard,page1,"    🤓 AUTORES\   CATEGORÍAS\  🌗 Ancaps-Voluntaristas\  Murray Rothbard\ Ensayos\Rothbard - La Convención de Annapolis, el comienzo de la contrarrevolución.pdf"
Rothbard - La doctrina Spooner-Tucker_ una opinión de economista.pdf,Published on Mises Institute (https://mises.org),Rothbard,page1,    🤓 AUTORES\   CATEGORÍAS\  🌗 Ancaps-Voluntaristas\  Murray Rothbard\ Ensayos\Rothbard - La doctrina Spooner-Tucker_ una opinión de economista.pdf
Rothbard - La Estafa Afgana.pdf,Published on Mises Institute (https://mises.org),Rothbard,page1,    🤓 AUTORES\   CATEGORÍAS\  🌗 Ancaps-Voluntaristas\  Murray Rothbard\ Ensayos\Rothbard - La Estafa Afgana.pdf
Rothbard - La falacia de la ecuación de intercambio.pdf,Published on Mises Institute (https://mises.org),Rothbard,page1,    🤓 AUTORES\   CATEGORÍAS\  🌗 Ancaps-Voluntaristas\  Murray Rothbard\ Ensayos\Rothbard - La falacia de la ecuación de intercambio.pdf
Rothbard - La falacia del “sector público”.pdf,Published on Mises Institute (https://mises.org),Rothbard,page1,    🤓 AUTORES\   CATEGORÍAS\  🌗 Ancaps-Voluntaristas\  Murray Rothbard\ Ensayos\Rothbard - La falacia del “sector público”.pdf
Rothbard - La Invasión Hermenéutica.pdf,Published on Mises Institute (https://mises.org),Rothbard,page1,    🤓 AUTORES\   CATEGORÍAS\  🌗 Ancaps-Voluntaristas\  Murray Rothbard\ Ensayos\Rothbard - La Invasión Hermenéutica.pdf
"Rothbard - La rebelión de Shays, catalizador de la contrarrevolución.pdf",Published on Mises Institute (https://mises.org),Rothbard,page1,"    🤓 AUTORES\   CATEGORÍAS\  🌗 Ancaps-Voluntaristas\  Murray Rothbard\ Ensayos\Rothbard - La rebelión de Shays, catalizador de la contrarrevolución.pdf"
Rothbard - La Revolución americana y el liberalismo clásico.pdf,Published on Mises Institute (https://mises.org),Rothbard,page1,    🤓 AUTORES\   CATEGORÍAS\  🌗 Ancaps-Voluntaristas\  Murray Rothbard\ Ensayos\Rothbard - La Revolución americana y el liberalismo clásico.pdf
Rothbard - La Vieja Derecha sobre la guerra y la paz.pdf,Published on Mises Institute (https://mises.org),Rothbard,page1,    🤓 AUTORES\   CATEGORÍAS\  🌗 Ancaps-Voluntaristas\  Murray Rothbard\ Ensayos\Rothbard - La Vieja Derecha sobre la guerra y la paz.pdf
Rothbard - Lo Esencial De Mises.pdf,Murray Rothbard.,Rothbard,page1,    🤓 AUTORES\   CATEGORÍAS\  🌗 Ancaps-Voluntaristas\  Murray Rothbard\ Ensayos\Rothbard - Lo Esencial De Mises.pdf
Rothbard - Los «grandes hombres» de América y la Convención Constitucional.pdf,Published on Mises Institute (https://mises.org),Rothbard,page1,    🤓 AUTORES\   CATEGORÍAS\  🌗 Ancaps-Voluntaristas\  Murray Rothbard\ Ensayos\Rothbard - Los «grandes hombres» de América y la Convención Constitucional.pdf
"Rothbard - Memorandum sobre Catolicismo, Protestantismo y Capitalismo.pdf","Memorando sobre Catolicismo, Protestantismo y Capitalismo (1957)",Juanjo,meta,"    🤓 AUTORES\   CATEGORÍAS\  🌗 Ancaps-Voluntaristas\  Murray Rothbard\ Ensayos\Rothbard - Memorandum sobre Catolicismo, Protestantismo y Capitalismo.pdf"
Rothbard - Mercantilismo_ ¿una lección para nuestros tiempos_.pdf,Published on Mises Institute (https://mises.org),Rothbard,page1,    🤓 AUTORES\   CATEGORÍAS\  🌗 Ancaps-Voluntaristas\  Murray Rothbard\ Ensayos\Rothbard - Mercantilismo_ ¿una lección para nuestros tiempos_.pdf
Rothbard - Milton Friedman desenredado.pdf,Published on Mises Institute (https://mises.org),Rothbard,page1,    🤓 AUTORES\   CATEGORÍAS\  🌗 Ancaps-Voluntaristas\  Murray Rothbard\ Ensayos\Rothbard - Milton Friedman desenredado.pdf
Rothbard - Nueva Luz sobre la Prehistoria de la Escuela Austriaca.pdf,Published on Mises Institute (https://mises.org),Rothbard,page1,    🤓 AUTORES\   CATEGORÍAS\  🌗 Ancaps-Voluntaristas\  Murray Rothbard\ Ensayos\Rothbard - Nueva Luz sobre la Prehistoria de la Escuela Austriaca.pdf
Rothbard - Origenes de la Reserva Federal.pdf,Por Murray N. Rothbard,Propietario,page1,    🤓 AUTORES\   CATEGORÍAS\  🌗 Ancaps-Voluntaristas\  Murray Rothbard\ Ensayos\Rothbard - Origenes de la Reserva Federal.pdf
Rothbard - Origenes del Estado del Bienestar en Estados Unidos.pdf,Por Murray N. Rothbard,Propietario,page1,    🤓 AUTORES\   CATEGORÍAS\  🌗 Ancaps-Voluntaristas\  Murray Rothbard\ Ensayos\Rothbard - Origenes del Estado del Bienestar en Estados Unidos.pdf
Rothbard - Praxeología_ la metodología de la economía austriaca.pdf,Published on Mises Institute (https://mises.org),Rothbard,page1,    🤓 AUTORES\   CATEGORÍAS\  🌗 Ancaps-Voluntaristas\  Murray Rothbard\ Ensayos\Rothbard - Praxeología_ la metodología de la economía austriaca.pdf
Rothbard - Un Futuro de Paz y Capitalismo.pdf,Published on Mises Institute (https://mises.org),Rothbard,page1,    🤓 AUTORES\   CATEGORÍAS\  🌗 Ancaps-Voluntaristas\  Murray Rothbard\ Ensayos\Rothbard - Un Futuro de Paz y Capitalismo.pdf
Rothbard - Una Estrategia para la Derecha.pdf,Published on Mises Institute (https://mises.org),Rothbard,page1,    🤓 AUTORES\   CATEGORÍAS\  🌗 Ancaps-Voluntaristas\  Murray Rothbard\ Ensayos\Rothbard - Una Estrategia para la Derecha.pdf
Rothbard -Transformación de la derecha estadounidense.pdf,Published on Mises Institute (https://mises.org),,page1,    🤓 AUTORES\   CATEGORÍAS\  🌗 Ancaps-Voluntaristas\  Murray Rothbard\ Ensayos\Rothbard -Transformación de la derecha estadounidense.pdf
"Entrevista con Murray Rothbard sobe “El hombre, la economía y el estado”, Mises y el futuro de la Escuela Austriaca.pdf",Published on Mises Institute (https://mises.org),,page1,"    🤓 AUTORES\   CATEGORÍAS\  🌗 Ancaps-Voluntaristas\  Murray Rothbard\ Entrevistas\Entrevista con Murray Rothbard sobe “El hombre, la economía y el estado”, Mises y el futuro de la Escuela Austriaca.pdf"
La entrevista de The New Banner a Murray N. Rothbard.pdf,La entrevista de The New Banner a Murray N. Rothbard,,page1,    🤓 AUTORES\   CATEGORÍAS\  🌗 Ancaps-Voluntaristas\  Murray Rothbard\ Entrevistas\La entrevista de The New Banner a Murray N. Rothbard.pdf
Rothbard - Penthouse entrevista a Murray Rothbard.pdf,Published on Mises Institute (https://mises.org),Rothbard,page1,    🤓 AUTORES\   CATEGORÍAS\  🌗 Ancaps-Voluntaristas\  Murray Rothbard\ Entrevistas\Rothbard - Penthouse entrevista a Murray Rothbard.pdf
" Rothbard - Hombre, Economía y Estado_ Tratado sobre principios de economía.pdf",El Hombre La Economía y El Estado,Murray Rothbard,meta,"    🤓 AUTORES\   CATEGORÍAS\  🌗 Ancaps-Voluntaristas\  Murray Rothbard\ Rothbard - Hombre, Economía y Estado_ Tratado sobre principios de economía.pdf"
 Rothbard - Poder y Mercado.pdf,Poder y mercado,Murray N. Rothbard,meta,    🤓 AUTORES\   CATEGORÍAS\  🌗 Ancaps-Voluntaristas\  Murray Rothbard\ Rothbard - Poder y Mercado.pdf
10 mitos sobre Murray Rothbard (Adolfo D. Lozano).pdf,escribir sobre él parece que estás hablando sobre cuatro o cinco de,Adolfo D. Lozano,page1,    🤓 AUTORES\   CATEGORÍAS\  🌗 Ancaps-Voluntaristas\  Murray Rothbard\ Sobre Rothbard\10 mitos sobre Murray Rothbard (Adolfo D. Lozano).pdf
Cummings - Cómo la Vieja Derecha reivindica a Murray Rothbard.pdf,Published on Mises Institute (https://mises.org),Cummings,page1,    🤓 AUTORES\   CATEGORÍAS\  🌗 Ancaps-Voluntaristas\  Murray Rothbard\ Sobre Rothbard\Artículos cortos\Cummings - Cómo la Vieja Derecha reivindica a Murray Rothbard.pdf
D_Amato - Rothbard y los populistas libertarios.pdf,Published on Mises Institute (https://mises.org),D_Amato,page1,    🤓 AUTORES\   CATEGORÍAS\  🌗 Ancaps-Voluntaristas\  Murray Rothbard\ Sobre Rothbard\Artículos cortos\D_Amato - Rothbard y los populistas libertarios.pdf
Dumas - El argumento subestimado de Murray Rothbard para la autopropiedad.pdf,Published on Mises Institute (https://mises.org),Dumas,page1,    🤓 AUTORES\   CATEGORÍAS\  🌗 Ancaps-Voluntaristas\  Murray Rothbard\ Sobre Rothbard\Artículos cortos\Dumas - El argumento subestimado de Murray Rothbard para la autopropiedad.pdf
"French - Murray Rothbard tenía razón, el «seguro» de depósito no es un seguro en absoluto.pdf",Published on Mises Institute (https://mises.org),French,page1,"    🤓 AUTORES\   CATEGORÍAS\  🌗 Ancaps-Voluntaristas\  Murray Rothbard\ Sobre Rothbard\Artículos cortos\French - Murray Rothbard tenía razón, el «seguro» de depósito no es un seguro en absoluto.pdf"
Galles - Mesa redonda de Rothbard(1).pdf,Published on Mises Institute (https://mises.org),Galles,page1,    🤓 AUTORES\   CATEGORÍAS\  🌗 Ancaps-Voluntaristas\  Murray Rothbard\ Sobre Rothbard\Artículos cortos\Galles - Mesa redonda de Rothbard(1).pdf
Galles - Mesa redonda de Rothbard.pdf,Published on Mises Institute (https://mises.org),Galles,page1,    🤓 AUTORES\   CATEGORÍAS\  🌗 Ancaps-Voluntaristas\  Murray Rothbard\ Sobre Rothbard\Artículos cortos\Galles - Mesa redonda de Rothbard.pdf
Gordon - Bionic Mosquito sobre Rothbard y la razón.pdf,Published on Mises Institute (https://mises.org),Gordon,page1,    🤓 AUTORES\   CATEGORÍAS\  🌗 Ancaps-Voluntaristas\  Murray Rothbard\ Sobre Rothbard\Artículos cortos\Gordon - Bionic Mosquito sobre Rothbard y la razón.pdf
Gordon - Bionic Mosquito sobre Rothbard y ética.pdf,Published on Mises Institute (https://mises.org),Gordon,page1,    🤓 AUTORES\   CATEGORÍAS\  🌗 Ancaps-Voluntaristas\  Murray Rothbard\ Sobre Rothbard\Artículos cortos\Gordon - Bionic Mosquito sobre Rothbard y ética.pdf
Gordon - Carl Schmitt y Murray Rothbard.pdf,Published on Mises Institute (https://mises.org),Gordon,page1,    🤓 AUTORES\   CATEGORÍAS\  🌗 Ancaps-Voluntaristas\  Murray Rothbard\ Sobre Rothbard\Artículos cortos\Gordon - Carl Schmitt y Murray Rothbard.pdf
Gordon - Cumpleaños de Murray Rothbard.pdf,Published on Mises Institute (https://mises.org),Gordon,page1,    🤓 AUTORES\   CATEGORÍAS\  🌗 Ancaps-Voluntaristas\  Murray Rothbard\ Sobre Rothbard\Artículos cortos\Gordon - Cumpleaños de Murray Rothbard.pdf
Gordon - El gran Murray Rothbard.pdf,Published on Mises Institute (https://mises.org),Gordon,page1,    🤓 AUTORES\   CATEGORÍAS\  🌗 Ancaps-Voluntaristas\  Murray Rothbard\ Sobre Rothbard\Artículos cortos\Gordon - El gran Murray Rothbard.pdf
Gordon - Joey Rothbard.pdf,Joey Rothbard,Gordon,page1,    🤓 AUTORES\   CATEGORÍAS\  🌗 Ancaps-Voluntaristas\  Murray Rothbard\ Sobre Rothbard\Artículos cortos\Gordon - Joey Rothbard.pdf
Gordon - Locke vs. Cohen vs. Rothbard sobre la apropiación original.pdf,Published on Mises Institute (https://mises.org),Gordon,page1,    🤓 AUTORES\   CATEGORÍAS\  🌗 Ancaps-Voluntaristas\  Murray Rothbard\ Sobre Rothbard\Artículos cortos\Gordon - Locke vs. Cohen vs. Rothbard sobre la apropiación original.pdf
Gordon - Malentendiendo a Murray (otra vez).pdf,Published on Mises Institute (https://mises.org),otra vez,page1,    🤓 AUTORES\   CATEGORÍAS\  🌗 Ancaps-Voluntaristas\  Murray Rothbard\ Sobre Rothbard\Artículos cortos\Gordon - Malentendiendo a Murray (otra vez).pdf
"Gordon - Mises, Rothbard y Cataluña.pdf",Published on Mises Institute (https://mises.org),Gordon,page1,"    🤓 AUTORES\   CATEGORÍAS\  🌗 Ancaps-Voluntaristas\  Murray Rothbard\ Sobre Rothbard\Artículos cortos\Gordon - Mises, Rothbard y Cataluña.pdf"
Gordon - Murray Rothbard como filósofo.pdf,Published on Mises Institute (https://mises.org),Gordon,page1,    🤓 AUTORES\   CATEGORÍAS\  🌗 Ancaps-Voluntaristas\  Murray Rothbard\ Sobre Rothbard\Artículos cortos\Gordon - Murray Rothbard como filósofo.pdf
Gordon - Murray Rothbard versus la escuela de la elección pública.pdf,Published on Mises Institute (https://mises.org),Gordon,page1,    🤓 AUTORES\   CATEGORÍAS\  🌗 Ancaps-Voluntaristas\  Murray Rothbard\ Sobre Rothbard\Artículos cortos\Gordon - Murray Rothbard versus la escuela de la elección pública.pdf
Gordon - Murray Rothbard y Thomas Kuhn.pdf,Published on Mises Institute (https://mises.org),Gordon,page1,    🤓 AUTORES\   CATEGORÍAS\  🌗 Ancaps-Voluntaristas\  Murray Rothbard\ Sobre Rothbard\Artículos cortos\Gordon - Murray Rothbard y Thomas Kuhn.pdf
Gordon - Por qué Rothbard se mantuvo alejado de Berlin(1).pdf,Published on Mises Institute (https://mises.org),Gordon,page1,    🤓 AUTORES\   CATEGORÍAS\  🌗 Ancaps-Voluntaristas\  Murray Rothbard\ Sobre Rothbard\Artículos cortos\Gordon - Por qué Rothbard se mantuvo alejado de Berlin(1).pdf
Gordon - Por qué Rothbard se mantuvo alejado de Berlin.pdf,Published on Mises Institute (https://mises.org),Gordon,page1,    🤓 AUTORES\   CATEGORÍAS\  🌗 Ancaps-Voluntaristas\  Murray Rothbard\ Sobre Rothbard\Artículos cortos\Gordon - Por qué Rothbard se mantuvo alejado de Berlin.pdf
Gordon - QEPD Murray Rothbard.pdf,Published on Mises Institute (https://mises.org),Gordon,page1,    🤓 AUTORES\   CATEGORÍAS\  🌗 Ancaps-Voluntaristas\  Murray Rothbard\ Sobre Rothbard\Artículos cortos\Gordon - QEPD Murray Rothbard.pdf
Gordon - Quemando a Rothbard.pdf,Published on Mises Institute (https://mises.org),Gordon,page1,    🤓 AUTORES\   CATEGORÍAS\  🌗 Ancaps-Voluntaristas\  Murray Rothbard\ Sobre Rothbard\Artículos cortos\Gordon - Quemando a Rothbard.pdf
Gordon - Rothbard sobre el sustitucionismo.pdf,Published on Mises Institute (https://mises.org),Gordon,page1,    🤓 AUTORES\   CATEGORÍAS\  🌗 Ancaps-Voluntaristas\  Murray Rothbard\ Sobre Rothbard\Artículos cortos\Gordon - Rothbard sobre el sustitucionismo.pdf
Gordon - Rothbard sobre los intelectuales de la corte.pdf,Published on Mises Institute (https://mises.org),Gordon,page1,    🤓 AUTORES\   CATEGORÍAS\  🌗 Ancaps-Voluntaristas\  Murray Rothbard\ Sobre Rothbard\Artículos cortos\Gordon - Rothbard sobre los intelectuales de la corte.pdf
Gordon - Rothbard y el problema de las reglas.pdf,Published on Mises Institute (https://mises.org),Gordon,page1,    🤓 AUTORES\   CATEGORÍAS\  🌗 Ancaps-Voluntaristas\  Murray Rothbard\ Sobre Rothbard\Artículos cortos\Gordon - Rothbard y el problema de las reglas.pdf
Gordon - Rothbard_ la constitución fue un golpe de Estado.pdf,Published on Mises Institute (https://mises.org),Gordon,page1,    🤓 AUTORES\   CATEGORÍAS\  🌗 Ancaps-Voluntaristas\  Murray Rothbard\ Sobre Rothbard\Artículos cortos\Gordon - Rothbard_ la constitución fue un golpe de Estado.pdf
Gordon - Sabiduría de Rothbard.pdf,Published on Mises Institute (https://mises.org),Gordon,page1,    🤓 AUTORES\   CATEGORÍAS\  🌗 Ancaps-Voluntaristas\  Murray Rothbard\ Sobre Rothbard\Artículos cortos\Gordon - Sabiduría de Rothbard.pdf
"Gordon - ¡Feliz cumpleaños, Murray!(1).pdf",Published on Mises Institute (https://mises.org),Gordon,page1,"    🤓 AUTORES\   CATEGORÍAS\  🌗 Ancaps-Voluntaristas\  Murray Rothbard\ Sobre Rothbard\Artículos cortos\Gordon - ¡Feliz cumpleaños, Murray!(1).pdf"
"Gordon - ¡Feliz cumpleaños, Murray!.pdf",Published on Mises Institute (https://mises.org),Gordon,page1,"    🤓 AUTORES\   CATEGORÍAS\  🌗 Ancaps-Voluntaristas\  Murray Rothbard\ Sobre Rothbard\Artículos cortos\Gordon - ¡Feliz cumpleaños, Murray!.pdf"
Grant - Memorias de Murray.pdf,Published on Mises Institute (https://mises.org),Grant,page1,    🤓 AUTORES\   CATEGORÍAS\  🌗 Ancaps-Voluntaristas\  Murray Rothbard\ Sobre Rothbard\Artículos cortos\Grant - Memorias de Murray.pdf
Hastings - Cómo la teoría de Murray Rothbard sobre el progreso impulsado por los empresarios se puede aplicar a los negocios modernos.pdf,Published on Mises Institute (https://mises.org),Hastings,page1,    🤓 AUTORES\   CATEGORÍAS\  🌗 Ancaps-Voluntaristas\  Murray Rothbard\ Sobre Rothbard\Artículos cortos\Hastings - Cómo la teoría de Murray Rothbard sobre el progreso impulsado por los empresarios se puede aplicar a los negocios modernos.pdf
"Herbener - «Jeffrey, este es Murray. Murray Rothbard».pdf",Published on Mises Institute (https://mises.org),Herbener,page1,"    🤓 AUTORES\   CATEGORÍAS\  🌗 Ancaps-Voluntaristas\  Murray Rothbard\ Sobre Rothbard\Artículos cortos\Herbener - «Jeffrey, este es Murray. Murray Rothbard».pdf"
IN MEMORIAM M.N. ROTHBARD (1926-1995).pdf,CAPÍTULO XVIII IN MEMORIAM M.N. ROTHBARD (1926-1995)*,1926-1995,page1,    🤓 AUTORES\   CATEGORÍAS\  🌗 Ancaps-Voluntaristas\  Murray Rothbard\ Sobre Rothbard\Artículos cortos\IN MEMORIAM M.N. ROTHBARD (1926-1995).pdf
La izquierda libertaria de Rothbard a Foucault.pdf,Luis Diego Fernández,,page1,    🤓 AUTORES\   CATEGORÍAS\  🌗 Ancaps-Voluntaristas\  Murray Rothbard\ Sobre Rothbard\Artículos cortos\La izquierda libertaria de Rothbard a Foucault.pdf
"Las comillas en la libertad de Rothbard. El_problema de la inasunci´on biol´ogica en las_Humanidades, II.pdf",Las comillas en la libertad de Rothbard. El,,page1,"    🤓 AUTORES\   CATEGORÍAS\  🌗 Ancaps-Voluntaristas\  Murray Rothbard\ Sobre Rothbard\Artículos cortos\Las comillas en la libertad de Rothbard. El_problema de la inasunci´on biol´ogica en las_Humanidades, II.pdf"
"Matthews - Del cristianismo al poder negro, Rothbard ofrece una visión única.pdf",Published on Mises Institute (https://mises.org),Matthews,page1,"    🤓 AUTORES\   CATEGORÍAS\  🌗 Ancaps-Voluntaristas\  Murray Rothbard\ Sobre Rothbard\Artículos cortos\Matthews - Del cristianismo al poder negro, Rothbard ofrece una visión única.pdf"
Modugno - Cómo descubrí a Murray Rothbard.pdf,Published on Mises Institute (https://mises.org),Modugno,page1,    🤓 AUTORES\   CATEGORÍAS\  🌗 Ancaps-Voluntaristas\  Murray Rothbard\ Sobre Rothbard\Artículos cortos\Modugno - Cómo descubrí a Murray Rothbard.pdf
Murphy - George Selgin malinterpreta la posición de Rothbard sobre la banca de reserva fraccional.pdf,Published on Mises Institute (https://mises.org),Murphy,page1,    🤓 AUTORES\   CATEGORÍAS\  🌗 Ancaps-Voluntaristas\  Murray Rothbard\ Sobre Rothbard\Artículos cortos\Murphy - George Selgin malinterpreta la posición de Rothbard sobre la banca de reserva fraccional.pdf
Napolitano - De una confederación a un gobierno nacional_ Rothbard sobre la república temprana.pdf,Published on Mises Institute (https://mises.org),Napolitano,page1,    🤓 AUTORES\   CATEGORÍAS\  🌗 Ancaps-Voluntaristas\  Murray Rothbard\ Sobre Rothbard\Artículos cortos\Napolitano - De una confederación a un gobierno nacional_ Rothbard sobre la república temprana.pdf
Rectenwald - La lucha contra el totalitarismo_ Rothbard contra el monasticismo.pdf,Published on Mises Institute (https://mises.org),Rectenwald,page1,    🤓 AUTORES\   CATEGORÍAS\  🌗 Ancaps-Voluntaristas\  Murray Rothbard\ Sobre Rothbard\Artículos cortos\Rectenwald - La lucha contra el totalitarismo_ Rothbard contra el monasticismo.pdf
Salermo - Lo que Mises dijo sobre Rothbard.pdf,Published on Mises Institute (https://mises.org),Salermo,page1,    🤓 AUTORES\   CATEGORÍAS\  🌗 Ancaps-Voluntaristas\  Murray Rothbard\ Sobre Rothbard\Artículos cortos\Salermo - Lo que Mises dijo sobre Rothbard.pdf
Salermo - Murray Rothbard sobre Milton Friedman.pdf,Published on Mises Institute (https://mises.org),Salermo,page1,    🤓 AUTORES\   CATEGORÍAS\  🌗 Ancaps-Voluntaristas\  Murray Rothbard\ Sobre Rothbard\Artículos cortos\Salermo - Murray Rothbard sobre Milton Friedman.pdf
Salermo - Recuerdos de Murray en su noventa y cinco cumpleaños.pdf,Published on Mises Institute (https://mises.org),Salermo,page1,    🤓 AUTORES\   CATEGORÍAS\  🌗 Ancaps-Voluntaristas\  Murray Rothbard\ Sobre Rothbard\Artículos cortos\Salermo - Recuerdos de Murray en su noventa y cinco cumpleaños.pdf
Salermo - Rothbard reivindicado.pdf,Published on Mises Institute (https://mises.org),Salermo,page1,    🤓 AUTORES\   CATEGORÍAS\  🌗 Ancaps-Voluntaristas\  Murray Rothbard\ Sobre Rothbard\Artículos cortos\Salermo - Rothbard reivindicado.pdf
Salermo - Un homenaje de cumpleaños al economista favorito de Murray Rothbard.pdf,Published on Mises Institute (https://mises.org),Salermo,page1,    🤓 AUTORES\   CATEGORÍAS\  🌗 Ancaps-Voluntaristas\  Murray Rothbard\ Sobre Rothbard\Artículos cortos\Salermo - Un homenaje de cumpleaños al economista favorito de Murray Rothbard.pdf
Schubert - Rothbard estaba en lo cierto sobre la fluoración del agua.pdf,Published on Mises Institute (https://mises.org),Schubert,page1,    🤓 AUTORES\   CATEGORÍAS\  🌗 Ancaps-Voluntaristas\  Murray Rothbard\ Sobre Rothbard\Artículos cortos\Schubert - Rothbard estaba en lo cierto sobre la fluoración del agua.pdf
Stefunko - El pensamiento monetario de Rothbard.pdf,Published on Mises Institute (https://mises.org),Stefunko,page1,    🤓 AUTORES\   CATEGORÍAS\  🌗 Ancaps-Voluntaristas\  Murray Rothbard\ Sobre Rothbard\Artículos cortos\Stefunko - El pensamiento monetario de Rothbard.pdf
Thornton - Las reglas de Rothbard.pdf,Published on Mises Institute (https://mises.org),Thornton,page1,    🤓 AUTORES\   CATEGORÍAS\  🌗 Ancaps-Voluntaristas\  Murray Rothbard\ Sobre Rothbard\Artículos cortos\Thornton - Las reglas de Rothbard.pdf
W. Anderson - Cuando visité Berlín Oriental con Murray Rothbard.pdf,Published on Mises Institute (https://mises.org),W. Anderson,page1,    🤓 AUTORES\   CATEGORÍAS\  🌗 Ancaps-Voluntaristas\  Murray Rothbard\ Sobre Rothbard\Artículos cortos\W. Anderson - Cuando visité Berlín Oriental con Murray Rothbard.pdf
Bagus - ¿Qué diría Rothbard sobre el pánico del COVID-19_.pdf,Published on Mises Institute (https://mises.org),Bagus,page1,    🤓 AUTORES\   CATEGORÍAS\  🌗 Ancaps-Voluntaristas\  Murray Rothbard\ Sobre Rothbard\Bagus - ¿Qué diría Rothbard sobre el pánico del COVID-19_.pdf
Bastos - Un Reaccionario Radical_ El pensamiento político de Rothbard.pdf,06.Boubeta,Marcial,meta,    🤓 AUTORES\   CATEGORÍAS\  🌗 Ancaps-Voluntaristas\  Murray Rothbard\ Sobre Rothbard\Bastos - Un Reaccionario Radical_ El pensamiento político de Rothbard.pdf
Caplan - Rothbard contra el demagogo.pdf,Rothbard contra el demagogo — Bryan Caplan | by Libertad en Español | Medium,Caplan,meta,    🤓 AUTORES\   CATEGORÍAS\  🌗 Ancaps-Voluntaristas\  Murray Rothbard\ Sobre Rothbard\Caplan - Rothbard contra el demagogo.pdf
Clemente - Rothbard pervierte las ideas de Marx.pdf,"SPANISH, STATELESS EMBASSIES",Clemente,page1,    🤓 AUTORES\   CATEGORÍAS\  🌗 Ancaps-Voluntaristas\  Murray Rothbard\ Sobre Rothbard\Clemente - Rothbard pervierte las ideas de Marx.pdf
El austrismo randiano de Murray Rothbard.pdf,e1346142281439.jpg)Murray N. Rothbard (1926-1995) fue,,page1,    🤓 AUTORES\   CATEGORÍAS\  🌗 Ancaps-Voluntaristas\  Murray Rothbard\ Sobre Rothbard\El austrismo randiano de Murray Rothbard.pdf
El nacionalismo negro de Murray Rothbard.pdf,"SPANISH, STATELESS EMBASSIES",,page1,    🤓 AUTORES\   CATEGORÍAS\  🌗 Ancaps-Voluntaristas\  Murray Rothbard\ Sobre Rothbard\El nacionalismo negro de Murray Rothbard.pdf
"Essential Rothbard, resumen del libro (Francisco Ibero).pdf",(http://www.mises.org.es/wp-,Francisco Ibero,page1,"    🤓 AUTORES\   CATEGORÍAS\  🌗 Ancaps-Voluntaristas\  Murray Rothbard\ Sobre Rothbard\Essential Rothbard, resumen del libro (Francisco Ibero).pdf"
Filosofia y Anarcocapitalismo de Rothbard.pdf,M. ROTHBARD: FILOSOFÍA Y ANARCOCAPITALISMO,Usuario,page1,    🤓 AUTORES\   CATEGORÍAS\  🌗 Ancaps-Voluntaristas\  Murray Rothbard\ Sobre Rothbard\Filosofia y Anarcocapitalismo de Rothbard.pdf
Filosofía en 3 minutos_ Murray Rothbard _ Perfil.pdf,Filosofía en 3 minutos: Murray,,page1,    🤓 AUTORES\   CATEGORÍAS\  🌗 Ancaps-Voluntaristas\  Murray Rothbard\ Sobre Rothbard\Filosofía en 3 minutos_ Murray Rothbard _ Perfil.pdf
"Hudak - Aten a la policía, una respuesta al Rothbard tardío.pdf",Aten a la policía: una respuesta al Rothbard tardío — John M. Hudak | by Libertad en Español | Medium,Hudak,meta,"    🤓 AUTORES\   CATEGORÍAS\  🌗 Ancaps-Voluntaristas\  Murray Rothbard\ Sobre Rothbard\Hudak - Aten a la policía, una respuesta al Rothbard tardío.pdf"
"J. Wilson - Izquierda y derecha, por Rothbard.pdf","SPANISH, STATELESS EMBASSIES",J. Wilson,page1,"    🤓 AUTORES\   CATEGORÍAS\  🌗 Ancaps-Voluntaristas\  Murray Rothbard\ Sobre Rothbard\J. Wilson - Izquierda y derecha, por Rothbard.pdf"
la-anatomia-del-estado.pdf,La Anatomia del Estado,Murray N. Rothbard,meta,    🤓 AUTORES\   CATEGORÍAS\  🌗 Ancaps-Voluntaristas\  Murray Rothbard\ Sobre Rothbard\la-anatomia-del-estado.pdf
la-anatomía-del-estado.pdf,La anatomía del Estado,Murray N. Rothbard,meta,    🤓 AUTORES\   CATEGORÍAS\  🌗 Ancaps-Voluntaristas\  Murray Rothbard\ Sobre Rothbard\la-anatomía-del-estado.pdf
Liggio - Murray Rothbard y la banca jacksoniana.pdf,Published on Mises Institute (https://mises.org),Liggio,page1,    🤓 AUTORES\   CATEGORÍAS\  🌗 Ancaps-Voluntaristas\  Murray Rothbard\ Sobre Rothbard\Liggio - Murray Rothbard y la banca jacksoniana.pdf
North - Lo que hizo grande a Rothbard.pdf,Published on Mises Institute (https://mises.org),North,page1,    🤓 AUTORES\   CATEGORÍAS\  🌗 Ancaps-Voluntaristas\  Murray Rothbard\ Sobre Rothbard\North - Lo que hizo grande a Rothbard.pdf
Pickering - La grandeza olvidada del prefacio de Rothbard a Teoría e historia.pdf,Published on Mises Institute (https://mises.org),Pickering,page1,    🤓 AUTORES\   CATEGORÍAS\  🌗 Ancaps-Voluntaristas\  Murray Rothbard\ Sobre Rothbard\Pickering - La grandeza olvidada del prefacio de Rothbard a Teoría e historia.pdf
"Ramírez - Rothbard, el libertario.pdf","libertad.jpg)[Reseña de La ética de la libertad, obra clave",Ramírez,page1,"    🤓 AUTORES\   CATEGORÍAS\  🌗 Ancaps-Voluntaristas\  Murray Rothbard\ Sobre Rothbard\Ramírez - Rothbard, el libertario.pdf"
Rectenwald - ¿Existen realmente las conspiraciones_ Murray Rothbard lo pensaba.pdf,Published on Mises Institute (https://mises.org),Rectenwald,page1,    🤓 AUTORES\   CATEGORÍAS\  🌗 Ancaps-Voluntaristas\  Murray Rothbard\ Sobre Rothbard\Rectenwald - ¿Existen realmente las conspiraciones_ Murray Rothbard lo pensaba.pdf
Salermo - Los negacionistas de Rothbard se equivocan.pdf,Published on Mises Institute (https://mises.org),Salermo,page1,    🤓 AUTORES\   CATEGORÍAS\  🌗 Ancaps-Voluntaristas\  Murray Rothbard\ Sobre Rothbard\Salermo - Los negacionistas de Rothbard se equivocan.pdf
Thorton - Rothbard sobre la economía de la esclavitud.pdf,Published on Mises Institute (https://mises.org),Thorton,page1,    🤓 AUTORES\   CATEGORÍAS\  🌗 Ancaps-Voluntaristas\  Murray Rothbard\ Sobre Rothbard\Thorton - Rothbard sobre la economía de la esclavitud.pdf
Rothbard - Acusación Contra la Reserva Federal.pdf,James Mill y el análisis libertario de clase,n023558,meta,    🤓 AUTORES\   CATEGORÍAS\  🌗 Ancaps-Voluntaristas\  Murray Rothbard\Rothbard - Acusación Contra la Reserva Federal.pdf
Rothbard - El Caso Contra el Banco Central.pdf,El Caso Contra el Banco Central,Murray N. Rothbard,meta,    🤓 AUTORES\   CATEGORÍAS\  🌗 Ancaps-Voluntaristas\  Murray Rothbard\Rothbard - El Caso Contra el Banco Central.pdf
Rothbard - El Misterio de la Banca.pdf,EL MISTERIO DE LA BANCA,Rothbard,meta,    🤓 AUTORES\   CATEGORÍAS\  🌗 Ancaps-Voluntaristas\  Murray Rothbard\Rothbard - El Misterio de la Banca.pdf
Rothbard - El Pánico de 1819.pdf,El Pánico de 1819,Rothbard,filename,    🤓 AUTORES\   CATEGORÍAS\  🌗 Ancaps-Voluntaristas\  Murray Rothbard\Rothbard - El Pánico de 1819.pdf
Rothbard - El randismo dentro del libertarismo.pdf,El randismo dentro del libertarismo - Centro Mises (Mises Hispano) Centro Mises (Mises Hispano),Rothbard,meta,    🤓 AUTORES\   CATEGORÍAS\  🌗 Ancaps-Voluntaristas\  Murray Rothbard\Rothbard - El randismo dentro del libertarismo.pdf
Rothbard - En Defensa de un Dolar cien por cien oro.pdf,En Defensa de un Dólar Cien por Cien Oro,Rothbard,meta,    🤓 AUTORES\   CATEGORÍAS\  🌗 Ancaps-Voluntaristas\  Murray Rothbard\Rothbard - En Defensa de un Dolar cien por cien oro.pdf
Rothbard - Entendiendo el culto a Ayn Rand.pdf,Entendiendo el culto a Ayn Rand - Centro Mises (Mises Hispano) Centro Mises (Mises Hispano),Rothbard,meta,    🤓 AUTORES\   CATEGORÍAS\  🌗 Ancaps-Voluntaristas\  Murray Rothbard\Rothbard - Entendiendo el culto a Ayn Rand.pdf
Rothbard - Frank Meyer_ el fusionista como libertario.pdf,Published on Mises Institute (https://mises.org),Rothbard,page1,    🤓 AUTORES\   CATEGORÍAS\  🌗 Ancaps-Voluntaristas\  Murray Rothbard\Rothbard - Frank Meyer_ el fusionista como libertario.pdf
Rothbard - Historia del Pensamiento Economico [pasajes].pdf,"Historia del pensamiento económico, vol. 1",Propietario,page1,    🤓 AUTORES\   CATEGORÍAS\  🌗 Ancaps-Voluntaristas\  Murray Rothbard\Rothbard - Historia del Pensamiento Economico [pasajes].pdf
Rothbard - Izquierda y Derecha_ Perspectivas de la Libertad.pdf,Izquierda y Derecha_ Perspectivas de la Libertad,Rothbard,filename,    🤓 AUTORES\   CATEGORÍAS\  🌗 Ancaps-Voluntaristas\  Murray Rothbard\Rothbard - Izquierda y Derecha_ Perspectivas de la Libertad.pdf
Rothbard - Keynes El hombre.pdf,"Keynes, the Man",Murray N. Rothbard,meta,    🤓 AUTORES\   CATEGORÍAS\  🌗 Ancaps-Voluntaristas\  Murray Rothbard\Rothbard - Keynes El hombre.pdf
Rothbard - La primera Guerra Mundial como Consumación.pdf,Camino de servidumbre de Hayek: Ayer y hoy del despotismo,Murray N. Rothbard,meta,    🤓 AUTORES\   CATEGORÍAS\  🌗 Ancaps-Voluntaristas\  Murray Rothbard\Rothbard - La primera Guerra Mundial como Consumación.pdf
Rothbard - La traicion de la derecha estadounidense.pdf,La traicion de la derecha estadounidense,Rothbard,filename,    🤓 AUTORES\   CATEGORÍAS\  🌗 Ancaps-Voluntaristas\  Murray Rothbard\Rothbard - La traicion de la derecha estadounidense.pdf
Rothbard - La Traicion de la Derecha.pdf,La traición de la derecha estadounidense,Murray N. Rothbard,meta,    🤓 AUTORES\   CATEGORÍAS\  🌗 Ancaps-Voluntaristas\  Murray Rothbard\Rothbard - La Traicion de la Derecha.pdf
Rothbard - Lo Esencial de Mises.pdf,Lo Esencial de Mises,Rothbard,filename,    🤓 AUTORES\   CATEGORÍAS\  🌗 Ancaps-Voluntaristas\  Murray Rothbard\Rothbard - Lo Esencial de Mises.pdf
Rothbard - Moneda Libre y Controlada.pdf,"MURRAY N. ROTHBARD MONEDA, LIBRE",Rothbard,page1,    🤓 AUTORES\   CATEGORÍAS\  🌗 Ancaps-Voluntaristas\  Murray Rothbard\Rothbard - Moneda Libre y Controlada.pdf
Rothbard - Monopolio y Competencia.pdf,Revista Libertas 34 (Mayo 2001),Norberto Sedaca,page1,    🤓 AUTORES\   CATEGORÍAS\  🌗 Ancaps-Voluntaristas\  Murray Rothbard\Rothbard - Monopolio y Competencia.pdf
Rothbard - Por una Economía con Sentido.pdf,POR UNA ECONOMÍA CON SENTIDO,Rothbard,meta,    🤓 AUTORES\   CATEGORÍAS\  🌗 Ancaps-Voluntaristas\  Murray Rothbard\Rothbard - Por una Economía con Sentido.pdf
Rothbard - Qué ha Hecho el Gobierno de Nuestro Dinero.pdf,¿QUÉ HA HECHO EL GOBIERNO DE NUESTRO DINERO?,Rothbard,page1,    🤓 AUTORES\   CATEGORÍAS\  🌗 Ancaps-Voluntaristas\  Murray Rothbard\Rothbard - Qué ha Hecho el Gobierno de Nuestro Dinero.pdf
"Rothbard - Wall Street, los Bancos y la Política Exterior EU.pdf","Wall Street, los Bancos y la Política Exterior Norteamericana",Rothbard,meta,"    🤓 AUTORES\   CATEGORÍAS\  🌗 Ancaps-Voluntaristas\  Murray Rothbard\Rothbard - Wall Street, los Bancos y la Política Exterior EU.pdf"
  Stephan Kinsella.pdf,Stephan Kinsella,,page1,    🤓 AUTORES\   CATEGORÍAS\  🌗 Ancaps-Voluntaristas\  Stephan Kinsella\  Stephan Kinsella.pdf
Ayn Rand sobre el poder de citación de los tribunales y el servicio de jurado obligatorio (y el dominio eminente).pdf,1125x900-1.jpg)Un problema con el minarquismo es que dificulta,y el dominio eminente,page1,    🤓 AUTORES\   CATEGORÍAS\  🌗 Ancaps-Voluntaristas\  Stephan Kinsella\Ayn Rand sobre el poder de citación de los tribunales y el servicio de jurado obligatorio (y el dominio eminente).pdf
Entrevista_ Stephan Kinsella.pdf,"Kinsella (http://www.stephankinsella.com/) es un abogado de patentes,",,page1,    🤓 AUTORES\   CATEGORÍAS\  🌗 Ancaps-Voluntaristas\  Stephan Kinsella\Entrevista_ Stephan Kinsella.pdf
Historia y principios de la Property and Freedom Society.pdf,Propiedad-y-Libertad-e1314909915522.jpg)La Property and,,page1,    🤓 AUTORES\   CATEGORÍAS\  🌗 Ancaps-Voluntaristas\  Stephan Kinsella\Historia y principios de la Property and Freedom Society.pdf
"Hoppe sobre falsasionismo, empirismo, apriorismo y protofísica.pdf",content/uploads/2018/11/Hoppe.jpg)En el clásico artículo de Hans-,,page1,"    🤓 AUTORES\   CATEGORÍAS\  🌗 Ancaps-Voluntaristas\  Stephan Kinsella\Hoppe sobre falsasionismo, empirismo, apriorismo y protofísica.pdf"
"Kinsella & J. Tucker - Bienes, Escasos y No Escasos.pdf",Published on Mises Institute (https://mises.org),Kinsella & J. Tucker,page1,"    🤓 AUTORES\   CATEGORÍAS\  🌗 Ancaps-Voluntaristas\  Stephan Kinsella\Kinsella & J. Tucker - Bienes, Escasos y No Escasos.pdf"
Kinsella - Conocimiento versus cálculo.pdf,Published on Mises Institute (https://mises.org),Kinsella,page1,    🤓 AUTORES\   CATEGORÍAS\  🌗 Ancaps-Voluntaristas\  Stephan Kinsella\Kinsella - Conocimiento versus cálculo.pdf
Kinsella - Contra la Propiedad Intelectual.pdf,Contra La Propiedad Intelectual,Stephan Kinsella,meta,    🤓 AUTORES\   CATEGORÍAS\  🌗 Ancaps-Voluntaristas\  Stephan Kinsella\Kinsella - Contra la Propiedad Intelectual.pdf
Kinsella - El argumento libertario a favor del matrimonio gay.pdf,"qué estoy a favor del matrimonio gay? Primero, nunca he sido",Kinsella,page1,    🤓 AUTORES\   CATEGORÍAS\  🌗 Ancaps-Voluntaristas\  Stephan Kinsella\Kinsella - El argumento libertario a favor del matrimonio gay.pdf
Kinsella - El gran debate de la PI de 1983.pdf,content/uploads/2012/11/McElroySchulman.jpg)He explicado en,Kinsella,page1,    🤓 AUTORES\   CATEGORÍAS\  🌗 Ancaps-Voluntaristas\  Stephan Kinsella\Kinsella - El gran debate de la PI de 1983.pdf
Kinsella - Hoppe no es monárquico.pdf,Personas que no son caritativas o que tienen problemas de,Kinsella,page1,    🤓 AUTORES\   CATEGORÍAS\  🌗 Ancaps-Voluntaristas\  Stephan Kinsella\Kinsella - Hoppe no es monárquico.pdf
Kinsella - Inalienabilidad y castigo_ una respuesta a George Smith.pdf,content/uploads/2016/07/kinsella_stephan.jpg)El hecho de que la,Kinsella,page1,    🤓 AUTORES\   CATEGORÍAS\  🌗 Ancaps-Voluntaristas\  Stephan Kinsella\Kinsella - Inalienabilidad y castigo_ una respuesta a George Smith.pdf
Kinsella - La edad de oro de los Estados Unidos.pdf,"liberty-torch.jpg)Demasiados libertarios, especialmente del grupo de",Kinsella,page1,    🤓 AUTORES\   CATEGORÍAS\  🌗 Ancaps-Voluntaristas\  Stephan Kinsella\Kinsella - La edad de oro de los Estados Unidos.pdf
Kinsella - La reforma de las patentes de Obama_ ¿Una mejora o la calamidad continúa_.pdf,vez se reconoce más que nuestro actual sistema de patentes está,Kinsella,page1,    🤓 AUTORES\   CATEGORÍAS\  🌗 Ancaps-Voluntaristas\  Stephan Kinsella\Kinsella - La reforma de las patentes de Obama_ ¿Una mejora o la calamidad continúa_.pdf
"Kinsella - Lee a Hoppe, a continuación nada es lo mismo.pdf",Published on Mises Institute (https://mises.org),Kinsella,page1,"    🤓 AUTORES\   CATEGORÍAS\  🌗 Ancaps-Voluntaristas\  Stephan Kinsella\Kinsella - Lee a Hoppe, a continuación nada es lo mismo.pdf"
Kinsella - Legislación y ley en una sociedad libre.pdf,content/uploads/2011/12/dec1221.jpg)Los libertarios y los liberales,Kinsella,page1,    🤓 AUTORES\   CATEGORÍAS\  🌗 Ancaps-Voluntaristas\  Stephan Kinsella\Kinsella - Legislación y ley en una sociedad libre.pdf
Kinsella - Mises y Rand (y Rothbard).pdf,Published on Mises Institute (https://mises.org),y Rothbard,page1,    🤓 AUTORES\   CATEGORÍAS\  🌗 Ancaps-Voluntaristas\  Stephan Kinsella\Kinsella - Mises y Rand (y Rothbard).pdf
Kinsella - No existen las patentes gratuitas.pdf,defensa convencional del sistema de patentes es que es esencial para,Kinsella,page1,    🤓 AUTORES\   CATEGORÍAS\  🌗 Ancaps-Voluntaristas\  Stephan Kinsella\Kinsella - No existen las patentes gratuitas.pdf
Kinsella - Nuevas direcciones racionalistas en la teoría libertaria de los derechos.pdf,"Kinsella.jpg)[Journal of Libertarian Studies 12, Nº 2 (1996): 313-326].",Kinsella,page1,    🤓 AUTORES\   CATEGORÍAS\  🌗 Ancaps-Voluntaristas\  Stephan Kinsella\Kinsella - Nuevas direcciones racionalistas en la teoría libertaria de los derechos.pdf
Kinsella - Propiedad intelectual y derechos de propiedad.pdf,[Extraído de Contra la propiedad intelectual,Kinsella,page1,    🤓 AUTORES\   CATEGORÍAS\  🌗 Ancaps-Voluntaristas\  Stephan Kinsella\Kinsella - Propiedad intelectual y derechos de propiedad.pdf
Kinsella - Reduciendo el coste del derecho de PI.pdf,artículo era “Radical Patent Reform Is Not on the Way,Kinsella,page1,    🤓 AUTORES\   CATEGORÍAS\  🌗 Ancaps-Voluntaristas\  Stephan Kinsella\Kinsella - Reduciendo el coste del derecho de PI.pdf
Kinsella - Un argumento libertario contra la inmigración irrestricta y las fronteras abiertas.pdf,Poseer significa que uno tiene derecho a controlar un recurso,Kinsella,page1,    🤓 AUTORES\   CATEGORÍAS\  🌗 Ancaps-Voluntaristas\  Stephan Kinsella\Kinsella - Un argumento libertario contra la inmigración irrestricta y las fronteras abiertas.pdf
Kinsella - Una crítica a la ocupación mutualista.pdf,mi contribución What Libertarianism Is,Kinsella,page1,    🤓 AUTORES\   CATEGORÍAS\  🌗 Ancaps-Voluntaristas\  Stephan Kinsella\Kinsella - Una crítica a la ocupación mutualista.pdf
Kinsella - ¿Es legítima la propiedad intelectual_.pdf,"e1648507047904.webp)Tal y como indicó Sócrates, no merece la",Kinsella,page1,    🤓 AUTORES\   CATEGORÍAS\  🌗 Ancaps-Voluntaristas\  Stephan Kinsella\Kinsella - ¿Es legítima la propiedad intelectual_.pdf
Kinsella - Ética de la Argumentación y Libertad_ una guía concisa.pdf,Published on Mises Institute (https://mises.org),Kinsella,page1,    🤓 AUTORES\   CATEGORÍAS\  🌗 Ancaps-Voluntaristas\  Stephan Kinsella\Kinsella - Ética de la Argumentación y Libertad_ una guía concisa.pdf
Mensaje de Stephan Kinsella.pdf,e1439088110552.jpg)Durante mi vida he visto ampliarse el alcance,,page1,    🤓 AUTORES\   CATEGORÍAS\  🌗 Ancaps-Voluntaristas\  Stephan Kinsella\Mensaje de Stephan Kinsella.pdf
"Stephan Kinsella sobre la religión, el objetivismo y Ayn Rand.pdf",2.jpg)Pienso que cualquier sistema deontológico o de principios debe ser,,page1,"    🤓 AUTORES\   CATEGORÍAS\  🌗 Ancaps-Voluntaristas\  Stephan Kinsella\Stephan Kinsella sobre la religión, el objetivismo y Ayn Rand.pdf"
Anarcocapitalismo Espacial (Presentación).pdf,Anarcocapitalismo Espacial,Presentación,filename,    🤓 AUTORES\   CATEGORÍAS\  🌗 Ancaps-Voluntaristas\  Walter Block\Anarcocapitalismo Espacial (Presentación).pdf
Block -  Defending the Undefendable III.pdf,Walter E. Block,Block,page1,    🤓 AUTORES\   CATEGORÍAS\  🌗 Ancaps-Voluntaristas\  Walter Block\Block -  Defending the Undefendable III.pdf
Block - Coase y Demsetz sobre el Derecho de Propiedad Privada.pdf,LIBERTAS 36,ESEADE,meta,    🤓 AUTORES\   CATEGORÍAS\  🌗 Ancaps-Voluntaristas\  Walter Block\Block - Coase y Demsetz sobre el Derecho de Propiedad Privada.pdf
"Block - Derecho de Propiedad, Interpretaciones Erróneas, Moralidad y Economía.pdf",LIBERTAS 37,ESEADE,meta,"    🤓 AUTORES\   CATEGORÍAS\  🌗 Ancaps-Voluntaristas\  Walter Block\Block - Derecho de Propiedad, Interpretaciones Erróneas, Moralidad y Economía.pdf"
Block - Religión y libertarismo.pdf,wtl_big.jpg)La relación entre el libertarismo y la religión es larga y,Block,page1,    🤓 AUTORES\   CATEGORÍAS\  🌗 Ancaps-Voluntaristas\  Walter Block\Block - Religión y libertarismo.pdf
Block y A. Fumerton - El Caso Liberal Clásico para Israel.pdf,El caso Liberal para Israel,Walter E. Block,meta,    🤓 AUTORES\   CATEGORÍAS\  🌗 Ancaps-Voluntaristas\  Walter Block\Block y A. Fumerton - El Caso Liberal Clásico para Israel.pdf
Block y Lothian - Capitalismo Espacial.pdf,Capitalismo Espacial,Block y Lothian,filename,    🤓 AUTORES\   CATEGORÍAS\  🌗 Ancaps-Voluntaristas\  Walter Block\Block y Lothian - Capitalismo Espacial.pdf
"Block, Hoppe, Hülsmann - Contra los Medios Fiduciarios.pdf",MAY · KIRTCHEV · BARLOW · NAKAMOTO RECOPILACIÓN POR SIMÓN OCAMPO,"Block, Hoppe, Hülsmann",page1,"    🤓 AUTORES\   CATEGORÍAS\  🌗 Ancaps-Voluntaristas\  Walter Block\Block, Hoppe, Hülsmann - Contra los Medios Fiduciarios.pdf"
Block_ De científico (social) a sionista loco.pdf,De científico (social) a sionista loco | Mises Institute,,meta,    🤓 AUTORES\   CATEGORÍAS\  🌗 Ancaps-Voluntaristas\  Walter Block\Block_ De científico (social) a sionista loco.pdf
Books by Walter Block.pdf,Complete List of Books by Walter Block,JudyT,page1,    🤓 AUTORES\   CATEGORÍAS\  🌗 Ancaps-Voluntaristas\  Walter Block\Books by Walter Block.pdf
Entrevista al pensador anarquista Walter Block.pdf,el distinguido honor  de entrevistar a una de mis mayores influencias,,page1,    🤓 AUTORES\   CATEGORÍAS\  🌗 Ancaps-Voluntaristas\  Walter Block\Entrevista al pensador anarquista Walter Block.pdf
Block - Alex Jones es inocente.pdf,content/uploads/2022/12/download.jpg)Estipulemos que el horrible,Block,page1,    🤓 AUTORES\   CATEGORÍAS\  🌗 Ancaps-Voluntaristas\  Walter Block\Escritos varios\Block - Alex Jones es inocente.pdf
Block - Carta abierta a la International Justice Mission.pdf,que te ayudará a convertirte en un conocedor libertario],Block,page1,    🤓 AUTORES\   CATEGORÍAS\  🌗 Ancaps-Voluntaristas\  Walter Block\Escritos varios\Block - Carta abierta a la International Justice Mission.pdf
Block - Contra los sandías.pdf,"artículo es una respuesta a Paul Baer y otros, “Greenhouse Development",Block,page1,    🤓 AUTORES\   CATEGORÍAS\  🌗 Ancaps-Voluntaristas\  Walter Block\Escritos varios\Block - Contra los sandías.pdf
Block - Defendiendo al casero.pdf,que te ayudará a convertirte en un conocedor libertario],Block,page1,    🤓 AUTORES\   CATEGORÍAS\  🌗 Ancaps-Voluntaristas\  Walter Block\Escritos varios\Block - Defendiendo al casero.pdf
Block - Defendiendo al rompedor de tarifas.pdf,[Extraído de Defending the Undefendable,Block,page1,    🤓 AUTORES\   CATEGORÍAS\  🌗 Ancaps-Voluntaristas\  Walter Block\Escritos varios\Block - Defendiendo al rompedor de tarifas.pdf
Block - Defendiendo al taxista pirata.pdf,negocio del taxi en Estados Unidos normalmente funciona en,Block,page1,    🤓 AUTORES\   CATEGORÍAS\  🌗 Ancaps-Voluntaristas\  Walter Block\Escritos varios\Block - Defendiendo al taxista pirata.pdf
Block - Ecologismo y libertad económica_ La defensa de los derechos de propiedad privada.pdf,I.            Introducción,Block,page1,    🤓 AUTORES\   CATEGORÍAS\  🌗 Ancaps-Voluntaristas\  Walter Block\Escritos varios\Block - Ecologismo y libertad económica_ La defensa de los derechos de propiedad privada.pdf
"Block - Economía austriaca, economía neoclásica, marketing y finanzas.pdf",Published on Mises Institute (https://mises.org),Block,page1,"    🤓 AUTORES\   CATEGORÍAS\  🌗 Ancaps-Voluntaristas\  Walter Block\Escritos varios\Block - Economía austriaca, economía neoclásica, marketing y finanzas.pdf"
Block - El contrato Yellow Dog_ ¡Volvámoslo a instaurar!.pdf,Published on Mises Institute (https://mises.org),Block,page1,    🤓 AUTORES\   CATEGORÍAS\  🌗 Ancaps-Voluntaristas\  Walter Block\Escritos varios\Block - El contrato Yellow Dog_ ¡Volvámoslo a instaurar!.pdf
Block - El gentrificador.pdf,content/uploads/2015/04/st110321093738.jpg)La gentrificación tiene,Block,page1,    🤓 AUTORES\   CATEGORÍAS\  🌗 Ancaps-Voluntaristas\  Walter Block\Escritos varios\Block - El gentrificador.pdf
Block - El salario injustificado de Elizabeth Warren.pdf,content/uploads/2013/03/6389.png)Murray N. Rothbard solía decir que,Block,page1,    🤓 AUTORES\   CATEGORÍAS\  🌗 Ancaps-Voluntaristas\  Walter Block\Escritos varios\Block - El salario injustificado de Elizabeth Warren.pdf
Block - Enseñando lo indefendible.pdf,content/uploads/2012/03/blockcourse.jpg)[Walter Block dará un curso,Block,page1,    🤓 AUTORES\   CATEGORÍAS\  🌗 Ancaps-Voluntaristas\  Walter Block\Escritos varios\Block - Enseñando lo indefendible.pdf
Block - Epistemología misesiana.pdf,"content/uploads/2020/12/descarga.jpg)Como toda ciencia, la economía",Block,page1,    🤓 AUTORES\   CATEGORÍAS\  🌗 Ancaps-Voluntaristas\  Walter Block\Escritos varios\Block - Epistemología misesiana.pdf
"Block - Gary Becker, RIP.pdf",obituarios escritos acerca de este economista ganador del premio,Block,page1,"    🤓 AUTORES\   CATEGORÍAS\  🌗 Ancaps-Voluntaristas\  Walter Block\Escritos varios\Block - Gary Becker, RIP.pdf"
Block - Guerra económica.pdf,Published on Mises Institute (https://mises.org),Block,page1,    🤓 AUTORES\   CATEGORÍAS\  🌗 Ancaps-Voluntaristas\  Walter Block\Escritos varios\Block - Guerra económica.pdf
Block - Manual básico sobre empleos y desempleados.pdf,Con la economía del empleo y el desempleo contantemente discutida en,Block,page1,    🤓 AUTORES\   CATEGORÍAS\  🌗 Ancaps-Voluntaristas\  Walter Block\Escritos varios\Block - Manual básico sobre empleos y desempleados.pdf
Block - No consentiste en ser la víctima del estado.pdf,content/uploads/2014/06/6780.jpg)Igual que en la vida diaria es,Block,page1,    🤓 AUTORES\   CATEGORÍAS\  🌗 Ancaps-Voluntaristas\  Walter Block\Escritos varios\Block - No consentiste en ser la víctima del estado.pdf
Block - Obituario de Milton Friedman.pdf,content/uploads/2013/12/2393.jpg)Milton Friedman murió hoy con 94,Block,page1,    🤓 AUTORES\   CATEGORÍAS\  🌗 Ancaps-Voluntaristas\  Walter Block\Escritos varios\Block - Obituario de Milton Friedman.pdf
Block - Por que Discriminar.pdf,Por Walter Block,Propietario,page1,    🤓 AUTORES\   CATEGORÍAS\  🌗 Ancaps-Voluntaristas\  Walter Block\Escritos varios\Block - Por que Discriminar.pdf
Block - Recuperando el lenguaje.pdf,"mi último artículo, yo afirmaba que el lenguaje es importante en la",Block,page1,    🤓 AUTORES\   CATEGORÍAS\  🌗 Ancaps-Voluntaristas\  Walter Block\Escritos varios\Block - Recuperando el lenguaje.pdf
Block - Sexo.pdf,S E X O,tabito,page1,    🤓 AUTORES\   CATEGORÍAS\  🌗 Ancaps-Voluntaristas\  Walter Block\Escritos varios\Block - Sexo.pdf
Block - Todo es culpa de los wokeros y del gobierno.pdf,Published on Mises Institute (https://mises.org),Block,page1,    🤓 AUTORES\   CATEGORÍAS\  🌗 Ancaps-Voluntaristas\  Walter Block\Escritos varios\Block - Todo es culpa de los wokeros y del gobierno.pdf
Block - Trump puede asegurar una recuperación económica en forma de V atendiendo a las lecciones de 1921.pdf,content/uploads/2020/08/recover1.png)¿Una U o V? Esa es la,Block,page1,    🤓 AUTORES\   CATEGORÍAS\  🌗 Ancaps-Voluntaristas\  Walter Block\Escritos varios\Block - Trump puede asegurar una recuperación económica en forma de V atendiendo a las lecciones de 1921.pdf
Block - Una guía para economistas austriacos en Viena.pdf,Published on Mises Institute (https://mises.org),Block,page1,    🤓 AUTORES\   CATEGORÍAS\  🌗 Ancaps-Voluntaristas\  Walter Block\Escritos varios\Block - Una guía para economistas austriacos en Viena.pdf
Block - Una Modesta Propuesta del Dr. Walter Block.pdf,Published on Mises Institute (https://mises.org),Block,page1,    🤓 AUTORES\   CATEGORÍAS\  🌗 Ancaps-Voluntaristas\  Walter Block\Escritos varios\Block - Una Modesta Propuesta del Dr. Walter Block.pdf
Block - ¿Es la libertad de cátedra un tipo especial de libertad_.pdf,"Libertarian Forum, Junio/Julio 1972]",Block,page1,    🤓 AUTORES\   CATEGORÍAS\  🌗 Ancaps-Voluntaristas\  Walter Block\Escritos varios\Block - ¿Es la libertad de cátedra un tipo especial de libertad_.pdf
Block - ¿Hay un derecho a sindicalizar_.pdf,que te ayudará a convertirte en un conocedor libertario],Block,page1,    🤓 AUTORES\   CATEGORÍAS\  🌗 Ancaps-Voluntaristas\  Walter Block\Escritos varios\Block - ¿Hay un derecho a sindicalizar_.pdf
"Block - ¿Los socialistas tienen derecho a la secesión_ Si, incluso ellos.pdf",independentista-l-e_54349945032_53389389549_600_396.jpg)De: D,Block,page1,"    🤓 AUTORES\   CATEGORÍAS\  🌗 Ancaps-Voluntaristas\  Walter Block\Escritos varios\Block - ¿Los socialistas tienen derecho a la secesión_ Si, incluso ellos.pdf"
Block - ¿Por qué Discriminar_.pdf,¿POR QUÉ DISCRIMINAR? WALTER BLOCK,Block,page1,    🤓 AUTORES\   CATEGORÍAS\  🌗 Ancaps-Voluntaristas\  Walter Block\Escritos varios\Block - ¿Por qué Discriminar_.pdf
Block - ¿Por qué los mercados alivian la pobreza y los gobiernos fracasan_.pdf,"content/uploads/2013/11/pobreza.jpg)La gobernadora Blanco, de",Block,page1,    🤓 AUTORES\   CATEGORÍAS\  🌗 Ancaps-Voluntaristas\  Walter Block\Escritos varios\Block - ¿Por qué los mercados alivian la pobreza y los gobiernos fracasan_.pdf
"Block y Davidson - El bitcoin, el teorema de la regresión y la aparición de un nuevo medio de intercambio.pdf",content/uploads/2018/08/bitcoin-rayos.jpg)      I.,Block y Davidson,page1,"    🤓 AUTORES\   CATEGORÍAS\  🌗 Ancaps-Voluntaristas\  Walter Block\Escritos varios\Block y Davidson - El bitcoin, el teorema de la regresión y la aparición de un nuevo medio de intercambio.pdf"
Block y J. Reeves - Siempre “capitalismo”.pdf,%2F01%2Fsiempre-,Block y J. Reeves,page1,    🤓 AUTORES\   CATEGORÍAS\  🌗 Ancaps-Voluntaristas\  Walter Block\Escritos varios\Block y J. Reeves - Siempre “capitalismo”.pdf
Block y Reeves - Eternamente «capitalismo» (1).pdf,WALTER BLOCK Y JACKSON REEVES,Block y Reeves,page1,    🤓 AUTORES\   CATEGORÍAS\  🌗 Ancaps-Voluntaristas\  Walter Block\Escritos varios\Block y Reeves - Eternamente «capitalismo» (1).pdf
"Block, Engelhardt y Herbener - ¿Puede coexistir una economía de dinero mercancía con una economía de dinero fiat_.pdf",Published on Mises Institute (https://mises.org),"Block, Engelhardt y Herbener",page1,"    🤓 AUTORES\   CATEGORÍAS\  🌗 Ancaps-Voluntaristas\  Walter Block\Escritos varios\Block, Engelhardt y Herbener - ¿Puede coexistir una economía de dinero mercancía con una economía de dinero fiat_.pdf"
Gordon - ¡Felicidades Walter!.pdf,Published on Mises Institute (https://mises.org),Gordon,page1,    🤓 AUTORES\   CATEGORÍAS\  🌗 Ancaps-Voluntaristas\  Walter Block\Gordon - ¡Felicidades Walter!.pdf
Gordon - ¡Feliz cumpleaños Walter!.pdf,Published on Mises Institute (https://mises.org),Gordon,page1,    🤓 AUTORES\   CATEGORÍAS\  🌗 Ancaps-Voluntaristas\  Walter Block\Gordon - ¡Feliz cumpleaños Walter!.pdf
Harold-Demsetz1.pdf,LIBERTAS 37,ESEADE,meta,    🤓 AUTORES\   CATEGORÍAS\  🌗 Ancaps-Voluntaristas\  Walter Block\Harold-Demsetz1.pdf
Ni Racista Ni Sexista El Verdadero Walter Block.pdf,Ni racista ni sexista: El verdadero Walter Block,David Chávez Salazar,page1,    🤓 AUTORES\   CATEGORÍAS\  🌗 Ancaps-Voluntaristas\  Walter Block\Ni Racista Ni Sexista El Verdadero Walter Block.pdf
Thornton - Walter Block sigue defendiendo lo indefendible.pdf,Published on Mises Institute (https://mises.org),Thornton,page1,    🤓 AUTORES\   CATEGORÍAS\  🌗 Ancaps-Voluntaristas\  Walter Block\Thornton - Walter Block sigue defendiendo lo indefendible.pdf
"Anthony de Jasay, QEPD — Alberto Mingardi.pdf","Anthony de Jasay, QEPD — Alberto Mingardi | by Libertad en Español | Medium",,meta,"    🤓 AUTORES\   CATEGORÍAS\  🌗 Ancaps-Voluntaristas\ Anthony de Jasay\Anthony de Jasay, QEPD — Alberto Mingardi.pdf"
Anthony de Jasay.pdf,Anthony de Jasay,,page1,    🤓 AUTORES\   CATEGORÍAS\  🌗 Ancaps-Voluntaristas\ Anthony de Jasay\Anthony de Jasay.pdf
"Jasay - Coronación, contrato social y todo eso.pdf","Coronación, contrato social y todo eso — Anthony de Jasay | by Libertad en Español | Medium",Jasay,meta,"    🤓 AUTORES\   CATEGORÍAS\  🌗 Ancaps-Voluntaristas\ Anthony de Jasay\Jasay - Coronación, contrato social y todo eso.pdf"
Jasay - El problema de la aplicación de los contratos.pdf,content/uploads/2013/08/anthony_de_jasay.jpg)La teoría de manuales,Jasay,page1,    🤓 AUTORES\   CATEGORÍAS\  🌗 Ancaps-Voluntaristas\ Anthony de Jasay\Jasay - El problema de la aplicación de los contratos.pdf
Jasay - La Amarga Medicina de la Libertad.pdf,La amarga medicina de la libertad,"de Jasay, Anthony",meta,    🤓 AUTORES\   CATEGORÍAS\  🌗 Ancaps-Voluntaristas\ Anthony de Jasay\Jasay - La Amarga Medicina de la Libertad.pdf
Jasay - La Antinomia del Contractualismo.pdf,Revista Libertas 23 (Octubre 1995),Galilei,page1,    🤓 AUTORES\   CATEGORÍAS\  🌗 Ancaps-Voluntaristas\ Anthony de Jasay\Jasay - La Antinomia del Contractualismo.pdf
Jasay - La presunción de libertad.pdf,La presunción de libertad — Anthony de Jasay | by Libertad en Español | Medium,Jasay,meta,    🤓 AUTORES\   CATEGORÍAS\  🌗 Ancaps-Voluntaristas\ Anthony de Jasay\Jasay - La presunción de libertad.pdf
Jasay - Liberalismo en sentido amplio y en sentido estricto.pdf,content/uploads/2014/07/dejasay.jpg)Los utilitaristas del siglo XIX,Jasay,page1,    🤓 AUTORES\   CATEGORÍAS\  🌗 Ancaps-Voluntaristas\ Anthony de Jasay\Jasay - Liberalismo en sentido amplio y en sentido estricto.pdf
Jasay - Tu perro es dueño de tu casa.pdf,"“En un intercambio voluntario, cada lado ha entregado y recibido la",Jasay,page1,    🤓 AUTORES\   CATEGORÍAS\  🌗 Ancaps-Voluntaristas\ Anthony de Jasay\Jasay - Tu perro es dueño de tu casa.pdf
Jasay - Un Analisis del Socialismo de Mercado- Este Circulo Cuadrado.pdf,Un análisis del socialismo de mercado:,"Jasay, A.de",meta,    🤓 AUTORES\   CATEGORÍAS\  🌗 Ancaps-Voluntaristas\ Anthony de Jasay\Jasay - Un Analisis del Socialismo de Mercado- Este Circulo Cuadrado.pdf
Benson - Derecho a la sombra del arbitraje.pdf,foro jurídico,ILOVEPDF.COM,page1,    🤓 AUTORES\   CATEGORÍAS\  🌗 Ancaps-Voluntaristas\ Bruce L. Benson\Benson - Derecho a la sombra del arbitraje.pdf
Benson - Justicia Sin Estado.pdf,Justicia Sin Estado,Benson,filename,    🤓 AUTORES\   CATEGORÍAS\  🌗 Ancaps-Voluntaristas\ Bruce L. Benson\Benson - Justicia Sin Estado.pdf
 Bryan Caplan.pdf,Bryan Caplan,,page1,    🤓 AUTORES\   CATEGORÍAS\  🌗 Ancaps-Voluntaristas\ Bryan Caplan\ Bryan Caplan.pdf
Caplan - Aproximados morales(1).pdf,Aproximados morales — Bryan Caplan | by Libertad en Español | Medium,Caplan,meta,    🤓 AUTORES\   CATEGORÍAS\  🌗 Ancaps-Voluntaristas\ Bryan Caplan\Artículos cortos\Caplan - Aproximados morales(1).pdf
Caplan - Aproximados morales.pdf,Aproximados morales — Bryan Caplan | by Libertad en Español | Medium,Caplan,meta,    🤓 AUTORES\   CATEGORÍAS\  🌗 Ancaps-Voluntaristas\ Bryan Caplan\Artículos cortos\Caplan - Aproximados morales.pdf
Caplan - El argumento del sentido común de la libertad.pdf,El argumento del sentido común de la libertad — Bryan Caplan | by Libertad en Español | Medium,Caplan,meta,    🤓 AUTORES\   CATEGORÍAS\  🌗 Ancaps-Voluntaristas\ Bryan Caplan\Artículos cortos\Caplan - El argumento del sentido común de la libertad.pdf
Caplan - La división de la cohesión.pdf,La división de la cohesión — Bryan Caplan | by Libertad en Español | Medium,Caplan,meta,    🤓 AUTORES\   CATEGORÍAS\  🌗 Ancaps-Voluntaristas\ Bryan Caplan\Artículos cortos\Caplan - La división de la cohesión.pdf
Caplan - La escritura en la pared.pdf,mediados del siglo XIX apareció un nuevo movimiento político: el,Caplan,page1,    🤓 AUTORES\   CATEGORÍAS\  🌗 Ancaps-Voluntaristas\ Bryan Caplan\Artículos cortos\Caplan - La escritura en la pared.pdf
Caplan - La identidad de la vergüenza(1).pdf,La identidad de la vergüenza — Bryan Caplan | by Libertad en Español | Medium,Caplan,meta,    🤓 AUTORES\   CATEGORÍAS\  🌗 Ancaps-Voluntaristas\ Bryan Caplan\Artículos cortos\Caplan - La identidad de la vergüenza(1).pdf
Caplan - La identidad de la vergüenza.pdf,La identidad de la vergüenza — Bryan Caplan | by Libertad en Español | Medium,Caplan,meta,    🤓 AUTORES\   CATEGORÍAS\  🌗 Ancaps-Voluntaristas\ Bryan Caplan\Artículos cortos\Caplan - La identidad de la vergüenza.pdf
Caplan - La preferencia por la depresión(1).pdf,La preferencia por la depresión — Bryan Caplan | by Libertad en Español | Medium,Caplan,meta,    🤓 AUTORES\   CATEGORÍAS\  🌗 Ancaps-Voluntaristas\ Bryan Caplan\Artículos cortos\Caplan - La preferencia por la depresión(1).pdf
Caplan - La preferencia por la depresión.pdf,La preferencia por la depresión — Bryan Caplan | by Libertad en Español | Medium,Caplan,meta,    🤓 AUTORES\   CATEGORÍAS\  🌗 Ancaps-Voluntaristas\ Bryan Caplan\Artículos cortos\Caplan - La preferencia por la depresión.pdf
Caplan - Las organizaciones benéficas de inmigración deberían aprender a amar el mercado negro(1).pdf,Las organizaciones benéficas de inmigración deberían aprender a amar el mercado negro — Bryan Caplan | by Libertad en Español | Medium,Caplan,meta,    🤓 AUTORES\   CATEGORÍAS\  🌗 Ancaps-Voluntaristas\ Bryan Caplan\Artículos cortos\Caplan - Las organizaciones benéficas de inmigración deberían aprender a amar el mercado negro(1).pdf
Caplan - Las organizaciones benéficas de inmigración deberían aprender a amar el mercado negro.pdf,Las organizaciones benéficas de inmigración deberían aprender a amar el mercado negro — Bryan Caplan | by Libertad en Español | Medium,Caplan,meta,    🤓 AUTORES\   CATEGORÍAS\  🌗 Ancaps-Voluntaristas\ Bryan Caplan\Artículos cortos\Caplan - Las organizaciones benéficas de inmigración deberían aprender a amar el mercado negro.pdf
Caplan - Las pandemias y las fronteras abiertas.pdf,Las pandemias y las fronteras abiertas — Bryan Caplan | by Libertad en Español | Medium,Caplan,meta,    🤓 AUTORES\   CATEGORÍAS\  🌗 Ancaps-Voluntaristas\ Bryan Caplan\Artículos cortos\Caplan - Las pandemias y las fronteras abiertas.pdf
Caplan - Por qué la mayoría de los economistas son partidarios de la línea dura y por qué podrían estar equivocados(1).pdf,Por qué la mayoría de los economistas son partidarios de la línea dura y por qué podrían estar equivocados — Bryan Caplan | by Libertad en Español | Medium,Caplan,meta,    🤓 AUTORES\   CATEGORÍAS\  🌗 Ancaps-Voluntaristas\ Bryan Caplan\Artículos cortos\Caplan - Por qué la mayoría de los economistas son partidarios de la línea dura y por qué podrían estar equivocados(1).pdf
Caplan - Por qué la mayoría de los economistas son partidarios de la línea dura y por qué podrían estar equivocados.pdf,Por qué la mayoría de los economistas son partidarios de la línea dura y por qué podrían estar equivocados — Bryan Caplan | by Libertad en Español | Medium,Caplan,meta,    🤓 AUTORES\   CATEGORÍAS\  🌗 Ancaps-Voluntaristas\ Bryan Caplan\Artículos cortos\Caplan - Por qué la mayoría de los economistas son partidarios de la línea dura y por qué podrían estar equivocados.pdf
Caplan - Por qué los libertarios deberían oponerse a la renta básica universal(1).pdf,Por qué los libertarios deberían oponerse a la renta básica universal — Bryan Caplan | by Libertad en Español | Medium,Caplan,meta,    🤓 AUTORES\   CATEGORÍAS\  🌗 Ancaps-Voluntaristas\ Bryan Caplan\Artículos cortos\Caplan - Por qué los libertarios deberían oponerse a la renta básica universal(1).pdf
Caplan - Por qué los libertarios deberían oponerse a la renta básica universal.pdf,Por qué los libertarios deberían oponerse a la renta básica universal — Bryan Caplan | by Libertad en Español | Medium,Caplan,meta,    🤓 AUTORES\   CATEGORÍAS\  🌗 Ancaps-Voluntaristas\ Bryan Caplan\Artículos cortos\Caplan - Por qué los libertarios deberían oponerse a la renta básica universal.pdf
"Caplan - Por qué los libertarios deberían ser pacifistas, no aislacionistas.pdf","Por qué los libertarios deberían ser pacifistas, no aislacionistas — Bryan Caplan | by Libertad en Español | Medium",Caplan,meta,"    🤓 AUTORES\   CATEGORÍAS\  🌗 Ancaps-Voluntaristas\ Bryan Caplan\Artículos cortos\Caplan - Por qué los libertarios deberían ser pacifistas, no aislacionistas.pdf"
Caplan - Si la única manera de que puedas llevar a cabo tu gran idea…(1).pdf,Si la única manera de que puedas llevar a cabo tu gran idea… — Bryan Caplan | by Libertad en Español | Medium,Caplan,meta,    🤓 AUTORES\   CATEGORÍAS\  🌗 Ancaps-Voluntaristas\ Bryan Caplan\Artículos cortos\Caplan - Si la única manera de que puedas llevar a cabo tu gran idea…(1).pdf
Caplan - Si la única manera de que puedas llevar a cabo tu gran idea….pdf,Si la única manera de que puedas llevar a cabo tu gran idea… — Bryan Caplan | by Libertad en Español | Medium,Caplan,meta,    🤓 AUTORES\   CATEGORÍAS\  🌗 Ancaps-Voluntaristas\ Bryan Caplan\Artículos cortos\Caplan - Si la única manera de que puedas llevar a cabo tu gran idea….pdf
Caplan - ¿De dónde viene el poder del monopolio_(1).pdf,¿De dónde viene el poder del monopolio? — Bryan Caplan | by Libertad en Español | Medium,Caplan,meta,    🤓 AUTORES\   CATEGORÍAS\  🌗 Ancaps-Voluntaristas\ Bryan Caplan\Artículos cortos\Caplan - ¿De dónde viene el poder del monopolio_(1).pdf
Caplan - ¿De dónde viene el poder del monopolio_.pdf,¿De dónde viene el poder del monopolio? — Bryan Caplan | by Libertad en Español | Medium,Caplan,meta,    🤓 AUTORES\   CATEGORÍAS\  🌗 Ancaps-Voluntaristas\ Bryan Caplan\Artículos cortos\Caplan - ¿De dónde viene el poder del monopolio_.pdf
Caplan - ¿Qué tan malvados son los políticos_.pdf,¿Qué tan malvados son los políticos? — Bryan Caplan | by Libertad en Español | Medium,Caplan,meta,    🤓 AUTORES\   CATEGORÍAS\  🌗 Ancaps-Voluntaristas\ Bryan Caplan\Artículos cortos\Caplan - ¿Qué tan malvados son los políticos_.pdf
"Huemer - Por una nueva libertad, Capítulo 2.pdf","Por una nueva libertad, Capítulo 2 — Bryan Caplan | by Libertad en Español | Medium",Huemer,meta,"    🤓 AUTORES\   CATEGORÍAS\  🌗 Ancaps-Voluntaristas\ Bryan Caplan\Artículos cortos\Huemer - Por una nueva libertad, Capítulo 2.pdf"
Caplan - Anarco-Estatismo Español_ Historia economía y filosofía.pdf,A N A R C O - E S T A T I S M O,Caplan,page1,    🤓 AUTORES\   CATEGORÍAS\  🌗 Ancaps-Voluntaristas\ Bryan Caplan\Caplan - Anarco-Estatismo Español_ Historia economía y filosofía.pdf
Caplan - Razones para No se un economista Austriaco.pdf,RAZONES PARA NO SER UN ECONOMISTA AUSTRIACO,Caplan,page1,    🤓 AUTORES\   CATEGORÍAS\  🌗 Ancaps-Voluntaristas\ Bryan Caplan\Caplan - Razones para No se un economista Austriaco.pdf
Caplan y Gochenour - Una crítica empresarial al georgismo.pdf,Una crítica empresarial al georgismo — Zachary Gochenour y Bryan Caplan | by Libertad en Español | Medium,Caplan y Gochenour,meta,    🤓 AUTORES\   CATEGORÍAS\  🌗 Ancaps-Voluntaristas\ Bryan Caplan\Caplan y Gochenour - Una crítica empresarial al georgismo.pdf
   David Friedman.pdf,David Friedman,,page1,    🤓 AUTORES\   CATEGORÍAS\  🌗 Ancaps-Voluntaristas\ David Friedman\   David Friedman.pdf
Contaminación - David Friedman.pdf,El problema de la contaminación existe porque,tabito,page1,    🤓 AUTORES\   CATEGORÍAS\  🌗 Ancaps-Voluntaristas\ David Friedman\Artículos\Contaminación - David Friedman.pdf
Cómo llegar al ancap desde aquí - David Friedman.pdf,CÓMO LLEGAR ALLÍ DESDE AQUÍ,tabito,page1,    🤓 AUTORES\   CATEGORÍAS\  🌗 Ancaps-Voluntaristas\ David Friedman\Artículos\Cómo llegar al ancap desde aquí - David Friedman.pdf
D. Friedman - Algunos breves comentarios sobre la justificación de Hoppe de la ética de la propiedad privada.pdf,Algunos breves comentarios sobre la justificación de Hoppe de la ética de la propiedad privada — David Friedman | by Libertad en Español | Medium,D. Friedman,meta,    🤓 AUTORES\   CATEGORÍAS\  🌗 Ancaps-Voluntaristas\ David Friedman\Artículos\D. Friedman - Algunos breves comentarios sobre la justificación de Hoppe de la ética de la propiedad privada.pdf
D. Friedman - La Islandia Mediaval y el Libertarismo.pdf,"LA EJECUCIÓN DEL DERECHO PRIVADO, ISLANDIA MEDIEVAL Y EL LIBERTARISMO",tabito,page1,    🤓 AUTORES\   CATEGORÍAS\  🌗 Ancaps-Voluntaristas\ David Friedman\Artículos\D. Friedman - La Islandia Mediaval y el Libertarismo.pdf
D. Friedman - Problemas con la derivación del ser-deber ser de Ayn Rand.pdf,Problemas con la derivación del ser/deber ser de Ayn Rand — David Friedman | by Libertad en Español | Medium,D. Friedman,meta,    🤓 AUTORES\   CATEGORÍAS\  🌗 Ancaps-Voluntaristas\ David Friedman\Artículos\D. Friedman - Problemas con la derivación del ser-deber ser de Ayn Rand.pdf
La anarquía no es caos - David Friedman.pdf,-DAVID FRIEDMAN- ANARQUÍA NO ES CAOS,tabito,page1,    🤓 AUTORES\   CATEGORÍAS\  🌗 Ancaps-Voluntaristas\ David Friedman\Artículos\La anarquía no es caos - David Friedman.pdf
Ni la anarquía ni la minarquía son necesariamente liberales.pdf,content/uploads/2012/05/anarquia.jpg)Acabo de leer Anarchy and the,,page1,    🤓 AUTORES\   CATEGORÍAS\  🌗 Ancaps-Voluntaristas\ David Friedman\Artículos\Ni la anarquía ni la minarquía son necesariamente liberales.pdf
"Socialismo, gobierno limitado, anarquía y bikinis. Sobre la diversidad de metas individuales.pdf",(http://www.mises.org.es/wp-,,page1,"    🤓 AUTORES\   CATEGORÍAS\  🌗 Ancaps-Voluntaristas\ David Friedman\Artículos\Socialismo, gobierno limitado, anarquía y bikinis. Sobre la diversidad de metas individuales.pdf"
D. Friedman - Mi desacuerdo con Murray Rothbard.pdf,Mi desacuerdo con Murray Rothbard — David Friedman | by Libertad en Español | Medium,D. Friedman,meta,    🤓 AUTORES\   CATEGORÍAS\  🌗 Ancaps-Voluntaristas\ David Friedman\D. Friedman - Mi desacuerdo con Murray Rothbard.pdf
"D. Friedman, Leeson, Skarbek - Legal Systems Very Different From Ours.pdf",Legal Systems Very Different from Ours,Peter Leeson,meta,"    🤓 AUTORES\   CATEGORÍAS\  🌗 Ancaps-Voluntaristas\ David Friedman\D. Friedman, Leeson, Skarbek - Legal Systems Very Different From Ours.pdf"
Monopolios - David Friedman.pdf,DAVID FRIEDMAN,tabito,page1,    🤓 AUTORES\   CATEGORÍAS\  🌗 Ancaps-Voluntaristas\ David Friedman\Monopolios - David Friedman.pdf
"David Friedman, un anarcocapitalista hijo de Premio Nobel.pdf",edman-un-anarcocapitalista-hijo-de-premio-nobel-,,page1,"    🤓 AUTORES\   CATEGORÍAS\  🌗 Ancaps-Voluntaristas\ David Friedman\Sobre D. Friedman\David Friedman, un anarcocapitalista hijo de Premio Nobel.pdf"
El problema de la “racionalidad” de David Friedman.pdf,Price Theory: An Intermediate Text,,page1,    🤓 AUTORES\   CATEGORÍAS\  🌗 Ancaps-Voluntaristas\ David Friedman\Sobre D. Friedman\El problema de la “racionalidad” de David Friedman.pdf
Entrevista a David Friedman_ “Aprendí de mi padre a ser igualitarista”.pdf,content/uploads/2015/08/images.jpg)David Friedman,,page1,    🤓 AUTORES\   CATEGORÍAS\  🌗 Ancaps-Voluntaristas\ David Friedman\Sobre D. Friedman\Entrevista a David Friedman_ “Aprendí de mi padre a ser igualitarista”.pdf
Murphy - El alegato de David Friedman.pdf,[Parte de una serie sobre economía neoclásica],Murphy,page1,    🤓 AUTORES\   CATEGORÍAS\  🌗 Ancaps-Voluntaristas\ David Friedman\Sobre D. Friedman\Murphy - El alegato de David Friedman.pdf
Godon - Secesión_ ¿llegando a un Estado cerca de ti_.pdf,Published on Mises Institute (https://mises.org),Godon,page1,    🤓 AUTORES\   CATEGORÍAS\  🌗 Ancaps-Voluntaristas\ David Gordon\Artículos cortos\Godon - Secesión_ ¿llegando a un Estado cerca de ti_.pdf
Gordon - Buchanan y el anarquismo.pdf,"scaled.jpg)El economista James Buchanan, que junto con Gordon",Gordon,page1,    🤓 AUTORES\   CATEGORÍAS\  🌗 Ancaps-Voluntaristas\ David Gordon\Artículos cortos\Gordon - Buchanan y el anarquismo.pdf
Gordon - El antiimperialista Ludwig von Mises.pdf,Published on Mises Institute (https://mises.org),Gordon,page1,    🤓 AUTORES\   CATEGORÍAS\  🌗 Ancaps-Voluntaristas\ David Gordon\Artículos cortos\Gordon - El antiimperialista Ludwig von Mises.pdf
Gordon - Frank Buckley sobre la secesión.pdf,Published on Mises Institute (https://mises.org),Gordon,page1,    🤓 AUTORES\   CATEGORÍAS\  🌗 Ancaps-Voluntaristas\ David Gordon\Artículos cortos\Gordon - Frank Buckley sobre la secesión.pdf
"Gordon - Hayek, Friedman, Buchanan_ los villanos del «neoliberalismo».pdf",Published on Mises Institute (https://mises.org),Gordon,page1,"    🤓 AUTORES\   CATEGORÍAS\  🌗 Ancaps-Voluntaristas\ David Gordon\Artículos cortos\Gordon - Hayek, Friedman, Buchanan_ los villanos del «neoliberalismo».pdf"
Gordon - La complicada visión de Mises sobre el cristianismo.pdf,Published on Mises Institute (https://mises.org),Gordon,page1,    🤓 AUTORES\   CATEGORÍAS\  🌗 Ancaps-Voluntaristas\ David Gordon\Artículos cortos\Gordon - La complicada visión de Mises sobre el cristianismo.pdf
Gordon - La libertad contra el colectivo.pdf,Published on Mises Institute (https://mises.org),Gordon,page1,    🤓 AUTORES\   CATEGORÍAS\  🌗 Ancaps-Voluntaristas\ David Gordon\Artículos cortos\Gordon - La libertad contra el colectivo.pdf
Gordon - La muy extraña definición de libertad de Hegel.pdf,Published on Mises Institute (https://mises.org),Gordon,page1,    🤓 AUTORES\   CATEGORÍAS\  🌗 Ancaps-Voluntaristas\ David Gordon\Artículos cortos\Gordon - La muy extraña definición de libertad de Hegel.pdf
Gordon - La tibia defensa de la libertad de George Will.pdf,Published on Mises Institute (https://mises.org),Gordon,page1,    🤓 AUTORES\   CATEGORÍAS\  🌗 Ancaps-Voluntaristas\ David Gordon\Artículos cortos\Gordon - La tibia defensa de la libertad de George Will.pdf
Gordon - La visión de Mises para una ciencia económica libre de valores.pdf,Published on Mises Institute (https://mises.org),Gordon,page1,    🤓 AUTORES\   CATEGORÍAS\  🌗 Ancaps-Voluntaristas\ David Gordon\Artículos cortos\Gordon - La visión de Mises para una ciencia económica libre de valores.pdf
Gordon - Liberalismo y «liberalismo clásico»_ una evolución desafortunada.pdf,Published on Mises Institute (https://mises.org),Gordon,page1,    🤓 AUTORES\   CATEGORÍAS\  🌗 Ancaps-Voluntaristas\ David Gordon\Artículos cortos\Gordon - Liberalismo y «liberalismo clásico»_ una evolución desafortunada.pdf
Gordon - Libertad versus «igualitarismo relacional».pdf,Published on Mises Institute (https://mises.org),Gordon,page1,    🤓 AUTORES\   CATEGORÍAS\  🌗 Ancaps-Voluntaristas\ David Gordon\Artículos cortos\Gordon - Libertad versus «igualitarismo relacional».pdf
Gordon - Nozick sobre nuestra deuda con la sociedad.pdf,Published on Mises Institute (https://mises.org),Gordon,page1,    🤓 AUTORES\   CATEGORÍAS\  🌗 Ancaps-Voluntaristas\ David Gordon\Artículos cortos\Gordon - Nozick sobre nuestra deuda con la sociedad.pdf
Gordon - Paul Samuelson sobre la libertad.pdf,Published on Mises Institute (https://mises.org),Gordon,page1,    🤓 AUTORES\   CATEGORÍAS\  🌗 Ancaps-Voluntaristas\ David Gordon\Artículos cortos\Gordon - Paul Samuelson sobre la libertad.pdf
Gordon - Peter Bos y el camino hacia la libertad.pdf,Published on Mises Institute (https://mises.org),Gordon,page1,    🤓 AUTORES\   CATEGORÍAS\  🌗 Ancaps-Voluntaristas\ David Gordon\Artículos cortos\Gordon - Peter Bos y el camino hacia la libertad.pdf
Gordon - Robert Nozick sobre la economía austriaca.pdf,Published on Mises Institute (https://mises.org),Gordon,page1,    🤓 AUTORES\   CATEGORÍAS\  🌗 Ancaps-Voluntaristas\ David Gordon\Artículos cortos\Gordon - Robert Nozick sobre la economía austriaca.pdf
Gordon - Rothbard y la doble restitución.pdf,Published on Mises Institute (https://mises.org),Gordon,page1,    🤓 AUTORES\   CATEGORÍAS\  🌗 Ancaps-Voluntaristas\ David Gordon\Artículos cortos\Gordon - Rothbard y la doble restitución.pdf
Gordon - Samuel Konkin y la teoría libertaria.pdf,Samuel Konkin y la teoría libertaria,Gordon,meta,    🤓 AUTORES\   CATEGORÍAS\  🌗 Ancaps-Voluntaristas\ David Gordon\Artículos cortos\Gordon - Samuel Konkin y la teoría libertaria.pdf
Gordon - The Mises Review_ reseñas de libros del 2020.pdf,Published on Mises Institute (https://mises.org),Gordon,page1,    🤓 AUTORES\   CATEGORÍAS\  🌗 Ancaps-Voluntaristas\ David Gordon\Artículos cortos\Gordon - The Mises Review_ reseñas de libros del 2020.pdf
Gordon - Una caricatura del liberalismo clásico_ todo se trata de individualismo y materialismo.pdf,Published on Mises Institute (https://mises.org),Gordon,page1,    🤓 AUTORES\   CATEGORÍAS\  🌗 Ancaps-Voluntaristas\ David Gordon\Artículos cortos\Gordon - Una caricatura del liberalismo clásico_ todo se trata de individualismo y materialismo.pdf
Gordon - ¿Es la libertad el mayor valor político_.pdf,Published on Mises Institute (https://mises.org),Gordon,page1,    🤓 AUTORES\   CATEGORÍAS\  🌗 Ancaps-Voluntaristas\ David Gordon\Artículos cortos\Gordon - ¿Es la libertad el mayor valor político_.pdf
Gordon - ¿Ha regresado John Gray al liberalismo clásico_.pdf,Published on Mises Institute (https://mises.org),Gordon,page1,    🤓 AUTORES\   CATEGORÍAS\  🌗 Ancaps-Voluntaristas\ David Gordon\Artículos cortos\Gordon - ¿Ha regresado John Gray al liberalismo clásico_.pdf
Gordon - ¿Qué significa «libertad»_ Hay muchas respuestas diferentes.pdf,Published on Mises Institute (https://mises.org),Gordon,page1,    🤓 AUTORES\   CATEGORÍAS\  🌗 Ancaps-Voluntaristas\ David Gordon\Artículos cortos\Gordon - ¿Qué significa «libertad»_ Hay muchas respuestas diferentes.pdf
Gordon - ¿Realismo Moral vs. Biología Evolucionista_.pdf,Published on Mises Institute (https://mises.org),Gordon,page1,    🤓 AUTORES\   CATEGORÍAS\  🌗 Ancaps-Voluntaristas\ David Gordon\Artículos cortos\Gordon - ¿Realismo Moral vs. Biología Evolucionista_.pdf
"Gordon - Austro Libertarian View, Vol 1.pdf","An Austro-Libertarian View, Vol. I",Gordon,page1,"    🤓 AUTORES\   CATEGORÍAS\  🌗 Ancaps-Voluntaristas\ David Gordon\Gordon - Austro Libertarian View, Vol 1.pdf"
Gordon - Contemporary Currents in Libertarian Political Philosophy (Gor.pdf,Contemporary Currents in Libertarian Political Philosophy (Gor,Gordon,filename,    🤓 AUTORES\   CATEGORÍAS\  🌗 Ancaps-Voluntaristas\ David Gordon\Gordon - Contemporary Currents in Libertarian Political Philosophy (Gor.pdf
Gordon - Códigos para vivir.pdf,Published on Mises Institute (https://mises.org),Gordon,page1,    🤓 AUTORES\   CATEGORÍAS\  🌗 Ancaps-Voluntaristas\ David Gordon\Gordon - Códigos para vivir.pdf
Gordon - El camino hoppeano.pdf,Published on Mises Institute (https://mises.org),Gordon,page1,    🤓 AUTORES\   CATEGORÍAS\  🌗 Ancaps-Voluntaristas\ David Gordon\Gordon - El camino hoppeano.pdf
Gordon - El Kochtópodo contra Murray N. Rothbard.pdf,El “kochtópodo” es un nombre denigratorio acuñado por el último,Gordon,page1,    🤓 AUTORES\   CATEGORÍAS\  🌗 Ancaps-Voluntaristas\ David Gordon\Gordon - El Kochtópodo contra Murray N. Rothbard.pdf
Gordon - La filosofía política de Ayn Rand.pdf,Published on Mises Institute (https://mises.org),Gordon,page1,    🤓 AUTORES\   CATEGORÍAS\  🌗 Ancaps-Voluntaristas\ David Gordon\Gordon - La filosofía política de Ayn Rand.pdf
Gordon - Libros sobre la libertad.pdf,content/uploads/2022/08/20160730_BKD001_0.jpg)La siguiente,Gordon,page1,    🤓 AUTORES\   CATEGORÍAS\  🌗 Ancaps-Voluntaristas\ David Gordon\Gordon - Libros sobre la libertad.pdf
Gordon - Ralph Raico sobre el auténtico liberalismo.pdf,Ralph Raico sobre el auténtico liberalismo,Gordon,filename,    🤓 AUTORES\   CATEGORÍAS\  🌗 Ancaps-Voluntaristas\ David Gordon\Gordon - Ralph Raico sobre el auténtico liberalismo.pdf
Gordon - The Essential.pdf,The Essential Rothbard,David Gordon,meta,    🤓 AUTORES\   CATEGORÍAS\  🌗 Ancaps-Voluntaristas\ David Gordon\Gordon - The Essential.pdf
Godon - Reseña de Libre mercado_ la historia de una idea.pdf,Published on Mises Institute (https://mises.org),Godon,page1,    🤓 AUTORES\   CATEGORÍAS\  🌗 Ancaps-Voluntaristas\ David Gordon\Reseñas\Godon - Reseña de Libre mercado_ la historia de una idea.pdf
Godon - Reseña de Trust in a Polarized Age.pdf,Published on Mises Institute (https://mises.org),Godon,page1,    🤓 AUTORES\   CATEGORÍAS\  🌗 Ancaps-Voluntaristas\ David Gordon\Reseñas\Godon - Reseña de Trust in a Polarized Age.pdf
Gordon - Reseña de Prosperity and Liberty_ What Venezuela Needs….pdf,Published on Mises Institute (https://mises.org),Gordon,page1,    🤓 AUTORES\   CATEGORÍAS\  🌗 Ancaps-Voluntaristas\ David Gordon\Reseñas\Gordon - Reseña de Prosperity and Liberty_ What Venezuela Needs….pdf
Gordon - Reseña de Radical Uncertainty_ Decision-Making Beyond the Numbers.pdf,Reseña: Radical Uncertainty: Decision-,Gordon,page1,    🤓 AUTORES\   CATEGORÍAS\  🌗 Ancaps-Voluntaristas\ David Gordon\Reseñas\Gordon - Reseña de Radical Uncertainty_ Decision-Making Beyond the Numbers.pdf
Gordon - Reseña de Stalin’s War_ A New History of World War II.pdf,Published on Mises Institute (https://mises.org),Gordon,page1,    🤓 AUTORES\   CATEGORÍAS\  🌗 Ancaps-Voluntaristas\ David Gordon\Reseñas\Gordon - Reseña de Stalin’s War_ A New History of World War II.pdf
Gordon - Reseña de “Concrete Economics_ The Hamilton Approach to Economic Growth and Policy”.pdf,Published on Mises Institute (https://mises.org),Gordon,page1,    🤓 AUTORES\   CATEGORÍAS\  🌗 Ancaps-Voluntaristas\ David Gordon\Reseñas\Gordon - Reseña de “Concrete Economics_ The Hamilton Approach to Economic Growth and Policy”.pdf
Gordon - Reseña_ Conservadurismo progresista_ cómo los Republicanos se convertirán en el partido gobernante natural de América.pdf,Reseña: Conservadurismo,Gordon,page1,    🤓 AUTORES\   CATEGORÍAS\  🌗 Ancaps-Voluntaristas\ David Gordon\Reseñas\Gordon - Reseña_ Conservadurismo progresista_ cómo los Republicanos se convertirán en el partido gobernante natural de América.pdf
Gordon - Reseña_ La guía políticamente incorrecta a la economía.pdf,Published on Mises Institute (https://mises.org),Gordon,page1,    🤓 AUTORES\   CATEGORÍAS\  🌗 Ancaps-Voluntaristas\ David Gordon\Reseñas\Gordon - Reseña_ La guía políticamente incorrecta a la economía.pdf
Gordon - Reseña_ Understanding Money Mechanics.pdf,Reseña: Understanding Money,Gordon,page1,    🤓 AUTORES\   CATEGORÍAS\  🌗 Ancaps-Voluntaristas\ David Gordon\Reseñas\Gordon - Reseña_ Understanding Money Mechanics.pdf
 Giacomini & Milei - Libertad Libertad Libertad.pdf,"LIBERTAD, LIBERTAD, LIBERTAD",Milei Javier & Giacomini Diego,meta,    🤓 AUTORES\   CATEGORÍAS\  🌗 Ancaps-Voluntaristas\ Diego Giacomini\ Giacomini & Milei - Libertad Libertad Libertad.pdf
 Giacomini y Milei - Ensayos Monetarios para Economias Abiertas.pdf,"Actualidad Económica Año XXVII, Nº 91 – Enero / Abril 2017",usuario,page1,    🤓 AUTORES\   CATEGORÍAS\  🌗 Ancaps-Voluntaristas\ Diego Giacomini\ Giacomini y Milei - Ensayos Monetarios para Economias Abiertas.pdf
" Giacomini y Milei - Maquinita, infleta y devaluta.pdf","Maquinita, infleta y devaluta",Giacomini y Milei,filename,"    🤓 AUTORES\   CATEGORÍAS\  🌗 Ancaps-Voluntaristas\ Diego Giacomini\ Giacomini y Milei - Maquinita, infleta y devaluta.pdf"
 Giacomini y Milei - Política Económica Contrarreloj.pdf,Política Económica Contrarreloj,Giacomini y Milei,filename,    🤓 AUTORES\   CATEGORÍAS\  🌗 Ancaps-Voluntaristas\ Diego Giacomini\ Giacomini y Milei - Política Económica Contrarreloj.pdf
Giacomini - Dinero en Libertad.pdf,DINERO EN LIBERTAD,tabito,page1,    🤓 AUTORES\   CATEGORÍAS\  🌗 Ancaps-Voluntaristas\ Diego Giacomini\Giacomini - Dinero en Libertad.pdf
Giacomini - Liberalismo Radical del Siglo XI.pdf,Sin título-3,RibzeR,meta,    🤓 AUTORES\   CATEGORÍAS\  🌗 Ancaps-Voluntaristas\ Diego Giacomini\Giacomini - Liberalismo Radical del Siglo XI.pdf
"Giacomini - Liberalismo, democracia y probabilidades de cambio.pdf",liberales ahondamos esfuerzos para cambiar la realidad. Respondiendo,Giacomini,page1,"    🤓 AUTORES\   CATEGORÍAS\  🌗 Ancaps-Voluntaristas\ Diego Giacomini\Giacomini - Liberalismo, democracia y probabilidades de cambio.pdf"
Giacomini - Los Bienes Públicos no Existen.pdf,Sin título-7,RibzeR,meta,    🤓 AUTORES\   CATEGORÍAS\  🌗 Ancaps-Voluntaristas\ Diego Giacomini\Giacomini - Los Bienes Públicos no Existen.pdf
Giacomini - Metodología del Conocimiento de los Austriacos y el Liberalismo Radical.pdf,Sin título-4,RibzeR,meta,    🤓 AUTORES\   CATEGORÍAS\  🌗 Ancaps-Voluntaristas\ Diego Giacomini\Giacomini - Metodología del Conocimiento de los Austriacos y el Liberalismo Radical.pdf
 Fred E. Foldvary.pdf,Fred E. Foldvary,,page1,    🤓 AUTORES\   CATEGORÍAS\  🌗 Ancaps-Voluntaristas\ Fred E. Foldvary\ Fred E. Foldvary.pdf
"Foldvar, Klein - La arrogancia fatal reconsiderada.pdf",los detalles. Sólo uno puede saber. Este es uno de los clásicos,"Foldvar, Klein",page1,"    🤓 AUTORES\   CATEGORÍAS\  🌗 Ancaps-Voluntaristas\ Fred E. Foldvary\Foldvar, Klein - La arrogancia fatal reconsiderada.pdf"
Foldvary - Dictionary of free-market economics.pdf,Dictionary of free-market economics,"Foldvary, Fred E., 1946-",meta,    🤓 AUTORES\   CATEGORÍAS\  🌗 Ancaps-Voluntaristas\ Fred E. Foldvary\Foldvary - Dictionary of free-market economics.pdf
Foldvary - Public goods and private communities  the market provision of so.pdf,Public goods and private communities : the market provision of social services,"Foldvary, Fred E., 1946-",meta,    🤓 AUTORES\   CATEGORÍAS\  🌗 Ancaps-Voluntaristas\ Fred E. Foldvary\Foldvary - Public goods and private communities  the market provision of so.pdf
 Jan Narveson.pdf,Jan Narveson,,page1,    🤓 AUTORES\   CATEGORÍAS\  🌗 Ancaps-Voluntaristas\ Jan Narveson\ Jan Narveson.pdf
"Liberty, Games and Contracts.pdf","Liberty, Games and Contracts",,filename,"    🤓 AUTORES\   CATEGORÍAS\  🌗 Ancaps-Voluntaristas\ Jan Narveson\Liberty, Games and Contracts.pdf"
Narveson - The Libertarian Idea.pdf,The Libertarian Idea,Jfly,page1,    🤓 AUTORES\   CATEGORÍAS\  🌗 Ancaps-Voluntaristas\ Jan Narveson\Narveson - The Libertarian Idea.pdf
"Deist - Comentarios sobre la no entrevista del presidente de la Reserva Federal, Jerome Powell, 60 Minutes.pdf",Published on Mises Institute (https://mises.org),Deist,page1,"    🤓 AUTORES\   CATEGORÍAS\  🌗 Ancaps-Voluntaristas\ Jeff Deist\Artículos cortos\Deist - Comentarios sobre la no entrevista del presidente de la Reserva Federal, Jerome Powell, 60 Minutes.pdf"
Deist - Dejad que Cataluña decida.pdf,Published on Mises Institute (https://mises.org),Deist,page1,    🤓 AUTORES\   CATEGORÍAS\  🌗 Ancaps-Voluntaristas\ Jeff Deist\Artículos cortos\Deist - Dejad que Cataluña decida.pdf
Deist - El libro olvidado de Henry Hazlitt sobre la fuerza de voluntad.pdf,Published on Mises Institute (https://mises.org),Deist,page1,    🤓 AUTORES\   CATEGORÍAS\  🌗 Ancaps-Voluntaristas\ Jeff Deist\Artículos cortos\Deist - El libro olvidado de Henry Hazlitt sobre la fuerza de voluntad.pdf
Deist - El nuevo posliberalismo.pdf,Published on Mises Institute (https://mises.org),Deist,page1,    🤓 AUTORES\   CATEGORÍAS\  🌗 Ancaps-Voluntaristas\ Jeff Deist\Artículos cortos\Deist - El nuevo posliberalismo.pdf
Deist - El «liberalismo clásico» nunca satisfará a la izquierda.pdf,Published on Mises Institute (https://mises.org),Deist,page1,    🤓 AUTORES\   CATEGORÍAS\  🌗 Ancaps-Voluntaristas\ Jeff Deist\Artículos cortos\Deist - El «liberalismo clásico» nunca satisfará a la izquierda.pdf
Deist - Entendiendo mal el liberalismo.pdf,Published on Mises Institute (https://mises.org),Deist,page1,    🤓 AUTORES\   CATEGORÍAS\  🌗 Ancaps-Voluntaristas\ Jeff Deist\Artículos cortos\Deist - Entendiendo mal el liberalismo.pdf
Deist - La grandeza (aparentemente simple) de Henry Hazlitt.pdf,Published on Mises Institute (https://mises.org),Deist,page1,    🤓 AUTORES\   CATEGORÍAS\  🌗 Ancaps-Voluntaristas\ Jeff Deist\Artículos cortos\Deist - La grandeza (aparentemente simple) de Henry Hazlitt.pdf
"Deist - La misión del Instituto Mises, en un párrafo.pdf",Published on Mises Institute (https://mises.org),Deist,page1,"    🤓 AUTORES\   CATEGORÍAS\  🌗 Ancaps-Voluntaristas\ Jeff Deist\Artículos cortos\Deist - La misión del Instituto Mises, en un párrafo.pdf"
Deist - Lo que decia Hayek acerca del «premio Nobel» de economia.pdf,Published on Mises Institute (https://mises.org),Deist,page1,    🤓 AUTORES\   CATEGORÍAS\  🌗 Ancaps-Voluntaristas\ Jeff Deist\Artículos cortos\Deist - Lo que decia Hayek acerca del «premio Nobel» de economia.pdf
Deist - Por qué Rothbard fue tendencia en Twitter este fin de semana.pdf,Published on Mises Institute (https://mises.org),Deist,page1,    🤓 AUTORES\   CATEGORÍAS\  🌗 Ancaps-Voluntaristas\ Jeff Deist\Artículos cortos\Deist - Por qué Rothbard fue tendencia en Twitter este fin de semana.pdf
Deist - Por qué Rothbard perdura.pdf,Published on Mises Institute (https://mises.org),Deist,page1,    🤓 AUTORES\   CATEGORÍAS\  🌗 Ancaps-Voluntaristas\ Jeff Deist\Artículos cortos\Deist - Por qué Rothbard perdura.pdf
Deist - Rothbard de la A a la Z.pdf,Published on Mises Institute (https://mises.org),Deist,page1,    🤓 AUTORES\   CATEGORÍAS\  🌗 Ancaps-Voluntaristas\ Jeff Deist\Artículos cortos\Deist - Rothbard de la A a la Z.pdf
Deist - Rothbard sobre las compensaciones por esclavitud.pdf,Published on Mises Institute (https://mises.org),Deist,page1,    🤓 AUTORES\   CATEGORÍAS\  🌗 Ancaps-Voluntaristas\ Jeff Deist\Artículos cortos\Deist - Rothbard sobre las compensaciones por esclavitud.pdf
Deist - Un marco mental austriaco.pdf,Published on Mises Institute (https://mises.org),Deist,page1,    🤓 AUTORES\   CATEGORÍAS\  🌗 Ancaps-Voluntaristas\ Jeff Deist\Artículos cortos\Deist - Un marco mental austriaco.pdf
Block - Una réplica a Jeff Deist sobre la CHAZ.pdf,Published on Mises Institute (https://mises.org),Block,page1,    🤓 AUTORES\   CATEGORÍAS\  🌗 Ancaps-Voluntaristas\ Jeff Deist\Block - Una réplica a Jeff Deist sobre la CHAZ.pdf
Caplan - Crítica a Jeff Deist por la Descentralización.pdf,Published on Mises Institute (https://mises.org),Caplan,page1,    🤓 AUTORES\   CATEGORÍAS\  🌗 Ancaps-Voluntaristas\ Jeff Deist\Caplan - Crítica a Jeff Deist por la Descentralización.pdf
Deist - A Strange Liberty_ Politics Drops Its Pretenses.pdf,A Strange Liberty_ Politics Drops Its Pretenses,Judy,filename,    🤓 AUTORES\   CATEGORÍAS\  🌗 Ancaps-Voluntaristas\ Jeff Deist\Deist - A Strange Liberty_ Politics Drops Its Pretenses.pdf
Deist - El mercado realista de la gobernanza privada.pdf,Published on Mises Institute (https://mises.org),Deist,page1,    🤓 AUTORES\   CATEGORÍAS\  🌗 Ancaps-Voluntaristas\ Jeff Deist\Deist - El mercado realista de la gobernanza privada.pdf
Deist - La secesión empieza en casa.pdf,Published on Mises Institute (https://mises.org),Deist,page1,    🤓 AUTORES\   CATEGORÍAS\  🌗 Ancaps-Voluntaristas\ Jeff Deist\Deist - La secesión empieza en casa.pdf
Deist - Las posibilidades para una secesión suave en América.pdf,Published on Mises Institute (https://mises.org),Deist,page1,    🤓 AUTORES\   CATEGORÍAS\  🌗 Ancaps-Voluntaristas\ Jeff Deist\Deist - Las posibilidades para una secesión suave en América.pdf
Deist - Mesa redonda sobre inmigración_ Walter Block.pdf,Published on Mises Institute (https://mises.org),Deist,page1,    🤓 AUTORES\   CATEGORÍAS\  🌗 Ancaps-Voluntaristas\ Jeff Deist\Deist - Mesa redonda sobre inmigración_ Walter Block.pdf
"Deist - Murray Rothbard, un optimista intransigente.pdf",Published on Mises Institute (https://mises.org),Deist,page1,"    🤓 AUTORES\   CATEGORÍAS\  🌗 Ancaps-Voluntaristas\ Jeff Deist\Deist - Murray Rothbard, un optimista intransigente.pdf"
Deist - Rothbard sobre el populismo libertario.pdf,Rothbard sobre el populismo libertario | Mises Institute,Deist,meta,    🤓 AUTORES\   CATEGORÍAS\  🌗 Ancaps-Voluntaristas\ Jeff Deist\Deist - Rothbard sobre el populismo libertario.pdf
Deist - The Imposers and the.pdf,JEFF DEIST IMPOSERS,Deist,page1,    🤓 AUTORES\   CATEGORÍAS\  🌗 Ancaps-Voluntaristas\ Jeff Deist\Deist - The Imposers and the.pdf
Jeff Deist_ la entrevista de Tom Woods.pdf,Published on Mises Institute (https://mises.org),,page1,    🤓 AUTORES\   CATEGORÍAS\  🌗 Ancaps-Voluntaristas\ Jeff Deist\Jeff Deist_ la entrevista de Tom Woods.pdf
  Jeffrey Tucker.pdf,Jeffrey Tucker,,page1,    🤓 AUTORES\   CATEGORÍAS\  🌗 Ancaps-Voluntaristas\ Jeffrey Tucker\  Jeffrey Tucker.pdf
J. Tucker - A Beautiful Anarchy.pdf,A Beautiful Anarchy,Jeffrey A. Tucker,meta,    🤓 AUTORES\   CATEGORÍAS\  🌗 Ancaps-Voluntaristas\ Jeffrey Tucker\J. Tucker - A Beautiful Anarchy.pdf
"J. Tucker - Albert Jay Nock, hombre olvidado de la Vieja Derecha.pdf",Published on Mises Institute (https://mises.org),J. Tucker,page1,"    🤓 AUTORES\   CATEGORÍAS\  🌗 Ancaps-Voluntaristas\ Jeffrey Tucker\J. Tucker - Albert Jay Nock, hombre olvidado de la Vieja Derecha.pdf"
J. Tucker - Bush acrecienta el estado.pdf,algo tan malo después de todo. (Los expertos que se hacen llamar,J. Tucker,page1,    🤓 AUTORES\   CATEGORÍAS\  🌗 Ancaps-Voluntaristas\ Jeffrey Tucker\J. Tucker - Bush acrecienta el estado.pdf
J. Tucker - Cien años de intrusiones.pdf,content/uploads/2015/07/privacidad.jpg)Imagina un tiempo en que el,J. Tucker,page1,    🤓 AUTORES\   CATEGORÍAS\  🌗 Ancaps-Voluntaristas\ Jeffrey Tucker\J. Tucker - Cien años de intrusiones.pdf
J. Tucker - Dejen a los niños trabajar.pdf,Washington Post publicó un hermoso foto montaje,J. Tucker,page1,    🤓 AUTORES\   CATEGORÍAS\  🌗 Ancaps-Voluntaristas\ Jeffrey Tucker\J. Tucker - Dejen a los niños trabajar.pdf
J. Tucker - El complot eugenésico detrás del salario mínimo.pdf,su “Carta desde la cárcel de Birmingham,J. Tucker,page1,    🤓 AUTORES\   CATEGORÍAS\  🌗 Ancaps-Voluntaristas\ Jeffrey Tucker\J. Tucker - El complot eugenésico detrás del salario mínimo.pdf
J. Tucker - El Estado contra el pueblo en la era digital.pdf,digital.jpg)El gobierno de los Estados Unidos parece realmente decidido a,J. Tucker,page1,    🤓 AUTORES\   CATEGORÍAS\  🌗 Ancaps-Voluntaristas\ Jeffrey Tucker\J. Tucker - El Estado contra el pueblo en la era digital.pdf
J. Tucker - El feminismo de Ludwig von Mises.pdf,Mientras que  Ludwig von Mises es conocido como un revolucionario en,J. Tucker,page1,    🤓 AUTORES\   CATEGORÍAS\  🌗 Ancaps-Voluntaristas\ Jeffrey Tucker\J. Tucker - El feminismo de Ludwig von Mises.pdf
J. Tucker - El inventor de la era digital.pdf,Published on Mises Institute (https://mises.org),J. Tucker,page1,    🤓 AUTORES\   CATEGORÍAS\  🌗 Ancaps-Voluntaristas\ Jeffrey Tucker\J. Tucker - El inventor de la era digital.pdf
J. Tucker - El proteccionismo y mi nariz congestionada.pdf,"Ahí estaba en el mostrador de la farmacia, resfriado, moqueando y",J. Tucker,page1,    🤓 AUTORES\   CATEGORÍAS\  🌗 Ancaps-Voluntaristas\ Jeffrey Tucker\J. Tucker - El proteccionismo y mi nariz congestionada.pdf
J. Tucker - El sistema penitenciario es una violación a los derechos humanos.pdf,content/uploads/2015/10/prisontowers.jpg)Los Estados Unidos es el,J. Tucker,page1,    🤓 AUTORES\   CATEGORÍAS\  🌗 Ancaps-Voluntaristas\ Jeffrey Tucker\J. Tucker - El sistema penitenciario es una violación a los derechos humanos.pdf
J. Tucker - En defensa de la propiedad privada_ Mises y Aristóteles.pdf,de releer dos textos fundamentales: Política de Aristóteles y Socialismo de,J. Tucker,page1,    🤓 AUTORES\   CATEGORÍAS\  🌗 Ancaps-Voluntaristas\ Jeffrey Tucker\J. Tucker - En defensa de la propiedad privada_ Mises y Aristóteles.pdf
J. Tucker - Evitando las guerras de flames austriacas.pdf,Published on Mises Institute (https://mises.org),J. Tucker,page1,    🤓 AUTORES\   CATEGORÍAS\  🌗 Ancaps-Voluntaristas\ Jeffrey Tucker\J. Tucker - Evitando las guerras de flames austriacas.pdf
J. Tucker - Evitando los austroflamazos.pdf,dollars.jpg)Los medios digitales —en particular los medios «sociales»,J. Tucker,page1,    🤓 AUTORES\   CATEGORÍAS\  🌗 Ancaps-Voluntaristas\ Jeffrey Tucker\J. Tucker - Evitando los austroflamazos.pdf
J. Tucker - Evitar las guerras austriacas de flames.pdf,"medios digitales (particularmente los medios “sociales” como foros,",J. Tucker,page1,    🤓 AUTORES\   CATEGORÍAS\  🌗 Ancaps-Voluntaristas\ Jeffrey Tucker\J. Tucker - Evitar las guerras austriacas de flames.pdf
J. Tucker - Francisco olvida el legado libertario de la Iglesia.pdf,"content/uploads/2017/05/salamanca.jpg)Bueno, es algo muy relevante",J. Tucker,page1,    🤓 AUTORES\   CATEGORÍAS\  🌗 Ancaps-Voluntaristas\ Jeffrey Tucker\J. Tucker - Francisco olvida el legado libertario de la Iglesia.pdf
J. Tucker - Hayek_ el problema del conocimiento.pdf,content/uploads/2015/02/Hayeknowledge.jpg)F. A. Hayek  es una,J. Tucker,page1,    🤓 AUTORES\   CATEGORÍAS\  🌗 Ancaps-Voluntaristas\ Jeffrey Tucker\J. Tucker - Hayek_ el problema del conocimiento.pdf
J. Tucker - Himno y el significado de la prohibición de las bombillas.pdf,semana pasada releí Himno (http://www.amazon.com/Himno-Anthem-,J. Tucker,page1,    🤓 AUTORES\   CATEGORÍAS\  🌗 Ancaps-Voluntaristas\ Jeffrey Tucker\J. Tucker - Himno y el significado de la prohibición de las bombillas.pdf
J. Tucker - La ciencia de la libertad_ Una entrevista con Murray Rothbard.pdf,austriaca-e1330629636667.jpg)[Entrevista con Murray Rothbard realizada,J. Tucker,page1,    🤓 AUTORES\   CATEGORÍAS\  🌗 Ancaps-Voluntaristas\ Jeffrey Tucker\J. Tucker - La ciencia de la libertad_ Una entrevista con Murray Rothbard.pdf
J. Tucker - La democracia es nuestro juego del hambre.pdf,content/uploads/2017/05/JUEGOS.jpg)Por muy bueno que sea lo que,J. Tucker,page1,    🤓 AUTORES\   CATEGORÍAS\  🌗 Ancaps-Voluntaristas\ Jeffrey Tucker\J. Tucker - La democracia es nuestro juego del hambre.pdf
J. Tucker - La manzana envenenada del TPP.pdf,que tenemos un acuerdo comercial que elimina completamente 18.000,J. Tucker,page1,    🤓 AUTORES\   CATEGORÍAS\  🌗 Ancaps-Voluntaristas\ Jeffrey Tucker\J. Tucker - La manzana envenenada del TPP.pdf
J. Tucker - La problemática de la adopción gay.pdf,homoparentales-e1661283723579-1.png)Estrechamente relacionado,J. Tucker,page1,    🤓 AUTORES\   CATEGORÍAS\  🌗 Ancaps-Voluntaristas\ Jeffrey Tucker\J. Tucker - La problemática de la adopción gay.pdf
J. Tucker - Los efectos descivilizadores del gobierno.pdf,no es así. Ahora proponen pobreza y defienden regulaciones públicas,J. Tucker,page1,    🤓 AUTORES\   CATEGORÍAS\  🌗 Ancaps-Voluntaristas\ Jeffrey Tucker\J. Tucker - Los efectos descivilizadores del gobierno.pdf
J. Tucker - Los siete hábitos de los libertarios altamente efectivos.pdf,bad-habits.jpg)¿Qué significa ser un defensor efectivo de la libertad?,J. Tucker,page1,    🤓 AUTORES\   CATEGORÍAS\  🌗 Ancaps-Voluntaristas\ Jeffrey Tucker\J. Tucker - Los siete hábitos de los libertarios altamente efectivos.pdf
J. Tucker - Microcrédito o macrobeneficencia_ el mito del Grameen.pdf,Published on Mises Institute (https://mises.org),J. Tucker,page1,    🤓 AUTORES\   CATEGORÍAS\  🌗 Ancaps-Voluntaristas\ Jeffrey Tucker\J. Tucker - Microcrédito o macrobeneficencia_ el mito del Grameen.pdf
J. Tucker - Por qué a las personas religiosas se les hace difícil la economía.pdf,content/uploads/2015/06/5loaves2fish.jpg)Por años me ha desconcertado,J. Tucker,page1,    🤓 AUTORES\   CATEGORÍAS\  🌗 Ancaps-Voluntaristas\ Jeffrey Tucker\J. Tucker - Por qué a las personas religiosas se les hace difícil la economía.pdf
J. Tucker - Por qué Ludwig von Mises admiraba a Sigmund Freud.pdf,content/uploads/2016/03/img_art_14844_6675.jpg)Sigmund Freud,J. Tucker,page1,    🤓 AUTORES\   CATEGORÍAS\  🌗 Ancaps-Voluntaristas\ Jeffrey Tucker\J. Tucker - Por qué Ludwig von Mises admiraba a Sigmund Freud.pdf
J. Tucker - Por qué todo está más sucio.pdf,Soy lo suficientemente mayor como para tener un vago recuerdo de,J. Tucker,page1,    🤓 AUTORES\   CATEGORÍAS\  🌗 Ancaps-Voluntaristas\ Jeffrey Tucker\J. Tucker - Por qué todo está más sucio.pdf
J. Tucker - Todo el mundo necesita libertad para discriminar.pdf,content/uploads/2016/02/2349235973_e8ce7a571e.jpg)A raíz de la,J. Tucker,page1,    🤓 AUTORES\   CATEGORÍAS\  🌗 Ancaps-Voluntaristas\ Jeffrey Tucker\J. Tucker - Todo el mundo necesita libertad para discriminar.pdf
J. Tucker - Víctimas en juicio_ la actividad cotidiana de las cortes.pdf,Published on Mises Institute (https://mises.org),J. Tucker,page1,    🤓 AUTORES\   CATEGORÍAS\  🌗 Ancaps-Voluntaristas\ Jeffrey Tucker\J. Tucker - Víctimas en juicio_ la actividad cotidiana de las cortes.pdf
J. Tucker - ¿Para qué sirve un trabajo_.pdf,Published on Mises Institute (https://mises.org),J. Tucker,page1,    🤓 AUTORES\   CATEGORÍAS\  🌗 Ancaps-Voluntaristas\ Jeffrey Tucker\J. Tucker - ¿Para qué sirve un trabajo_.pdf
J. Tucker - ¿Por qué Facebook funciona y la democracia no_.pdf,content/uploads/2018/12/facebook.png)Este año Facebook alcanzará mil,J. Tucker,page1,    🤓 AUTORES\   CATEGORÍAS\  🌗 Ancaps-Voluntaristas\ Jeffrey Tucker\J. Tucker - ¿Por qué Facebook funciona y la democracia no_.pdf
J. Tucker - ¿Quién es Garet Garrett_.pdf,Published on Mises Institute (https://mises.org),J. Tucker,page1,    🤓 AUTORES\   CATEGORÍAS\  🌗 Ancaps-Voluntaristas\ Jeffrey Tucker\J. Tucker - ¿Quién es Garet Garrett_.pdf
J. Tucker - ¿Será bueno para la libertad el Presidente Rand_ Historia y política hacen imposible esta predicción.pdf,OL._SY300_.jpg)¿Usted cree que apoyar a Rand Paul para lograr la,J. Tucker,page1,    🤓 AUTORES\   CATEGORÍAS\  🌗 Ancaps-Voluntaristas\ Jeffrey Tucker\J. Tucker - ¿Será bueno para la libertad el Presidente Rand_ Historia y política hacen imposible esta predicción.pdf
J. Tucker - ¿Son voluntarios los impuestos_.pdf,¿Alguna vez has escuchado el argumento de que los impuestos son,J. Tucker,page1,    🤓 AUTORES\   CATEGORÍAS\  🌗 Ancaps-Voluntaristas\ Jeffrey Tucker\J. Tucker - ¿Son voluntarios los impuestos_.pdf
"J. Tucker - “Friday”, de Rebecca Black_ Una alegoría libertaria.pdf","La sorprendente popularidad del vídeo “Friday” de Rebecca Black, que se",J. Tucker,page1,"    🤓 AUTORES\   CATEGORÍAS\  🌗 Ancaps-Voluntaristas\ Jeffrey Tucker\J. Tucker - “Friday”, de Rebecca Black_ Una alegoría libertaria.pdf"
Jeffrey Tucker y la anecdota estodounidense.pdf,A LA EDICIÓN ESPAÑOLA,mp6,page1,    🤓 AUTORES\   CATEGORÍAS\  🌗 Ancaps-Voluntaristas\ Jeffrey Tucker\Jeffrey Tucker y la anecdota estodounidense.pdf
Rockwell y J. Tucker - El pensamiento cultural de Ludwig von Mises.pdf,"[The Journal of Libertarian Studies, vol. X, nº 1 (Otoño de 1991)]",Rockwell y J. Tucker,page1,    🤓 AUTORES\   CATEGORÍAS\  🌗 Ancaps-Voluntaristas\ Jeffrey Tucker\Rockwell y J. Tucker - El pensamiento cultural de Ludwig von Mises.pdf
Hülsman - El movimiento conservador y el Remanente libertario.pdf,Published on Mises Institute (https://mises.org),Hülsman,page1,    🤓 AUTORES\   CATEGORÍAS\  🌗 Ancaps-Voluntaristas\ Jörg Guido Hülsmann\Artículos cortos\Hülsman - El movimiento conservador y el Remanente libertario.pdf
Hülsman - La caridad necesita mercados.pdf,Published on Mises Institute (https://mises.org),Hülsman,page1,    🤓 AUTORES\   CATEGORÍAS\  🌗 Ancaps-Voluntaristas\ Jörg Guido Hülsmann\Artículos cortos\Hülsman - La caridad necesita mercados.pdf
Hülsman - Lo que la crisis del COVID-19 significa para Europa y la eurozona.pdf,Published on Mises Institute (https://mises.org),Hülsman,page1,    🤓 AUTORES\   CATEGORÍAS\  🌗 Ancaps-Voluntaristas\ Jörg Guido Hülsmann\Artículos cortos\Hülsman - Lo que la crisis del COVID-19 significa para Europa y la eurozona.pdf
Hülsman - Mises y los neoliberales alemanes.pdf,Published on Mises Institute (https://mises.org),Hülsman,page1,    🤓 AUTORES\   CATEGORÍAS\  🌗 Ancaps-Voluntaristas\ Jörg Guido Hülsmann\Artículos cortos\Hülsman - Mises y los neoliberales alemanes.pdf
Hülsman - Otro tipo de liberalismo.pdf,Published on Mises Institute (https://mises.org),Hülsman,page1,    🤓 AUTORES\   CATEGORÍAS\  🌗 Ancaps-Voluntaristas\ Jörg Guido Hülsmann\Artículos cortos\Hülsman - Otro tipo de liberalismo.pdf
Hülsman - Por qué la nueva economía se reduce a imprimir más dinero.pdf,Published on Mises Institute (https://mises.org),Hülsman,page1,    🤓 AUTORES\   CATEGORÍAS\  🌗 Ancaps-Voluntaristas\ Jörg Guido Hülsmann\Artículos cortos\Hülsman - Por qué la nueva economía se reduce a imprimir más dinero.pdf
Hülsman - Por qué Ludwig von Mises abogó por el nacionalismo liberal después de la Primera Guerra Mundial.pdf,Published on Mises Institute (https://mises.org),Hülsman,page1,    🤓 AUTORES\   CATEGORÍAS\  🌗 Ancaps-Voluntaristas\ Jörg Guido Hülsmann\Artículos cortos\Hülsman - Por qué Ludwig von Mises abogó por el nacionalismo liberal después de la Primera Guerra Mundial.pdf
Hülsman - ¿Hugh Akston = Human Action_.pdf,¿Hugh Akston = Human Action?,Hülsman,page1,    🤓 AUTORES\   CATEGORÍAS\  🌗 Ancaps-Voluntaristas\ Jörg Guido Hülsmann\Artículos cortos\Hülsman - ¿Hugh Akston = Human Action_.pdf
Hülsman - Carl Menger_ pionero de la «teoría empírica».pdf,Published on Mises Institute (https://mises.org),Hülsman,page1,    🤓 AUTORES\   CATEGORÍAS\  🌗 Ancaps-Voluntaristas\ Jörg Guido Hülsmann\Hülsman - Carl Menger_ pionero de la «teoría empírica».pdf
Hülsman - Cómo usar el individualismo metodológico.pdf,Published on Mises Institute (https://mises.org),Hülsman,page1,    🤓 AUTORES\   CATEGORÍAS\  🌗 Ancaps-Voluntaristas\ Jörg Guido Hülsmann\Hülsman - Cómo usar el individualismo metodológico.pdf
Hülsman - Deflación y Libertad.pdf,Deflación y Libertad,Hülsman,filename,    🤓 AUTORES\   CATEGORÍAS\  🌗 Ancaps-Voluntaristas\ Jörg Guido Hülsmann\Hülsman - Deflación y Libertad.pdf
Hülsman - El legado de Bastiat en economía.pdf,Published on Mises Institute (https://mises.org),Hülsman,page1,    🤓 AUTORES\   CATEGORÍAS\  🌗 Ancaps-Voluntaristas\ Jörg Guido Hülsmann\Hülsman - El legado de Bastiat en economía.pdf
"Hülsman - El principal experto actual en Mises, sobre el hombre y su legado.pdf",Published on Mises Institute (https://mises.org),Hülsman,page1,"    🤓 AUTORES\   CATEGORÍAS\  🌗 Ancaps-Voluntaristas\ Jörg Guido Hülsmann\Hülsman - El principal experto actual en Mises, sobre el hombre y su legado.pdf"
Hülsman - Exportaciones de capital y libre comercio.pdf,Published on Mises Institute (https://mises.org),Hülsman,page1,    🤓 AUTORES\   CATEGORÍAS\  🌗 Ancaps-Voluntaristas\ Jörg Guido Hülsmann\Hülsman - Exportaciones de capital y libre comercio.pdf
Hülsman - La moralidad del dinero fiduciario.pdf,Published on Mises Institute (https://mises.org),Hülsman,page1,    🤓 AUTORES\   CATEGORÍAS\  🌗 Ancaps-Voluntaristas\ Jörg Guido Hülsmann\Hülsman - La moralidad del dinero fiduciario.pdf
Hülsman - La política monetaria está en agitación.pdf,Published on Mises Institute (https://mises.org),Hülsman,page1,    🤓 AUTORES\   CATEGORÍAS\  🌗 Ancaps-Voluntaristas\ Jörg Guido Hülsmann\Hülsman - La política monetaria está en agitación.pdf
Hülsman - Los riesgos de un mundo sin dinero en efectivo.pdf,Los riesgos de un mundo sin dinero en efectivo,Hülsman,filename,    🤓 AUTORES\   CATEGORÍAS\  🌗 Ancaps-Voluntaristas\ Jörg Guido Hülsmann\Hülsman - Los riesgos de un mundo sin dinero en efectivo.pdf
Hülsman - Ludwig von Mises y la naturaleza del dinero.pdf,Published on Mises Institute (https://mises.org),Hülsman,page1,    🤓 AUTORES\   CATEGORÍAS\  🌗 Ancaps-Voluntaristas\ Jörg Guido Hülsmann\Hülsman - Ludwig von Mises y la naturaleza del dinero.pdf
Hülsman - Nicolás Oresme y el primer tratado monetario.pdf,Published on Mises Institute (https://mises.org),Hülsman,page1,    🤓 AUTORES\   CATEGORÍAS\  🌗 Ancaps-Voluntaristas\ Jörg Guido Hülsmann\Hülsman - Nicolás Oresme y el primer tratado monetario.pdf
Hülsman - Una protesta desde Francia.pdf,Published on Mises Institute (https://mises.org),Hülsman,page1,    🤓 AUTORES\   CATEGORÍAS\  🌗 Ancaps-Voluntaristas\ Jörg Guido Hülsmann\Hülsman - Una protesta desde Francia.pdf
Hülsman - ¿Por qué la economía austriaca está más basada en la realidad que el enfoque neoclásico_.pdf,Published on Mises Institute (https://mises.org),Hülsman,page1,    🤓 AUTORES\   CATEGORÍAS\  🌗 Ancaps-Voluntaristas\ Jörg Guido Hülsmann\Hülsman - ¿Por qué la economía austriaca está más basada en la realidad que el enfoque neoclásico_.pdf
 Karl Hess.pdf,Karl Hess,,page1,    🤓 AUTORES\   CATEGORÍAS\  🌗 Ancaps-Voluntaristas\ Karl Hess\ Karl Hess.pdf
Hess - La posición radical-revolucionaria.pdf,"“La posición radical-revolucionaria es el libertarismo, y su forma",Hess,page1,    🤓 AUTORES\   CATEGORÍAS\  🌗 Ancaps-Voluntaristas\ Karl Hess\Hess - La posición radical-revolucionaria.pdf
Hess - Volviendo a casa.pdf,[Dear America (1975)],Hess,page1,    🤓 AUTORES\   CATEGORÍAS\  🌗 Ancaps-Voluntaristas\ Karl Hess\Hess - Volviendo a casa.pdf
Larken - Die gefährlichste .pdf,Die gefährlichste aller Religionen (German Edition),"Rose, Larken",meta,    🤓 AUTORES\   CATEGORÍAS\  🌗 Ancaps-Voluntaristas\ Larken Rose\En Alemán\Larken - Die gefährlichste .pdf
Larken - Het Meest Gevaarlijke Bijgeloof.pdf,Het Meest Gevaarlijke Bijgeloof,Larken,filename,    🤓 AUTORES\   CATEGORÍAS\  🌗 Ancaps-Voluntaristas\ Larken Rose\En Alemán\Larken - Het Meest Gevaarlijke Bijgeloof.pdf
La agresión legalizada.pdf,LA AGRESIÓN LEGALIZADA  Larken Rose  Xoán de Lugo,RibzeR,meta,    🤓 AUTORES\   CATEGORÍAS\  🌗 Ancaps-Voluntaristas\ Larken Rose\La agresión legalizada.pdf
 Lew Rockwell.pdf,Lew Rockwell,,page1,    🤓 AUTORES\   CATEGORÍAS\  🌗 Ancaps-Voluntaristas\ Lew Rockwell\ Lew Rockwell.pdf
 Rockwell - Contra la Izquierda.pdf,Contra la Izquierda,Rockwell,filename,    🤓 AUTORES\   CATEGORÍAS\  🌗 Ancaps-Voluntaristas\ Lew Rockwell\ Rockwell - Contra la Izquierda.pdf
 Rockwell - Fascismo Versus Capitalismo.pdf,Fascismo versus capitalismo,n023558,meta,    🤓 AUTORES\   CATEGORÍAS\  🌗 Ancaps-Voluntaristas\ Lew Rockwell\ Rockwell - Fascismo Versus Capitalismo.pdf
 Rockwell - La Visión Misesiana.pdf,LA VISIÓN MISESIANA,Rockwell,page1,    🤓 AUTORES\   CATEGORÍAS\  🌗 Ancaps-Voluntaristas\ Lew Rockwell\ Rockwell - La Visión Misesiana.pdf
"Grass - Rothbard, Rockwell y el Instituto Mises.pdf",Published on Mises Institute (https://mises.org),Grass,page1,"    🤓 AUTORES\   CATEGORÍAS\  🌗 Ancaps-Voluntaristas\ Lew Rockwell\Artículos cortos\Grass - Rothbard, Rockwell y el Instituto Mises.pdf"
"McMaken - Lew Rockwell sobre Amash, el nacionalismo, Black Sabbath y más, una entrevista.pdf",Published on Mises Institute (https://mises.org),McMaken,page1,"    🤓 AUTORES\   CATEGORÍAS\  🌗 Ancaps-Voluntaristas\ Lew Rockwell\Artículos cortos\McMaken - Lew Rockwell sobre Amash, el nacionalismo, Black Sabbath y más, una entrevista.pdf"
"Rockwell - Butler Shaffer, Q.E.P.D.pdf",content/uploads/2020/01/shaffer2020.png)Lamentamos el,Rockwell,page1,"    🤓 AUTORES\   CATEGORÍAS\  🌗 Ancaps-Voluntaristas\ Lew Rockwell\Artículos cortos\Rockwell - Butler Shaffer, Q.E.P.D.pdf"
Rockwell - Definiendo y defendiendo la libertad.pdf,Published on Mises Institute (https://mises.org),Rockwell,page1,    🤓 AUTORES\   CATEGORÍAS\  🌗 Ancaps-Voluntaristas\ Lew Rockwell\Artículos cortos\Rockwell - Definiendo y defendiendo la libertad.pdf
Rockwell - Dividir los EUA.pdf,Published on Mises Institute (https://mises.org),Rockwell,page1,    🤓 AUTORES\   CATEGORÍAS\  🌗 Ancaps-Voluntaristas\ Lew Rockwell\Artículos cortos\Rockwell - Dividir los EUA.pdf
Rockwell - El intransigente Rothbard.pdf,Published on Mises Institute (https://mises.org),Rockwell,page1,    🤓 AUTORES\   CATEGORÍAS\  🌗 Ancaps-Voluntaristas\ Lew Rockwell\Artículos cortos\Rockwell - El intransigente Rothbard.pdf
Rockwell - El legado de Rothbard.pdf,Published on Mises Institute (https://mises.org),Rockwell,page1,    🤓 AUTORES\   CATEGORÍAS\  🌗 Ancaps-Voluntaristas\ Lew Rockwell\Artículos cortos\Rockwell - El legado de Rothbard.pdf
Rockwell - Libertad de asociación.pdf,Published on Mises Institute (https://mises.org),Rockwell,page1,    🤓 AUTORES\   CATEGORÍAS\  🌗 Ancaps-Voluntaristas\ Lew Rockwell\Artículos cortos\Rockwell - Libertad de asociación.pdf
Rockwell - Mises_ Un defensor audaz de la libertad.pdf,Published on Mises Institute (https://mises.org),Rockwell,page1,    🤓 AUTORES\   CATEGORÍAS\  🌗 Ancaps-Voluntaristas\ Lew Rockwell\Artículos cortos\Rockwell - Mises_ Un defensor audaz de la libertad.pdf
"Rockwell - Murray Rothbard, Enemigo del estado.pdf",Published on Mises Institute (https://mises.org),Rockwell,page1,"    🤓 AUTORES\   CATEGORÍAS\  🌗 Ancaps-Voluntaristas\ Lew Rockwell\Artículos cortos\Rockwell - Murray Rothbard, Enemigo del estado.pdf"
Rockwell - Por qué Hazlitt se opuso al sistema de Bretton Woods.pdf,Published on Mises Institute (https://mises.org),Rockwell,page1,    🤓 AUTORES\   CATEGORÍAS\  🌗 Ancaps-Voluntaristas\ Lew Rockwell\Artículos cortos\Rockwell - Por qué Hazlitt se opuso al sistema de Bretton Woods.pdf
Rockwell - Rothbard tenía razón.pdf,Published on Mises Institute (https://mises.org),Rockwell,page1,    🤓 AUTORES\   CATEGORÍAS\  🌗 Ancaps-Voluntaristas\ Lew Rockwell\Artículos cortos\Rockwell - Rothbard tenía razón.pdf
Rockwell - ¡En homenaje a Murray!.pdf,Published on Mises Institute (https://mises.org),Rockwell,page1,    🤓 AUTORES\   CATEGORÍAS\  🌗 Ancaps-Voluntaristas\ Lew Rockwell\Artículos cortos\Rockwell - ¡En homenaje a Murray!.pdf
Contra el estado_ Una entrevista con Lew Rockwell.pdf,[Esta entrevista la publicó originalmente,,page1,    🤓 AUTORES\   CATEGORÍAS\  🌗 Ancaps-Voluntaristas\ Lew Rockwell\Contra el estado_ Una entrevista con Lew Rockwell.pdf
Defensa Del Paleolibertarismo.pdf,Defensa del paleolibertarismo,Luffi,page1,    🤓 AUTORES\   CATEGORÍAS\  🌗 Ancaps-Voluntaristas\ Lew Rockwell\Defensa Del Paleolibertarismo.pdf
Instituto Mises - Wikipedia.pdf,"Instituto Mises - Wikipedia, la enciclopedia libre",Instituto Mises,meta,    🤓 AUTORES\   CATEGORÍAS\  🌗 Ancaps-Voluntaristas\ Lew Rockwell\Instituto Mises - Wikipedia.pdf
Lew Rockwell - contra la izquierda.pdf,contra la izquierda,Lew Rockwell,filename,    🤓 AUTORES\   CATEGORÍAS\  🌗 Ancaps-Voluntaristas\ Lew Rockwell\Lew Rockwell - contra la izquierda.pdf
Paleo-Libertarismo - Rothbard-Hoppe-Bastos-Rockwell-Deist.pdf,E N T E N D I E N D O E L PALEOLIBERTARISMO,Paleo-Libertarismo,page1,    🤓 AUTORES\   CATEGORÍAS\  🌗 Ancaps-Voluntaristas\ Lew Rockwell\Paleo-Libertarismo - Rothbard-Hoppe-Bastos-Rockwell-Deist.pdf
"Rockwell & Woods - Murray N. Rothbard, el hombre y su obra.pdf",Published on Mises Institute (https://mises.org),Rockwell & Woods,page1,"    🤓 AUTORES\   CATEGORÍAS\  🌗 Ancaps-Voluntaristas\ Lew Rockwell\Rockwell & Woods - Murray N. Rothbard, el hombre y su obra.pdf"
Rockwell - Cómo funcionaría la Anarquía.pdf,LEW ROCKWELL ¿CÓMO FUNCIONARÍA,tabito,page1,    🤓 AUTORES\   CATEGORÍAS\  🌗 Ancaps-Voluntaristas\ Lew Rockwell\Rockwell - Cómo funcionaría la Anarquía.pdf
Rockwell - Destruccionismo cultural.pdf,a940-37beba77c4ba.jpg)Un extracto de El libertarismo y la vieja derecha,Rockwell,page1,    🤓 AUTORES\   CATEGORÍAS\  🌗 Ancaps-Voluntaristas\ Lew Rockwell\Rockwell - Destruccionismo cultural.pdf
Rockwell - El camino fácil (y equivocado) del conservadurismo kirkiano.pdf,Un extracto de El libertarismo y la vieja derecha (https://mises.org/es/library/el-,Rockwell,page1,    🤓 AUTORES\   CATEGORÍAS\  🌗 Ancaps-Voluntaristas\ Lew Rockwell\Rockwell - El camino fácil (y equivocado) del conservadurismo kirkiano.pdf
Rockwell - El Fascismo Estadounidense.pdf,FASCIMO ESTADOUNIDENSE,tabito,page1,    🤓 AUTORES\   CATEGORÍAS\  🌗 Ancaps-Voluntaristas\ Lew Rockwell\Rockwell - El Fascismo Estadounidense.pdf
Rockwell - El manifiesto antiecologista.pdf,[Publicado como El manifiesto eco-escéptico en el año 2000],Rockwell,page1,    🤓 AUTORES\   CATEGORÍAS\  🌗 Ancaps-Voluntaristas\ Lew Rockwell\Rockwell - El manifiesto antiecologista.pdf
Rockwell - En defensa de Rothbard.pdf,Published on Mises Institute (https://mises.org),Rockwell,page1,    🤓 AUTORES\   CATEGORÍAS\  🌗 Ancaps-Voluntaristas\ Lew Rockwell\Rockwell - En defensa de Rothbard.pdf
"Rockwell - Hazlitt y Keynes, vocaciones opuestas.pdf",Published on Mises Institute (https://mises.org),Rockwell,page1,"    🤓 AUTORES\   CATEGORÍAS\  🌗 Ancaps-Voluntaristas\ Lew Rockwell\Rockwell - Hazlitt y Keynes, vocaciones opuestas.pdf"
Rockwell - La Crisis de la Libertad.pdf,Published on Mises Institute (https://mises.org),Rockwell,page1,    🤓 AUTORES\   CATEGORÍAS\  🌗 Ancaps-Voluntaristas\ Lew Rockwell\Rockwell - La Crisis de la Libertad.pdf
Rockwell - La historia del Instituto Mises.pdf,Published on Mises Institute (https://mises.org),Rockwell,page1,    🤓 AUTORES\   CATEGORÍAS\  🌗 Ancaps-Voluntaristas\ Lew Rockwell\Rockwell - La historia del Instituto Mises.pdf
Rockwell - Lo personal es lo económico.pdf,content/uploads/2012/02/striving.jpg)La feminista Carol Hanisch es,Rockwell,page1,    🤓 AUTORES\   CATEGORÍAS\  🌗 Ancaps-Voluntaristas\ Lew Rockwell\Rockwell - Lo personal es lo económico.pdf
Rockwell - Mitos y verdades del Rothbard paleolibertario.pdf,(https://www.mises.org.es/wp-content/uploads/2021/06/gs.jpg)Este es un,Rockwell,page1,    🤓 AUTORES\   CATEGORÍAS\  🌗 Ancaps-Voluntaristas\ Lew Rockwell\Rockwell - Mitos y verdades del Rothbard paleolibertario.pdf
"Rockwell - Murray N. Rothbard, Un legado de libertad.pdf",[Publicado originalmente el 30 de julio de 1996],Rockwell,page1,"    🤓 AUTORES\   CATEGORÍAS\  🌗 Ancaps-Voluntaristas\ Lew Rockwell\Rockwell - Murray N. Rothbard, Un legado de libertad.pdf"
Rockwell - Por qué no un Gobierno Limitado.pdf,LEW ROCKWELL ¿POR,tabito,page1,    🤓 AUTORES\   CATEGORÍAS\  🌗 Ancaps-Voluntaristas\ Lew Rockwell\Rockwell - Por qué no un Gobierno Limitado.pdf
Rockwell - Rothbard sobre el oro.pdf,Published on Mises Institute (https://mises.org),Rockwell,page1,    🤓 AUTORES\   CATEGORÍAS\  🌗 Ancaps-Voluntaristas\ Lew Rockwell\Rockwell - Rothbard sobre el oro.pdf
"Rockwell - Tres tesoros nacionales_ Hazlitt, Hutt y Rothbard.pdf",Published on Mises Institute (https://mises.org),Rockwell,page1,"    🤓 AUTORES\   CATEGORÍAS\  🌗 Ancaps-Voluntaristas\ Lew Rockwell\Rockwell - Tres tesoros nacionales_ Hazlitt, Hutt y Rothbard.pdf"
Rockwell - Un Liberalismo Clásico Americano.pdf,Published on Mises Institute (https://mises.org),Rockwell,page1,    🤓 AUTORES\   CATEGORÍAS\  🌗 Ancaps-Voluntaristas\ Lew Rockwell\Rockwell - Un Liberalismo Clásico Americano.pdf
Rockwell - Una biografía de Henry Hazlitt.pdf,Published on Mises Institute (https://mises.org),Rockwell,page1,    🤓 AUTORES\   CATEGORÍAS\  🌗 Ancaps-Voluntaristas\ Lew Rockwell\Rockwell - Una biografía de Henry Hazlitt.pdf
Rockwell - Vidas paralelas_ ¿libertad o poder_.pdf,Published on Mises Institute (https://mises.org),Rockwell,page1,    🤓 AUTORES\   CATEGORÍAS\  🌗 Ancaps-Voluntaristas\ Lew Rockwell\Rockwell - Vidas paralelas_ ¿libertad o poder_.pdf
The Daily Bell entrevista a Lew Rockwell.pdf,Published on Mises Institute (https://mises.org),,page1,    🤓 AUTORES\   CATEGORÍAS\  🌗 Ancaps-Voluntaristas\ Lew Rockwell\The Daily Bell entrevista a Lew Rockwell.pdf
¿Te consideras un libertario_ - Entrevista a Lew Rockwell.pdf,rockwell.jpg)[Kenny Johnsson,¿Te consideras un libertario,page1,    🤓 AUTORES\   CATEGORÍAS\  🌗 Ancaps-Voluntaristas\ Lew Rockwell\¿Te consideras un libertario_ - Entrevista a Lew Rockwell.pdf
 Peter Leeson.pdf,Peter Leeson,,page1,    🤓 AUTORES\   CATEGORÍAS\  🌗 Ancaps-Voluntaristas\ Peter T. Leeson\ Peter Leeson.pdf
Leeson - El Garfio Invisible.pdf,The Invisible Hook,Peter T. Leeson,meta,    🤓 AUTORES\   CATEGORÍAS\  🌗 Ancaps-Voluntaristas\ Peter T. Leeson\Leeson - El Garfio Invisible.pdf
Leeson - El Gran Circo de la Economía.pdf,El gran circo de la economía,Peter T. Leeson,meta,    🤓 AUTORES\   CATEGORÍAS\  🌗 Ancaps-Voluntaristas\ Peter T. Leeson\Leeson - El Gran Circo de la Economía.pdf
 Barnett - The Structure of Liberty.pdf,The Structure of Liberty: Justice and the Rule of Law,Randy E. Barnett,meta,    🤓 AUTORES\   CATEGORÍAS\  🌗 Ancaps-Voluntaristas\ Randy E. Barnett\ Barnett - The Structure of Liberty.pdf
 Randy Barnett.pdf,Randy Barnett,,page1,    🤓 AUTORES\   CATEGORÍAS\  🌗 Ancaps-Voluntaristas\ Randy E. Barnett\ Randy Barnett.pdf
The Structure of Liberty.pdf,The Structure of Liberty,,page1,    🤓 AUTORES\   CATEGORÍAS\  🌗 Ancaps-Voluntaristas\ Randy E. Barnett\The Structure of Liberty.pdf
 Robert Higgs.pdf,"Robert Higgs - Wikipedia, la enciclopedia libre",,meta,    🤓 AUTORES\   CATEGORÍAS\  🌗 Ancaps-Voluntaristas\ Robert Higgs\ Robert Higgs.pdf
Higgs - Against Leviathan_ Government Power and a Free Society.pdf,Against Leviathan_ Government Power and a Free Society,Higgs,filename,    🤓 AUTORES\   CATEGORÍAS\  🌗 Ancaps-Voluntaristas\ Robert Higgs\Higgs - Against Leviathan_ Government Power and a Free Society.pdf
  Robert LeFevre es.pdf,Robert LeFevre,,page1,    🤓 AUTORES\   CATEGORÍAS\  🌗 Ancaps-Voluntaristas\ Robert LeFevre\  Robert LeFevre es.pdf
LeFevre - Fundamentals of Liberty.pdf,Fundamentals of Liberty,LeFevre,filename,    🤓 AUTORES\   CATEGORÍAS\  🌗 Ancaps-Voluntaristas\ Robert LeFevre\LeFevre - Fundamentals of Liberty.pdf
"Murphy - El oro, la moneda global del mercado.pdf",Por Robert P. Murphy,Propietario,page1,"    🤓 AUTORES\   CATEGORÍAS\  🌗 Ancaps-Voluntaristas\ Robert P. Murphy\Escritos varios\Murphy - El oro, la moneda global del mercado.pdf"
Murphy - Guía de estudio del podcast Jordan Peterson.pdf,Published on Mises Institute (https://mises.org),Murphy,page1,    🤓 AUTORES\   CATEGORÍAS\  🌗 Ancaps-Voluntaristas\ Robert P. Murphy\Escritos varios\Murphy - Guía de estudio del podcast Jordan Peterson.pdf
Murphy - Teoría del valor subjetivo.pdf,Published on Mises Institute (https://mises.org),Murphy,page1,    🤓 AUTORES\   CATEGORÍAS\  🌗 Ancaps-Voluntaristas\ Robert P. Murphy\Escritos varios\Murphy - Teoría del valor subjetivo.pdf
"Murphy - Choice Cooperation, Enterprise, and Human Action.pdf","Choice: Cooperation, Enterprise, and Human Action",Robert Murphy,meta,"    🤓 AUTORES\   CATEGORÍAS\  🌗 Ancaps-Voluntaristas\ Robert P. Murphy\Murphy - Choice Cooperation, Enterprise, and Human Action.pdf"
Murphy - LA TEORÍA LABORAL DEL VALOR_ UNA CRÍTICA A LOS ESTUDIOS DE CARSON SOBRE ECONOMÍA  POLÍTICA MUTUALISTA.pdf,TEOR\ÍA LABORAL DEL VALOR: UNA CR\ÍTICA A LOS ESTUDIOS DE CARSON SOBRE ECONOM\ÍA POL\ÍTICA MUTUALISTA (\¿Y ESTAS LOCURAS TIENE POR REFENCIA SUS DISPARATADOS SEGUIDORES?),william,meta,    🤓 AUTORES\   CATEGORÍAS\  🌗 Ancaps-Voluntaristas\ Robert P. Murphy\Murphy - LA TEORÍA LABORAL DEL VALOR_ UNA CRÍTICA A LOS ESTUDIOS DE CARSON SOBRE ECONOMÍA  POLÍTICA MUTUALISTA.pdf
Murphy - Una reseña de The Deficit Myth de Stephanie Kelton.pdf,Published on Mises Institute (https://mises.org),Murphy,page1,    🤓 AUTORES\   CATEGORÍAS\  🌗 Ancaps-Voluntaristas\ Robert P. Murphy\Murphy - Una reseña de The Deficit Myth de Stephanie Kelton.pdf
 Roy Childs.pdf,Roy Childs,,page1,    🤓 AUTORES\   CATEGORÍAS\  🌗 Ancaps-Voluntaristas\ Roy A. Child_s\ Roy Childs.pdf
Childs - Grandes Negocios y la Ascensión del Estatismo Estadounidense.pdf,Grandes Negocios y la Ascensión del Estatismo Estadounidense,WinuE,filename,    🤓 AUTORES\   CATEGORÍAS\  🌗 Ancaps-Voluntaristas\ Roy A. Child_s\Childs - Grandes Negocios y la Ascensión del Estatismo Estadounidense.pdf
Childs - La Mano Invisible Devuelve el Golpe.pdf,LA MANO INVISIBLE DEVUELVE EL GOLPE*,Magdalena Casey,page1,    🤓 AUTORES\   CATEGORÍAS\  🌗 Ancaps-Voluntaristas\ Roy A. Child_s\Childs - La Mano Invisible Devuelve el Golpe.pdf
Childs - The Permanent Revolution_ Liberty Against Power.pdf,The Permanent Revolution_ Liberty Against Power,Childs,filename,    🤓 AUTORES\   CATEGORÍAS\  🌗 Ancaps-Voluntaristas\ Roy A. Child_s\Childs - The Permanent Revolution_ Liberty Against Power.pdf
DiLorenzo - Cincuenta años de mentiras ambientalistas.pdf,Published on Mises Institute (https://mises.org),DiLorenzo,page1,    🤓 AUTORES\   CATEGORÍAS\  🌗 Ancaps-Voluntaristas\ Thomas J. DiLorenzo\Artículos cortos\DiLorenzo - Cincuenta años de mentiras ambientalistas.pdf
DiLorenzo - El New Deal desmontado (otra vez).pdf,Published on Mises Institute (https://mises.org),otra vez,page1,    🤓 AUTORES\   CATEGORÍAS\  🌗 Ancaps-Voluntaristas\ Thomas J. DiLorenzo\Artículos cortos\DiLorenzo - El New Deal desmontado (otra vez).pdf
"DiLorenzo - James Buchanan, sobre el individualismo metodológico y el proceso de mercado.pdf",Published on Mises Institute (https://mises.org),DiLorenzo,page1,"    🤓 AUTORES\   CATEGORÍAS\  🌗 Ancaps-Voluntaristas\ Thomas J. DiLorenzo\Artículos cortos\DiLorenzo - James Buchanan, sobre el individualismo metodológico y el proceso de mercado.pdf"
DiLorenzo - La banca central como motor de la corrupción.pdf,Published on Mises Institute (https://mises.org),DiLorenzo,page1,    🤓 AUTORES\   CATEGORÍAS\  🌗 Ancaps-Voluntaristas\ Thomas J. DiLorenzo\Artículos cortos\DiLorenzo - La banca central como motor de la corrupción.pdf
DiLorenzo - La cumbre de las sandías.pdf,Published on Mises Institute (https://mises.org),DiLorenzo,page1,    🤓 AUTORES\   CATEGORÍAS\  🌗 Ancaps-Voluntaristas\ Thomas J. DiLorenzo\Artículos cortos\DiLorenzo - La cumbre de las sandías.pdf
"DiLorenzo - Los mercados, no los sindicatos, nos dieron tiempo libre.pdf",Published on Mises Institute (https://mises.org),DiLorenzo,page1,"    🤓 AUTORES\   CATEGORÍAS\  🌗 Ancaps-Voluntaristas\ Thomas J. DiLorenzo\Artículos cortos\DiLorenzo - Los mercados, no los sindicatos, nos dieron tiempo libre.pdf"
DiLorenzo - Los orígenes corruptos de la banca centralizada.pdf,Published on Mises Institute (https://mises.org),DiLorenzo,page1,    🤓 AUTORES\   CATEGORÍAS\  🌗 Ancaps-Voluntaristas\ Thomas J. DiLorenzo\Artículos cortos\DiLorenzo - Los orígenes corruptos de la banca centralizada.pdf
DiLorenzo - Los orígenes del fraude electoral estadounidense.pdf,Published on Mises Institute (https://mises.org),DiLorenzo,page1,    🤓 AUTORES\   CATEGORÍAS\  🌗 Ancaps-Voluntaristas\ Thomas J. DiLorenzo\Artículos cortos\DiLorenzo - Los orígenes del fraude electoral estadounidense.pdf
DiLorenzo - Por qué todo el mundo debería leer estos dos ensayos de Ludwig von Mises.pdf,Published on Mises Institute (https://mises.org),DiLorenzo,page1,    🤓 AUTORES\   CATEGORÍAS\  🌗 Ancaps-Voluntaristas\ Thomas J. DiLorenzo\Artículos cortos\DiLorenzo - Por qué todo el mundo debería leer estos dos ensayos de Ludwig von Mises.pdf
"DiLorenzo - Reseña_ The Real Anthony Fauci_ Bill Gates, Big Pharma, and the Global War on Democracy and Public Health.pdf",Reseña: The Real Anthony Fauci: Bill,DiLorenzo,page1,"    🤓 AUTORES\   CATEGORÍAS\  🌗 Ancaps-Voluntaristas\ Thomas J. DiLorenzo\Artículos cortos\DiLorenzo - Reseña_ The Real Anthony Fauci_ Bill Gates, Big Pharma, and the Global War on Democracy and Public Health.pdf"
Dilorenzo & James Bannett - The Food and Drink Police.pdf,test,test,meta,    🤓 AUTORES\   CATEGORÍAS\  🌗 Ancaps-Voluntaristas\ Thomas J. DiLorenzo\Dilorenzo & James Bannett - The Food and Drink Police.pdf
DiLorenzo - Biografía de Frederic Bastiat (1801-1850)_ Entre las revoluciones francesa y marginalista.pdf,content/uploads/2017/01/Bastiat.jpg)Claude Frédéric Bastiat fue un,DiLorenzo,page1,    🤓 AUTORES\   CATEGORÍAS\  🌗 Ancaps-Voluntaristas\ Thomas J. DiLorenzo\DiLorenzo - Biografía de Frederic Bastiat (1801-1850)_ Entre las revoluciones francesa y marginalista.pdf
DiLorenzo - Competencia y Emprendimiento Político_ Ideas Austriacas sobre la Teoría de la Elección Pública.pdf,Published on Mises Institute (https://mises.org),DiLorenzo,page1,    🤓 AUTORES\   CATEGORÍAS\  🌗 Ancaps-Voluntaristas\ Thomas J. DiLorenzo\DiLorenzo - Competencia y Emprendimiento Político_ Ideas Austriacas sobre la Teoría de la Elección Pública.pdf
DiLorenzo - El Ascenso del Fascismo Económico en América.pdf,Published on Mises Institute (https://mises.org),DiLorenzo,page1,    🤓 AUTORES\   CATEGORÍAS\  🌗 Ancaps-Voluntaristas\ Thomas J. DiLorenzo\DiLorenzo - El Ascenso del Fascismo Económico en América.pdf
DiLorenzo - La Verdad sobre los «Barones Ladrones».pdf,Published on Mises Institute (https://mises.org),DiLorenzo,page1,    🤓 AUTORES\   CATEGORÍAS\  🌗 Ancaps-Voluntaristas\ Thomas J. DiLorenzo\DiLorenzo - La Verdad sobre los «Barones Ladrones».pdf
DiLorenzo - The Problem with Socialism.pdf,The Problem with Socialism,DiLorenzo,meta,    🤓 AUTORES\   CATEGORÍAS\  🌗 Ancaps-Voluntaristas\ Thomas J. DiLorenzo\DiLorenzo - The Problem with Socialism.pdf
"Woods - Cuando la economía ortodoxa se equivocaba, Mark Thornton tenía razón.pdf",Published on Mises Institute (https://mises.org),Woods,page1,"    🤓 AUTORES\   CATEGORÍAS\  🌗 Ancaps-Voluntaristas\ Tomas E. Woods\Artículos cortos\Woods - Cuando la economía ortodoxa se equivocaba, Mark Thornton tenía razón.pdf"
Woods - La tarjeta índice de la opinión permitida.pdf,Published on Mises Institute (https://mises.org),Woods,page1,    🤓 AUTORES\   CATEGORÍAS\  🌗 Ancaps-Voluntaristas\ Tomas E. Woods\Artículos cortos\Woods - La tarjeta índice de la opinión permitida.pdf
Woods - Las buenas noticias que no te están contando.pdf,Published on Mises Institute (https://mises.org),Woods,page1,    🤓 AUTORES\   CATEGORÍAS\  🌗 Ancaps-Voluntaristas\ Tomas E. Woods\Artículos cortos\Woods - Las buenas noticias que no te están contando.pdf
Comentario del libro_ Cómo la Iglesia construyo la civilización occidental.PDF,Comentario del libro_ Cómo la Iglesia construyo la civilización occidental,,filename,    🤓 AUTORES\   CATEGORÍAS\  🌗 Ancaps-Voluntaristas\ Tomas E. Woods\Sobre Woods\Comentario del libro_ Cómo la Iglesia construyo la civilización occidental.PDF
Woods - Cómo La Iglesia Católica Construyó La Civilización Occidental.pdf,THOMAS E,BROS,meta,    🤓 AUTORES\   CATEGORÍAS\  🌗 Ancaps-Voluntaristas\ Tomas E. Woods\Woods - Cómo La Iglesia Católica Construyó La Civilización Occidental.pdf
Woods - Iglesia y la Economía.pdf,La Iglesia y la Economía,Thomas E. Woods Jr.,meta,    🤓 AUTORES\   CATEGORÍAS\  🌗 Ancaps-Voluntaristas\ Tomas E. Woods\Woods - Iglesia y la Economía.pdf
Woods - Lo que se ve y lo que no se ve del covid-19.pdf,Published on Mises Institute (https://mises.org),Woods,page1,    🤓 AUTORES\   CATEGORÍAS\  🌗 Ancaps-Voluntaristas\ Tomas E. Woods\Woods - Lo que se ve y lo que no se ve del covid-19.pdf
"Woods - Saqueo o empresa, la elección del mundo.pdf",Published on Mises Institute (https://mises.org),Woods,page1,"    🤓 AUTORES\   CATEGORÍAS\  🌗 Ancaps-Voluntaristas\ Tomas E. Woods\Woods - Saqueo o empresa, la elección del mundo.pdf"
McElroy - Anarquismo individualista versus anarquismo comunista y libertarismo.pdf,Conferencia de 1981 sobre el anarquismo individualista.,McElroy,page1,    🤓 AUTORES\   CATEGORÍAS\  🌗 Ancaps-Voluntaristas\ Wendy McElroy\McElroy - Anarquismo individualista versus anarquismo comunista y libertarismo.pdf
"McElroy - Anarquismo, dos especies.pdf",Published on Mises Institute (https://mises.org),McElroy,page1,"    🤓 AUTORES\   CATEGORÍAS\  🌗 Ancaps-Voluntaristas\ Wendy McElroy\McElroy - Anarquismo, dos especies.pdf"
"McElroy - Arte y Estado, el caso por la separación.pdf",Published on Mises Institute (https://mises.org),McElroy,page1,"    🤓 AUTORES\   CATEGORÍAS\  🌗 Ancaps-Voluntaristas\ Wendy McElroy\McElroy - Arte y Estado, el caso por la separación.pdf"
McElroy - El debido proceso en el campus mantiene la justicia en las calles.pdf,Published on Mises Institute (https://mises.org),McElroy,page1,    🤓 AUTORES\   CATEGORÍAS\  🌗 Ancaps-Voluntaristas\ Wendy McElroy\McElroy - El debido proceso en el campus mantiene la justicia en las calles.pdf
McElroy - El eje feminista de género-nueva izquierda-marxista ataca a toda la sociedad civil.pdf,Published on Mises Institute (https://mises.org),McElroy,page1,    🤓 AUTORES\   CATEGORÍAS\  🌗 Ancaps-Voluntaristas\ Wendy McElroy\McElroy - El eje feminista de género-nueva izquierda-marxista ataca a toda la sociedad civil.pdf
McElroy - El Estado de bienestar hizo lo que la esclavitud no pudo hacer.pdf,Published on Mises Institute (https://mises.org),McElroy,page1,    🤓 AUTORES\   CATEGORÍAS\  🌗 Ancaps-Voluntaristas\ Wendy McElroy\McElroy - El Estado de bienestar hizo lo que la esclavitud no pudo hacer.pdf
McElroy - El Título IX se convertirá en un vehículo de más injusticia.pdf,Published on Mises Institute (https://mises.org),McElroy,page1,    🤓 AUTORES\   CATEGORÍAS\  🌗 Ancaps-Voluntaristas\ Wendy McElroy\McElroy - El Título IX se convertirá en un vehículo de más injusticia.pdf
McElroy - Hacia una visión agorista de la justicia.pdf,Hacia una visión agorista de la justicia — Wendy McElroy | by Libertad en Español | Medium,McElroy,meta,    🤓 AUTORES\   CATEGORÍAS\  🌗 Ancaps-Voluntaristas\ Wendy McElroy\McElroy - Hacia una visión agorista de la justicia.pdf
McElroy - La justicia centrada en la víctima lanza a los hombres negros bajo el bus.pdf,Published on Mises Institute (https://mises.org),McElroy,page1,    🤓 AUTORES\   CATEGORÍAS\  🌗 Ancaps-Voluntaristas\ Wendy McElroy\McElroy - La justicia centrada en la víctima lanza a los hombres negros bajo el bus.pdf
McElroy - La justicia «centrada en la víctima» es una amenaza para el debido proceso.pdf,Published on Mises Institute (https://mises.org),McElroy,page1,    🤓 AUTORES\   CATEGORÍAS\  🌗 Ancaps-Voluntaristas\ Wendy McElroy\McElroy - La justicia «centrada en la víctima» es una amenaza para el debido proceso.pdf
"McElroy - La VAWA balcaniza los derechos, borrando cínicamente a los hombres indígenas.pdf",Published on Mises Institute (https://mises.org),McElroy,page1,"    🤓 AUTORES\   CATEGORÍAS\  🌗 Ancaps-Voluntaristas\ Wendy McElroy\McElroy - La VAWA balcaniza los derechos, borrando cínicamente a los hombres indígenas.pdf"
McElroy - Preguntas y respuestas frecuentes sobre feminismo individualista (feminismo libertario).pdf,libertarian_feminism_symbol.png)¿Cuál es la posición ifeminista sobre,feminismo libertario,page1,    🤓 AUTORES\   CATEGORÍAS\  🌗 Ancaps-Voluntaristas\ Wendy McElroy\McElroy - Preguntas y respuestas frecuentes sobre feminismo individualista (feminismo libertario).pdf
McElroy - Redimiendo la Revolución Industrial.pdf,Published on Mises Institute (https://mises.org),McElroy,page1,    🤓 AUTORES\   CATEGORÍAS\  🌗 Ancaps-Voluntaristas\ Wendy McElroy\McElroy - Redimiendo la Revolución Industrial.pdf
Wendy McElroy y la misión del feminismo libertario.pdf,file.png)«Mientras el movimiento feminista se limite a igualar los,,page1,    🤓 AUTORES\   CATEGORÍAS\  🌗 Ancaps-Voluntaristas\ Wendy McElroy\Wendy McElroy y la misión del feminismo libertario.pdf
Esplugas - David Friedman entre bastidores.pdf,Friedman-e1327614632762.jpg)David Friedman estuvo varias horas,Esplugas,page1,    🤓 AUTORES\   CATEGORÍAS\  🌗 Ancaps-Voluntaristas\Albert Esplugas\Esplugas - David Friedman entre bastidores.pdf
Esplugas - De Aquí Hasta Allí.pdf,DE AQUÍ HASTA ALLÍ,tabito,page1,    🤓 AUTORES\   CATEGORÍAS\  🌗 Ancaps-Voluntaristas\Albert Esplugas\Esplugas - De Aquí Hasta Allí.pdf
Esplugas - Es acaso viable el Anarcocapitalismo.pdf,empresas y las personas),tabito,page1,    🤓 AUTORES\   CATEGORÍAS\  🌗 Ancaps-Voluntaristas\Albert Esplugas\Esplugas - Es acaso viable el Anarcocapitalismo.pdf
Esplugas - La Historia Demuestra que el Anarco-Capitalismo...pdf,LA HISTORIA DEMUESTRA QUE EL ANARCO-,tabito,page1,    🤓 AUTORES\   CATEGORÍAS\  🌗 Ancaps-Voluntaristas\Albert Esplugas\Esplugas - La Historia Demuestra que el Anarco-Capitalismo...pdf
Esplugas - Revolución Industrial y Mitos Socialistas.pdf,liberalismo.org: Revolución Industrial y mitos socialistas,Esplugas,page1,    🤓 AUTORES\   CATEGORÍAS\  🌗 Ancaps-Voluntaristas\Albert Esplugas\Esplugas - Revolución Industrial y Mitos Socialistas.pdf
 Mueller - Principles of Anarcho-Capitalism and Demarchy.pdf,Principles of Anarcho-Capitalism and Demarchy,Antony P. Mueller,meta,    🤓 AUTORES\   CATEGORÍAS\  🌗 Ancaps-Voluntaristas\Antony P. Mueller\ Mueller - Principles of Anarcho-Capitalism and Demarchy.pdf
Mueller - 3 maneras en que los marxistas se equivocan sobre el capitalismo.pdf,Published on Mises Institute (https://mises.org),Mueller,page1,    🤓 AUTORES\   CATEGORÍAS\  🌗 Ancaps-Voluntaristas\Antony P. Mueller\Artículos cortos\Mueller - 3 maneras en que los marxistas se equivocan sobre el capitalismo.pdf
Mueller - Carl Menger explica el valor.pdf,Published on Mises Institute (https://mises.org),Mueller,page1,    🤓 AUTORES\   CATEGORÍAS\  🌗 Ancaps-Voluntaristas\Antony P. Mueller\Artículos cortos\Mueller - Carl Menger explica el valor.pdf
Mueller - Carl Menger explica la naturaleza de los bienes.pdf,Published on Mises Institute (https://mises.org),Mueller,page1,    🤓 AUTORES\   CATEGORÍAS\  🌗 Ancaps-Voluntaristas\Antony P. Mueller\Artículos cortos\Mueller - Carl Menger explica la naturaleza de los bienes.pdf
Mueller - Cómo caen los países en la trampa de la asistencia social.pdf,Published on Mises Institute (https://mises.org),Mueller,page1,    🤓 AUTORES\   CATEGORÍAS\  🌗 Ancaps-Voluntaristas\Antony P. Mueller\Artículos cortos\Mueller - Cómo caen los países en la trampa de la asistencia social.pdf
"Mueller - De dónde vienen los precios, Menger lo explica.pdf",Published on Mises Institute (https://mises.org),Mueller,page1,"    🤓 AUTORES\   CATEGORÍAS\  🌗 Ancaps-Voluntaristas\Antony P. Mueller\Artículos cortos\Mueller - De dónde vienen los precios, Menger lo explica.pdf"
Mueller - De los confinamientos al «gran reajuste».pdf,Published on Mises Institute (https://mises.org),Mueller,page1,    🤓 AUTORES\   CATEGORÍAS\  🌗 Ancaps-Voluntaristas\Antony P. Mueller\Artículos cortos\Mueller - De los confinamientos al «gran reajuste».pdf
Mueller - Diez leyes fundamentales de la economía.pdf,Published on Mises Institute (https://mises.org),Mueller,page1,    🤓 AUTORES\   CATEGORÍAS\  🌗 Ancaps-Voluntaristas\Antony P. Mueller\Artículos cortos\Mueller - Diez leyes fundamentales de la economía.pdf
Mueller - El legado perdurable de Carl Menger.pdf,Published on Mises Institute (https://mises.org),Mueller,page1,    🤓 AUTORES\   CATEGORÍAS\  🌗 Ancaps-Voluntaristas\Antony P. Mueller\Artículos cortos\Mueller - El legado perdurable de Carl Menger.pdf
Mueller - Estadísticas falsas de crecimiento económico ocultan problemas profundos en el Main Street.pdf,Published on Mises Institute (https://mises.org),Mueller,page1,    🤓 AUTORES\   CATEGORÍAS\  🌗 Ancaps-Voluntaristas\Antony P. Mueller\Artículos cortos\Mueller - Estadísticas falsas de crecimiento económico ocultan problemas profundos en el Main Street.pdf
Mueller - La austeridad funciona — cuando el mercado se libera.pdf,Published on Mises Institute (https://mises.org),Mueller,page1,    🤓 AUTORES\   CATEGORÍAS\  🌗 Ancaps-Voluntaristas\Antony P. Mueller\Artículos cortos\Mueller - La austeridad funciona — cuando el mercado se libera.pdf
Mueller - La decadencia de los académicos y la decadencia de la academia.pdf,Published on Mises Institute (https://mises.org),Mueller,page1,    🤓 AUTORES\   CATEGORÍAS\  🌗 Ancaps-Voluntaristas\Antony P. Mueller\Artículos cortos\Mueller - La decadencia de los académicos y la decadencia de la academia.pdf
Mueller - La distópica «cuarta revolución industrial» será muy diferente de la primera.pdf,Published on Mises Institute (https://mises.org),Mueller,page1,    🤓 AUTORES\   CATEGORÍAS\  🌗 Ancaps-Voluntaristas\Antony P. Mueller\Artículos cortos\Mueller - La distópica «cuarta revolución industrial» será muy diferente de la primera.pdf
Mueller - Las críticas de Mises al darwinismo social y al concepto de lucha de clases.pdf,Published on Mises Institute (https://mises.org),Mueller,page1,    🤓 AUTORES\   CATEGORÍAS\  🌗 Ancaps-Voluntaristas\Antony P. Mueller\Artículos cortos\Mueller - Las críticas de Mises al darwinismo social y al concepto de lucha de clases.pdf
Mueller - Las enfermedades son malas. El cierre forzado del Estado es a menudo peor.pdf,Published on Mises Institute (https://mises.org),Mueller,page1,    🤓 AUTORES\   CATEGORÍAS\  🌗 Ancaps-Voluntaristas\Antony P. Mueller\Artículos cortos\Mueller - Las enfermedades son malas. El cierre forzado del Estado es a menudo peor.pdf
Mueller - Las Naciones Unidas y los orígenes de «el Gran Reinicio».pdf,Published on Mises Institute (https://mises.org),Mueller,page1,    🤓 AUTORES\   CATEGORÍAS\  🌗 Ancaps-Voluntaristas\Antony P. Mueller\Artículos cortos\Mueller - Las Naciones Unidas y los orígenes de «el Gran Reinicio».pdf
Mueller - Las raíces neomarxistas de la teoría monetaria moderna.pdf,Published on Mises Institute (https://mises.org),Mueller,page1,    🤓 AUTORES\   CATEGORÍAS\  🌗 Ancaps-Voluntaristas\Antony P. Mueller\Artículos cortos\Mueller - Las raíces neomarxistas de la teoría monetaria moderna.pdf
Mueller - Los índices de precios no son medidas precisas de inflación.pdf,Published on Mises Institute (https://mises.org),Mueller,page1,    🤓 AUTORES\   CATEGORÍAS\  🌗 Ancaps-Voluntaristas\Antony P. Mueller\Artículos cortos\Mueller - Los índices de precios no son medidas precisas de inflación.pdf
Mueller - No necesitamos más dinero para un mayor crecimiento económico.pdf,Published on Mises Institute (https://mises.org),Mueller,page1,    🤓 AUTORES\   CATEGORÍAS\  🌗 Ancaps-Voluntaristas\Antony P. Mueller\Artículos cortos\Mueller - No necesitamos más dinero para un mayor crecimiento económico.pdf
Mueller - Por qué el capital necesita emprendedores.pdf,Published on Mises Institute (https://mises.org),Mueller,page1,    🤓 AUTORES\   CATEGORÍAS\  🌗 Ancaps-Voluntaristas\Antony P. Mueller\Artículos cortos\Mueller - Por qué el capital necesita emprendedores.pdf
Mueller - Rothbard explica cómo recuperarse de una crisis económica.pdf,Published on Mises Institute (https://mises.org),Mueller,page1,    🤓 AUTORES\   CATEGORÍAS\  🌗 Ancaps-Voluntaristas\Antony P. Mueller\Artículos cortos\Mueller - Rothbard explica cómo recuperarse de una crisis económica.pdf
Mueller - Rothbard sobre por qué necesitamos empresarios.pdf,Published on Mises Institute (https://mises.org),Mueller,page1,    🤓 AUTORES\   CATEGORÍAS\  🌗 Ancaps-Voluntaristas\Antony P. Mueller\Artículos cortos\Mueller - Rothbard sobre por qué necesitamos empresarios.pdf
"Mueller - Sin privacidad, sin propiedad_ el mundo en 2030 según el FEM.pdf",Published on Mises Institute (https://mises.org),Mueller,page1,"    🤓 AUTORES\   CATEGORÍAS\  🌗 Ancaps-Voluntaristas\Antony P. Mueller\Artículos cortos\Mueller - Sin privacidad, sin propiedad_ el mundo en 2030 según el FEM.pdf"
Mueller - Solo el capitalismo salvará a los millennials.pdf,Published on Mises Institute (https://mises.org),Mueller,page1,    🤓 AUTORES\   CATEGORÍAS\  🌗 Ancaps-Voluntaristas\Antony P. Mueller\Artículos cortos\Mueller - Solo el capitalismo salvará a los millennials.pdf
Mueller - Una tradición de defaults.pdf,Published on Mises Institute (https://mises.org),Mueller,page1,    🤓 AUTORES\   CATEGORÍAS\  🌗 Ancaps-Voluntaristas\Antony P. Mueller\Artículos cortos\Mueller - Una tradición de defaults.pdf
Mueller - Utilizar los bienes vs. intercambiarlos_ Menger explica la diferencia.pdf,Published on Mises Institute (https://mises.org),Mueller,page1,    🤓 AUTORES\   CATEGORÍAS\  🌗 Ancaps-Voluntaristas\Antony P. Mueller\Artículos cortos\Mueller - Utilizar los bienes vs. intercambiarlos_ Menger explica la diferencia.pdf
Mueller - ¿Cuál es el propósito de la economía_ Carl Menger explica.pdf,Published on Mises Institute (https://mises.org),Mueller,page1,    🤓 AUTORES\   CATEGORÍAS\  🌗 Ancaps-Voluntaristas\Antony P. Mueller\Artículos cortos\Mueller - ¿Cuál es el propósito de la economía_ Carl Menger explica.pdf
Mueller - ¿Es el marxismo cultural la nueva ideología principal de Estados Unidos_.pdf,Published on Mises Institute (https://mises.org),Mueller,page1,    🤓 AUTORES\   CATEGORÍAS\  🌗 Ancaps-Voluntaristas\Antony P. Mueller\Artículos cortos\Mueller - ¿Es el marxismo cultural la nueva ideología principal de Estados Unidos_.pdf
Mueller - ¿Los robots reemplazarán a los trabajadores humanos_ esperemos que así sea.pdf,Published on Mises Institute (https://mises.org),Mueller,page1,    🤓 AUTORES\   CATEGORÍAS\  🌗 Ancaps-Voluntaristas\Antony P. Mueller\Artículos cortos\Mueller - ¿Los robots reemplazarán a los trabajadores humanos_ esperemos que así sea.pdf
Mueller - ¿Para qué sirven los capitalistas_.pdf,Published on Mises Institute (https://mises.org),Mueller,page1,    🤓 AUTORES\   CATEGORÍAS\  🌗 Ancaps-Voluntaristas\Antony P. Mueller\Artículos cortos\Mueller - ¿Para qué sirven los capitalistas_.pdf
Mueller - ¿Qué viene después de la expansión cuantitativa_.pdf,Published on Mises Institute (https://mises.org),Mueller,page1,    🤓 AUTORES\   CATEGORÍAS\  🌗 Ancaps-Voluntaristas\Antony P. Mueller\Artículos cortos\Mueller - ¿Qué viene después de la expansión cuantitativa_.pdf
Mueller - Beyond the State and Politics.pdf,BEYOND THE STATE AND POLITICS: CAPITALISM FOR THE NEW MILLENNIUM,Antony P. Mueller,meta,    🤓 AUTORES\   CATEGORÍAS\  🌗 Ancaps-Voluntaristas\Antony P. Mueller\Mueller - Beyond the State and Politics.pdf
"Mueller - Después de los confinamientos, los «arreglos» del gobierno para la economía harán que las cosas empeoren aún más.pdf",Published on Mises Institute (https://mises.org),Mueller,page1,"    🤓 AUTORES\   CATEGORÍAS\  🌗 Ancaps-Voluntaristas\Antony P. Mueller\Mueller - Después de los confinamientos, los «arreglos» del gobierno para la economía harán que las cosas empeoren aún más.pdf"
"Mueller - Entendiendo la guerra de Rusia, la extraña filosofía de Aleksandr Dugin.pdf",Published on Mises Institute (https://mises.org),Mueller,page1,"    🤓 AUTORES\   CATEGORÍAS\  🌗 Ancaps-Voluntaristas\Antony P. Mueller\Mueller - Entendiendo la guerra de Rusia, la extraña filosofía de Aleksandr Dugin.pdf"
Mueller - Evaluando el legado de Angela Merkel.pdf,Published on Mises Institute (https://mises.org),Mueller,page1,    🤓 AUTORES\   CATEGORÍAS\  🌗 Ancaps-Voluntaristas\Antony P. Mueller\Mueller - Evaluando el legado de Angela Merkel.pdf
Mueller - La estanflación viene de la exorbitante creación de dinero y del gasto gubernamental sin trabas.pdf,Published on Mises Institute (https://mises.org),Mueller,page1,    🤓 AUTORES\   CATEGORÍAS\  🌗 Ancaps-Voluntaristas\Antony P. Mueller\Mueller - La estanflación viene de la exorbitante creación de dinero y del gasto gubernamental sin trabas.pdf
"Mueller - La Fed se equivoca con la velocidad del dinero, también.pdf",Published on Mises Institute (https://mises.org),Mueller,page1,"    🤓 AUTORES\   CATEGORÍAS\  🌗 Ancaps-Voluntaristas\Antony P. Mueller\Mueller - La Fed se equivoca con la velocidad del dinero, también.pdf"
Mueller - La TMM califica como el equivalente financiero a las armas de destrucción masiva.pdf,Published on Mises Institute (https://mises.org),Mueller,page1,    🤓 AUTORES\   CATEGORÍAS\  🌗 Ancaps-Voluntaristas\Antony P. Mueller\Mueller - La TMM califica como el equivalente financiero a las armas de destrucción masiva.pdf
Mueller - Las ilusiones de la hedónica.pdf,Published on Mises Institute (https://mises.org),Mueller,page1,    🤓 AUTORES\   CATEGORÍAS\  🌗 Ancaps-Voluntaristas\Antony P. Mueller\Mueller - Las ilusiones de la hedónica.pdf
Mueller - Las raíces de nuestra actual inflación_ un sistema monetario profundamente defectuoso.pdf,Published on Mises Institute (https://mises.org),Mueller,page1,    🤓 AUTORES\   CATEGORÍAS\  🌗 Ancaps-Voluntaristas\Antony P. Mueller\Mueller - Las raíces de nuestra actual inflación_ un sistema monetario profundamente defectuoso.pdf
Mueller - Por qué el dólar gobierna el mundo – y por qué su reinado podría terminar.pdf,Published on Mises Institute (https://mises.org),Mueller,page1,    🤓 AUTORES\   CATEGORÍAS\  🌗 Ancaps-Voluntaristas\Antony P. Mueller\Mueller - Por qué el dólar gobierna el mundo – y por qué su reinado podría terminar.pdf
Mueller - ¿Qué está mal con el crecimiento económico_.pdf,Published on Mises Institute (https://mises.org),Mueller,page1,    🤓 AUTORES\   CATEGORÍAS\  🌗 Ancaps-Voluntaristas\Antony P. Mueller\Mueller - ¿Qué está mal con el crecimiento económico_.pdf
Butler D. Shaffer.pdf,Butler D. Shaffer,,page1,    🤓 AUTORES\   CATEGORÍAS\  🌗 Ancaps-Voluntaristas\Butler Shaffer\Butler D. Shaffer.pdf
Shaffer - Boundaries of Order Private Property as a Social System.pdf,Boundaries of Order,Butler Shaffer,meta,    🤓 AUTORES\   CATEGORÍAS\  🌗 Ancaps-Voluntaristas\Butler Shaffer\Shaffer - Boundaries of Order Private Property as a Social System.pdf
"Neither Bullets Nor Ballots - Watner, G.H. Smith, McElroy - .pdf",Neither Bullets Nor Ballots: Essays on voluntaryism,Carl Watner & George H. Smith & Wendy McElroy,meta,"    🤓 AUTORES\   CATEGORÍAS\  🌗 Ancaps-Voluntaristas\Carl Watner\Neither Bullets Nor Ballots - Watner, G.H. Smith, McElroy - .pdf"
Watner - Essential Voluntaryist.pdf,The Essential Voluntaryist,Carl Watner,meta,    🤓 AUTORES\   CATEGORÍAS\  🌗 Ancaps-Voluntaristas\Carl Watner\Watner - Essential Voluntaryist.pdf
Watner - Lysander Spooner_ Anarquista estadounidense.pdf,(http://www.mises.org.es/wp-content/uploads/2017/11/Lysander-,Watner,page1,    🤓 AUTORES\   CATEGORÍAS\  🌗 Ancaps-Voluntaristas\Carl Watner\Watner - Lysander Spooner_ Anarquista estadounidense.pdf
Watner - Una breve introducción sobre no votar.pdf,Una breve introducción sobre no votar — Carl Watner | by Libertad en Español | Medium,Watner,meta,    🤓 AUTORES\   CATEGORÍAS\  🌗 Ancaps-Voluntaristas\Carl Watner\Watner - Una breve introducción sobre no votar.pdf
Watner - ¿Damos nuestro consentimiento al Estado al negarnos a emigrar_.pdf,[From « (https://mises.org/library/oh-ye-are-anarchy-consent-theory-,Watner,page1,    🤓 AUTORES\   CATEGORÍAS\  🌗 Ancaps-Voluntaristas\Carl Watner\Watner - ¿Damos nuestro consentimiento al Estado al negarnos a emigrar_.pdf
C. Rachels - White Right and Libertarian.pdf,White Right and Libertarian,KC,filename,    🤓 AUTORES\   CATEGORÍAS\  🌗 Ancaps-Voluntaristas\Chase Rachels\C. Rachels - White Right and Libertarian.pdf
 Carreiro - El Diccionario del Diablo.pdf,EL DICCIONARIO DEL DIABLO  Xoán de Lugo,RibzeR,meta,    🤓 AUTORES\   CATEGORÍAS\  🌗 Ancaps-Voluntaristas\Daniel Carreiro\ Carreiro - El Diccionario del Diablo.pdf
"Carreiro - Algunas cuestiones sobre los anarcocapitalistas, respuesta a Capella.pdf",ALGUNAS CUESTIONES SOBRE LOS ANARCOCAPI...LLA  Daniel R.Carreiro  Xoán de Lugo,RibzeR,meta,"    🤓 AUTORES\   CATEGORÍAS\  🌗 Ancaps-Voluntaristas\Daniel Carreiro\Carreiro - Algunas cuestiones sobre los anarcocapitalistas, respuesta a Capella.pdf"
Descentralización y Libertad Económica.pdf,DESCENTRALIZACIÓN Y LIBERTAD POLÍTICA  Daniel Rodríguez Carreiro  Xoán de Lugo,RibzeR,meta,    🤓 AUTORES\   CATEGORÍAS\  🌗 Ancaps-Voluntaristas\Daniel Carreiro\Descentralización y Libertad Económica.pdf
"Dharma, Monarquía y Orden Natural.pdf","Dharma, Monarquía y Orden Natural (I)  Daniel R. Carreiro  Xoán de Lugo",RibzeR,meta,"    🤓 AUTORES\   CATEGORÍAS\  🌗 Ancaps-Voluntaristas\Daniel Carreiro\Dharma, Monarquía y Orden Natural.pdf"
Herejías Económicas.pdf,HEREJÍAS ECONÓMICAS  Daniel R. Carreiro y Óscar R. Carreiro  Xoán de Lugo,RibzeR,meta,    🤓 AUTORES\   CATEGORÍAS\  🌗 Ancaps-Voluntaristas\Daniel Carreiro\Herejías Económicas.pdf
Paradigmas y Herejías.pdf,ACTAS DEL I CONGRESO DE ECONOMÍA Y LIBERTAD,María Sáez de Propios,page1,    🤓 AUTORES\   CATEGORÍAS\  🌗 Ancaps-Voluntaristas\Daniel Carreiro\Paradigmas y Herejías.pdf
Por lo menos no hubo supervivientes.pdf,«POR LO MENOS NO HUBO SUPERVIVIENTES»  Daniel R. Carreiro.  Xoán de Lugo,RibzeR,meta,    🤓 AUTORES\   CATEGORÍAS\  🌗 Ancaps-Voluntaristas\Daniel Carreiro\Por lo menos no hubo supervivientes.pdf
The Dao against the tyrant_ The limitation of power in the political thought of ancient China.pdf,Austrian Economics—The Ultimate Achievement of an Intellectual Journey,Pascal Salin,meta,    🤓 AUTORES\   CATEGORÍAS\  🌗 Ancaps-Voluntaristas\Daniel Carreiro\The Dao against the tyrant_ The limitation of power in the political thought of ancient China.pdf
Un Homenaje Involuntario al Despotismo.pdf,UN HOMENAJE INVOLUNTARIO AL DESPOTISMO ...niel Rodríguez Carreiro  Xoán de Lugo,RibzeR,meta,    🤓 AUTORES\   CATEGORÍAS\  🌗 Ancaps-Voluntaristas\Daniel Carreiro\Un Homenaje Involuntario al Despotismo.pdf
¿Quién es el principal enemigo de la familia_.pdf,¿Quién es el principal enemigo de la familia?,,page1,    🤓 AUTORES\   CATEGORÍAS\  🌗 Ancaps-Voluntaristas\Daniel Carreiro\¿Quién es el principal enemigo de la familia_.pdf
¿Qué podemos aprender de los Criminales sobre el proceso de Civilización_.pdf,¿QUÉ PODEMOS APRENDER DE LOS CRIMINALES...niel Rodríguez Carreiro  Xoán de Lugo,RibzeR,meta,    🤓 AUTORES\   CATEGORÍAS\  🌗 Ancaps-Voluntaristas\Daniel Carreiro\¿Qué podemos aprender de los Criminales sobre el proceso de Civilización_.pdf
 Stringham - Private Governance.pdf,Private Governance: Creating Order in Economic and Social Life,Edward Peter Stringham,meta,    🤓 AUTORES\   CATEGORÍAS\  🌗 Ancaps-Voluntaristas\Edward P. Stringham\ Stringham - Private Governance.pdf
El Anarquismo Hayekiano (Presentación).pdf,El Anarquismo Hayekiano,Presentación,filename,    🤓 AUTORES\   CATEGORÍAS\  🌗 Ancaps-Voluntaristas\Edward P. Stringham\El Anarquismo Hayekiano (Presentación).pdf
"Stringham - Anarchy, State And Public Choice - Edited by Edward Stringham.pdf",Stringham Prelims,Cheryl,meta,"    🤓 AUTORES\   CATEGORÍAS\  🌗 Ancaps-Voluntaristas\Edward P. Stringham\Stringham - Anarchy, State And Public Choice - Edited by Edward Stringham.pdf"
 Casey - Las Principales Contribuciones de la Escolástica a la Economía.pdf,LAS PRINCIPALES CONTRIBUCIONES DE LA,Casey,page1,    🤓 AUTORES\   CATEGORÍAS\  🌗 Ancaps-Voluntaristas\Gerard Casey\ Casey - Las Principales Contribuciones de la Escolástica a la Economía.pdf
Casey - Dividir a California en 3 partes lleva mucho retraso.pdf,Published on Mises Institute (https://mises.org),Casey,page1,    🤓 AUTORES\   CATEGORÍAS\  🌗 Ancaps-Voluntaristas\Gerard Casey\Casey - Dividir a California en 3 partes lleva mucho retraso.pdf
Casey - El hecho de que se pueda votar no justifica los abusos del gobierno.pdf,Published on Mises Institute (https://mises.org),Casey,page1,    🤓 AUTORES\   CATEGORÍAS\  🌗 Ancaps-Voluntaristas\Gerard Casey\Casey - El hecho de que se pueda votar no justifica los abusos del gobierno.pdf
Casey - La imposibilidad de la «tributación con representación».pdf,Published on Mises Institute (https://mises.org),Casey,page1,    🤓 AUTORES\   CATEGORÍAS\  🌗 Ancaps-Voluntaristas\Gerard Casey\Casey - La imposibilidad de la «tributación con representación».pdf
Casey - La indefendibilidad de la representación política.pdf,Published on Mises Institute (https://mises.org),Casey,page1,    🤓 AUTORES\   CATEGORÍAS\  🌗 Ancaps-Voluntaristas\Gerard Casey\Casey - La indefendibilidad de la representación política.pdf
Casey - La Ley de Say y la recesión permanente.pdf,Published on Mises Institute (https://mises.org),Casey,page1,    🤓 AUTORES\   CATEGORÍAS\  🌗 Ancaps-Voluntaristas\Gerard Casey\Casey - La Ley de Say y la recesión permanente.pdf
Casey - Las Principales Contribuciones de la Escolástica a la Economía.pdf,Published on Mises Institute (https://mises.org),Casey,page1,    🤓 AUTORES\   CATEGORÍAS\  🌗 Ancaps-Voluntaristas\Gerard Casey\Casey - Las Principales Contribuciones de la Escolástica a la Economía.pdf
Casey - Libertarian Anarchy Against the State.pdf,Libertarian Anarchy,Gerard Casey,meta,    🤓 AUTORES\   CATEGORÍAS\  🌗 Ancaps-Voluntaristas\Gerard Casey\Casey - Libertarian Anarchy Against the State.pdf
"Casey - No importa cómo votes, los políticos no te representarán.pdf",Published on Mises Institute (https://mises.org),Casey,page1,"    🤓 AUTORES\   CATEGORÍAS\  🌗 Ancaps-Voluntaristas\Gerard Casey\Casey - No importa cómo votes, los políticos no te representarán.pdf"
Casey - Reflexiones sobre el Policentrismo Jurídico.pdf,Published on Mises Institute (https://mises.org),Casey,page1,    🤓 AUTORES\   CATEGORÍAS\  🌗 Ancaps-Voluntaristas\Gerard Casey\Casey - Reflexiones sobre el Policentrismo Jurídico.pdf
"Casey - Rousseau, Guevara, Marx y más_ la bancarrota moral e intelectual de la izquierda.pdf",Published on Mises Institute (https://mises.org),Casey,page1,"    🤓 AUTORES\   CATEGORÍAS\  🌗 Ancaps-Voluntaristas\Gerard Casey\Casey - Rousseau, Guevara, Marx y más_ la bancarrota moral e intelectual de la izquierda.pdf"
Casey - ¿En qué sentido son representativos los representantes políticos_.pdf,Published on Mises Institute (https://mises.org),Casey,page1,    🤓 AUTORES\   CATEGORÍAS\  🌗 Ancaps-Voluntaristas\Gerard Casey\Casey - ¿En qué sentido son representativos los representantes políticos_.pdf
Casey - ¿Sigue progresando la causa de la libertad_.pdf,Published on Mises Institute (https://mises.org),Casey,page1,    🤓 AUTORES\   CATEGORÍAS\  🌗 Ancaps-Voluntaristas\Gerard Casey\Casey - ¿Sigue progresando la causa de la libertad_.pdf
"Murray Rothbard by Gerard Casey, John Meado.pdf",Murray Rothbard,"Casey, Gerard",meta,"    🤓 AUTORES\   CATEGORÍAS\  🌗 Ancaps-Voluntaristas\Gerard Casey\Murray Rothbard by Gerard Casey, John Meado.pdf"
J.C Lester - Arguments for Liberty A Libertarian Miscellany .pdf,Arguments For Liberty,J. C. Lester;,meta,    🤓 AUTORES\   CATEGORÍAS\  🌗 Ancaps-Voluntaristas\J. C. Lester\J.C Lester - Arguments for Liberty A Libertarian Miscellany .pdf
"J.C Lester - Escape From Leviathan Liberty, Welfare, and Anarchy.pdf","Escape from Leviathan: Liberty, Welfare and Anarchy Reconciled",J.C Lester,meta,"    🤓 AUTORES\   CATEGORÍAS\  🌗 Ancaps-Voluntaristas\J. C. Lester\J.C Lester - Escape From Leviathan Liberty, Welfare, and Anarchy.pdf"
Hasnas - De las votaciones y las camisetas.pdf,De las votaciones y las camisetas — John Hasnas | by Libertad en Español | Medium,Hasnas,meta,    🤓 AUTORES\   CATEGORÍAS\  🌗 Ancaps-Voluntaristas\John Hasnas\Hasnas - De las votaciones y las camisetas.pdf
Hasnas - El Mito del Imperio de la Ley.pdf,JOHN HASNAS “EL MITO DEL IMPERIO DE LA LEY” (1995),Hasnas,page1,    🤓 AUTORES\   CATEGORÍAS\  🌗 Ancaps-Voluntaristas\John Hasnas\Hasnas - El Mito del Imperio de la Ley.pdf
Hasnas - El no voto de principio.pdf,El no voto de principio — John Hasnas | by Libertad en Español | Medium,Hasnas,meta,    🤓 AUTORES\   CATEGORÍAS\  🌗 Ancaps-Voluntaristas\John Hasnas\Hasnas - El no voto de principio.pdf
Hasnas - Trapped When Acting Ethically Is Against the Law.pdf,Trapped,Hasnas,meta,    🤓 AUTORES\   CATEGORÍAS\  🌗 Ancaps-Voluntaristas\John Hasnas\Hasnas - Trapped When Acting Ethically Is Against the Law.pdf
 Joseph Salerno.pdf,Joseph Salerno,,page1,    🤓 AUTORES\   CATEGORÍAS\  🌗 Ancaps-Voluntaristas\Joseph T. Salermo\ Joseph Salerno.pdf
"Salermo - El nieto de «Yo, el lápiz».pdf",Published on Mises Institute (https://mises.org),Salermo,page1,"    🤓 AUTORES\   CATEGORÍAS\  🌗 Ancaps-Voluntaristas\Joseph T. Salermo\Artículos cortos\Salermo - El nieto de «Yo, el lápiz».pdf"
Salermo - Entendiendo Argentina.pdf,Entendiendo Argentina,Salermo,page1,    🤓 AUTORES\   CATEGORÍAS\  🌗 Ancaps-Voluntaristas\Joseph T. Salermo\Artículos cortos\Salermo - Entendiendo Argentina.pdf
Salermo - Por qué amo la «discriminación de precios».pdf,Published on Mises Institute (https://mises.org),Salermo,page1,    🤓 AUTORES\   CATEGORÍAS\  🌗 Ancaps-Voluntaristas\Joseph T. Salermo\Artículos cortos\Salermo - Por qué amo la «discriminación de precios».pdf
Salermo - ¿Fue Bastiat un teórico de la economía_.pdf,Published on Mises Institute (https://mises.org),Salermo,page1,    🤓 AUTORES\   CATEGORÍAS\  🌗 Ancaps-Voluntaristas\Joseph T. Salermo\Artículos cortos\Salermo - ¿Fue Bastiat un teórico de la economía_.pdf
Salermo - El abandono de la escuela liberal francesa en la economía angloamericana_ una crítica de las explicaciones recibidas.pdf,Published on Mises Institute (https://mises.org),Salermo,page1,    🤓 AUTORES\   CATEGORÍAS\  🌗 Ancaps-Voluntaristas\Joseph T. Salermo\Salermo - El abandono de la escuela liberal francesa en la economía angloamericana_ una crítica de las explicaciones recibidas.pdf
Salermo - El olvido de la Escuela de Bastiat por los economistas de habla inglesa.pdf,EL OLVIDO DE LA ESCUELA DE BASTIAT POR LOS,Salermo,page1,    🤓 AUTORES\   CATEGORÍAS\  🌗 Ancaps-Voluntaristas\Joseph T. Salermo\Salermo - El olvido de la Escuela de Bastiat por los economistas de habla inglesa.pdf
Salermo - Mises y Hayek Deshomogenizados.pdf,Published on Mises Institute (https://mises.org),Salermo,page1,    🤓 AUTORES\   CATEGORÍAS\  🌗 Ancaps-Voluntaristas\Joseph T. Salermo\Salermo - Mises y Hayek Deshomogenizados.pdf
"Salermo - Money, Sound and Unsound.pdf","Money, Sound and Unsound",Salerno,meta,"    🤓 AUTORES\   CATEGORÍAS\  🌗 Ancaps-Voluntaristas\Joseph T. Salermo\Salermo - Money, Sound and Unsound.pdf"
Salermo - Un cuento de hadas del movimiento austriaco.pdf,ensayo crítico sobre Radicals for Capitalism: A Freewheeling History of,Salermo,page1,    🤓 AUTORES\   CATEGORÍAS\  🌗 Ancaps-Voluntaristas\Joseph T. Salermo\Salermo - Un cuento de hadas del movimiento austriaco.pdf
Salermo - Una conspiración de silencio sobre la escuela liberal francesa.pdf,Published on Mises Institute (https://mises.org),Salermo,page1,    🤓 AUTORES\   CATEGORÍAS\  🌗 Ancaps-Voluntaristas\Joseph T. Salermo\Salermo - Una conspiración de silencio sobre la escuela liberal francesa.pdf
Capitalismo.pdf,El lenguaje económico (X)_ Capitalismo - Instituto Juan de Mariana,RibzeR,meta,    🤓 AUTORES\   CATEGORÍAS\  🌗 Ancaps-Voluntaristas\José Hernández Cabrera\Capitalismo.pdf
Economía Doméstica.pdf,El lenguaje económico (XVIII)_ economía doméstica - Instituto Juan de Mariana,RibzeR,meta,    🤓 AUTORES\   CATEGORÍAS\  🌗 Ancaps-Voluntaristas\José Hernández Cabrera\Economía Doméstica.pdf
El Papel Económico del Estado (José Hernández Cabrera).pdf,EL PAPEL ECONÓMICO DEL ESTADO: UNA CRÍTICA,trabajo,page1,    🤓 AUTORES\   CATEGORÍAS\  🌗 Ancaps-Voluntaristas\José Hernández Cabrera\El Papel Económico del Estado (José Hernández Cabrera).pdf
Empleo y Desempleo.pdf,El lenguaje económico (XV)_ Empleo y desempleo - Instituto Juan de Mariana,RibzeR,meta,    🤓 AUTORES\   CATEGORÍAS\  🌗 Ancaps-Voluntaristas\José Hernández Cabrera\Empleo y Desempleo.pdf
Inflación.pdf,El lenguaje económico (XVI)_ Inflación - Instituto Juan de Mariana,RibzeR,meta,    🤓 AUTORES\   CATEGORÍAS\  🌗 Ancaps-Voluntaristas\José Hernández Cabrera\Inflación.pdf
Política.pdf,El lenguaje económico (XIII)_ Política - Instituto Juan de Mariana,RibzeR,meta,    🤓 AUTORES\   CATEGORÍAS\  🌗 Ancaps-Voluntaristas\José Hernández Cabrera\Política.pdf
Producción.pdf,El lenguaje económico (XVII)_ Producción - Instituto Juan de Mariana,RibzeR,meta,    🤓 AUTORES\   CATEGORÍAS\  🌗 Ancaps-Voluntaristas\José Hernández Cabrera\Producción.pdf
"Deist - Descansa en paz, Justin.pdf",Published on Mises Institute (https://mises.org),Deist,page1,"    🤓 AUTORES\   CATEGORÍAS\  🌗 Ancaps-Voluntaristas\Justin Raimondo\Deist - Descansa en paz, Justin.pdf"
El enigma del terrorismo_ El 11 - Justin Raimondo.pdf,El enigma del terrorismo: El 11-S y la conexión israelí (Spanish Edition),Justin Raimondo,meta,    🤓 AUTORES\   CATEGORÍAS\  🌗 Ancaps-Voluntaristas\Justin Raimondo\El enigma del terrorismo_ El 11 - Justin Raimondo.pdf
Raimondo - La elaboración de la política exterior americana.pdf,"Justin  Raimondo es  Director  Editorial  de  Antiwar.com,  para  la  que  escribe",Raimondo,page1,    🤓 AUTORES\   CATEGORÍAS\  🌗 Ancaps-Voluntaristas\Justin Raimondo\Raimondo - La elaboración de la política exterior americana.pdf
"Rockwell - Justin Raimondo, QDEP.pdf",Published on Mises Institute (https://mises.org),Rockwell,page1,"    🤓 AUTORES\   CATEGORÍAS\  🌗 Ancaps-Voluntaristas\Justin Raimondo\Rockwell - Justin Raimondo, QDEP.pdf"
Borders - Estado de alerta contra el Leviatán.pdf,El éxito que muestran las economías de mercado capitalistas es el,Borders,page1,    🤓 AUTORES\   CATEGORÍAS\  🌗 Ancaps-Voluntaristas\Max Borders\Borders - Estado de alerta contra el Leviatán.pdf
Borders - Misticismo racional para un movimiento joven.pdf,"content/uploads/2020/12/20121219_fractalread2.jpg)En 1962,",Borders,page1,    🤓 AUTORES\   CATEGORÍAS\  🌗 Ancaps-Voluntaristas\Max Borders\Borders - Misticismo racional para un movimiento joven.pdf
Malice - The New Right A Journey to the Fringe of American Politics.pdf,The New Right: A Journey to the Fringe of American Politics,Michael Malice,meta,    🤓 AUTORES\   CATEGORÍAS\  🌗 Ancaps-Voluntaristas\Michael Malice\Malice - The New Right A Journey to the Fringe of American Politics.pdf
A Hoppean Dissection of Javier Milei.pdf,A Hoppean Dissection of Javier Milei | Mises Institute,,meta,    🤓 AUTORES\   CATEGORÍAS\  🌗 Ancaps-Voluntaristas\Oscar Grau\A Hoppean Dissection of Javier Milei.pdf
A Rothbardian Dissection of Javier Milei – Part I.pdf,A Rothbardian Dissection of Javier Milei – Part I | Mises Institute,,meta,    🤓 AUTORES\   CATEGORÍAS\  🌗 Ancaps-Voluntaristas\Oscar Grau\A Rothbardian Dissection of Javier Milei – Part I.pdf
A Rothbardian Dissection of Javier Milei – Part II.pdf,A Rothbardian Dissection of Javier Milei – Part II | Mises Institute,,meta,    🤓 AUTORES\   CATEGORÍAS\  🌗 Ancaps-Voluntaristas\Oscar Grau\A Rothbardian Dissection of Javier Milei – Part II.pdf
 Patri Friedman.pdf,Patri Friedman,,page1,    🤓 AUTORES\   CATEGORÍAS\  🌗 Ancaps-Voluntaristas\Patri Friedman\ Patri Friedman.pdf
"P. Villegas - Cosmos Sympoíetico — Acción, Finitud y la Estructura de la Anarquía.pdf","COSMOS SYMPOÍETICO: ACCIÓN, FINITUD Y LA ESTRUTURA DE LA ANARQUÍA",CAMILA INOSTROZA ORTEGA,page1,"    🤓 AUTORES\   CATEGORÍAS\  🌗 Ancaps-Voluntaristas\Paul A. Villegas\P. Villegas - Cosmos Sympoíetico — Acción, Finitud y la Estructura de la Anarquía.pdf"
P. Villegas - Del Agente Autopoiético al Cosmos Sympoíetico.pdf,DEL AGENTE AUTOPOIÉTICO AL COSMOS SYMPOÍETICO: CÓMO LA PRÓTESIS INSTITUCIONALES,CAMILA INOSTROZA ORTEGA,page1,    🤓 AUTORES\   CATEGORÍAS\  🌗 Ancaps-Voluntaristas\Paul A. Villegas\P. Villegas - Del Agente Autopoiético al Cosmos Sympoíetico.pdf
P. Villegas - El Debate sobre el Cálculo Económico en Perspectiva.pdf,"EL DEBATE SOBRE EL CÁLCULO ECONÓMICO EN PERSPECTIVA: CRONOLOGÍA, FUNDAMENTOS Y",CAMILA INOSTROZA ORTEGA,page1,    🤓 AUTORES\   CATEGORÍAS\  🌗 Ancaps-Voluntaristas\Paul A. Villegas\P. Villegas - El Debate sobre el Cálculo Económico en Perspectiva.pdf
P. Villegas - Felix Somary — El último Discípulo de Carl Menger.pdf,FELIX SOMARY: EL ÚLTIMO DISCÍPULO DE MENGER PAUL A. VILLEGAS,CAMILA INOSTROZA ORTEGA,page1,    🤓 AUTORES\   CATEGORÍAS\  🌗 Ancaps-Voluntaristas\Paul A. Villegas\P. Villegas - Felix Somary — El último Discípulo de Carl Menger.pdf
P. Villegas - Una Defensa y Expansión del Argumento Hayekiano frente a Rothbard y Hoppe.pdf,UNA DEFENSA Y EXPANSIÓN DEL ARGUMENTO HAYEKIANO FRENTE A ROTHBARD Y HOPPE,CAMILA INOSTROZA ORTEGA,page1,    🤓 AUTORES\   CATEGORÍAS\  🌗 Ancaps-Voluntaristas\Paul A. Villegas\P. Villegas - Una Defensa y Expansión del Argumento Hayekiano frente a Rothbard y Hoppe.pdf
 Per Bylund.pdf,Per Bylund,,page1,    🤓 AUTORES\   CATEGORÍAS\  🌗 Ancaps-Voluntaristas\Per L. Bylund\ Per Bylund.pdf
Al-Abbar - Reseña_ Cómo pensar la economía.pdf,Published on Mises Institute (https://mises.org),Al-Abbar,page1,    🤓 AUTORES\   CATEGORÍAS\  🌗 Ancaps-Voluntaristas\Per L. Bylund\Artículos cortos\Al-Abbar - Reseña_ Cómo pensar la economía.pdf
"Bylund & McMaken - Auges, caídas y estadísticas_ en qué se equivoca la corriente principal.pdf",Published on Mises Institute (https://mises.org),Bylund & McMaken,page1,"    🤓 AUTORES\   CATEGORÍAS\  🌗 Ancaps-Voluntaristas\Per L. Bylund\Artículos cortos\Bylund & McMaken - Auges, caídas y estadísticas_ en qué se equivoca la corriente principal.pdf"
"Bylund - China, Un monstruo keynesiano.pdf",Published on Mises Institute (https://mises.org),Bylund,page1,"    🤓 AUTORES\   CATEGORÍAS\  🌗 Ancaps-Voluntaristas\Per L. Bylund\Artículos cortos\Bylund - China, Un monstruo keynesiano.pdf"
Bylund - Concebido en desgracia_ 350° aniversario de la creación del Banco de Suecia.pdf,Published on Mises Institute (https://mises.org),Bylund,page1,    🤓 AUTORES\   CATEGORÍAS\  🌗 Ancaps-Voluntaristas\Per L. Bylund\Artículos cortos\Bylund - Concebido en desgracia_ 350° aniversario de la creación del Banco de Suecia.pdf
"Bylund - Cuando se trata de energía bruta, pocos tienen más que los bancos centrales.pdf",Published on Mises Institute (https://mises.org),Bylund,page1,"    🤓 AUTORES\   CATEGORÍAS\  🌗 Ancaps-Voluntaristas\Per L. Bylund\Artículos cortos\Bylund - Cuando se trata de energía bruta, pocos tienen más que los bancos centrales.pdf"
Bylund - Cómo la economía moderna ha perdido su camino_ todo se trata de lo que «no se ha visto».pdf,Published on Mises Institute (https://mises.org),Bylund,page1,    🤓 AUTORES\   CATEGORÍAS\  🌗 Ancaps-Voluntaristas\Per L. Bylund\Artículos cortos\Bylund - Cómo la economía moderna ha perdido su camino_ todo se trata de lo que «no se ha visto».pdf
Bylund - Cómo la soberanía del consumidor y el emprendimiento trabajan juntos.pdf,Published on Mises Institute (https://mises.org),Bylund,page1,    🤓 AUTORES\   CATEGORÍAS\  🌗 Ancaps-Voluntaristas\Per L. Bylund\Artículos cortos\Bylund - Cómo la soberanía del consumidor y el emprendimiento trabajan juntos.pdf
Bylund - Cómo priorizar al tomar decisiones como empresario.pdf,Published on Mises Institute (https://mises.org),Bylund,page1,    🤓 AUTORES\   CATEGORÍAS\  🌗 Ancaps-Voluntaristas\Per L. Bylund\Artículos cortos\Bylund - Cómo priorizar al tomar decisiones como empresario.pdf
Bylund - Cómo se ve la verdadera justicia social.pdf,Published on Mises Institute (https://mises.org),Bylund,page1,    🤓 AUTORES\   CATEGORÍAS\  🌗 Ancaps-Voluntaristas\Per L. Bylund\Artículos cortos\Bylund - Cómo se ve la verdadera justicia social.pdf
Bylund - Desmontando siete críticas comunes a la economía austriaca.pdf,Published on Mises Institute (https://mises.org),Bylund,page1,    🤓 AUTORES\   CATEGORÍAS\  🌗 Ancaps-Voluntaristas\Per L. Bylund\Artículos cortos\Bylund - Desmontando siete críticas comunes a la economía austriaca.pdf
"Bylund - Devoluciones, reembolsos y costo de oportunidad.pdf",Published on Mises Institute (https://mises.org),Bylund,page1,"    🤓 AUTORES\   CATEGORÍAS\  🌗 Ancaps-Voluntaristas\Per L. Bylund\Artículos cortos\Bylund - Devoluciones, reembolsos y costo de oportunidad.pdf"
Bylund - El emprendimiento en tiempos del COVID-19.pdf,Published on Mises Institute (https://mises.org),Bylund,page1,    🤓 AUTORES\   CATEGORÍAS\  🌗 Ancaps-Voluntaristas\Per L. Bylund\Artículos cortos\Bylund - El emprendimiento en tiempos del COVID-19.pdf
Bylund - El espíritu empresarial implica incertidumbre. He aquí cómo manejarlo de manera productiva.pdf,Published on Mises Institute (https://mises.org),Bylund,page1,    🤓 AUTORES\   CATEGORÍAS\  🌗 Ancaps-Voluntaristas\Per L. Bylund\Artículos cortos\Bylund - El espíritu empresarial implica incertidumbre. He aquí cómo manejarlo de manera productiva.pdf
Bylund - El mito del reciclaje.pdf,Published on Mises Institute (https://mises.org),Bylund,page1,    🤓 AUTORES\   CATEGORÍAS\  🌗 Ancaps-Voluntaristas\Per L. Bylund\Artículos cortos\Bylund - El mito del reciclaje.pdf
Bylund - El mundo pospandémico es un mundo de dependencia generalizada al gobierno.pdf,Published on Mises Institute (https://mises.org),Bylund,page1,    🤓 AUTORES\   CATEGORÍAS\  🌗 Ancaps-Voluntaristas\Per L. Bylund\Artículos cortos\Bylund - El mundo pospandémico es un mundo de dependencia generalizada al gobierno.pdf
"Bylund - Emprendedores, cambiando el mundo a través de los negocios.pdf",Published on Mises Institute (https://mises.org),Bylund,page1,"    🤓 AUTORES\   CATEGORÍAS\  🌗 Ancaps-Voluntaristas\Per L. Bylund\Artículos cortos\Bylund - Emprendedores, cambiando el mundo a través de los negocios.pdf"
"Bylund - La economía es un proceso, no una fábrica.pdf",Published on Mises Institute (https://mises.org),Bylund,page1,"    🤓 AUTORES\   CATEGORÍAS\  🌗 Ancaps-Voluntaristas\Per L. Bylund\Artículos cortos\Bylund - La economía es un proceso, no una fábrica.pdf"
Bylund - La genialidad del axioma de la acción de Mises.pdf,Published on Mises Institute (https://mises.org),Bylund,page1,    🤓 AUTORES\   CATEGORÍAS\  🌗 Ancaps-Voluntaristas\Per L. Bylund\Artículos cortos\Bylund - La genialidad del axioma de la acción de Mises.pdf
Bylund - La mayoría de los emprendedores son malos emprendedores.pdf,Published on Mises Institute (https://mises.org),Bylund,page1,    🤓 AUTORES\   CATEGORÍAS\  🌗 Ancaps-Voluntaristas\Per L. Bylund\Artículos cortos\Bylund - La mayoría de los emprendedores son malos emprendedores.pdf
Bylund - La señorita Rand sobre la propiedad pública.pdf,Published on Mises Institute (https://mises.org),Bylund,page1,    🤓 AUTORES\   CATEGORÍAS\  🌗 Ancaps-Voluntaristas\Per L. Bylund\Artículos cortos\Bylund - La señorita Rand sobre la propiedad pública.pdf
Bylund - La teoría económica de la empresa.pdf,Published on Mises Institute (https://mises.org),Bylund,page1,    🤓 AUTORES\   CATEGORÍAS\  🌗 Ancaps-Voluntaristas\Per L. Bylund\Artículos cortos\Bylund - La teoría económica de la empresa.pdf
Bylund - Las víctimas del gobierno y el fracaso empresarial_ dos tipos de bancarrotas por el coronavirus.pdf,Published on Mises Institute (https://mises.org),Bylund,page1,    🤓 AUTORES\   CATEGORÍAS\  🌗 Ancaps-Voluntaristas\Per L. Bylund\Artículos cortos\Bylund - Las víctimas del gobierno y el fracaso empresarial_ dos tipos de bancarrotas por el coronavirus.pdf
Bylund - Llamado a presentar artículos_ teoría austriaca del emprendimiento.pdf,Published on Mises Institute (https://mises.org),Bylund,page1,    🤓 AUTORES\   CATEGORÍAS\  🌗 Ancaps-Voluntaristas\Per L. Bylund\Artículos cortos\Bylund - Llamado a presentar artículos_ teoría austriaca del emprendimiento.pdf
Bylund - Lo que Adam Smith no entendió en su comprensión de la división del trabajo.pdf,Published on Mises Institute (https://mises.org),Bylund,page1,    🤓 AUTORES\   CATEGORÍAS\  🌗 Ancaps-Voluntaristas\Per L. Bylund\Artículos cortos\Bylund - Lo que Adam Smith no entendió en su comprensión de la división del trabajo.pdf
Bylund - Lo que la mayoría de los críticos del «mercado» se equivocan sobre los empresarios.pdf,Published on Mises Institute (https://mises.org),Bylund,page1,    🤓 AUTORES\   CATEGORÍAS\  🌗 Ancaps-Voluntaristas\Per L. Bylund\Artículos cortos\Bylund - Lo que la mayoría de los críticos del «mercado» se equivocan sobre los empresarios.pdf
Bylund - Lo que sabemos y lo que no sabemos sobre la empresa.pdf,Published on Mises Institute (https://mises.org),Bylund,page1,    🤓 AUTORES\   CATEGORÍAS\  🌗 Ancaps-Voluntaristas\Per L. Bylund\Artículos cortos\Bylund - Lo que sabemos y lo que no sabemos sobre la empresa.pdf
Bylund - Los beneficios de una sociedad libre durante las pandemias.pdf,Published on Mises Institute (https://mises.org),Bylund,page1,    🤓 AUTORES\   CATEGORÍAS\  🌗 Ancaps-Voluntaristas\Per L. Bylund\Artículos cortos\Bylund - Los beneficios de una sociedad libre durante las pandemias.pdf
Bylund - Los mercados_ libres y no libres.pdf,Published on Mises Institute (https://mises.org),Bylund,page1,    🤓 AUTORES\   CATEGORÍAS\  🌗 Ancaps-Voluntaristas\Per L. Bylund\Artículos cortos\Bylund - Los mercados_ libres y no libres.pdf
"Bylund - Los verdaderos costos de los malos economistas, explicado.pdf",Published on Mises Institute (https://mises.org),Bylund,page1,"    🤓 AUTORES\   CATEGORÍAS\  🌗 Ancaps-Voluntaristas\Per L. Bylund\Artículos cortos\Bylund - Los verdaderos costos de los malos economistas, explicado.pdf"
Bylund - Ludwig von Mises sobre la diferencia entre empresarios y gerentes.pdf,Published on Mises Institute (https://mises.org),Bylund,page1,    🤓 AUTORES\   CATEGORÍAS\  🌗 Ancaps-Voluntaristas\Per L. Bylund\Artículos cortos\Bylund - Ludwig von Mises sobre la diferencia entre empresarios y gerentes.pdf
"Bylund - Malentendiendo a Mises, otra vez.pdf",Published on Mises Institute (https://mises.org),Bylund,page1,"    🤓 AUTORES\   CATEGORÍAS\  🌗 Ancaps-Voluntaristas\Per L. Bylund\Artículos cortos\Bylund - Malentendiendo a Mises, otra vez.pdf"
Bylund - Más gasto no impulsa más empleo.pdf,Published on Mises Institute (https://mises.org),Bylund,page1,    🤓 AUTORES\   CATEGORÍAS\  🌗 Ancaps-Voluntaristas\Per L. Bylund\Artículos cortos\Bylund - Más gasto no impulsa más empleo.pdf
Bylund - No hay que mezclar política y emprendimiento.pdf,Published on Mises Institute (https://mises.org),Bylund,page1,    🤓 AUTORES\   CATEGORÍAS\  🌗 Ancaps-Voluntaristas\Per L. Bylund\Artículos cortos\Bylund - No hay que mezclar política y emprendimiento.pdf
"Bylund - No, los robots no pueden remplazarnos.pdf",Published on Mises Institute (https://mises.org),Bylund,page1,"    🤓 AUTORES\   CATEGORÍAS\  🌗 Ancaps-Voluntaristas\Per L. Bylund\Artículos cortos\Bylund - No, los robots no pueden remplazarnos.pdf"
Bylund - Por qué el análisis de costos de transacción es atractivo y muy defectuoso.pdf,Published on Mises Institute (https://mises.org),Bylund,page1,    🤓 AUTORES\   CATEGORÍAS\  🌗 Ancaps-Voluntaristas\Per L. Bylund\Artículos cortos\Bylund - Por qué el análisis de costos de transacción es atractivo y muy defectuoso.pdf
Bylund - Por qué el número de empresas no es importante para la innovación.pdf,Published on Mises Institute (https://mises.org),Bylund,page1,    🤓 AUTORES\   CATEGORÍAS\  🌗 Ancaps-Voluntaristas\Per L. Bylund\Artículos cortos\Bylund - Por qué el número de empresas no es importante para la innovación.pdf
Bylund - Por qué es importante entender los «costos económicos».pdf,Published on Mises Institute (https://mises.org),Bylund,page1,    🤓 AUTORES\   CATEGORÍAS\  🌗 Ancaps-Voluntaristas\Per L. Bylund\Artículos cortos\Bylund - Por qué es importante entender los «costos económicos».pdf
Bylund - Por qué Escandinavia no es excepcional.pdf,Published on Mises Institute (https://mises.org),Bylund,page1,    🤓 AUTORES\   CATEGORÍAS\  🌗 Ancaps-Voluntaristas\Per L. Bylund\Artículos cortos\Bylund - Por qué Escandinavia no es excepcional.pdf
Bylund - Por qué la empresarialidad «social» no es un sustituto de la empresarialidad «de mercado».pdf,Published on Mises Institute (https://mises.org),Bylund,page1,    🤓 AUTORES\   CATEGORÍAS\  🌗 Ancaps-Voluntaristas\Per L. Bylund\Artículos cortos\Bylund - Por qué la empresarialidad «social» no es un sustituto de la empresarialidad «de mercado».pdf
Bylund - Por qué la fijación de la economía moderna con la «eficiencia» es peligrosa.pdf,Published on Mises Institute (https://mises.org),Bylund,page1,    🤓 AUTORES\   CATEGORÍAS\  🌗 Ancaps-Voluntaristas\Per L. Bylund\Artículos cortos\Bylund - Por qué la fijación de la economía moderna con la «eficiencia» es peligrosa.pdf
Bylund - Por qué toda ciencia económica auténtica es ciencia económica del «libre mercado».pdf,Published on Mises Institute (https://mises.org),Bylund,page1,    🤓 AUTORES\   CATEGORÍAS\  🌗 Ancaps-Voluntaristas\Per L. Bylund\Artículos cortos\Bylund - Por qué toda ciencia económica auténtica es ciencia económica del «libre mercado».pdf
Bylund - Por qué una economía no puede funcionar sin los precios del mercado.pdf,Published on Mises Institute (https://mises.org),Bylund,page1,    🤓 AUTORES\   CATEGORÍAS\  🌗 Ancaps-Voluntaristas\Per L. Bylund\Artículos cortos\Bylund - Por qué una economía no puede funcionar sin los precios del mercado.pdf
Bylund - Reseña de Classical Economic Theory and the Modern Economy.pdf,Published on Mises Institute (https://mises.org),Bylund,page1,    🤓 AUTORES\   CATEGORÍAS\  🌗 Ancaps-Voluntaristas\Per L. Bylund\Artículos cortos\Bylund - Reseña de Classical Economic Theory and the Modern Economy.pdf
Bylund - ¿Cuántos economistas aún se equivocan sobre el valor subjetivo_.pdf,Published on Mises Institute (https://mises.org),Bylund,page1,    🤓 AUTORES\   CATEGORÍAS\  🌗 Ancaps-Voluntaristas\Per L. Bylund\Artículos cortos\Bylund - ¿Cuántos economistas aún se equivocan sobre el valor subjetivo_.pdf
Bylund - ¿Es explotadora la economía compartida_.pdf,Published on Mises Institute (https://mises.org),Bylund,page1,    🤓 AUTORES\   CATEGORÍAS\  🌗 Ancaps-Voluntaristas\Per L. Bylund\Artículos cortos\Bylund - ¿Es explotadora la economía compartida_.pdf
Bylund - ¿Es la ciencia económica de libre mercado demasiado «ideológica»_.pdf,Published on Mises Institute (https://mises.org),Bylund,page1,    🤓 AUTORES\   CATEGORÍAS\  🌗 Ancaps-Voluntaristas\Per L. Bylund\Artículos cortos\Bylund - ¿Es la ciencia económica de libre mercado demasiado «ideológica»_.pdf
Bylund - ¿Existe un límite para el tamaño que puede alcanzar una corporación_.pdf,Published on Mises Institute (https://mises.org),Bylund,page1,    🤓 AUTORES\   CATEGORÍAS\  🌗 Ancaps-Voluntaristas\Per L. Bylund\Artículos cortos\Bylund - ¿Existe un límite para el tamaño que puede alcanzar una corporación_.pdf
Bylund - ¿La economía austriaca es ideológica_.pdf,Published on Mises Institute (https://mises.org),Bylund,page1,    🤓 AUTORES\   CATEGORÍAS\  🌗 Ancaps-Voluntaristas\Per L. Bylund\Artículos cortos\Bylund - ¿La economía austriaca es ideológica_.pdf
Bylund - ¿Qué es el crecimiento económico_ (¿Y qué no es_).pdf,Published on Mises Institute (https://mises.org),¿Y qué no es_,page1,    🤓 AUTORES\   CATEGORÍAS\  🌗 Ancaps-Voluntaristas\Per L. Bylund\Artículos cortos\Bylund - ¿Qué es el crecimiento económico_ (¿Y qué no es_).pdf
Bylund - Anarco-Socialismo y sus Problemas.pdf,Published on Mises Institute (https://mises.org),Bylund,page1,    🤓 AUTORES\   CATEGORÍAS\  🌗 Ancaps-Voluntaristas\Per L. Bylund\Bylund - Anarco-Socialismo y sus Problemas.pdf
Bylund - Cómo hacer economía.pdf,Published on Mises Institute (https://mises.org),Bylund,page1,    🤓 AUTORES\   CATEGORÍAS\  🌗 Ancaps-Voluntaristas\Per L. Bylund\Bylund - Cómo hacer economía.pdf
Bylund - Cómo los empresarios construyen el mundo.pdf,Published on Mises Institute (https://mises.org),Bylund,page1,    🤓 AUTORES\   CATEGORÍAS\  🌗 Ancaps-Voluntaristas\Per L. Bylund\Bylund - Cómo los empresarios construyen el mundo.pdf
Bylund - Cómo pensar el cálculo económico.pdf,Published on Mises Institute (https://mises.org),Bylund,page1,    🤓 AUTORES\   CATEGORÍAS\  🌗 Ancaps-Voluntaristas\Per L. Bylund\Bylund - Cómo pensar el cálculo económico.pdf
"Bylund - Cómo pensar el valor, el dinero y el precio.pdf",Published on Mises Institute (https://mises.org),Bylund,page1,"    🤓 AUTORES\   CATEGORÍAS\  🌗 Ancaps-Voluntaristas\Per L. Bylund\Bylund - Cómo pensar el valor, el dinero y el precio.pdf"
Bylund - Cómo pensar la intervención monetaria.pdf,Published on Mises Institute (https://mises.org),Bylund,page1,    🤓 AUTORES\   CATEGORÍAS\  🌗 Ancaps-Voluntaristas\Per L. Bylund\Bylund - Cómo pensar la intervención monetaria.pdf
Bylund - Cómo pensar la producción y el emprendimiento.pdf,Published on Mises Institute (https://mises.org),Bylund,page1,    🤓 AUTORES\   CATEGORÍAS\  🌗 Ancaps-Voluntaristas\Per L. Bylund\Bylund - Cómo pensar la producción y el emprendimiento.pdf
Bylund - How to Think about the Economy_ A Primer.pdf,Think about the,Judy,page1,    🤓 AUTORES\   CATEGORÍAS\  🌗 Ancaps-Voluntaristas\Per L. Bylund\Bylund - How to Think about the Economy_ A Primer.pdf
Bylund - La alquimia política llamada teoría monetaria moderna.pdf,Published on Mises Institute (https://mises.org),Bylund,page1,    🤓 AUTORES\   CATEGORÍAS\  🌗 Ancaps-Voluntaristas\Per L. Bylund\Bylund - La alquimia política llamada teoría monetaria moderna.pdf
Bylund - La división del trabajo está en el centro mismo del crecimiento económico.pdf,Published on Mises Institute (https://mises.org),Bylund,page1,    🤓 AUTORES\   CATEGORÍAS\  🌗 Ancaps-Voluntaristas\Per L. Bylund\Bylund - La división del trabajo está en el centro mismo del crecimiento económico.pdf
Bylund - The Seen the Unseen and the Unrealized.pdf,Bylund_9780739194577,Turn-Key Systems Pty Ltd,meta,    🤓 AUTORES\   CATEGORÍAS\  🌗 Ancaps-Voluntaristas\Per L. Bylund\Bylund - The Seen the Unseen and the Unrealized.pdf
 Bagus - ¿Por qué otros se hacen cada vez más ricos a tu costa_.pdf,Por qué otros se hacen cada vez más ricos a tu costa,Philipp Bagus & Andreas Marquart,meta,    🤓 AUTORES\   CATEGORÍAS\  🌗 Ancaps-Voluntaristas\Philipp Bagus\ Bagus - ¿Por qué otros se hacen cada vez más ricos a tu costa_.pdf
Anti_Rallo_Una_crítica_a_la_teoría_monetaria_de_Juan_Ramón_Rallo.pdf,CRITICA A lA TEORIA MONETARIA DE J. R. RAllO,Patrick Ponce,page1,    🤓 AUTORES\   CATEGORÍAS\  🌗 Ancaps-Voluntaristas\Philipp Bagus\Anti_Rallo_Una_crítica_a_la_teoría_monetaria_de_Juan_Ramón_Rallo.pdf
Bagus - 25 años después_ en qué se ha convertido el euro.pdf,Published on Mises Institute (https://mises.org),Bagus,page1,    🤓 AUTORES\   CATEGORÍAS\  🌗 Ancaps-Voluntaristas\Philipp Bagus\Artículos cortos\Bagus - 25 años después_ en qué se ha convertido el euro.pdf
Bagus - 7 razones por las que los bancos europeos tienen problemas.pdf,Published on Mises Institute (https://mises.org),Bagus,page1,    🤓 AUTORES\   CATEGORÍAS\  🌗 Ancaps-Voluntaristas\Philipp Bagus\Artículos cortos\Bagus - 7 razones por las que los bancos europeos tienen problemas.pdf
Bagus - El mito de la austeridad.pdf,Published on Mises Institute (https://mises.org),Bagus,page1,    🤓 AUTORES\   CATEGORÍAS\  🌗 Ancaps-Voluntaristas\Philipp Bagus\Artículos cortos\Bagus - El mito de la austeridad.pdf
Bagus - El nuevo plan de estímulo verde de Alemania no salvará su economía.pdf,Published on Mises Institute (https://mises.org),Bagus,page1,    🤓 AUTORES\   CATEGORÍAS\  🌗 Ancaps-Voluntaristas\Philipp Bagus\Artículos cortos\Bagus - El nuevo plan de estímulo verde de Alemania no salvará su economía.pdf
Bagus - En defensa de la deflación.pdf,Published on Mises Institute (https://mises.org),Bagus,page1,    🤓 AUTORES\   CATEGORÍAS\  🌗 Ancaps-Voluntaristas\Philipp Bagus\Artículos cortos\Bagus - En defensa de la deflación.pdf
Bagus - En España no puedes usar tu propio patio trasero. La policía se asegura de ello.pdf,Published on Mises Institute (https://mises.org),Bagus,page1,    🤓 AUTORES\   CATEGORÍAS\  🌗 Ancaps-Voluntaristas\Philipp Bagus\Artículos cortos\Bagus - En España no puedes usar tu propio patio trasero. La policía se asegura de ello.pdf
Bagus - La crisis del COVID-19 está llevando a la UE al borde del precipicio.pdf,Published on Mises Institute (https://mises.org),Bagus,page1,    🤓 AUTORES\   CATEGORÍAS\  🌗 Ancaps-Voluntaristas\Philipp Bagus\Artículos cortos\Bagus - La crisis del COVID-19 está llevando a la UE al borde del precipicio.pdf
Bagus - La puerta trasera de la UE hacia un superestado unificado.pdf,Published on Mises Institute (https://mises.org),Bagus,page1,    🤓 AUTORES\   CATEGORÍAS\  🌗 Ancaps-Voluntaristas\Philipp Bagus\Artículos cortos\Bagus - La puerta trasera de la UE hacia un superestado unificado.pdf
Bagus - La Reserva Federal ahora quiere aún más inflación. El viejo «objetivo del 2 por ciento» no era suficiente_.pdf,Published on Mises Institute (https://mises.org),Bagus,page1,    🤓 AUTORES\   CATEGORÍAS\  🌗 Ancaps-Voluntaristas\Philipp Bagus\Artículos cortos\Bagus - La Reserva Federal ahora quiere aún más inflación. El viejo «objetivo del 2 por ciento» no era suficiente_.pdf
"Bagus - Las tres Vienas_ la antigua, la nueva y la virtual.pdf",Published on Mises Institute (https://mises.org),Bagus,page1,"    🤓 AUTORES\   CATEGORÍAS\  🌗 Ancaps-Voluntaristas\Philipp Bagus\Artículos cortos\Bagus - Las tres Vienas_ la antigua, la nueva y la virtual.pdf"
Bagus - Lo que Alemania debe hacer para una rápida recuperación.pdf,Published on Mises Institute (https://mises.org),Bagus,page1,    🤓 AUTORES\   CATEGORÍAS\  🌗 Ancaps-Voluntaristas\Philipp Bagus\Artículos cortos\Bagus - Lo que Alemania debe hacer para una rápida recuperación.pdf
Bagus - Los errores de Keynes.pdf,Published on Mises Institute (https://mises.org),Bagus,page1,    🤓 AUTORES\   CATEGORÍAS\  🌗 Ancaps-Voluntaristas\Philipp Bagus\Artículos cortos\Bagus - Los errores de Keynes.pdf
Bagus - Los llamados a la planificación central en el pánico del COVID-19 son como los llamados al «socialismo de guerra» de antaño.pdf,Published on Mises Institute (https://mises.org),Bagus,page1,    🤓 AUTORES\   CATEGORÍAS\  🌗 Ancaps-Voluntaristas\Philipp Bagus\Artículos cortos\Bagus - Los llamados a la planificación central en el pánico del COVID-19 son como los llamados al «socialismo de guerra» de antaño.pdf
Bagus - Mandatos de vacunas y el «gran reinicio».pdf,Published on Mises Institute (https://mises.org),Bagus,page1,    🤓 AUTORES\   CATEGORÍAS\  🌗 Ancaps-Voluntaristas\Philipp Bagus\Artículos cortos\Bagus - Mandatos de vacunas y el «gran reinicio».pdf
Bagus - Por qué la izquierda europea quiere un superestado financiero europeo.pdf,Published on Mises Institute (https://mises.org),Bagus,page1,    🤓 AUTORES\   CATEGORÍAS\  🌗 Ancaps-Voluntaristas\Philipp Bagus\Artículos cortos\Bagus - Por qué la izquierda europea quiere un superestado financiero europeo.pdf
Bagus - Por qué se ha desplomado el euro después de la reelección de Merkel.pdf,Published on Mises Institute (https://mises.org),Bagus,page1,    🤓 AUTORES\   CATEGORÍAS\  🌗 Ancaps-Voluntaristas\Philipp Bagus\Artículos cortos\Bagus - Por qué se ha desplomado el euro después de la reelección de Merkel.pdf
Bagus - ¿Se ha acabado la crisis del euro_.pdf,Published on Mises Institute (https://mises.org),Bagus,page1,    🤓 AUTORES\   CATEGORÍAS\  🌗 Ancaps-Voluntaristas\Philipp Bagus\Artículos cortos\Bagus - ¿Se ha acabado la crisis del euro_.pdf
La ética del COVID_ es inmoral confinar a personas inocentes que podrían ser una amenaza.pdf,Published on Mises Institute (https://mises.org),,page1,    🤓 AUTORES\   CATEGORÍAS\  🌗 Ancaps-Voluntaristas\Philipp Bagus\Artículos cortos\La ética del COVID_ es inmoral confinar a personas inocentes que podrían ser una amenaza.pdf
Bagus - La Calidad del Dinero.pdf,Published on Mises Institute (https://mises.org),Bagus,page1,    🤓 AUTORES\   CATEGORÍAS\  🌗 Ancaps-Voluntaristas\Philipp Bagus\Bagus - La Calidad del Dinero.pdf
Bagus - La Tragedia de los Bienes Comunales y la Escuela Austriaca.pdf,1-301-Rese.as.pmd,JUAN,meta,    🤓 AUTORES\   CATEGORÍAS\  🌗 Ancaps-Voluntaristas\Philipp Bagus\Bagus - La Tragedia de los Bienes Comunales y la Escuela Austriaca.pdf
Bagus - Por qué los austriacos no son neoliberales.pdf,Published on Mises Institute (https://mises.org),Bagus,page1,    🤓 AUTORES\   CATEGORÍAS\  🌗 Ancaps-Voluntaristas\Philipp Bagus\Bagus - Por qué los austriacos no son neoliberales.pdf
 Piero Vernaglione.pdf,Piero Vernaglione  Wikiberal,RibzeR,meta,    🤓 AUTORES\   CATEGORÍAS\  🌗 Ancaps-Voluntaristas\Piero Vernaglione\ Piero Vernaglione.pdf
Anarko-Kapitalizm.pdf,PIERRE LEMIEUX,,page1,    🤓 AUTORES\   CATEGORÍAS\  🌗 Ancaps-Voluntaristas\Pierre Lemieux\Anarko-Kapitalizm.pdf
Lemieux - El Sentimiento Individualista.pdf,El Sentimiento Individualista,Lemieux,filename,    🤓 AUTORES\   CATEGORÍAS\  🌗 Ancaps-Voluntaristas\Pierre Lemieux\Lemieux - El Sentimiento Individualista.pdf
Wenzel - El cerco se está estrechando.pdf,content/uploads/2012/06/NYFed.jpg)Muchas gracias por invitarme a,Wenzel,page1,    🤓 AUTORES\   CATEGORÍAS\  🌗 Ancaps-Voluntaristas\Robert Wenzel\Wenzel - El cerco se está estrechando.pdf
Wenzel - El premio Nobel de Ciencias Económicas fue otorgado a tecnócratas ridículos y políticamente correctos.pdf,content/uploads/2019/10/65c975671616.jpeg)La Real Academia Sueca,Wenzel,page1,    🤓 AUTORES\   CATEGORÍAS\  🌗 Ancaps-Voluntaristas\Robert Wenzel\Wenzel - El premio Nobel de Ciencias Económicas fue otorgado a tecnócratas ridículos y políticamente correctos.pdf
Wenzel - El secreto de la libertad no es la revolución.pdf,revolution.jpg)Gary North ha publicado un corto ensayo. ¿Por qué no,Wenzel,page1,    🤓 AUTORES\   CATEGORÍAS\  🌗 Ancaps-Voluntaristas\Robert Wenzel\Wenzel - El secreto de la libertad no es la revolución.pdf
Wenzel - Foundations of Private Property Society Theory Anarchism for the Civilized Person.pdf,Foundations of Private Property Society Theory,Robert Wenzel,meta,    🤓 AUTORES\   CATEGORÍAS\  🌗 Ancaps-Voluntaristas\Robert Wenzel\Wenzel - Foundations of Private Property Society Theory Anarchism for the Civilized Person.pdf
Wenzel - Lecciones desde Chipre.pdf,(http://www.mises.org.es/wp-content/uploads/2013/04/6400.jpg)El 16,Wenzel,page1,    🤓 AUTORES\   CATEGORÍAS\  🌗 Ancaps-Voluntaristas\Robert Wenzel\Wenzel - Lecciones desde Chipre.pdf
Wenzel - Lo que necesitas saber sobre la jurisprudencia de Amy Coney Barrett.pdf,"continuación, una mirada desde una perspectiva libertaria a las",Wenzel,page1,    🤓 AUTORES\   CATEGORÍAS\  🌗 Ancaps-Voluntaristas\Robert Wenzel\Wenzel - Lo que necesitas saber sobre la jurisprudencia de Amy Coney Barrett.pdf
Wenzel - Por esto el precio del contrato petrolero de mayo fue negativo el lunes.pdf,750x516-1.png)El comercio de contratos de futuros de petróleo suele,Wenzel,page1,    🤓 AUTORES\   CATEGORÍAS\  🌗 Ancaps-Voluntaristas\Robert Wenzel\Wenzel - Por esto el precio del contrato petrolero de mayo fue negativo el lunes.pdf
Wenzel - Thiel sobre inteligencia artificial y economía austriaca.pdf,"unos días, el multimillonario de Silicon Valley Peter Thiel dio",Wenzel,page1,    🤓 AUTORES\   CATEGORÍAS\  🌗 Ancaps-Voluntaristas\Robert Wenzel\Wenzel - Thiel sobre inteligencia artificial y economía austriaca.pdf
Commie Cowboys. The Bourgeoisie and the Nation-State in the Western Genre (Ryan W. McMaken).pdf,Commie Cowboys,Ryan W. McMaken,meta,    🤓 AUTORES\   CATEGORÍAS\  🌗 Ancaps-Voluntaristas\Ryan McMaken\Commie Cowboys. The Bourgeoisie and the Nation-State in the Western Genre (Ryan W. McMaken).pdf
"McMaken - A medio camino de la secesión, unidad en política exterior, desunión en política interior.pdf",Published on Mises Institute (https://mises.org),McMaken,page1,"    🤓 AUTORES\   CATEGORÍAS\  🌗 Ancaps-Voluntaristas\Ryan McMaken\McMaken - A medio camino de la secesión, unidad en política exterior, desunión en política interior.pdf"
McMaken - Autodeterminación y secesión.pdf,Published on Mises Institute (https://mises.org),McMaken,page1,    🤓 AUTORES\   CATEGORÍAS\  🌗 Ancaps-Voluntaristas\Ryan McMaken\McMaken - Autodeterminación y secesión.pdf
"McMaken - Cómo evitar la guerra civil_ descentralización, anulación, secesión.pdf",Published on Mises Institute (https://mises.org),McMaken,page1,"    🤓 AUTORES\   CATEGORÍAS\  🌗 Ancaps-Voluntaristas\Ryan McMaken\McMaken - Cómo evitar la guerra civil_ descentralización, anulación, secesión.pdf"
McMaken - La secesión a nivel estadual no es suficiente. Los propios estados deben descentralizarse radicalmente.pdf,Published on Mises Institute (https://mises.org),McMaken,page1,    🤓 AUTORES\   CATEGORÍAS\  🌗 Ancaps-Voluntaristas\Ryan McMaken\McMaken - La secesión a nivel estadual no es suficiente. Los propios estados deben descentralizarse radicalmente.pdf
McMaken - La secesión en Virginia apaciguaría el conflicto del estado por las armas.pdf,Published on Mises Institute (https://mises.org),McMaken,page1,    🤓 AUTORES\   CATEGORÍAS\  🌗 Ancaps-Voluntaristas\Ryan McMaken\McMaken - La secesión en Virginia apaciguaría el conflicto del estado por las armas.pdf
McMaken - Los beneficios de la secesión son cada vez más evidentes.pdf,Published on Mises Institute (https://mises.org),McMaken,page1,    🤓 AUTORES\   CATEGORÍAS\  🌗 Ancaps-Voluntaristas\Ryan McMaken\McMaken - Los beneficios de la secesión son cada vez más evidentes.pdf
"McMaken - Los liberales clásicos franceses secesionistas, Molinari y Dunoyer.pdf",Published on Mises Institute (https://mises.org),McMaken,page1,"    🤓 AUTORES\   CATEGORÍAS\  🌗 Ancaps-Voluntaristas\Ryan McMaken\McMaken - Los liberales clásicos franceses secesionistas, Molinari y Dunoyer.pdf"
McMaken - Los medios están impulsando abiertamente la secesión a medida que se acercan las elecciones.pdf,Published on Mises Institute (https://mises.org),McMaken,page1,    🤓 AUTORES\   CATEGORÍAS\  🌗 Ancaps-Voluntaristas\Ryan McMaken\McMaken - Los medios están impulsando abiertamente la secesión a medida que se acercan las elecciones.pdf
McMaken - Necesitamos más fronteras y más Estados.pdf,Published on Mises Institute (https://mises.org),McMaken,page1,    🤓 AUTORES\   CATEGORÍAS\  🌗 Ancaps-Voluntaristas\Ryan McMaken\McMaken - Necesitamos más fronteras y más Estados.pdf
"McMaken - No, los chinos no invadirán Estados Unidos si los secesionistas tienen éxito.pdf",Published on Mises Institute (https://mises.org),McMaken,page1,"    🤓 AUTORES\   CATEGORÍAS\  🌗 Ancaps-Voluntaristas\Ryan McMaken\McMaken - No, los chinos no invadirán Estados Unidos si los secesionistas tienen éxito.pdf"
"McMaken - Por qué los EEUU apoyan la secesión para africanos, pero no para americanos.pdf",Published on Mises Institute (https://mises.org),McMaken,page1,"    🤓 AUTORES\   CATEGORÍAS\  🌗 Ancaps-Voluntaristas\Ryan McMaken\McMaken - Por qué los EEUU apoyan la secesión para africanos, pero no para americanos.pdf"
McMaken - Por qué Rothbard quería una «descentralización radical».pdf,Published on Mises Institute (https://mises.org),McMaken,page1,    🤓 AUTORES\   CATEGORÍAS\  🌗 Ancaps-Voluntaristas\Ryan McMaken\McMaken - Por qué Rothbard quería una «descentralización radical».pdf
"McMaken - Si Estados Unidos se divide, ¿qué pasa con las armas nucleares_.pdf",Published on Mises Institute (https://mises.org),McMaken,page1,"    🤓 AUTORES\   CATEGORÍAS\  🌗 Ancaps-Voluntaristas\Ryan McMaken\McMaken - Si Estados Unidos se divide, ¿qué pasa con las armas nucleares_.pdf"
"McMaken - Si la mayoría vota a favor de la secesión, ¿qué pasa con la minoría_.pdf",Published on Mises Institute (https://mises.org),McMaken,page1,"    🤓 AUTORES\   CATEGORÍAS\  🌗 Ancaps-Voluntaristas\Ryan McMaken\McMaken - Si la mayoría vota a favor de la secesión, ¿qué pasa con la minoría_.pdf"
McMaken - Sobre la secesión y los Estados pequeños.pdf,Published on Mises Institute (https://mises.org),McMaken,page1,    🤓 AUTORES\   CATEGORÍAS\  🌗 Ancaps-Voluntaristas\Ryan McMaken\McMaken - Sobre la secesión y los Estados pequeños.pdf
McMaken - Tres razones para empezar a tomar en serio la secesión.pdf,Published on Mises Institute (https://mises.org),McMaken,page1,    🤓 AUTORES\   CATEGORÍAS\  🌗 Ancaps-Voluntaristas\Ryan McMaken\McMaken - Tres razones para empezar a tomar en serio la secesión.pdf
McMaken - Tres razones por las que la descentralización y la secesión conducen a economías más abiertas.pdf,Published on Mises Institute (https://mises.org),McMaken,page1,    🤓 AUTORES\   CATEGORÍAS\  🌗 Ancaps-Voluntaristas\Ryan McMaken\McMaken - Tres razones por las que la descentralización y la secesión conducen a economías más abiertas.pdf
McMaken - Una breve historia de los referendos de secesión en Europa.pdf,Published on Mises Institute (https://mises.org),McMaken,page1,    🤓 AUTORES\   CATEGORÍAS\  🌗 Ancaps-Voluntaristas\Ryan McMaken\McMaken - Una breve historia de los referendos de secesión en Europa.pdf
McMaken - ¿Apoyas la independencia de Ucrania_ Entonces apoyas la secesión.pdf,Published on Mises Institute (https://mises.org),McMaken,page1,    🤓 AUTORES\   CATEGORÍAS\  🌗 Ancaps-Voluntaristas\Ryan McMaken\McMaken - ¿Apoyas la independencia de Ucrania_ Entonces apoyas la secesión.pdf
 Spencer Heath - Wikipedia.pdf,Spencer Heath - Wikipedia,Spencer Heath,meta,    🤓 AUTORES\   CATEGORÍAS\  🌗 Ancaps-Voluntaristas\Spencer Heath\ Spencer Heath - Wikipedia.pdf
"Citadel, Market and Altar Emerging Society (Spencer Heath) (Z-Library).pdf","Citadel, Market and Altar : Emerging Society","Heath, Spencer",meta,"    🤓 AUTORES\   CATEGORÍAS\  🌗 Ancaps-Voluntaristas\Spencer Heath\Citadel, Market and Altar Emerging Society (Spencer Heath) (Z-Library).pdf"
"Citadel, Market and Altar Outline of Socionomy, the New Natural Science of Society (Spencer Heath) (Z-Library).pdf","<em>Citadel, Market and Altar: Outline of Socionomy, the New Natural Science of Society</em>",Spencer Heath,meta,"    🤓 AUTORES\   CATEGORÍAS\  🌗 Ancaps-Voluntaristas\Spencer Heath\Citadel, Market and Altar Outline of Socionomy, the New Natural Science of Society (Spencer Heath) (Z-Library).pdf"
Heath_ Estranged Georgist_(FRED E. FOLDVARY).pdf,Heath: Estranged Georgist,FRED E. FOLDVARY,page1,    🤓 AUTORES\   CATEGORÍAS\  🌗 Ancaps-Voluntaristas\Spencer Heath\Heath_ Estranged Georgist_(FRED E. FOLDVARY).pdf
 Spencer MacCallum - Wikipedia.pdf,Spencer MacCallum - Wikipedia,Spencer MacCallum,meta,    🤓 AUTORES\   CATEGORÍAS\  🌗 Ancaps-Voluntaristas\Spencer McCallum\ Spencer MacCallum - Wikipedia.pdf
 The Art of Community - Spencer MacCallum.pdf,The Art of Community,"MacCallum, Spencer H.",meta,    🤓 AUTORES\   CATEGORÍAS\  🌗 Ancaps-Voluntaristas\Spencer McCallum\ The Art of Community - Spencer MacCallum.pdf
"THE ENTERPRISE OF COMMUNITY_MARKET COMPETITION, LAND,_AND ENVIRONMENT_(Spencer Heath MacCallum).pdf","The Enterprise of Community: Market Competition, Land, and Environment",Spencer Heath MacCallum,meta,"    🤓 AUTORES\   CATEGORÍAS\  🌗 Ancaps-Voluntaristas\Spencer McCallum\THE ENTERPRISE OF COMMUNITY_MARKET COMPETITION, LAND,_AND ENVIRONMENT_(Spencer Heath MacCallum).pdf"
"The New Approach to Freedom Together with Essays on the Separation of Money and State (E. C. Riegel, Spencer Heath MacCallum) (Z-Library).pdf",C:\Documents and Settings\WebSites\NAF\Documents\Approach.wpd,Tennant,meta,"    🤓 AUTORES\   CATEGORÍAS\  🌗 Ancaps-Voluntaristas\Spencer McCallum\The New Approach to Freedom Together with Essays on the Separation of Money and State (E. C. Riegel, Spencer Heath MacCallum) (Z-Library).pdf"
The Quickening_of Social Evolution_Perspectives on Proprietary_(Entrepreneurial) Communities (SPENCER H. MACCALLUM).pdf,The Quickening of Social Evolution: Perspectives on Proprietary (Entrepreneurial) Communities,Spencer H. MacCallum,meta,    🤓 AUTORES\   CATEGORÍAS\  🌗 Ancaps-Voluntaristas\Spencer McCallum\The Quickening_of Social Evolution_Perspectives on Proprietary_(Entrepreneurial) Communities (SPENCER H. MACCALLUM).pdf
Molyneux - El Estado como la familia.pdf,content/uploads/2013/06/stateasfamily.jpg)Los niños suelen querer,Molyneux,page1,    🤓 AUTORES\   CATEGORÍAS\  🌗 Ancaps-Voluntaristas\Stefan Molyneux\Molyneux - El Estado como la familia.pdf
"Molyneux - El Estado, invalidado. Cuatro argumentos contra los gobiernos.pdf",300x253/)Siempre que surge el tema de la disolución del Estado hay,Molyneux,page1,"    🤓 AUTORES\   CATEGORÍAS\  🌗 Ancaps-Voluntaristas\Stefan Molyneux\Molyneux - El Estado, invalidado. Cuatro argumentos contra los gobiernos.pdf"
Molyneux - Olvidemos el argumento desde la eficiencia.pdf,content/uploads/2013/11/StefanMolyneux.jpg)Hay tres razones,Molyneux,page1,    🤓 AUTORES\   CATEGORÍAS\  🌗 Ancaps-Voluntaristas\Stefan Molyneux\Molyneux - Olvidemos el argumento desde la eficiencia.pdf
Molyneux - Practical Anarchy.pdf,1 | P a g e,Owner,page1,    🤓 AUTORES\   CATEGORÍAS\  🌗 Ancaps-Voluntaristas\Stefan Molyneux\Molyneux - Practical Anarchy.pdf
Molyneux - ¿Qué es verdad_ La tiranía de la ilusión.pdf,¿Qué es verdad?,Jose Manuel Perez Diaz,meta,    🤓 AUTORES\   CATEGORÍAS\  🌗 Ancaps-Voluntaristas\Stefan Molyneux\Molyneux - ¿Qué es verdad_ La tiranía de la ilusión.pdf
  Titus Gebel.pdf,Titus Gebel,,page1,    🤓 AUTORES\   CATEGORÍAS\  🌗 Ancaps-Voluntaristas\Titus Gebel\  Titus Gebel.pdf
Gebel - Ciudades Privadas Libres un nuevo sistema operativo para la conviven.pdf,Ciudades Privadas Libres: un nuevo sistema,Gebel,page1,    🤓 AUTORES\   CATEGORÍAS\  🌗 Ancaps-Voluntaristas\Titus Gebel\Gebel - Ciudades Privadas Libres un nuevo sistema operativo para la conviven.pdf
Gebel - Ciudades privadas_ ¿Un modelo para una sociedad verdaderamente libre_.pdf,Published on Mises Institute (https://mises.org),Gebel,page1,    🤓 AUTORES\   CATEGORÍAS\  🌗 Ancaps-Voluntaristas\Titus Gebel\Gebel - Ciudades privadas_ ¿Un modelo para una sociedad verdaderamente libre_.pdf
Gebel - ¿Eres un súbdito_.pdf,¿Eres un súbdito? — Titus Gebel. Traducción del artículo originalmente… | by Libertad en Español | Medium,Gebel,meta,    🤓 AUTORES\   CATEGORÍAS\  🌗 Ancaps-Voluntaristas\Titus Gebel\Gebel - ¿Eres un súbdito_.pdf
Gebel - ¿Pueden las ciudades libres privadas reemplazar al Estado_.pdf,Published on Mises Institute (https://mises.org),Gebel,page1,    🤓 AUTORES\   CATEGORÍAS\  🌗 Ancaps-Voluntaristas\Titus Gebel\Gebel - ¿Pueden las ciudades libres privadas reemplazar al Estado_.pdf
"T. W. Bell - Intellectual Privilege Copyright, Common Law, and the Common Good.pdf","Intellectual Privilege Copyright, Common Law, and the Common Good",T. W. Bell,filename,"    🤓 AUTORES\   CATEGORÍAS\  🌗 Ancaps-Voluntaristas\Tom W. Bell\T. W. Bell - Intellectual Privilege Copyright, Common Law, and the Common Good.pdf"
Moras y Gardella - ¿Qué es el Liberalismo_.pdf,“¿QUÉ ES EL LIBERALISMO?”,Moras y Gardella,page1,    🤓 AUTORES\   CATEGORÍAS\  🌗 Ancaps-Voluntaristas\z. ➕ LIBERTARIOS\ Nicolas Moras\Moras y Gardella - ¿Qué es el Liberalismo_.pdf
"Morás y Benegas - Drogas, Una Historia Milenaria.pdf",DROGAS: UNA HISTORIA MILENARIA,Morás y Benegas,page1,"    🤓 AUTORES\   CATEGORÍAS\  🌗 Ancaps-Voluntaristas\z. ➕ LIBERTARIOS\ Nicolas Moras\Morás y Benegas - Drogas, Una Historia Milenaria.pdf"
Briceño - Derecho a No ser Discriminado ¿Derecho Absurdo_.pdf,Nolbert Briceño,Briceño,page1,    🤓 AUTORES\   CATEGORÍAS\  🌗 Ancaps-Voluntaristas\z. ➕ LIBERTARIOS\ Nolbert Briceño\Briceño - Derecho a No ser Discriminado ¿Derecho Absurdo_.pdf
Briceño - El Valor de los Presos en la Política Estatal.pdf,El Valor de los Presos en la Política Estatal,Briceño,filename,    🤓 AUTORES\   CATEGORÍAS\  🌗 Ancaps-Voluntaristas\z. ➕ LIBERTARIOS\ Nolbert Briceño\Briceño - El Valor de los Presos en la Política Estatal.pdf
"Briceño - Embajada mexicana en Ecuador, Estado de Derecho e interpretacion legal.pdf",Nolbert Briceño,Briceño,page1,"    🤓 AUTORES\   CATEGORÍAS\  🌗 Ancaps-Voluntaristas\z. ➕ LIBERTARIOS\ Nolbert Briceño\Briceño - Embajada mexicana en Ecuador, Estado de Derecho e interpretacion legal.pdf"
"Briceño - Fake news, hegemonia investigativa y Estado.pdf",Nolbert Briceño,Briceño,page1,"    🤓 AUTORES\   CATEGORÍAS\  🌗 Ancaps-Voluntaristas\z. ➕ LIBERTARIOS\ Nolbert Briceño\Briceño - Fake news, hegemonia investigativa y Estado.pdf"
Briceño - Reflexiones sobre el barco de Teseo.pdf,Nolbert Briceño,Briceño,page1,    🤓 AUTORES\   CATEGORÍAS\  🌗 Ancaps-Voluntaristas\z. ➕ LIBERTARIOS\ Nolbert Briceño\Briceño - Reflexiones sobre el barco de Teseo.pdf
Briceño - Refutación problema Gettier.pdf,Nolbert Briceño,Briceño,page1,    🤓 AUTORES\   CATEGORÍAS\  🌗 Ancaps-Voluntaristas\z. ➕ LIBERTARIOS\ Nolbert Briceño\Briceño - Refutación problema Gettier.pdf
ESTATRIX_ Mechanical Control. Presentación (Sandh).pdf,ESTATRIX_ Mechanical Control. Presentación,Sandh,filename,    🤓 AUTORES\   CATEGORÍAS\  🌗 Ancaps-Voluntaristas\z. ➕ LIBERTARIOS\ Sandh\ESTATRIX_ Mechanical Control. Presentación (Sandh).pdf
 Kokesh - Freedom.pdf,Freedom,Kokesh,filename,    🤓 AUTORES\   CATEGORÍAS\  🌗 Ancaps-Voluntaristas\z. ➕ LIBERTARIOS\Adam Kokesh\ Kokesh - Freedom.pdf
Adam Kokesh.pdf,Adam Kokesh,,page1,    🤓 AUTORES\   CATEGORÍAS\  🌗 Ancaps-Voluntaristas\z. ➕ LIBERTARIOS\Adam Kokesh\Adam Kokesh.pdf
Kern - The Myth of the Social Contract.pdf,The Myth of the Social Contract: Refuting Common Arguments for Government Authority,Andrew Kern,meta,    🤓 AUTORES\   CATEGORÍAS\  🌗 Ancaps-Voluntaristas\z. ➕ LIBERTARIOS\Andrew Kern\Kern - The Myth of the Social Contract.pdf
H. Bill - Against Authority.pdf,AgainstAuthority,H. Bill,meta,    🤓 AUTORES\   CATEGORÍAS\  🌗 Ancaps-Voluntaristas\z. ➕ LIBERTARIOS\Bill Orton\H. Bill - Against Authority.pdf
Orton - Anticorporativismo vulgar.pdf,e1355295192652.jpg)Kevin Carson acuñó el útil término de,Orton,page1,    🤓 AUTORES\   CATEGORÍAS\  🌗 Ancaps-Voluntaristas\z. ➕ LIBERTARIOS\Bill Orton\Orton - Anticorporativismo vulgar.pdf
Orton - ¿Qué es anarquismo_.pdf,capitalista-1-e1311492793110-2.jpg)Anarquismo es “La teoría o,Orton,page1,    🤓 AUTORES\   CATEGORÍAS\  🌗 Ancaps-Voluntaristas\z. ➕ LIBERTARIOS\Bill Orton\Orton - ¿Qué es anarquismo_.pdf
"Comunidades Emprendedoras - Duque, Calvino.pdf",Comunidades emprendedoras: una alternativa al Estado,"Duque, Calvino",meta,"    🤓 AUTORES\   CATEGORÍAS\  🌗 Ancaps-Voluntaristas\z. ➕ LIBERTARIOS\Calvin Duke\Comunidades Emprendedoras - Duque, Calvino.pdf"
" Cieters - The Road To Anarchy_ Nietzsche, Free Marke and Libertarianism.pdf","The Road To Anarchy: Friedrich Nietzsche, Free Market Economics and Libertarian Philosophy",Christophe Cieters,meta,"    🤓 AUTORES\   CATEGORÍAS\  🌗 Ancaps-Voluntaristas\z. ➕ LIBERTARIOS\Christopher Cieters\ Cieters - The Road To Anarchy_ Nietzsche, Free Marke and Libertarianism.pdf"
Rivas - Anarquía en el Taoísmo.pdf,Sin título-1,RibzeR,meta,    🤓 AUTORES\   CATEGORÍAS\  🌗 Ancaps-Voluntaristas\z. ➕ LIBERTARIOS\Colin Rivas\Rivas - Anarquía en el Taoísmo.pdf
Rivas - La patraña atómica más grande de la historia.pdf,La patraña atómica más grande de la historia,Rivas,filename,    🤓 AUTORES\   CATEGORÍAS\  🌗 Ancaps-Voluntaristas\z. ➕ LIBERTARIOS\Colin Rivas\Rivas - La patraña atómica más grande de la historia.pdf
Series Illuminati II.pdf,Series Illuminati II,"Colin Rivas, Moisￃﾩs Rojas",meta,    🤓 AUTORES\   CATEGORÍAS\  🌗 Ancaps-Voluntaristas\z. ➕ LIBERTARIOS\Colin Rivas\Series Illuminati II.pdf
"Brackins - Private Property, Law, and the.pdf","Private Property, Law, and the State",Daniel Alexander Brackins,meta,"    🤓 AUTORES\   CATEGORÍAS\  🌗 Ancaps-Voluntaristas\z. ➕ LIBERTARIOS\Daniel Alexander Brackins\Brackins - Private Property, Law, and the.pdf"
Candia - Hacia una fundamentación trascendental del derecho de propiedad privada.pdf,Hacia una fundamentación trascendental del derecho de,Un-named,page1,    🤓 AUTORES\   CATEGORÍAS\  🌗 Ancaps-Voluntaristas\z. ➕ LIBERTARIOS\David Candia\Candia - Hacia una fundamentación trascendental del derecho de propiedad privada.pdf
Blasco - Comprendiendo el concepto de anarcocapitalismo .pdf,anarcocapitalismo o libertarismo (bien entendidos estos términos,Blasco,page1,    🤓 AUTORES\   CATEGORÍAS\  🌗 Ancaps-Voluntaristas\z. ➕ LIBERTARIOS\Eduardo Blasco\Blasco - Comprendiendo el concepto de anarcocapitalismo .pdf
Blasco - Defensa de la ética argumentativa contra Brennan y Rallo.pdf,scaled.jpg)Cada sociedad debe establecer un sistema de normas,Blasco,page1,    🤓 AUTORES\   CATEGORÍAS\  🌗 Ancaps-Voluntaristas\z. ➕ LIBERTARIOS\Eduardo Blasco\Blasco - Defensa de la ética argumentativa contra Brennan y Rallo.pdf
Blasco - El cheque escolar es socialismo.pdf,Friedman.jpg)La historia del desarrollo de la educación,Blasco,page1,    🤓 AUTORES\   CATEGORÍAS\  🌗 Ancaps-Voluntaristas\z. ➕ LIBERTARIOS\Eduardo Blasco\Blasco - El cheque escolar es socialismo.pdf
"Blasco - Ensayo en honor a Walter Block, titán de la libertad.pdf","scaled.jpg)‘‘Si se mueve, privatízalo; si no se mueve, privatízalo. Como",Blasco,page1,"    🤓 AUTORES\   CATEGORÍAS\  🌗 Ancaps-Voluntaristas\z. ➕ LIBERTARIOS\Eduardo Blasco\Blasco - Ensayo en honor a Walter Block, titán de la libertad.pdf"
Blasco - Hayek era un economista austriaco en tanto que nació en Viena.pdf,1024x694-1.jpg)El presente análisis se asienta en trabajo previo,Blasco,page1,    🤓 AUTORES\   CATEGORÍAS\  🌗 Ancaps-Voluntaristas\z. ➕ LIBERTARIOS\Eduardo Blasco\Blasco - Hayek era un economista austriaco en tanto que nació en Viena.pdf
"Blasco - Plagie este artículo, por favor.pdf",concepto-plagio_23-2148409273.jpg)“Si tú tienes una manzana y yo,Blasco,page1,"    🤓 AUTORES\   CATEGORÍAS\  🌗 Ancaps-Voluntaristas\z. ➕ LIBERTARIOS\Eduardo Blasco\Blasco - Plagie este artículo, por favor.pdf"
"Blasco - Reflexiones sobre la democracia, la enésima elección de nuestras vidas.pdf",internacional-democracia.jpg)«El gobierno es un intermediario en el,Blasco,page1,"    🤓 AUTORES\   CATEGORÍAS\  🌗 Ancaps-Voluntaristas\z. ➕ LIBERTARIOS\Eduardo Blasco\Blasco - Reflexiones sobre la democracia, la enésima elección de nuestras vidas.pdf"
Blasco - Una solución libertaria al nefasto sistema penitenciario actual.pdf,"cauca-carcel-nasa-30-07-2018.jpg)Entre los muchos servicios ilegítimos,",Blasco,page1,    🤓 AUTORES\   CATEGORÍAS\  🌗 Ancaps-Voluntaristas\z. ➕ LIBERTARIOS\Eduardo Blasco\Blasco - Una solución libertaria al nefasto sistema penitenciario actual.pdf
J.M.Oliver - Objetivismo La base esencial.PDF,La base esencial,tabito,page1,    🤓 AUTORES\   CATEGORÍAS\  🌗 Ancaps-Voluntaristas\z. ➕ LIBERTARIOS\J. Michael Oliver\J.M.Oliver - Objetivismo La base esencial.PDF
Ketler - Estados rojos y azules_ es hora de una solución multiestatal.pdf,Published on Mises Institute (https://mises.org),Ketler,page1,    🤓 AUTORES\   CATEGORÍAS\  🌗 Ancaps-Voluntaristas\z. ➕ LIBERTARIOS\James Ketler\Ketler - Estados rojos y azules_ es hora de una solución multiestatal.pdf
Kosanke - Instead of Politics.pdf,Instead of Politics,Kosanke,filename,    🤓 AUTORES\   CATEGORÍAS\  🌗 Ancaps-Voluntaristas\z. ➕ LIBERTARIOS\John Frederic  Kosanke\Kosanke - Instead of Politics.pdf
Hayek_ Una Reconstrucción de su Teoría de la Justicia (Jorge García Martínez).pdf,TRABAJO FIN DE GRADO GRADO EN DERECHO,usuario,page1,    🤓 AUTORES\   CATEGORÍAS\  🌗 Ancaps-Voluntaristas\z. ➕ LIBERTARIOS\Jorge García Martínez\Hayek_ Una Reconstrucción de su Teoría de la Justicia (Jorge García Martínez).pdf
Publicidad desde el Punto de Vista de la Escuela Austriaca (Jorge García Martínez).pdf,LA PUBLICIDAD DESDE EL PUNTO DE VISTA,trabajo,page1,    🤓 AUTORES\   CATEGORÍAS\  🌗 Ancaps-Voluntaristas\z. ➕ LIBERTARIOS\Jorge García Martínez\Publicidad desde el Punto de Vista de la Escuela Austriaca (Jorge García Martínez).pdf
"Una Teoría Anarquista Hayekiana, Crítica al Iusnaturalismo Rothbardiano (José García Martínez).pdf","UNA TEORÍA ANARQUISTA HAYEKIANA, CRÍTICA AL IUSNATURALISMO",trabajo,page1,"    🤓 AUTORES\   CATEGORÍAS\  🌗 Ancaps-Voluntaristas\z. ➕ LIBERTARIOS\Jorge García Martínez\Una Teoría Anarquista Hayekiana, Crítica al Iusnaturalismo Rothbardiano (José García Martínez).pdf"
El Tribunal Supremo de EE.UU. restringe la autotutela administrativa de las agencias reguladoras en su sentencia SEC v Jarkesy. – José María Pernas Alonso.pdf,Documento A4 Carta de Presentación laboral Imprimible Blanca,Emilio Esteban-Hanza,meta,    🤓 AUTORES\   CATEGORÍAS\  🌗 Ancaps-Voluntaristas\z. ➕ LIBERTARIOS\José María Pernas Alonso\El Tribunal Supremo de EE.UU. restringe la autotutela administrativa de las agencias reguladoras en su sentencia SEC v Jarkesy. – José María Pernas Alonso.pdf
La Constitución por encima del Presidente_ El TS estadounidense anula los aranceles del Gobierno de Trump. – José M. Pernas Alonso.pdf,Documento A4 Carta de Presentación laboral Imprimible Blanca,Emilio Esteban-Hanza,meta,    🤓 AUTORES\   CATEGORÍAS\  🌗 Ancaps-Voluntaristas\z. ➕ LIBERTARIOS\José María Pernas Alonso\La Constitución por encima del Presidente_ El TS estadounidense anula los aranceles del Gobierno de Trump. – José M. Pernas Alonso.pdf
La idea de secesión no va a desaparecer.pdf,Published on Mises Institute (https://mises.org),,page1,    🤓 AUTORES\   CATEGORÍAS\  🌗 Ancaps-Voluntaristas\z. ➕ LIBERTARIOS\José Niño\La idea de secesión no va a desaparecer.pdf
La izquierda de Canadá está empujando a algunos albertanos a ver los beneficios de la secesión.pdf,Published on Mises Institute (https://mises.org),,page1,    🤓 AUTORES\   CATEGORÍAS\  🌗 Ancaps-Voluntaristas\z. ➕ LIBERTARIOS\José Niño\La izquierda de Canadá está empujando a algunos albertanos a ver los beneficios de la secesión.pdf
La secesión (y no la intervención militar) puede ayudar a Venezuela.pdf,Published on Mises Institute (https://mises.org),,page1,    🤓 AUTORES\   CATEGORÍAS\  🌗 Ancaps-Voluntaristas\z. ➕ LIBERTARIOS\José Niño\La secesión (y no la intervención militar) puede ayudar a Venezuela.pdf
¿Verán los conservadores la luz sobre la secesión_.pdf,Published on Mises Institute (https://mises.org),,page1,    🤓 AUTORES\   CATEGORÍAS\  🌗 Ancaps-Voluntaristas\z. ➕ LIBERTARIOS\José Niño\¿Verán los conservadores la luz sobre la secesión_.pdf
Libertarismo de izquierda.pdf,Citador APA,,page1,    🤓 AUTORES\   CATEGORÍAS\  🌗 Ancaps-Voluntaristas\z. ➕ LIBERTARIOS\Libertarismo de izquierda.pdf
El Estado versus los empresarios_ la prosperidad siempre pierde.pdf,Published on Mises Institute (https://mises.org),,page1,    🤓 AUTORES\   CATEGORÍAS\  🌗 Ancaps-Voluntaristas\z. ➕ LIBERTARIOS\Lipton Matthews\El Estado versus los empresarios_ la prosperidad siempre pierde.pdf
"Incluso en economías esclavistas, la división del trabajo era ineludible.pdf",Published on Mises Institute (https://mises.org),,page1,"    🤓 AUTORES\   CATEGORÍAS\  🌗 Ancaps-Voluntaristas\z. ➕ LIBERTARIOS\Lipton Matthews\Incluso en economías esclavistas, la división del trabajo era ineludible.pdf"
"No, los países pequeños no están en desventaja económica.pdf",Published on Mises Institute (https://mises.org),,page1,"    🤓 AUTORES\   CATEGORÍAS\  🌗 Ancaps-Voluntaristas\z. ➕ LIBERTARIOS\Lipton Matthews\No, los países pequeños no están en desventaja económica.pdf"
Prejuicios étnicos y diferencias de riqueza_ ¿lleva lo primero a lo segundo_.pdf,Published on Mises Institute (https://mises.org),,page1,    🤓 AUTORES\   CATEGORÍAS\  🌗 Ancaps-Voluntaristas\z. ➕ LIBERTARIOS\Lipton Matthews\Prejuicios étnicos y diferencias de riqueza_ ¿lleva lo primero a lo segundo_.pdf
Progreso real versus los progresistas.pdf,Published on Mises Institute (https://mises.org),,page1,    🤓 AUTORES\   CATEGORÍAS\  🌗 Ancaps-Voluntaristas\z. ➕ LIBERTARIOS\Lipton Matthews\Progreso real versus los progresistas.pdf
Votando con su pies_ el atractivo de la migración.pdf,Published on Mises Institute (https://mises.org),,page1,    🤓 AUTORES\   CATEGORÍAS\  🌗 Ancaps-Voluntaristas\z. ➕ LIBERTARIOS\Lipton Matthews\Votando con su pies_ el atractivo de la migración.pdf
¿Quieres seguir tus sueños_ El primer paso implica trabajar duro.pdf,Published on Mises Institute (https://mises.org),,page1,    🤓 AUTORES\   CATEGORÍAS\  🌗 Ancaps-Voluntaristas\z. ➕ LIBERTARIOS\Lipton Matthews\¿Quieres seguir tus sueños_ El primer paso implica trabajar duro.pdf
África no necesita más ayuda gubernamental_ necesita mercados libres.pdf,Published on Mises Institute (https://mises.org),,page1,    🤓 AUTORES\   CATEGORÍAS\  🌗 Ancaps-Voluntaristas\z. ➕ LIBERTARIOS\Lipton Matthews\África no necesita más ayuda gubernamental_ necesita mercados libres.pdf
Manifesto Neo-Nefasto.pdf,Manifesto Neo Nefasto *LECTURA PDF*,,meta,    🤓 AUTORES\   CATEGORÍAS\  🌗 Ancaps-Voluntaristas\z. ➕ LIBERTARIOS\Manifesto Neo-Nefasto.pdf
"Manual de Blockchain_ Cadena de bloques y tecnología. Herramienta para la transparencia y el fortalecimiento institucional para sector público, privado y sociedad civil.pdf",MANUAL DE BLOCKCHAIN,,page1,"    🤓 AUTORES\   CATEGORÍAS\  🌗 Ancaps-Voluntaristas\z. ➕ LIBERTARIOS\Manual de Blockchain_ Cadena de bloques y tecnología. Herramienta para la transparencia y el fortalecimiento institucional para sector público, privado y sociedad civil.pdf"
Propuesta TFG-Falagan-ADE.pdf,PROYECTO DE FIN DE CARRERA,CENTRO DE CALCULO,meta,    🤓 AUTORES\   CATEGORÍAS\  🌗 Ancaps-Voluntaristas\z. ➕ LIBERTARIOS\Patricia Falagan de la Sierra\Propuesta TFG-Falagan-ADE.pdf
"Persio - Dixit_ Democracia, Capitalismo y Anarcocapitalismo.pdf","Dixit: Democracia, capitalismo y anarcocapitalismo (Spanish Edition)",José Mur Persio,meta,"    🤓 AUTORES\   CATEGORÍAS\  🌗 Ancaps-Voluntaristas\z. ➕ LIBERTARIOS\Persio - Dixit_ Democracia, Capitalismo y Anarcocapitalismo.pdf"
Mecklenburg - The Micro-State Utopia and the Path to Wholeness_ A Voluntarist Manifesto.pdf,The Micro-State Utopia and the Path to Wholeness: A Voluntarist Manifesto,Mecklenburg,meta,    🤓 AUTORES\   CATEGORÍAS\  🌗 Ancaps-Voluntaristas\z. ➕ LIBERTARIOS\R. W. Mecklenburg\Mecklenburg - The Micro-State Utopia and the Path to Wholeness_ A Voluntarist Manifesto.pdf
"Richman - Izquierda Libertaria_ Anticapitalismo de Libre Mercado, el Ideal Desconocido.pdf","SPANISH, STATELESS EMBASSIES",Richman,page1,"    🤓 AUTORES\   CATEGORÍAS\  🌗 Ancaps-Voluntaristas\z. ➕ LIBERTARIOS\Richman - Izquierda Libertaria_ Anticapitalismo de Libre Mercado, el Ideal Desconocido.pdf"
Margraf - I Own Myself A Children_s Guide to Self-Ownership and Voluntaryism.pdf,I Own Myself: A Children's Guide to Self-Ownership and Voluntaryism (I Know My Rights Book 2),Rory Margraf,meta,    🤓 AUTORES\   CATEGORÍAS\  🌗 Ancaps-Voluntaristas\z. ➕ LIBERTARIOS\Rory Margraf\Margraf - I Own Myself A Children_s Guide to Self-Ownership and Voluntaryism.pdf
The American Experiment_ What Y - Sal Mayweather.pdf,The American Experiment: What Your History Teacher Didn't Tell You,Sal Mayweather,meta,    🤓 AUTORES\   CATEGORÍAS\  🌗 Ancaps-Voluntaristas\z. ➕ LIBERTARIOS\Sal Mayweather\The American Experiment_ What Y - Sal Mayweather.pdf
 Suzanne La Follette.pdf,Suzanne La Follette,,page1,    🤓 AUTORES\   CATEGORÍAS\  🌗 Ancaps-Voluntaristas\z. ➕ LIBERTARIOS\Suzanne Clara La Follette\ Suzanne La Follette.pdf
Follette - Concerning Women.pdf,Concerning Women,Suzanne La Follette,meta,    🤓 AUTORES\   CATEGORÍAS\  🌗 Ancaps-Voluntaristas\z. ➕ LIBERTARIOS\Suzanne Clara La Follette\Follette - Concerning Women.pdf
Cook - The Case Against The State.pdf,The Case Against The State: Refuting the Proposition of Statism,Tanner Cook,meta,    🤓 AUTORES\   CATEGORÍAS\  🌗 Ancaps-Voluntaristas\z. ➕ LIBERTARIOS\Tanner Cook\Cook - The Case Against The State.pdf
 Lupo - Outside The System.pdf,How To Make a Living Outside the System - Business and Economics Freedom Liberty Agorism,Tarrin P. Lupo,meta,    🤓 AUTORES\   CATEGORÍAS\  🌗 Ancaps-Voluntaristas\z. ➕ LIBERTARIOS\Tarrin P. Lupo\ Lupo - Outside The System.pdf
Pirate Treasure Hunt_ Pirates o - Tarrin P. Lupo.pdf,Pirate Treasure Hunt: Pirates of Savannah: Book - The Hunt for Shamus's Booty -,Tarrin P. Lupo,meta,    🤓 AUTORES\   CATEGORÍAS\  🌗 Ancaps-Voluntaristas\z. ➕ LIBERTARIOS\Tarrin P. Lupo\Pirate Treasure Hunt_ Pirates o - Tarrin P. Lupo.pdf
"Pirates of Savannah_ Book One, - Tarrin P. Lupo.pdf","Pirates of Savannah: Book One, Sold in Savannah (Pirates of Savannah (Young Adult Version) 1)",Tarrin P. Lupo,meta,"    🤓 AUTORES\   CATEGORÍAS\  🌗 Ancaps-Voluntaristas\z. ➕ LIBERTARIOS\Tarrin P. Lupo\Pirates of Savannah_ Book One, - Tarrin P. Lupo.pdf"
Gaiastan - Troy Grice.pdf,Gaiastan,Troy Grice,meta,    🤓 AUTORES\   CATEGORÍAS\  🌗 Ancaps-Voluntaristas\z. ➕ LIBERTARIOS\Troy J. Grice\Gaiastan - Troy Grice.pdf
Troy J. Grice - Goldstein.pdf,Goldstein,Troy J. Grice,meta,    🤓 AUTORES\   CATEGORÍAS\  🌗 Ancaps-Voluntaristas\z. ➕ LIBERTARIOS\Troy J. Grice\Troy J. Grice - Goldstein.pdf
La Union Europea en Defensa de la Incompetencia.pdf,LA UNIÓN EUROPEA EN DEFENSA DE LA INCOM...scar Rodríguez Carreiro  Xoán de Lugo,RibzeR,meta,    🤓 AUTORES\   CATEGORÍAS\  🌗 Ancaps-Voluntaristas\Óscar Carreiro\La Union Europea en Defensa de la Incompetencia.pdf
O. Carreiro - Old and New Development Economics A Reassessment of Objectives.pdf,Volume 24 | No. 2 | 254–285 | Summer 2021,O. Carreiro,page1,    🤓 AUTORES\   CATEGORÍAS\  🌗 Ancaps-Voluntaristas\Óscar Carreiro\O. Carreiro - Old and New Development Economics A Reassessment of Objectives.pdf
 Huerta - La Escuela Austríaca Mercado y creatividad empresarial.pdf,La escuela austríaca,"Huerta de Soto, Jesús",meta,    🤓 AUTORES\   CATEGORÍAS\ 🇪🇸 Hispanos\ Huerta - La Escuela Austríaca Mercado y creatividad empresarial.pdf
 Carreiro - Anarquismo Político a Posteriori_ Refutación sobre la Obligación Política y Razones para la Obediencia.pdf,DANIEL RODRÍGUEZ CARREIRO,Daniel Rodríguez Carreiro,meta,    🤓 AUTORES\   CATEGORÍAS\ 🇪🇸 Hispanos\🇪🇸 Españoles\ Carreiro - Anarquismo Político a Posteriori_ Refutación sobre la Obligación Política y Razones para la Obediencia.pdf
 Rivas - Colinesia El Último Patriota y la Anarquía.pdf,COLINESIA : EL ULTIMO PATRIOTA Y LA ANARQUIA (Spanish Edition),COLIN RIVAS & AUGUST VON HAYEK & LUDWIG VON MISES & Murray Rothbard,meta,    🤓 AUTORES\   CATEGORÍAS\ 🇪🇸 Hispanos\🇪🇸 Españoles\ Rivas - Colinesia El Último Patriota y la Anarquía.pdf
Cabrera - Defensa y Seguridad.pdf,DEFENSA Y SEGURIDAD. : ¿Estatal o privada? (NBL nº 59) (Spanish Edition),José Francisco Hernández Cabrera,meta,    🤓 AUTORES\   CATEGORÍAS\ 🇪🇸 Hispanos\🇪🇸 Españoles\Cabrera - Defensa y Seguridad.pdf
Huerta - Introducción a la Economía.pdf,0 PRIMERAS PAGS. curso JHS_0 PRIMERAS PAGS. curso JHS,mp6,meta,    🤓 AUTORES\   CATEGORÍAS\ 🇪🇸 Hispanos\🇪🇸 Españoles\Huerta - Introducción a la Economía.pdf
La Escuela Austriaca de Madrid en el Contexto de las Escuelas Económicas.pdf,TESIS DOCTORAL LA ESCUELA AUSTRIACA DE MADRID EN EL CONTEXTO DE LAS,Candidato: Cristóbal Matarán López Director: Dr. Jesús Huerta de Soto Tutor: Dr. Philipp Bagus,page1,    🤓 AUTORES\   CATEGORÍAS\ 🇪🇸 Hispanos\🇪🇸 Españoles\La Escuela Austriaca de Madrid en el Contexto de las Escuelas Económicas.pdf
 Giacomini - Papel Pintado_ Como terminar con la emision la inflacion y la pobreza.pdf,"Papel pintado. Cómo terminar con la emisión, la inflación y la pobreza en la Argentina",Giacomini,meta,    🤓 AUTORES\   CATEGORÍAS\ 🇪🇸 Hispanos\🌎 Latinoamericanos\ Giacomini - Papel Pintado_ Como terminar con la emision la inflacion y la pobreza.pdf
 Anarquismo en Estados Unidos.pdf,Henry David Thoreau,,page1,   👀 TEMAS\    💛 LIBERTAD\   Ⓐ Anarquismo\ Anarquismo en Estados Unidos.pdf
 Caplan - FAQ sobre Teoría Anarquista.pdf,Preguntas y Respuestas sobre Teoría del Anarquismo,Caplan,meta,   👀 TEMAS\    💛 LIBERTAD\   Ⓐ Anarquismo\ Caplan - FAQ sobre Teoría Anarquista.pdf
 Corrientes del pensamiento anarquista.pdf,Corrientes del,,page1,   👀 TEMAS\    💛 LIBERTAD\   Ⓐ Anarquismo\ Corrientes del pensamiento anarquista.pdf
 Scott - Elogio Del Anarquismo.pdf,Elogio del anarquismo,James C. Scott,meta,   👀 TEMAS\    💛 LIBERTAD\   Ⓐ Anarquismo\ Scott - Elogio Del Anarquismo.pdf
 Thoreau - Desobediencia civil y otros escritos.pdf,Desobediencia civil y otros escritos,Henry D. Thoreau,meta,   👀 TEMAS\    💛 LIBERTAD\   Ⓐ Anarquismo\ Thoreau - Desobediencia civil y otros escritos.pdf
"Anarquismo, una Historia.pdf",Anarquismo una historia,,meta,"   👀 TEMAS\    💛 LIBERTAD\   Ⓐ Anarquismo\Anarquismo, una Historia.pdf"
15 puntos en los que probablemente estés equivocado sobre los anarquistas (Kyle Bennett).pdf,1. Nosotros no queremos transformar a tu gobierno en anarquista.,Kyle Bennett,page1,   👀 TEMAS\    💛 LIBERTAD\   Ⓐ Anarquismo\Artículos\15 puntos en los que probablemente estés equivocado sobre los anarquistas (Kyle Bennett).pdf
Anarky_ Héroe anarquista y empresario.pdf,(http://en.wikipedia.org/wiki/Anarky) es un héroe de acción,,page1,   👀 TEMAS\    💛 LIBERTAD\   Ⓐ Anarquismo\Artículos\Anarky_ Héroe anarquista y empresario.pdf
Anarquismo constructivo_ Institucionalidad óptima sin Estado.pdf,caos-e1328480518103.jpg)En su célebre trabajo “The size of nations”,,page1,   👀 TEMAS\    💛 LIBERTAD\   Ⓐ Anarquismo\Artículos\Anarquismo constructivo_ Institucionalidad óptima sin Estado.pdf
Anarquismo e instituciones_ Sistemas de gobierno y leyes compatibles -o no- con la soberanía individual.pdf,"En esta serie no sólamente voy a cuestionar, como acostumbro, al",,page1,   👀 TEMAS\    💛 LIBERTAD\   Ⓐ Anarquismo\Artículos\Anarquismo e instituciones_ Sistemas de gobierno y leyes compatibles -o no- con la soberanía individual.pdf
Anti-Estatismo – Voline.pdf,Enciclopedia Anarquista – Voline,,page1,   👀 TEMAS\    💛 LIBERTAD\   Ⓐ Anarquismo\Artículos\Anti-Estatismo – Voline.pdf
Avendaño - Anarquismo en el siglo XXI.pdf,"capitalista-1-e1311492793110.jpg) A partir de Mises y Hayek, los",Avendaño,page1,   👀 TEMAS\    💛 LIBERTAD\   Ⓐ Anarquismo\Artículos\Avendaño - Anarquismo en el siglo XXI.pdf
Ciudadelas y condominios como modelo para comunidades anarquistas.pdf,e1356374949914.jpg)El anarquismo heathiano es una forma de,,page1,   👀 TEMAS\    💛 LIBERTAD\   Ⓐ Anarquismo\Artículos\Ciudadelas y condominios como modelo para comunidades anarquistas.pdf
Cómo funcionaría la Anarquía - Lew Rockwell.pdf,LEW ROCKWELL ¿CÓMO FUNCIONARÍA,tabito,page1,   👀 TEMAS\    💛 LIBERTAD\   Ⓐ Anarquismo\Artículos\Cómo funcionaría la Anarquía - Lew Rockwell.pdf
Diedrich - Las 5 etapas para convertirse en anarquista.pdf,capitalism-e1377736064707.jpg)Tal vez eres un libertario. ¿Pero un,Diedrich,page1,   👀 TEMAS\    💛 LIBERTAD\   Ⓐ Anarquismo\Artículos\Diedrich - Las 5 etapas para convertirse en anarquista.pdf
Farmer - Lo que el anarquismo significa para mí.pdf,e1321839941925.jpg)El anarquismo,Farmer,page1,   👀 TEMAS\    💛 LIBERTAD\   Ⓐ Anarquismo\Artículos\Farmer - Lo que el anarquismo significa para mí.pdf
Gordon - ¿Puede sobrevivir la libertad sin el Estado_.pdf,Published on Mises Institute (https://mises.org),Gordon,page1,   👀 TEMAS\    💛 LIBERTAD\   Ⓐ Anarquismo\Artículos\Gordon - ¿Puede sobrevivir la libertad sin el Estado_.pdf
Hess - Anarquismo sin guiones.pdf,content/uploads/2013/06/images.jpg)Sólo hay una especie de,Hess,page1,   👀 TEMAS\    💛 LIBERTAD\   Ⓐ Anarquismo\Artículos\Hess - Anarquismo sin guiones.pdf
Hobbs - Fundamentos para el futuro del anarquismo.pdf,(http://www.mises.org.es/wp-,Hobbs,page1,   👀 TEMAS\    💛 LIBERTAD\   Ⓐ Anarquismo\Artículos\Hobbs - Fundamentos para el futuro del anarquismo.pdf
Huemer - El problema de la autoridad.pdf,tiene un problema. Tiene varios sobrinos muy pobres. Trabaja con una,Huemer,page1,   👀 TEMAS\    💛 LIBERTAD\   Ⓐ Anarquismo\Artículos\Huemer - El problema de la autoridad.pdf
J. Tucker - Cómo me convertí en un anarquista.pdf,anarquista/20130225_tuckeranarchismdetail/)[Publicado originalmente,J. Tucker,page1,   👀 TEMAS\    💛 LIBERTAD\   Ⓐ Anarquismo\Artículos\J. Tucker - Cómo me convertí en un anarquista.pdf
McMaken - Anarquismo y descentralización radical son la misma cosa.pdf,Published on Mises Institute (https://mises.org),McMaken,page1,   👀 TEMAS\    💛 LIBERTAD\   Ⓐ Anarquismo\Artículos\McMaken - Anarquismo y descentralización radical son la misma cosa.pdf
McMaken - ¿Quiénes son los verdaderos anarquistas_.pdf,Published on Mises Institute (https://mises.org),McMaken,page1,   👀 TEMAS\    💛 LIBERTAD\   Ⓐ Anarquismo\Artículos\McMaken - ¿Quiénes son los verdaderos anarquistas_.pdf
Murphy - ¿A qué estás llamando «Anarquía»_.pdf,Published on Mises Institute (https://mises.org),Murphy,page1,   👀 TEMAS\    💛 LIBERTAD\   Ⓐ Anarquismo\Artículos\Murphy - ¿A qué estás llamando «Anarquía»_.pdf
Orden sin ley ¿Dónde pondrán los anarquistas a los descarriados_ (John. D. Sneed).pdf,content/uploads/2015/12/JLS_Logo_3_20141029.jpg)Como todo,John. D. Sneed,page1,   👀 TEMAS\    💛 LIBERTAD\   Ⓐ Anarquismo\Artículos\Orden sin ley ¿Dónde pondrán los anarquistas a los descarriados_ (John. D. Sneed).pdf
Profundamente anarquista.pdf,profundamente Anarquista. Esto es más una perspectiva del,,page1,   👀 TEMAS\    💛 LIBERTAD\   Ⓐ Anarquismo\Artículos\Profundamente anarquista.pdf
Ramírez - La anarquía no es caos (y el Estado no es seguridad).pdf,e1339885364823.jpg)Últimamente paso mis días discutiendo con,y el Estado no es seguridad,page1,   👀 TEMAS\    💛 LIBERTAD\   Ⓐ Anarquismo\Artículos\Ramírez - La anarquía no es caos (y el Estado no es seguridad).pdf
Riggenbach - Anarquismo y terrorismo en la década de 1890.pdf,XX” cuando,Riggenbach,page1,   👀 TEMAS\    💛 LIBERTAD\   Ⓐ Anarquismo\Artículos\Riggenbach - Anarquismo y terrorismo en la década de 1890.pdf
"Sobran - Anarquismo, razón e historia.pdf",content/uploads/2015/04/download_ca_black.jpg)¿Puede cualquier,Sobran,page1,"   👀 TEMAS\    💛 LIBERTAD\   Ⓐ Anarquismo\Artículos\Sobran - Anarquismo, razón e historia.pdf"
Sobran - El anarquista renuente.pdf,Sobran-anarquista-e1332091109974.jpg)Mi llegada (muy reciente),Sobran,page1,   👀 TEMAS\    💛 LIBERTAD\   Ⓐ Anarquismo\Artículos\Sobran - El anarquista renuente.pdf
Godwin - De La Impostura Política.pdf,WILLIAM GODWIN DE LA IMPOSTURA,[Anarquismo en PDF],page1,   👀 TEMAS\    💛 LIBERTAD\   Ⓐ Anarquismo\Godwin - De La Impostura Política.pdf
James C. Scott - L.pdf,Los dominados y el arte de la resistencia,James C. Scott,meta,   👀 TEMAS\    💛 LIBERTAD\   Ⓐ Anarquismo\James C. Scott - L.pdf
Leeson - Anarquía Sin Límites.pdf,Anarchy Unbound: Why Self-Governance Works Better Than You Think,Peter Leeson,meta,   👀 TEMAS\    💛 LIBERTAD\   Ⓐ Anarquismo\Leeson - Anarquía Sin Límites.pdf
Peter Gelderloos - La Anarquia Funciona.pdf,La anarquía funciona,Peter Gelderloos,meta,   👀 TEMAS\    💛 LIBERTAD\   Ⓐ Anarquismo\Peter Gelderloos - La Anarquia Funciona.pdf
Taoísmo y Anarquismo Un cruce de caminos (Carlyle Morris).pdf,Taoísmo y Anarquismo,Portatil,page1,   👀 TEMAS\    💛 LIBERTAD\   Ⓐ Anarquismo\Taoísmo y Anarquismo Un cruce de caminos (Carlyle Morris).pdf
The Routledge Handbook of Anarchy.pdf,The Routledge Handbook of Anarchy and Anarchist Thought,Gary Chartier;Chad Van Schoelandt;,meta,   👀 TEMAS\    💛 LIBERTAD\   Ⓐ Anarquismo\The Routledge Handbook of Anarchy.pdf
 Bastos - La posibilidad de la anarquía.pdf,La posibilidad de la anarquía,tabito,page1,   👀 TEMAS\    💛 LIBERTAD\   Ⓐ Anarquismo\Viabilidad\ Bastos - La posibilidad de la anarquía.pdf
"Block - Governmental Inevitability, Reply to Holcombe.pdf",Governmental Inevitability: Reply to Holcombe,Walter Block,meta,"   👀 TEMAS\    💛 LIBERTAD\   Ⓐ Anarquismo\Viabilidad\Block - Governmental Inevitability, Reply to Holcombe.pdf"
Block - GOVERNMENTAL INEVITABILITY_ REPLY TO HOLCOMBE  WALTER BLOCK.pdf,block holcombe on government_edwards.qxd,judy,meta,   👀 TEMAS\    💛 LIBERTAD\   Ⓐ Anarquismo\Viabilidad\Block - GOVERNMENTAL INEVITABILITY_ REPLY TO HOLCOMBE  WALTER BLOCK.pdf
Block - Rejoinder to Holcombe on The Inevitability of Government.pdf,block.qxd,william,meta,   👀 TEMAS\    💛 LIBERTAD\   Ⓐ Anarquismo\Viabilidad\Block - Rejoinder to Holcombe on The Inevitability of Government.pdf
Cowen & Sutter - The Costs of Cooperation.pdf,The Costs of Cooperation,Cowen & Sutter,meta,   👀 TEMAS\    💛 LIBERTAD\   Ⓐ Anarquismo\Viabilidad\Críticas\Cowen & Sutter - The Costs of Cooperation.pdf
Cowen - Rejoiner to David Friedman on the Economics of Anarchy.pdf,REJOINDER TO DAVID FRIEDMAN ON THE ECONOMICS OF ANARCHY,lhillcor,page1,   👀 TEMAS\    💛 LIBERTAD\   Ⓐ Anarquismo\Viabilidad\Críticas\Cowen - Rejoiner to David Friedman on the Economics of Anarchy.pdf
"Cowen - Tyler Cowen Law as a Public Good, The Economics of Anarchy.pdf",Economics and Philosophy,Cowen,page1,"   👀 TEMAS\    💛 LIBERTAD\   Ⓐ Anarquismo\Viabilidad\Críticas\Cowen - Tyler Cowen Law as a Public Good, The Economics of Anarchy.pdf"
Holcombe - Is Government Really Inevitable_.pdf,holcombe.qxd,william,meta,   👀 TEMAS\    💛 LIBERTAD\   Ⓐ Anarquismo\Viabilidad\Críticas\Holcombe - Is Government Really Inevitable_.pdf
Holcome - Government_ Unnecessary  but Inevitable.pdf,Government: Unnecessary but Inevitable,Randall G. Holcombe,meta,   👀 TEMAS\    💛 LIBERTAD\   Ⓐ Anarquismo\Viabilidad\Críticas\Holcome - Government_ Unnecessary  but Inevitable.pdf
Rutten - Can Anarchy Save Us from Leviathan_.pdf,Can Anarchy Save Us from Leviathan?,Andrew Rutten,meta,   👀 TEMAS\    💛 LIBERTAD\   Ⓐ Anarquismo\Viabilidad\Críticas\Rutten - Can Anarchy Save Us from Leviathan_.pdf
D. Friedman - A Response to Tyler Cowen on the Economics of Anarchy.pdf,Law as a Private Good,D. Friedman,meta,   👀 TEMAS\    💛 LIBERTAD\   Ⓐ Anarquismo\Viabilidad\D. Friedman - A Response to Tyler Cowen on the Economics of Anarchy.pdf
Es acaso Utópico el Anarcocapitalismo - Bill Orton.pdf,¿ES UTÓPICO EL ANARCOCAPITALISMO?,tabito,page1,   👀 TEMAS\    💛 LIBERTAD\   Ⓐ Anarquismo\Viabilidad\Es acaso Utópico el Anarcocapitalismo - Bill Orton.pdf
Es acaso viable el Anarcocapitalismo - Albert Esplugas.pdf,empresas y las personas),tabito,page1,   👀 TEMAS\    💛 LIBERTAD\   Ⓐ Anarquismo\Viabilidad\Es acaso viable el Anarcocapitalismo - Albert Esplugas.pdf
Leeson and Stringham - Is Government Inevitable.pdf,Is Government Inevitable? Comment on Holcombe’s Analysis,Peter T. Leeson and Edward P. Stringham,meta,   👀 TEMAS\    💛 LIBERTAD\   Ⓐ Anarquismo\Viabilidad\Leeson and Stringham - Is Government Inevitable.pdf
"Stringham - Si una economía pura de mercado es tan buena, ¿por qué no existe_.pdf",Published on Mises Institute (https://mises.org),Stringham,page1,"   👀 TEMAS\    💛 LIBERTAD\   Ⓐ Anarquismo\Viabilidad\Stringham - Si una economía pura de mercado es tan buena, ¿por qué no existe_.pdf"
  Libertarismo.pdf,"La bandera de Gadsden, originalmente",,page1,   👀 TEMAS\    💛 LIBERTAD\   🛡️Libertarismo\  Libertarismo.pdf
  Rothbard - La Etica De La Libertad.pdf,MURRAY N. R O T H B A R D LA ÉTICA,Rothbard,page1,   👀 TEMAS\    💛 LIBERTAD\   🛡️Libertarismo\  Rothbard - La Etica De La Libertad.pdf
 Giacomini - La Revolucion de la Libertad.pdf,La revolución de la libertad: Más individuo y menos Estado,Diego Giacomini,meta,   👀 TEMAS\    💛 LIBERTAD\   🛡️Libertarismo\ Giacomini - La Revolucion de la Libertad.pdf
 Giacomini - Liberalismo Siglo XXI.pdf,Liberalismo siglo XXI,Diego Giacomini,meta,   👀 TEMAS\    💛 LIBERTAD\   🛡️Libertarismo\ Giacomini - Liberalismo Siglo XXI.pdf
Adorney - Las instituciones privadas no son el enemigo del libertarismo.pdf,Published on Mises Institute (https://mises.org),Adorney,page1,   👀 TEMAS\    💛 LIBERTAD\   🛡️Libertarismo\Artículos\Adorney - Las instituciones privadas no son el enemigo del libertarismo.pdf
Austrolibertarismo como una estrella de mar (Helio Beltrao).pdf,content/uploads/2012/08/LvMIStarfishOnSand.jpg)Es el honor más,Helio Beltrao,page1,   👀 TEMAS\    💛 LIBERTAD\   🛡️Libertarismo\Artículos\Austrolibertarismo como una estrella de mar (Helio Beltrao).pdf
"Blanchette - Libertarismo, conservadurismo y todo eso.pdf",Published on Mises Institute (https://mises.org),Blanchette,page1,"   👀 TEMAS\    💛 LIBERTAD\   🛡️Libertarismo\Artículos\Blanchette - Libertarismo, conservadurismo y todo eso.pdf"
Borders - El ascenso de los libertarios.pdf,content/uploads/2014/05/20140206_fistdetail.jpg)Un montón de,Borders,page1,   👀 TEMAS\    💛 LIBERTAD\   🛡️Libertarismo\Artículos\Borders - El ascenso de los libertarios.pdf
Caplan - El libertarismo como sobreaprendizaje moral.pdf,El “sobreaprendizaje” es una idea clave en la psicología educativa. Una,Caplan,page1,   👀 TEMAS\    💛 LIBERTAD\   🛡️Libertarismo\Artículos\Caplan - El libertarismo como sobreaprendizaje moral.pdf
Carreiro - La Violencia Asocial en la Teoría de  Clases Libertaria.pdf,LA VIOLENCIA ASOCIAL Y LA TEORÍA DE CLA...niel Rodríguez Carreiro  Xoán de Lugo,RibzeR,meta,   👀 TEMAS\    💛 LIBERTAD\   🛡️Libertarismo\Artículos\Carreiro - La Violencia Asocial en la Teoría de  Clases Libertaria.pdf
Deist - Por un nuevo libertario.pdf,Published on Mises Institute (https://mises.org),Deist,page1,   👀 TEMAS\    💛 LIBERTAD\   🛡️Libertarismo\Artículos\Deist - Por un nuevo libertario.pdf
Deist - Reflexiones sobre el «libertarismo de capacidad estatal» de Tyler Cowen.pdf,Published on Mises Institute (https://mises.org),Deist,page1,   👀 TEMAS\    💛 LIBERTAD\   🛡️Libertarismo\Artículos\Deist - Reflexiones sobre el «libertarismo de capacidad estatal» de Tyler Cowen.pdf
Deist - Una respuesta a Daniel McCarthy sobre «Por qué los libertarios se equivocan».pdf,Published on Mises Institute (https://mises.org),Deist,page1,   👀 TEMAS\    💛 LIBERTAD\   🛡️Libertarismo\Artículos\Deist - Una respuesta a Daniel McCarthy sobre «Por qué los libertarios se equivocan».pdf
"Eckert - No, Paul Krugman, este cierre no es un “gran experimento libertario”.pdf",Published on Mises Institute (https://mises.org),Eckert,page1,"   👀 TEMAS\    💛 LIBERTAD\   🛡️Libertarismo\Artículos\Eckert - No, Paul Krugman, este cierre no es un “gran experimento libertario”.pdf"
El libertarismo es sólo una teoría del derecho (Richard Storey).pdf,content/uploads/2012/06/regulatory.jpg)Estoy cansado de los libertarios,Richard Storey,page1,   👀 TEMAS\    💛 LIBERTAD\   🛡️Libertarismo\Artículos\El libertarismo es sólo una teoría del derecho (Richard Storey).pdf
Filosofia y Anarcocapitalismo de Rothbard.pdf,M. ROTHBARD: FILOSOFÍA Y ANARCOCAPITALISMO,Usuario,page1,   👀 TEMAS\    💛 LIBERTAD\   🛡️Libertarismo\Artículos\Filosofia y Anarcocapitalismo de Rothbard.pdf
Galles - Instigando lo que no son logros libertarios.pdf,Published on Mises Institute (https://mises.org),Galles,page1,   👀 TEMAS\    💛 LIBERTAD\   🛡️Libertarismo\Artículos\Galles - Instigando lo que no son logros libertarios.pdf
Gindler - Marxismo versus libertarismo_ dos tipos de internacionalismo.pdf,Published on Mises Institute (https://mises.org),Gindler,page1,   👀 TEMAS\    💛 LIBERTAD\   🛡️Libertarismo\Artículos\Gindler - Marxismo versus libertarismo_ dos tipos de internacionalismo.pdf
Glen Koehn - El Principio Libertario.pdf,EL PRINCIPIO LIBERTARIO,Catherine Kergoat,meta,   👀 TEMAS\    💛 LIBERTAD\   🛡️Libertarismo\Artículos\Glen Koehn - El Principio Libertario.pdf
Gordon - De cómo el New York Times se equivoca de nuevo con el libertarismo.pdf,Es una pregunta que Amia Srinivasan podía haberse hecho con,Gordon,page1,   👀 TEMAS\    💛 LIBERTAD\   🛡️Libertarismo\Artículos\Gordon - De cómo el New York Times se equivoca de nuevo con el libertarismo.pdf
Gordon - Eric Mack sobre Libertarianism.pdf,Published on Mises Institute (https://mises.org),Gordon,page1,   👀 TEMAS\    💛 LIBERTAD\   🛡️Libertarismo\Artículos\Gordon - Eric Mack sobre Libertarianism.pdf
Gordon - Laurence Vance sobre el libertarismo.pdf,Published on Mises Institute (https://mises.org),Gordon,page1,   👀 TEMAS\    💛 LIBERTAD\   🛡️Libertarismo\Artículos\Gordon - Laurence Vance sobre el libertarismo.pdf
Gordon - Por qué hay una división izquierda-derecha entre los libertarios.pdf,Published on Mises Institute (https://mises.org),Gordon,page1,   👀 TEMAS\    💛 LIBERTAD\   🛡️Libertarismo\Artículos\Gordon - Por qué hay una división izquierda-derecha entre los libertarios.pdf
Hess - ¿Dónde están los detalles [del libertarismo]_.pdf,libertarismo es claramente el más -quizá el único- movimiento,Hess,page1,   👀 TEMAS\    💛 LIBERTAD\   🛡️Libertarismo\Artículos\Hess - ¿Dónde están los detalles [del libertarismo]_.pdf
Historia de dos libertarismos (Brian Doherty).pdf,[Este artículo apareció originalmente en Reason Online,Brian Doherty,page1,   👀 TEMAS\    💛 LIBERTAD\   🛡️Libertarismo\Artículos\Historia de dos libertarismos (Brian Doherty).pdf
Hoppe - Entendiendo correctamente el libertarismo.pdf,Hans-Hermann Hoppe,Openmindeo,page1,   👀 TEMAS\    💛 LIBERTAD\   🛡️Libertarismo\Artículos\Hoppe - Entendiendo correctamente el libertarismo.pdf
Hoppe - La belleza lógica del libertarismo.pdf,Published on Mises Institute (https://mises.org),Hoppe,page1,   👀 TEMAS\    💛 LIBERTAD\   🛡️Libertarismo\Artículos\Hoppe - La belleza lógica del libertarismo.pdf
Kinsella - El Origen del «Libertarismo».pdf,Published on Mises Institute (https://mises.org),Kinsella,page1,   👀 TEMAS\    💛 LIBERTAD\   🛡️Libertarismo\Artículos\Kinsella - El Origen del «Libertarismo».pdf
La contracultura está en el «libertarismo cultural» —y no en la paranoica y autoritaria _guerra cultural_ del conservadurismo (Allum Bokhari).pdf,[Nota editorial: ¿Quieres dar una “guerra cultural” contra la izquierda?,Allum Bokhari,page1,   👀 TEMAS\    💛 LIBERTAD\   🛡️Libertarismo\Artículos\La contracultura está en el «libertarismo cultural» —y no en la paranoica y autoritaria _guerra cultural_ del conservadurismo (Allum Bokhari).pdf
"Liberalismo, Libertarismo y Profanación.pdf","SPANISH, STATELESS EMBASSIES",,page1,"   👀 TEMAS\    💛 LIBERTAD\   🛡️Libertarismo\Artículos\Liberalismo, Libertarismo y Profanación.pdf"
"Libertarios_ izquierda, derecha, moderado y radical (Anthony Gregory).pdf","han llamado libertario  de izquierda y, dependiendo de cómo se defina",Anthony Gregory,page1,"   👀 TEMAS\    💛 LIBERTAD\   🛡️Libertarismo\Artículos\Libertarios_ izquierda, derecha, moderado y radical (Anthony Gregory).pdf"
Libertarismo (Fred Kofman).pdf,"content/uploads/2015/11/antorcha.jpg)Ninguna persona, en ninguna",Fred Kofman,page1,   👀 TEMAS\    💛 LIBERTAD\   🛡️Libertarismo\Artículos\Libertarismo (Fred Kofman).pdf
Libertarismo - Victoria Camps.pdf,Author(s): Victoria Camps,Libertarismo,page1,   👀 TEMAS\    💛 LIBERTAD\   🛡️Libertarismo\Artículos\Libertarismo - Victoria Camps.pdf
Libertarismo para nuevaeristas (Daniel Larimer).pdf,lotus.jpg)He pasado innumerables horas leyendo artículos de personas,Daniel Larimer,page1,   👀 TEMAS\    💛 LIBERTAD\   🛡️Libertarismo\Artículos\Libertarismo para nuevaeristas (Daniel Larimer).pdf
Libertarismo y Error Categorial.pdf,Libertarianism & Category-Mistake,,page1,   👀 TEMAS\    💛 LIBERTAD\   🛡️Libertarismo\Artículos\Libertarismo y Error Categorial.pdf
Libertarismo Y Justicia Social.pdf,"Revista Humanidades, Vol. 1, pp. 1-18 / ISSN: 2215-3934",Minor,page1,   👀 TEMAS\    💛 LIBERTAD\   🛡️Libertarismo\Artículos\Libertarismo Y Justicia Social.pdf
Libertarismo(1).pdf,Centro Mises (Mises Hispano),,page1,   👀 TEMAS\    💛 LIBERTAD\   🛡️Libertarismo\Artículos\Libertarismo(1).pdf
Libertarismo.pdf,"El libertarismo (del inglés libertarianism, traducido al español en",Kennet Ortiz C,page1,   👀 TEMAS\    💛 LIBERTAD\   🛡️Libertarismo\Artículos\Libertarismo.pdf
Lo que no es el libertarismo (Edward Feser).pdf,libertarianism-is-and-isnt.jpg)La idea de que la alianza política entre,Edward Feser,page1,   👀 TEMAS\    💛 LIBERTAD\   🛡️Libertarismo\Artículos\Lo que no es el libertarismo (Edward Feser).pdf
McMaken - Cómo el mundo ve el libertarismo.pdf,Published on Mises Institute (https://mises.org),McMaken,page1,   👀 TEMAS\    💛 LIBERTAD\   🛡️Libertarismo\Artículos\McMaken - Cómo el mundo ve el libertarismo.pdf
McMaken - «Libertario» es sólo otra palabra para liberal (clásico).pdf,Published on Mises Institute (https://mises.org),clásico,page1,   👀 TEMAS\    💛 LIBERTAD\   🛡️Libertarismo\Artículos\McMaken - «Libertario» es sólo otra palabra para liberal (clásico).pdf
Principio de no agresión.pdf,Principio de no agresión,,page1,   👀 TEMAS\    💛 LIBERTAD\   🛡️Libertarismo\Artículos\Principio de no agresión.pdf
Repensar el libertarismo (Jaime Tagle).pdf,content/uploads/2017/07/paleos.jpg)Un hecho que se ha vuelto,Jaime Tagle,page1,   👀 TEMAS\    💛 LIBERTAD\   🛡️Libertarismo\Artículos\Repensar el libertarismo (Jaime Tagle).pdf
Rockwell - El futuro del libertarismo.pdf,Published on Mises Institute (https://mises.org),Rockwell,page1,   👀 TEMAS\    💛 LIBERTAD\   🛡️Libertarismo\Artículos\Rockwell - El futuro del libertarismo.pdf
Rockwell - Libertarismo y la Vieja Derecha.pdf,Published on Mises Institute (https://mises.org),Rockwell,page1,   👀 TEMAS\    💛 LIBERTAD\   🛡️Libertarismo\Artículos\Rockwell - Libertarismo y la Vieja Derecha.pdf
Rockwell - Los libertarios «modales» y los paleolibertarios.pdf,"Este no es un artículo de teoría política, sino de opinión política.",Rockwell,page1,   👀 TEMAS\    💛 LIBERTAD\   🛡️Libertarismo\Artículos\Rockwell - Los libertarios «modales» y los paleolibertarios.pdf
Rockwell - Qué es y qué no es el libertarismo.pdf,explosivo crecimiento en el número de partidarios del libertarismo,Rockwell,page1,   👀 TEMAS\    💛 LIBERTAD\   🛡️Libertarismo\Artículos\Rockwell - Qué es y qué no es el libertarismo.pdf
Rothbard - El Manifiesto Libertario sobre la Polución.pdf,Published on Mises Institute (https://mises.org),Rothbard,page1,   👀 TEMAS\    💛 LIBERTAD\   🛡️Libertarismo\Artículos\Rothbard - El Manifiesto Libertario sobre la Polución.pdf
Rothbard - El randismo dentro del libertarismo.pdf,[Extracto del artículo “La izquierda y la derecha dentro del libertarismo” de,Rothbard,page1,   👀 TEMAS\    💛 LIBERTAD\   🛡️Libertarismo\Artículos\Rothbard - El randismo dentro del libertarismo.pdf
Rothbard - El Renacimiento de Posguerra.pdf,Published on Mises Institute (https://mises.org),Rothbard,page1,   👀 TEMAS\    💛 LIBERTAD\   🛡️Libertarismo\Artículos\Rothbard - El Renacimiento de Posguerra.pdf
Rothbard - James Mill y el análisis de clase libertario.pdf,Published on Mises Institute (https://mises.org),Rothbard,page1,   👀 TEMAS\    💛 LIBERTAD\   🛡️Libertarismo\Artículos\Rothbard - James Mill y el análisis de clase libertario.pdf
"Rothbard - La Gran Sociedad, una crítica libertaria.pdf",Published on Mises Institute (https://mises.org),Rothbard,page1,"   👀 TEMAS\    💛 LIBERTAD\   🛡️Libertarismo\Artículos\Rothbard - La Gran Sociedad, una crítica libertaria.pdf"
Rothbard - Mito y Verdad sobre el Libertarismo.pdf,Published on Mises Institute (https://mises.org),Rothbard,page1,   👀 TEMAS\    💛 LIBERTAD\   🛡️Libertarismo\Artículos\Rothbard - Mito y Verdad sobre el Libertarismo.pdf
Rothbard - Una crítica libertaria del derecho a la ciudadanía por nacimiento.pdf,Published on Mises Institute (https://mises.org),Rothbard,page1,   👀 TEMAS\    💛 LIBERTAD\   🛡️Libertarismo\Artículos\Rothbard - Una crítica libertaria del derecho a la ciudadanía por nacimiento.pdf
Rothbard - Una teoría libertaria de la guerra.pdf,Published on Mises Institute (https://mises.org),Rothbard,page1,   👀 TEMAS\    💛 LIBERTAD\   🛡️Libertarismo\Artículos\Rothbard - Una teoría libertaria de la guerra.pdf
Rothbard - ¿Son «anarquistas» los libertarios_.pdf,Published on Mises Institute (https://mises.org),Rothbard,page1,   👀 TEMAS\    💛 LIBERTAD\   🛡️Libertarismo\Artículos\Rothbard - ¿Son «anarquistas» los libertarios_.pdf
Seis mitos sobre el Libertarismo.pdf,Seis mitos sobre el libertarismo,Ezra,page1,   👀 TEMAS\    💛 LIBERTAD\   🛡️Libertarismo\Artículos\Seis mitos sobre el Libertarismo.pdf
TENSIONES ETICAS PRESENTES ENTRE EL LIBERTARISMO Y AUTORITARISMO.pdf,TENSIONES ETICAS PRESENTES ENTRE EL LIBERTARISMO Y EL AUTORITARISMO EN EL CONTEXTO DEL USO DE LAS CRIPTODIVISAS,acer,page1,   👀 TEMAS\    💛 LIBERTAD\   🛡️Libertarismo\Artículos\TENSIONES ETICAS PRESENTES ENTRE EL LIBERTARISMO Y AUTORITARISMO.pdf
Terrel - Revista de Estudios Libertarios_ el regreso en 2019.pdf,Published on Mises Institute (https://mises.org),Terrel,page1,   👀 TEMAS\    💛 LIBERTAD\   🛡️Libertarismo\Artículos\Terrel - Revista de Estudios Libertarios_ el regreso en 2019.pdf
Una introducción al argumento budista a favor de la libertad política y económica (Aaron Ross Powell).pdf,df14-46f4-86d1-ea1b6bf5e8ad_400x400.png)Para este primer,Aaron Ross Powell,page1,   👀 TEMAS\    💛 LIBERTAD\   🛡️Libertarismo\Artículos\Una introducción al argumento budista a favor de la libertad política y económica (Aaron Ross Powell).pdf
Walter Block_ Libertarismo de la A a la Z.pdf,"nuevo libro de Walter Block, Toward a Libertarian Society",,page1,   👀 TEMAS\    💛 LIBERTAD\   🛡️Libertarismo\Artículos\Walter Block_ Libertarismo de la A a la Z.pdf
Whitmore - ¿El libertarismo es utópico_.pdf,Published on Mises Institute (https://mises.org),Whitmore,page1,   👀 TEMAS\    💛 LIBERTAD\   🛡️Libertarismo\Artículos\Whitmore - ¿El libertarismo es utópico_.pdf
Woods - La cara libertaria de los nuevos medios (Entrevista).pdf,Published on Mises Institute (https://mises.org),Entrevista,page1,   👀 TEMAS\    💛 LIBERTAD\   🛡️Libertarismo\Artículos\Woods - La cara libertaria de los nuevos medios (Entrevista).pdf
¿Es el libertarismo lo mismo que la escuela austriaca_ (Omar León).pdf,Rothbard-Lachmann.jpg)La pregunta que sirve como título a este post es,Omar León,page1,   👀 TEMAS\    💛 LIBERTAD\   🛡️Libertarismo\Artículos\¿Es el libertarismo lo mismo que la escuela austriaca_ (Omar León).pdf
¿Qué es el libertarismo_ ¿Qué nos une y nos separa_ -(John Alejandro Bermeo ).pdf,War.jpg)El libertarismo es una filosofía política que nos habla de cuál,John Alejandro Bermeo,page1,   👀 TEMAS\    💛 LIBERTAD\   🛡️Libertarismo\Artículos\¿Qué es el libertarismo_ ¿Qué nos une y nos separa_ -(John Alejandro Bermeo ).pdf
Block - Defendiendo lo Indefendible II.pdf,Defendiendo lo Indefendible II Libertad en todos los ámbitos,Walter Block,meta,   👀 TEMAS\    💛 LIBERTAD\   🛡️Libertarismo\Block - Defendiendo lo Indefendible II.pdf
Hoppe - Introducción a La ética de la libertad.pdf,Introducción a La ética de la libertad,Hoppe,filename,   👀 TEMAS\    💛 LIBERTAD\   🛡️Libertarismo\Hoppe - Introducción a La ética de la libertad.pdf
Ken Schoolland - La Filosofia de la Libertad.pdf,La Filosofía de la Libertad,Ken Schoolland,page1,   👀 TEMAS\    💛 LIBERTAD\   🛡️Libertarismo\Ken Schoolland - La Filosofia de la Libertad.pdf
No Resistáis al Mal - Clarence Darrow.pdf,Resist Not Evil,Clarence S. Darrow,meta,   👀 TEMAS\    💛 LIBERTAD\   🛡️Libertarismo\No Resistáis al Mal - Clarence Darrow.pdf
"Vallejos - Una Accion Libertaria, Libertarismo en una Lección.pdf","Una Accion Libertaria, Libertarismo en una Lección",Vallejos,filename,"   👀 TEMAS\    💛 LIBERTAD\   🛡️Libertarismo\Vallejos - Una Accion Libertaria, Libertarismo en una Lección.pdf"
Victoria - El Manifiesto Austrolibertario.PDF,El Manifiesto Austrolibertario,Victoria,filename,   👀 TEMAS\    💛 LIBERTAD\   🛡️Libertarismo\Victoria - El Manifiesto Austrolibertario.PDF
 Bastos y Carreiro - El Debate sobre la Inevitabilidad del Estado.pdf,MAY · KIRTCHEV · BARLOW · NAKAMOTO RECOPILACIÓN POR SIMÓN OCA,Bastos y Carreiro,page1,   👀 TEMAS\    💛 LIBERTAD\ Bastos y Carreiro - El Debate sobre la Inevitabilidad del Estado.pdf
" Individualismo, mercado e historia de las ideas.pdf","Individualismo, mercado e historia de las ideas (Biblioteca Austriaca) (Spanish Edition)","Infantino, Lorenzo",meta,"   👀 TEMAS\    💛 LIBERTAD\ Individualismo, mercado e historia de las ideas.pdf"
 Vernaglione - El Libertarismo.pdf,El Libertarismo,Vernaglione,filename,   👀 TEMAS\    💛 LIBERTAD\ Vernaglione - El Libertarismo.pdf
  D. Friedman - La Maquinaria De La Libertad.pdf,La Maquinaria De La Libertad,D. Friedman,filename,   👀 TEMAS\    💛 LIBERTAD\ 🌗 Anarco-Capitalismo\  D. Friedman - La Maquinaria De La Libertad.pdf
 Bastos - Sobre el Anarcocapitalismo.pdf,Sobre el Anarcocapitalismo,Bastos,filename,   👀 TEMAS\    💛 LIBERTAD\ 🌗 Anarco-Capitalismo\ Bastos - Sobre el Anarcocapitalismo.pdf
 Esplugas - Libertad Sin Estado.pdf,MAY · KIRTCHEV · BARLOW · NAKAMOTO RECOPILACIÓN POR SIMÓN OCA,Esplugas,page1,   👀 TEMAS\    💛 LIBERTAD\ 🌗 Anarco-Capitalismo\ Esplugas - Libertad Sin Estado.pdf
 Hoppe - Economía y Ética de la Propiedad Privada.pdf,Economía y Ética de la Propiedad Privada,George,filename,   👀 TEMAS\    💛 LIBERTAD\ 🌗 Anarco-Capitalismo\ Hoppe - Economía y Ética de la Propiedad Privada.pdf
 Hoppe - La Producción Privada de Defensa.pdf,The Private Production of Defense,Hans-Hermann Hoppe,meta,   👀 TEMAS\    💛 LIBERTAD\ 🌗 Anarco-Capitalismo\ Hoppe - La Producción Privada de Defensa.pdf
" Hoppe - Monarquía, Democracia y Orden Natural.pdf","Monarquía, democracia y orden natural",Hans-Hermann Hoppe,meta,"   👀 TEMAS\    💛 LIBERTAD\ 🌗 Anarco-Capitalismo\ Hoppe - Monarquía, Democracia y Orden Natural.pdf"
 Hoppe - Seguros Privados.pdf,Seguros Privados,Hoppe,filename,   👀 TEMAS\    💛 LIBERTAD\ 🌗 Anarco-Capitalismo\ Hoppe - Seguros Privados.pdf
 Hoppe - Una Teoría del Socialismo y el Capitalismo.pdf,Una teoría del socialismo y el capitalismo,Hans-Hermann Hoppe,meta,   👀 TEMAS\    💛 LIBERTAD\ 🌗 Anarco-Capitalismo\ Hoppe - Una Teoría del Socialismo y el Capitalismo.pdf
 Huemer - Una Sociedad Sin Autoridad.pdf,UNA SOCIEDAD SIN AUTORIDAD,tabito,page1,   👀 TEMAS\    💛 LIBERTAD\ 🌗 Anarco-Capitalismo\ Huemer - Una Sociedad Sin Autoridad.pdf
 Murphy - Guía políticamente incorrecta del capitalismo.pdf,Guía políticamente incorrecta del capitalismo,Mario,filename,   👀 TEMAS\    💛 LIBERTAD\ 🌗 Anarco-Capitalismo\ Murphy - Guía políticamente incorrecta del capitalismo.pdf
 Rothbard - El Manifiesto Libertario.pdf,El Manifiesto Libertario,Murray N. Rothbard,meta,   👀 TEMAS\    💛 LIBERTAD\ 🌗 Anarco-Capitalismo\ Rothbard - El Manifiesto Libertario.pdf
Anarco-Capitalismo con Dibujitos - ElInventor.pdf,Las portadas son de maricones,Anarco-Capitalismo con Dibujitos,page1,   👀 TEMAS\    💛 LIBERTAD\ 🌗 Anarco-Capitalismo\Anarco-Capitalismo con Dibujitos - ElInventor.pdf
Anarcocapitalismo Slide.pdf,A ideologia que você precisa conhecer,,page1,   👀 TEMAS\    💛 LIBERTAD\ 🌗 Anarco-Capitalismo\Artículos\Anarcocapitalismo Slide.pdf
Anarcocapitalismo ¿Qué es_.pdf,▷ Anarcocapitalismo ¿Qué es?,,page1,   👀 TEMAS\    💛 LIBERTAD\ 🌗 Anarco-Capitalismo\Artículos\Anarcocapitalismo ¿Qué es_.pdf
Anarcocapitalismo. Enciclopedia del libertarismo.pdf,e1314909121642.jpg)El anarquismo es una teoría de la sociedad sin,,page1,   👀 TEMAS\    💛 LIBERTAD\ 🌗 Anarco-Capitalismo\Artículos\Anarcocapitalismo. Enciclopedia del libertarismo.pdf
Anarcocapitalismo.pdf,"Bandera aurinegra, símbolo del anarcocapitalismo.",,page1,   👀 TEMAS\    💛 LIBERTAD\ 🌗 Anarco-Capitalismo\Artículos\Anarcocapitalismo.pdf
Bordón - Liberalismo y Anarco-Capitalismo.pdf,Sin título-1,RibzeR,meta,   👀 TEMAS\    💛 LIBERTAD\ 🌗 Anarco-Capitalismo\Artículos\Bordón - Liberalismo y Anarco-Capitalismo.pdf
"Caplan - El equilibrio loco, de la democracia al anarcocapitalismo.pdf",El equilibrio loco: de la democracia al anarcocapitalismo — Bryan Caplan | by Libertad en Español | Medium,Caplan,meta,"   👀 TEMAS\    💛 LIBERTAD\ 🌗 Anarco-Capitalismo\Artículos\Caplan - El equilibrio loco, de la democracia al anarcocapitalismo.pdf"
Carreiro - ¿Qué es el Anarcocapitalismo_.pdf,¿QUÉ ES EL ANARCOCAPITALISMO_- Daniel R.Carreiro  Xoán de Lugo,RibzeR,meta,   👀 TEMAS\    💛 LIBERTAD\ 🌗 Anarco-Capitalismo\Artículos\Carreiro - ¿Qué es el Anarcocapitalismo_.pdf
Críticas anarcocapitalistas al anarcosocialismo.pdf,"e1335895835475.jpg)Odio la semántica, pero me siento obligado a",,page1,   👀 TEMAS\    💛 LIBERTAD\ 🌗 Anarco-Capitalismo\Artículos\Críticas anarcocapitalistas al anarcosocialismo.pdf
Cómo funcionaría la Anarquía - Lew Rockwell.pdf,LEW ROCKWELL ¿CÓMO FUNCIONARÍA,tabito,page1,   👀 TEMAS\    💛 LIBERTAD\ 🌗 Anarco-Capitalismo\Artículos\Cómo funcionaría la Anarquía - Lew Rockwell.pdf
Debate anarquismo-minarquismo_ Una distinción praxeológica-histórica.pdf,ac-e1327521403484.jpg)Reflexiones sobre la validez racional de la,,page1,   👀 TEMAS\    💛 LIBERTAD\ 🌗 Anarco-Capitalismo\Artículos\Debate anarquismo-minarquismo_ Una distinción praxeológica-histórica.pdf
El Equipo-A y el anarcocapitalismo.pdf,content/uploads/2013/03/hannibal.jpg)El Equipo-A (en algunos,,page1,   👀 TEMAS\    💛 LIBERTAD\ 🌗 Anarco-Capitalismo\Artículos\El Equipo-A y el anarcocapitalismo.pdf
En defensa del anarquismo racional.pdf,PORTADA (HTTP://WWW.MISES.ORG.ES),,page1,   👀 TEMAS\    💛 LIBERTAD\ 🌗 Anarco-Capitalismo\Artículos\En defensa del anarquismo racional.pdf
Ferrari - Una perspectiva anarcocapitalista sintética sobre los bienes públicos.pdf,Published on Mises Institute (https://mises.org),Ferrari,page1,   👀 TEMAS\    💛 LIBERTAD\ 🌗 Anarco-Capitalismo\Artículos\Ferrari - Una perspectiva anarcocapitalista sintética sobre los bienes públicos.pdf
Gordon - Anarcocapitalistas contra Ayn Rand.pdf,Published on Mises Institute (https://mises.org),Gordon,page1,   👀 TEMAS\    💛 LIBERTAD\ 🌗 Anarco-Capitalismo\Artículos\Gordon - Anarcocapitalistas contra Ayn Rand.pdf
Gordon - ¿Es incoherente el anarcocapitalismo_.pdf,Published on Mises Institute (https://mises.org),Gordon,page1,   👀 TEMAS\    💛 LIBERTAD\ 🌗 Anarco-Capitalismo\Artículos\Gordon - ¿Es incoherente el anarcocapitalismo_.pdf
Hoppe - La Idea de una Sociedad de Derecho Privado.pdf,Por Hans Hermann Hoppe,Nskinsella,page1,   👀 TEMAS\    💛 LIBERTAD\ 🌗 Anarco-Capitalismo\Artículos\Hoppe - La Idea de una Sociedad de Derecho Privado.pdf
Humectress - Construyendo el puente_ 21 enseñanzas que dejan las discusiones con anarcosocialistas.pdf,e1335895835475.jpg)Tratar de comunicarse con los anarcosocialistas,Humectress,page1,   👀 TEMAS\    💛 LIBERTAD\ 🌗 Anarco-Capitalismo\Artículos\Humectress - Construyendo el puente_ 21 enseñanzas que dejan las discusiones con anarcosocialistas.pdf
Introducción al anarcocapitalismo.pdf,[Este artículo es un extracto de una conferencia del Club,,page1,   👀 TEMAS\    💛 LIBERTAD\ 🌗 Anarco-Capitalismo\Artículos\Introducción al anarcocapitalismo.pdf
Jan Narveson ¿Será el anarcocapitalismo la solución_ (J.T. Capablancka).pdf,El estado democrático moderno es enemigo de la libertad. – Jan,J.T. Capablancka,page1,   👀 TEMAS\    💛 LIBERTAD\ 🌗 Anarco-Capitalismo\Artículos\Jan Narveson ¿Será el anarcocapitalismo la solución_ (J.T. Capablancka).pdf
Justicia en el anarcocapitalismo.pdf,Aurinegro-e1312869910302.jpg)Estaba discutiendo con algunos,,page1,   👀 TEMAS\    💛 LIBERTAD\ 🌗 Anarco-Capitalismo\Artículos\Justicia en el anarcocapitalismo.pdf
Kinsella - Lo que significa ser anarcocapitalista(1).pdf,Lo que significa ser anarcocapitalista,Kinsella,page1,   👀 TEMAS\    💛 LIBERTAD\ 🌗 Anarco-Capitalismo\Artículos\Kinsella - Lo que significa ser anarcocapitalista(1).pdf
Kinsella - Lo que Significa ser Anarcocapitalista.pdf,Published on Mises Institute (https://mises.org),Kinsella,page1,   👀 TEMAS\    💛 LIBERTAD\ 🌗 Anarco-Capitalismo\Artículos\Kinsella - Lo que Significa ser Anarcocapitalista.pdf
La anarquía no es caos - David Friedman.pdf,-DAVID FRIEDMAN- ANARQUÍA NO ES CAOS,tabito,page1,   👀 TEMAS\    💛 LIBERTAD\ 🌗 Anarco-Capitalismo\Artículos\La anarquía no es caos - David Friedman.pdf
Landa - La libertad económica como símbolo de anarquía.pdf,"“En otras palabras, creemos que el capitalismo es la máxima expresión del",Landa,page1,   👀 TEMAS\    💛 LIBERTAD\ 🌗 Anarco-Capitalismo\Artículos\Landa - La libertad económica como símbolo de anarquía.pdf
Mauad - Por qué me convertí en un anarcocapitalista.pdf,"capitalism-e1377736064707.jpg)Antes de nada, debo aclarar que",Mauad,page1,   👀 TEMAS\    💛 LIBERTAD\ 🌗 Anarco-Capitalismo\Artículos\Mauad - Por qué me convertí en un anarcocapitalista.pdf
Morán - ¿Qué es el anarcocapitalismo_.pdf,"e1517722775228.jpg)Si estas de acuerdo con la libertad, paz, justicia y",Morán,page1,   👀 TEMAS\    💛 LIBERTAD\ 🌗 Anarco-Capitalismo\Artículos\Morán - ¿Qué es el anarcocapitalismo_.pdf
"Policía, Tribunales y Leyes en el Mercado - David Friedman.pdf","POLICÍA, TRIBUNALES Y LEYES EN EL",tabito,page1,"   👀 TEMAS\    💛 LIBERTAD\ 🌗 Anarco-Capitalismo\Artículos\Policía, Tribunales y Leyes en el Mercado - David Friedman.pdf"
Rosell - La solución económica es el anarcocapitalismo.pdf,content/uploads/2015/07/el_exito.jpg)Muchas personas al leer el,Rosell,page1,   👀 TEMAS\    💛 LIBERTAD\ 🌗 Anarco-Capitalismo\Artículos\Rosell - La solución económica es el anarcocapitalismo.pdf
Block - Defendiendo lo indefendible I.pdf,Defendiendo lo indefendible,Walter Block,meta,   👀 TEMAS\    💛 LIBERTAD\ 🌗 Anarco-Capitalismo\Block - Defendiendo lo indefendible I.pdf
Bordón - El liberalismo_ Una Guia de Acción Juvenil.pdf,El liberalismo: Una guía de acción para la juventud (Spanish Edition),Jorge López,meta,   👀 TEMAS\    💛 LIBERTAD\ 🌗 Anarco-Capitalismo\Bordón - El liberalismo_ Una Guia de Acción Juvenil.pdf
"Carreiro, Daniel - Introducción al Anarcocapitalismo.pdf",Intro al anarcocapitalismo,Melanie Rocio Giordano Cuevas,meta,"   👀 TEMAS\    💛 LIBERTAD\ 🌗 Anarco-Capitalismo\Carreiro, Daniel - Introducción al Anarcocapitalismo.pdf"
El Mercado para la Libertad - Linda y Morris Tannehill.pdf,El mercado para la libertad (Spanish Edition),Morris Tannehill & Linda Tannehill,meta,   👀 TEMAS\    💛 LIBERTAD\ 🌗 Anarco-Capitalismo\El Mercado para la Libertad - Linda y Morris Tannehill.pdf
"Gómez - Libertarismo, Justicia y Seguridad.pdf",MAY · KIRTCHEV · BARLOW · NAKAMOTO RECOPILACIÓN POR SIMÓN OCA,Gómez,page1,"   👀 TEMAS\    💛 LIBERTAD\ 🌗 Anarco-Capitalismo\Gómez - Libertarismo, Justicia y Seguridad.pdf"
Huerta - Dios y el Anarco-Capitalismo.pdf,Dios y el Anarco-Capitalismo,Huerta,filename,   👀 TEMAS\    💛 LIBERTAD\ 🌗 Anarco-Capitalismo\Huerta - Dios y el Anarco-Capitalismo.pdf
Huerta - Liberalismo Vs. Anarcocapitalismo.pdf,MAY · KIRTCHEV · BARLOW · NAKAMOTO RECOPILACIÓN POR SIMÓN OCA,Huerta,page1,   👀 TEMAS\    💛 LIBERTAD\ 🌗 Anarco-Capitalismo\Huerta - Liberalismo Vs. Anarcocapitalismo.pdf
J.M.Oliver - Capitalismo Voluntarista.PDF,ANARCOCAPITALISMO CAPITALISMO/VOLUNTARISMO,tabito,page1,   👀 TEMAS\    💛 LIBERTAD\ 🌗 Anarco-Capitalismo\J.M.Oliver - Capitalismo Voluntarista.PDF
J.M.Oliver - El Nuevo Libertarianismo Anarcocapitalista.PDF,El Nuevo Libertarianismo Anarcocapitalista,Icecream PDF Converter,filename,   👀 TEMAS\    💛 LIBERTAD\ 🌗 Anarco-Capitalismo\J.M.Oliver - El Nuevo Libertarianismo Anarcocapitalista.PDF
Quispe - Descubriendo ¿Qué es el Anarcocapitalismo_.pdf,Descubriendo ¿Qué es el Anarcocapitalismo,Quispe,filename,   👀 TEMAS\    💛 LIBERTAD\ 🌗 Anarco-Capitalismo\Quispe - Descubriendo ¿Qué es el Anarcocapitalismo_.pdf
Rachels - Un Orden Espontaneo.PDF,Un orden espontáneo: El caso capitalista de una sociedad sin Estado,Christopher Chase Rachels,meta,   👀 TEMAS\    💛 LIBERTAD\ 🌗 Anarco-Capitalismo\Rachels - Un Orden Espontaneo.PDF
Capella - Libertad.pdf,Libertad,Capella,filename,   👀 TEMAS\    💛 LIBERTAD\Capella - Libertad.pdf
La República de Cospaia_ una ciudad anarquista del Renacimiento (1).pdf,Published on Mises Institute (https://mises.org),,page1,   👀 TEMAS\    💛 LIBERTAD\La República de Cospaia_ una ciudad anarquista del Renacimiento (1).pdf
Libertario en 30 días.pdf,30 Lecturas Sobre Libertarianismo,Varios Libertarios,meta,   👀 TEMAS\    💛 LIBERTAD\Libertario en 30 días.pdf
Malice - El Manual Anarquista.pdf,MAY · KIRTCHEV · BARLOW · NAKAMOTO RECOPILACIÓN POR SIMÓN OCAMPO,Malice,page1,   👀 TEMAS\    💛 LIBERTAD\Malice - El Manual Anarquista.pdf
 Capella - Ética.pdf,Ética,Capella,filename,   👀 TEMAS\    💛 LIBERTAD\⚖️ Ética y Moral\ Capella - Ética.pdf
 Hoppe - La Ética de la Argumentación.pdf,LA ÉTICA DE LA ARGUMENTACIÓN,tabito,page1,   👀 TEMAS\    💛 LIBERTAD\⚖️ Ética y Moral\ Hoppe - La Ética de la Argumentación.pdf
 La Moralidad del Capitalismo ¿Puede el mercado ser libre y justo a la vez_.pdf,La Moralidad del Capitalismo ¿Puede el mercado ser libre y justo a la vez,,filename,   👀 TEMAS\    💛 LIBERTAD\⚖️ Ética y Moral\ La Moralidad del Capitalismo ¿Puede el mercado ser libre y justo a la vez_.pdf
 Ética General (Ángel Rodríguez Luño).pdf,Ãtica general (6a. ed.),"RodrÃ­guez LuÃ±o, Ãngel(Author)",meta,   👀 TEMAS\    💛 LIBERTAD\⚖️ Ética y Moral\ Ética General (Ángel Rodríguez Luño).pdf
50 cosas que hay que saber sobre ética.pdf,COSAS QUE HAY QUE,,page1,   👀 TEMAS\    💛 LIBERTAD\⚖️ Ética y Moral\50 cosas que hay que saber sobre ética.pdf
Block - Defendiendo la Discriminación.pdf,Defendiendo la Discriminación,Block,filename,   👀 TEMAS\    💛 LIBERTAD\⚖️ Ética y Moral\Block - Defendiendo la Discriminación.pdf
Capella - Filosofía Moral y Jurídica.pdf,Filosofía Moral y Jurídica,Capella,filename,   👀 TEMAS\    💛 LIBERTAD\⚖️ Ética y Moral\Capella - Filosofía Moral y Jurídica.pdf
Capella - Suicidio y Eutanasia.pdf,Suicidio y Eutanasia,Capella,filename,   👀 TEMAS\    💛 LIBERTAD\⚖️ Ética y Moral\Capella - Suicidio y Eutanasia.pdf
Caplan - Relativismo moral y fanatismo moral.pdf,Relativismo moral y fanatismo moral — Bryan Caplan | by Libertad en Español | Medium,Caplan,meta,   👀 TEMAS\    💛 LIBERTAD\⚖️ Ética y Moral\Caplan - Relativismo moral y fanatismo moral.pdf
Caplan - ¿Qué hay de malo con la venganza_.pdf,¿Qué hay de malo con la venganza? — Bryan Caplan | by Libertad en Español | Medium,Caplan,meta,   👀 TEMAS\    💛 LIBERTAD\⚖️ Ética y Moral\Caplan - ¿Qué hay de malo con la venganza_.pdf
Fernando Claro - Los limites morales del mercado.pdf,Los límites,Fernando Claro,page1,   👀 TEMAS\    💛 LIBERTAD\⚖️ Ética y Moral\Fernando Claro - Los limites morales del mercado.pdf
Huemer - ¿Son amorales los humanos_.pdf,¿Son amorales los humanos? — Michael Huemer | by Libertad en Español | Medium,Huemer,meta,   👀 TEMAS\    💛 LIBERTAD\⚖️ Ética y Moral\Huemer - ¿Son amorales los humanos_.pdf
Huerta - Ética Capitalista.pdf,Ética Capitalista,Huerta,filename,   👀 TEMAS\    💛 LIBERTAD\⚖️ Ética y Moral\Huerta - Ética Capitalista.pdf
La metaética puesta a punto.pdf,La metaética,,page1,   👀 TEMAS\    💛 LIBERTAD\⚖️ Ética y Moral\La metaética puesta a punto.pdf
"Lecciones de filosofía moral (Miriam M. S. de Madureira, Maximiliano Martínez).pdf",Lecciones de filosofía moral,"Miriam M. S. de Madureira, Maximiliano Martínez",filename,"   👀 TEMAS\    💛 LIBERTAD\⚖️ Ética y Moral\Lecciones de filosofía moral (Miriam M. S. de Madureira, Maximiliano Martínez).pdf"
 Introducción a la Filosofía Moral.pdf,Introducción a la Filosofía Moral,,filename,   👀 TEMAS\    💛 LIBERTAD\⚖️ Ética y Moral\Temas Éticos Varios\  General\ Introducción a la Filosofía Moral.pdf
 Los fundamentos de la moral - Henry Hazlitt.pdf,Los fundamentos de la moral,Henry Hazlitt,meta,   👀 TEMAS\    💛 LIBERTAD\⚖️ Ética y Moral\Temas Éticos Varios\  General\ Los fundamentos de la moral - Henry Hazlitt.pdf
 Moral Matters - Jan Narveson.pdf,next page >,Moral Matters,page1,   👀 TEMAS\    💛 LIBERTAD\⚖️ Ética y Moral\Temas Éticos Varios\  General\ Moral Matters - Jan Narveson.pdf
Benson - Las Instituciones y la Evolución Espontánea de la Moralidad.pdf,Las instituciones,Galilei,meta,   👀 TEMAS\    💛 LIBERTAD\⚖️ Ética y Moral\Temas Éticos Varios\  General\Benson - Las Instituciones y la Evolución Espontánea de la Moralidad.pdf
Block - Defendiendo al _Gentrificador_.pdf,Published on Mises Institute (https://mises.org),Block,page1,   👀 TEMAS\    💛 LIBERTAD\⚖️ Ética y Moral\Temas Éticos Varios\  General\Block - Defendiendo al _Gentrificador_.pdf
Block - Defendiendo al avaro.pdf,Published on Mises Institute (https://mises.org),Block,page1,   👀 TEMAS\    💛 LIBERTAD\⚖️ Ética y Moral\Temas Éticos Varios\  General\Block - Defendiendo al avaro.pdf
Block - Defendiendo al chantajista.pdf,Defendiendo al chantajista,Block,page1,   👀 TEMAS\    💛 LIBERTAD\⚖️ Ética y Moral\Temas Éticos Varios\  General\Block - Defendiendo al chantajista.pdf
Block - Defendiendo al Especulador.pdf,DEFENDIENDO ESPECULADOR,Block,page1,   👀 TEMAS\    💛 LIBERTAD\⚖️ Ética y Moral\Temas Éticos Varios\  General\Block - Defendiendo al Especulador.pdf
Block - Defendiendo lo Indefendible II.pdf,Defendiendo lo Indefendible II Libertad en todos los ámbitos,Walter Block,meta,   👀 TEMAS\    💛 LIBERTAD\⚖️ Ética y Moral\Temas Éticos Varios\  General\Block - Defendiendo lo Indefendible II.pdf
Block - Defendiendo lo indefendible.pdf,Defendiendo lo indefendible,Walter Block,meta,   👀 TEMAS\    💛 LIBERTAD\⚖️ Ética y Moral\Temas Éticos Varios\  General\Block - Defendiendo lo indefendible.pdf
Block - En defensa del especulador.pdf,Published on Mises Institute (https://mises.org),Block,page1,   👀 TEMAS\    💛 LIBERTAD\⚖️ Ética y Moral\Temas Éticos Varios\  General\Block - En defensa del especulador.pdf
Declaracion sobre Libertarismo y Moralidad.pdf,Declaración de 2021 sobre,ewfl2,page1,   👀 TEMAS\    💛 LIBERTAD\⚖️ Ética y Moral\Temas Éticos Varios\  General\Declaracion sobre Libertarismo y Moralidad.pdf
Gordon - Nozick sobre moralidad y evolución.pdf,Published on Mises Institute (https://mises.org),Gordon,page1,   👀 TEMAS\    💛 LIBERTAD\⚖️ Ética y Moral\Temas Éticos Varios\  General\Gordon - Nozick sobre moralidad y evolución.pdf
Hayek - Nuestra Herencia Moral.pdf,"Para el Centro de Divulgación del Conocimiento Económico, A.C. es",Coordinación,page1,   👀 TEMAS\    💛 LIBERTAD\⚖️ Ética y Moral\Temas Éticos Varios\  General\Hayek - Nuestra Herencia Moral.pdf
Huerta - Hayek y la moral.pdf,F.A. HAYEK (1899-1992): UNA SEMBLANZA MORAL,Huerta,page1,   👀 TEMAS\    💛 LIBERTAD\⚖️ Ética y Moral\Temas Éticos Varios\  General\Huerta - Hayek y la moral.pdf
Hülsman - ¿Qué causa riesgo moral_.pdf,Published on Mises Institute (https://mises.org),Hülsman,page1,   👀 TEMAS\    💛 LIBERTAD\⚖️ Ética y Moral\Temas Éticos Varios\  General\Hülsman - ¿Qué causa riesgo moral_.pdf
Rothbard - La ética de los boicots.pdf,Published on Mises Institute (https://mises.org),Rothbard,page1,   👀 TEMAS\    💛 LIBERTAD\⚖️ Ética y Moral\Temas Éticos Varios\  General\Rothbard - La ética de los boicots.pdf
Rothbard - La ética del soborno.pdf,Published on Mises Institute (https://mises.org),Rothbard,page1,   👀 TEMAS\    💛 LIBERTAD\⚖️ Ética y Moral\Temas Éticos Varios\  General\Rothbard - La ética del soborno.pdf
Block - Evicitionism_ The compromise solution to the pro-life pro-choice debate controversy.pdf,Walter E. Block,Block,page1,   👀 TEMAS\    💛 LIBERTAD\⚖️ Ética y Moral\Temas Éticos Varios\Aborto\Block - Evicitionism_ The compromise solution to the pro-life pro-choice debate controversy.pdf
Debate sobre el aborto en el libertarismo.pdf,Debate sobre el aborto en el,,page1,   👀 TEMAS\    💛 LIBERTAD\⚖️ Ética y Moral\Temas Éticos Varios\Aborto\Debate sobre el aborto en el libertarismo.pdf
Descentralización_ la ley de Iowa ofrece una _opción_ real en las leyes de aborto.pdf,"Descentralización: la ley de Iowa ofrece una ""opción"" real en las leyes de aborto | Mises Institute",,meta,   👀 TEMAS\    💛 LIBERTAD\⚖️ Ética y Moral\Temas Éticos Varios\Aborto\Descentralización_ la ley de Iowa ofrece una _opción_ real en las leyes de aborto.pdf
El control federal de las leyes de aborto es colonialismo moderno.pdf,El control federal de las leyes de aborto es colonialismo moderno | Mises Institute,,meta,   👀 TEMAS\    💛 LIBERTAD\⚖️ Ética y Moral\Temas Éticos Varios\Aborto\El control federal de las leyes de aborto es colonialismo moderno.pdf
El último deseo de los no nacidos_ el aborto de la Fed.pdf,El último deseo de los no nacidos: el aborto de la Fed | Mises Institute,,meta,   👀 TEMAS\    💛 LIBERTAD\⚖️ Ética y Moral\Temas Éticos Varios\Aborto\El último deseo de los no nacidos_ el aborto de la Fed.pdf
Giacomini - Libertad y Aborto.pdf,Derecho Natural - Giaco,RibzeR,meta,   👀 TEMAS\    💛 LIBERTAD\⚖️ Ética y Moral\Temas Éticos Varios\Aborto\Giacomini - Libertad y Aborto.pdf
Gouzien - ¿Llevarán los derechos de aborto a la secesión en los EUA_.pdf,Published on Mises Institute (https://mises.org),Gouzien,page1,   👀 TEMAS\    💛 LIBERTAD\⚖️ Ética y Moral\Temas Éticos Varios\Aborto\Gouzien - ¿Llevarán los derechos de aborto a la secesión en los EUA_.pdf
Hoppe - Rothbard y el aborto.pdf,This is an excerpt from Hans-Hermann Hoppe’s foreword to,Hoppe,page1,   👀 TEMAS\    💛 LIBERTAD\⚖️ Ética y Moral\Temas Éticos Varios\Aborto\Hoppe - Rothbard y el aborto.pdf
Huemer - El aborto es un tema difícil.pdf,El aborto es un tema difícil — Michael Huemer | by Libertad en Español | Medium,Huemer,meta,   👀 TEMAS\    💛 LIBERTAD\⚖️ Ética y Moral\Temas Éticos Varios\Aborto\Huemer - El aborto es un tema difícil.pdf
McMaken - Acabar con Roe v. Wade_ es hora de desfederalizar la política del aborto.pdf,Acabar con Roe v. Wade: es hora de desfederalizar la política del aborto | Mises Institute,McMaken,meta,   👀 TEMAS\    💛 LIBERTAD\⚖️ Ética y Moral\Temas Éticos Varios\Aborto\McMaken - Acabar con Roe v. Wade_ es hora de desfederalizar la política del aborto.pdf
Narveson - Resolviendo el debate sobre libertarismo y aborto.pdf,"e1625242539359.png)Mark Friedman, en su generalmente excelente",Narveson,page1,   👀 TEMAS\    💛 LIBERTAD\⚖️ Ética y Moral\Temas Éticos Varios\Aborto\Narveson - Resolviendo el debate sobre libertarismo y aborto.pdf
Rothbard - La cuestión del aborto y la descentralización radical.pdf,La cuestión del aborto y la descentralización radical - Centro Mises (Mises Hispano) Centro Mises (Mises Hispano),Rothbard,meta,   👀 TEMAS\    💛 LIBERTAD\⚖️ Ética y Moral\Temas Éticos Varios\Aborto\Rothbard - La cuestión del aborto y la descentralización radical.pdf
Trump tiene razón sobre el aborto y Lindsey Graham se equivoca.pdf,Trump tiene razón sobre el aborto y Lindsey Graham se equivoca | Mises Institute,,meta,   👀 TEMAS\    💛 LIBERTAD\⚖️ Ética y Moral\Temas Éticos Varios\Aborto\Trump tiene razón sobre el aborto y Lindsey Graham se equivoca.pdf
Una lectura liberal a favor del aborto.pdf,Una lectura liberal a favor del aborto | elcato.org,,meta,   👀 TEMAS\    💛 LIBERTAD\⚖️ Ética y Moral\Temas Éticos Varios\Aborto\Una lectura liberal a favor del aborto.pdf
 Huemer - Dialogues On Ethical Vegetarianism.pdf,Dialogues on Ethical Vegetarianism,"Huemer, Michael;",meta,   👀 TEMAS\    💛 LIBERTAD\⚖️ Ética y Moral\Temas Éticos Varios\Animales\ Huemer - Dialogues On Ethical Vegetarianism.pdf
Rothbard - Los derechos de los animales.pdf,Published on Mises Institute (https://mises.org),Rothbard,page1,   👀 TEMAS\    💛 LIBERTAD\⚖️ Ética y Moral\Temas Éticos Varios\Animales\Rothbard - Los derechos de los animales.pdf
Block - Defendiendo el Chantaje.pdf,Sin título-1,RibzeR,meta,   👀 TEMAS\    💛 LIBERTAD\⚖️ Ética y Moral\Temas Éticos Varios\Block - Defendiendo el Chantaje.pdf
Block - Sexo.pdf,S E X O,tabito,page1,   👀 TEMAS\    💛 LIBERTAD\⚖️ Ética y Moral\Temas Éticos Varios\Block - Sexo.pdf
A liberal argument for slavery.pdf,A Liberal Argument for Slavery,Crystal,meta,   👀 TEMAS\    💛 LIBERTAD\⚖️ Ética y Moral\Temas Éticos Varios\Esclavismo Voluntario\A liberal argument for slavery.pdf
Block - Rejoinder to Kinsella on Ownership and The Voluntary Slave Contract.pdf,21_01,WBlock,meta,   👀 TEMAS\    💛 LIBERTAD\⚖️ Ética y Moral\Temas Éticos Varios\Esclavismo Voluntario\Block - Rejoinder to Kinsella on Ownership and The Voluntary Slave Contract.pdf
Frederick - Voluntary Slavery.pdf,Voluntary Slavery1,Diego Peychaux,page1,   👀 TEMAS\    💛 LIBERTAD\⚖️ Ética y Moral\Temas Éticos Varios\Esclavismo Voluntario\Frederick - Voluntary Slavery.pdf
"Lüdy - Liberalismo y Aborto, Irreconciliables.pdf",MAY · KIRTCHEV · BARLOW · NAKAMOTO RECOPILACIÓN POR SIMÓN OCAMPO,Lüdy,page1,"   👀 TEMAS\    💛 LIBERTAD\⚖️ Ética y Moral\Temas Éticos Varios\Lüdy - Liberalismo y Aborto, Irreconciliables.pdf"
"Alex Tabarrok - Impuestos a la Herencia, Teoría, Historia y Ética.pdf",Impuestos mortales:,Juan C. Cachanosky,meta,"   👀 TEMAS\    💛 LIBERTAD\⚖️ Ética y Moral\Temas Éticos Varios\Mercado\Alex Tabarrok - Impuestos a la Herencia, Teoría, Historia y Ética.pdf"
Bruce Benson - Las Instituciones y la Evolución Espontánea de la Moralidad.pdf,Las instituciones,Galilei,meta,   👀 TEMAS\    💛 LIBERTAD\⚖️ Ética y Moral\Temas Éticos Varios\Mercado\Bruce Benson - Las Instituciones y la Evolución Espontánea de la Moralidad.pdf
Hoppe - La ética del emprendimiento y el lucro.pdf,Published on Mises Institute (https://mises.org),Hoppe,page1,   👀 TEMAS\    💛 LIBERTAD\⚖️ Ética y Moral\Temas Éticos Varios\Mercado\Hoppe - La ética del emprendimiento y el lucro.pdf
Kirzner - Ciencia y Moralidad del Capitalismo.pdf,"Año: 38, Marzo 1996 No. 815",End User,page1,   👀 TEMAS\    💛 LIBERTAD\⚖️ Ética y Moral\Temas Éticos Varios\Mercado\Kirzner - Ciencia y Moralidad del Capitalismo.pdf
Rothbard - El problema de las elecciones inmorales en el mercado.pdf,Published on Mises Institute (https://mises.org),Rothbard,page1,   👀 TEMAS\    💛 LIBERTAD\⚖️ Ética y Moral\Temas Éticos Varios\Mercado\Rothbard - El problema de las elecciones inmorales en el mercado.pdf
Sobre la justificación última de la ética de la Propieda - Hoppe.pdf,Sobre la justificación definitiva,George,page1,   👀 TEMAS\    💛 LIBERTAD\⚖️ Ética y Moral\Temas Éticos Varios\Mercado\Sobre la justificación última de la ética de la Propieda - Hoppe.pdf
Capital erótico El poder de fascinar a .pdf,Capital erótico: El poder de fascinar a los demás,Catherine Hakim,meta,   👀 TEMAS\    💛 LIBERTAD\⚖️ Ética y Moral\Temas Éticos Varios\Sexo\Capital erótico El poder de fascinar a .pdf
Singer - Liberación Animal.pdf,"(Microsoft Word - Singer, Peter - Liberaci\363n animal.doc)",Nael,meta,   👀 TEMAS\    💛 LIBERTAD\⚖️ Ética y Moral\Temas Éticos Varios\Singer - Liberación Animal.pdf
The Economics of the Baby Shortage.pdf,The Economics of the Baby Shortage,,meta,   👀 TEMAS\    💛 LIBERTAD\⚖️ Ética y Moral\Temas Éticos Varios\Venta de niños\The Economics of the Baby Shortage.pdf
  Statism and the Economy (Jesús Huerta de Soto).pdf,Statism and the Economy: The Deadliest Virus,"Huerta de Soto, Jesús",meta,   👀 TEMAS\   🏛️ ESTATISMO\  Statism and the Economy (Jesús Huerta de Soto).pdf
  The Tyranny of Gun Control.pdf,The Tyranny of Gun Control,,meta,   👀 TEMAS\   🏛️ ESTATISMO\  The Tyranny of Gun Control.pdf
 Briceño - Globalismo.pdf,Globalismo,Briceño,filename,   👀 TEMAS\   🏛️ ESTATISMO\ Briceño - Globalismo.pdf
 DiLorenzo - Crimen Organizado.pdf,CRIMEN ORGANIZADO,Jaime Fuentes,page1,   👀 TEMAS\   🏛️ ESTATISMO\ DiLorenzo - Crimen Organizado.pdf
 El Autoestrangulamiento del Estado - Marcos G. D.pdf,"El AUTOESTRANGULAMIENTO del estado de bienestar : Análisis, metodologías y alternativas tecnológicas a un modelo hipergestionado por la industria política (Spanish Edition)",Marcos G. D.,meta,   👀 TEMAS\   🏛️ ESTATISMO\ El Autoestrangulamiento del Estado - Marcos G. D.pdf
 Hoppe - Economía del Gobierno Mundial.pdf,Economía del Gobierno Mundial,Hoppe,filename,   👀 TEMAS\   🏛️ ESTATISMO\ Hoppe - Economía del Gobierno Mundial.pdf
 Hoppe - Imposibilidad del Gobierno Limitado.pdf,Imposibilidad del Gobierno Limitado,Hoppe,filename,   👀 TEMAS\   🏛️ ESTATISMO\ Hoppe - Imposibilidad del Gobierno Limitado.pdf
" Huerta - Socialismo, Calculo Económico y función Empresarial.pdf",01-Prefacio_3a.pmd,JUAN,meta,"   👀 TEMAS\   🏛️ ESTATISMO\ Huerta - Socialismo, Calculo Económico y función Empresarial.pdf"
 J. Tucker - Milagros del sector privado y crímenes del sector público.pdf,It's a Jetsons World: Private Miracles and Public Crimes,Jeffrey Tucker,meta,   👀 TEMAS\   🏛️ ESTATISMO\ J. Tucker - Milagros del sector privado y crímenes del sector público.pdf
 Jay Nock - Nuestro Enemigo Estado.pdf,NUESTRO ENEMIGO EL ESTADO NUESTRO ENEMIGO EL ESTADO,George,page1,   👀 TEMAS\   🏛️ ESTATISMO\ Jay Nock - Nuestro Enemigo Estado.pdf
 La Gran Ficción - Hoppe.pdf,"LA GRAN FICCIÓN: Propiedad, economía, sociedad y la política del declive",Hans Hermann-Hoppe,meta,   👀 TEMAS\   🏛️ ESTATISMO\ La Gran Ficción - Hoppe.pdf
 Mises - El Socialismo_ Análisis Económico y Sociologico.pdf,00bInd07,Mises,meta,   👀 TEMAS\   🏛️ ESTATISMO\ Mises - El Socialismo_ Análisis Económico y Sociologico.pdf
 Molinari - Guerra y Competencia entre Estados.pdf,Guerra y Competencia entre Estados,Molinari,filename,   👀 TEMAS\   🏛️ ESTATISMO\ Molinari - Guerra y Competencia entre Estados.pdf
" Ogstad - Hombre, Estado, y Libertad.pdf","Hombre, Estado, y Libertad (Spanish Edition)",Brian J. Ogstad,meta,"   👀 TEMAS\   🏛️ ESTATISMO\ Ogstad - Hombre, Estado, y Libertad.pdf"
 Rockwell - Contra el Estado_ Un Manifiesto Anarcocapitalismo.pdf,Contra el Estado_ Un Manifiesto Anarcocapitalismo,Rockwell,filename,   👀 TEMAS\   🏛️ ESTATISMO\ Rockwell - Contra el Estado_ Un Manifiesto Anarcocapitalismo.pdf
 Sandh - Caballo de Libertaria.pdf,Caballo de Libertaria,Sandh,filename,   👀 TEMAS\   🏛️ ESTATISMO\ Sandh - Caballo de Libertaria.pdf
" The CIA, Terrorism, and the Cold War The Evil of the National Security State (Jacob Hornberger).pdf","The CIA, Terrorism, and the Cold War",Jacob Hornberger,meta,"   👀 TEMAS\   🏛️ ESTATISMO\ The CIA, Terrorism, and the Cold War The Evil of the National Security State (Jacob Hornberger).pdf"
 The War on Drugs Is a War on Freedom (Laurence Vance).pdf,The War on Drugs Is a War on Freedom,Laurence Vance,filename,   👀 TEMAS\   🏛️ ESTATISMO\ The War on Drugs Is a War on Freedom (Laurence Vance).pdf
 Caplan - El Mito del Votante Racional.pdf,El Mito del Votante Racional,Caplan,filename,   👀 TEMAS\   🏛️ ESTATISMO\ Tipos de Estatismos\ 🗳️ Democracia\ Caplan - El Mito del Votante Racional.pdf
Albert Otto Hirschman - Retóricas de la Intransigencia.pdf,Revisia de Economía Aplicada,Albert Otto Hirschman,page1,   👀 TEMAS\   🏛️ ESTATISMO\ Tipos de Estatismos\ 🗳️ Democracia\Artículos\Albert Otto Hirschman - Retóricas de la Intransigencia.pdf
Bovard - ¿Los mitos de la democracia condenarán la libertad_.pdf,Published on Mises Institute (https://mises.org),Bovard,page1,   👀 TEMAS\   🏛️ ESTATISMO\ Tipos de Estatismos\ 🗳️ Democracia\Artículos\Bovard - ¿Los mitos de la democracia condenarán la libertad_.pdf
Democracia apuntes.pdf,Bien Mal,,page1,   👀 TEMAS\   🏛️ ESTATISMO\ Tipos de Estatismos\ 🗳️ Democracia\Artículos\Democracia apuntes.pdf
El camino de la democracia a la tiranía.pdf,El camino de la democracia a la tiranía,,page1,   👀 TEMAS\   🏛️ ESTATISMO\ Tipos de Estatismos\ 🗳️ Democracia\Artículos\El camino de la democracia a la tiranía.pdf
"Gordon - La democracia es coercitiva, sin importar lo que digan los «republicanos cívicos».pdf",Published on Mises Institute (https://mises.org),Gordon,page1,"   👀 TEMAS\   🏛️ ESTATISMO\ Tipos de Estatismos\ 🗳️ Democracia\Artículos\Gordon - La democracia es coercitiva, sin importar lo que digan los «republicanos cívicos».pdf"
Gordon - Mises y Rothbard sobre la democracia.pdf,Published on Mises Institute (https://mises.org),Gordon,page1,   👀 TEMAS\   🏛️ ESTATISMO\ Tipos de Estatismos\ 🗳️ Democracia\Artículos\Gordon - Mises y Rothbard sobre la democracia.pdf
Harper - Democracia y Libertad.pdf,Published on Mises Institute (https://mises.org),Harper,page1,   👀 TEMAS\   🏛️ ESTATISMO\ Tipos de Estatismos\ 🗳️ Democracia\Artículos\Harper - Democracia y Libertad.pdf
Hoppe - Problemas de la democracia.pdf,Hans-Hermann Hoppe,Sergio Rosenberg,page1,   👀 TEMAS\   🏛️ ESTATISMO\ Tipos de Estatismos\ 🗳️ Democracia\Artículos\Hoppe - Problemas de la democracia.pdf
Horacio Spector - Tres problemas de la democracia.pdf,TRES PROBLEMAS PARA LA CONCEPCION HABERMASIANA DE LA,Horacio Spector,page1,   👀 TEMAS\   🏛️ ESTATISMO\ Tipos de Estatismos\ 🗳️ Democracia\Artículos\Horacio Spector - Tres problemas de la democracia.pdf
Robert Michels y las teorías elitista-competitivas de la Democracia.pdf,Rafael Caparrós Valderrama(*),,page1,   👀 TEMAS\   🏛️ ESTATISMO\ Tipos de Estatismos\ 🗳️ Democracia\Artículos\Robert Michels y las teorías elitista-competitivas de la Democracia.pdf
Hoppe - El Leviatán democrático.pdf,Published on Mises Institute (https://mises.org),Hoppe,page1,   👀 TEMAS\   🏛️ ESTATISMO\ Tipos de Estatismos\ 🗳️ Democracia\Hoppe - El Leviatán democrático.pdf
 Hayek - La Fatal Arrogancia.pdf,La Fatal Arrogancia,Hayek,filename,   👀 TEMAS\   🏛️ ESTATISMO\ Tipos de Estatismos\ 🪤 Socialismo\ Hayek - La Fatal Arrogancia.pdf
 Hoppe - Libertad o Socialismo.pdf,Hans-Hermann Hoppe,Hoppe,page1,   👀 TEMAS\   🏛️ ESTATISMO\ Tipos de Estatismos\ 🪤 Socialismo\ Hoppe - Libertad o Socialismo.pdf
 Rallo - Anti-Marx_ Crítica a la Economía Política Marxista.pdf,Anti-Marx (Deusto) (Spanish Edition),Juan Ramón Rallo,meta,   👀 TEMAS\   🏛️ ESTATISMO\ Tipos de Estatismos\ 🪤 Socialismo\ Rallo - Anti-Marx_ Crítica a la Economía Política Marxista.pdf
"Banks - ¿Quieres una sociedad socialista_ Primero, abandona tus esperanzas y sueños.pdf",Published on Mises Institute (https://mises.org),Banks,page1,"   👀 TEMAS\   🏛️ ESTATISMO\ Tipos de Estatismos\ 🪤 Socialismo\Artículos\Banks - ¿Quieres una sociedad socialista_ Primero, abandona tus esperanzas y sueños.pdf"
Block - El mal capitalismo y el buen socialismo.pdf,Published on Mises Institute (https://mises.org),Block,page1,   👀 TEMAS\   🏛️ ESTATISMO\ Tipos de Estatismos\ 🪤 Socialismo\Artículos\Block - El mal capitalismo y el buen socialismo.pdf
"Bylund - Prepárense para el debate sobre el cálculo socialista, de nuevo_.pdf",Published on Mises Institute (https://mises.org),Bylund,page1,"   👀 TEMAS\   🏛️ ESTATISMO\ Tipos de Estatismos\ 🪤 Socialismo\Artículos\Bylund - Prepárense para el debate sobre el cálculo socialista, de nuevo_.pdf"
Ebeling - Socialistas contra Sociedad Civil.pdf,Published on Mises Institute (https://mises.org),Ebeling,page1,   👀 TEMAS\   🏛️ ESTATISMO\ Tipos de Estatismos\ 🪤 Socialismo\Artículos\Ebeling - Socialistas contra Sociedad Civil.pdf
Godon - El argumento político de Hayek contra el socialismo.pdf,Published on Mises Institute (https://mises.org),Godon,page1,   👀 TEMAS\   🏛️ ESTATISMO\ Tipos de Estatismos\ 🪤 Socialismo\Artículos\Godon - El argumento político de Hayek contra el socialismo.pdf
Hoppe - El Socialismo de Ingeniería Social y Los Fundamentos del Análisis Económico.pdf,EL SOCIALISMO DE INGENIERÍA SOCIAL Y LOS FUNDAMENTOS DEL ANÁLISIS,DNT,page1,   👀 TEMAS\   🏛️ ESTATISMO\ Tipos de Estatismos\ 🪤 Socialismo\Artículos\Hoppe - El Socialismo de Ingeniería Social y Los Fundamentos del Análisis Económico.pdf
Hoppe - La fachada intelectual para el socialismo.pdf,Published on Mises Institute (https://mises.org),Hoppe,page1,   👀 TEMAS\   🏛️ ESTATISMO\ Tipos de Estatismos\ 🪤 Socialismo\Artículos\Hoppe - La fachada intelectual para el socialismo.pdf
Hoppe - Por qué el socialismo debe fracasar.pdf,Published on Mises Institute (https://mises.org),Hoppe,page1,   👀 TEMAS\   🏛️ ESTATISMO\ Tipos de Estatismos\ 🪤 Socialismo\Artículos\Hoppe - Por qué el socialismo debe fracasar.pdf
Hoppe - Socialismo_ ¿un problema de propiedad o conocimiento_.pdf,Published on Mises Institute (https://mises.org),Hoppe,page1,   👀 TEMAS\   🏛️ ESTATISMO\ Tipos de Estatismos\ 🪤 Socialismo\Artículos\Hoppe - Socialismo_ ¿un problema de propiedad o conocimiento_.pdf
Huerta - Socialismo y Descivilización.pdf,Published on Mises Institute (https://mises.org),Huerta,page1,   👀 TEMAS\   🏛️ ESTATISMO\ Tipos de Estatismos\ 🪤 Socialismo\Artículos\Huerta - Socialismo y Descivilización.pdf
Hülsman - Bancos centrales y socialismo están siempre vinculados entre sí.pdf,Published on Mises Institute (https://mises.org),Hülsman,page1,   👀 TEMAS\   🏛️ ESTATISMO\ Tipos de Estatismos\ 🪤 Socialismo\Artículos\Hülsman - Bancos centrales y socialismo están siempre vinculados entre sí.pdf
Hülsman - Carl Menger contra Gustav Schmoller y los socialistas de cátedra.pdf,Published on Mises Institute (https://mises.org),Hülsman,page1,   👀 TEMAS\   🏛️ ESTATISMO\ Tipos de Estatismos\ 🪤 Socialismo\Artículos\Hülsman - Carl Menger contra Gustav Schmoller y los socialistas de cátedra.pdf
Maltsev - Murray N. Rothbard como crítico del socialismo.pdf,Published on Mises Institute (https://mises.org),Maltsev,page1,   👀 TEMAS\   🏛️ ESTATISMO\ Tipos de Estatismos\ 🪤 Socialismo\Artículos\Maltsev - Murray N. Rothbard como crítico del socialismo.pdf
Mueller - 4 razones de por qué el socialismo falla.pdf,Published on Mises Institute (https://mises.org),Mueller,page1,   👀 TEMAS\   🏛️ ESTATISMO\ Tipos de Estatismos\ 🪤 Socialismo\Artículos\Mueller - 4 razones de por qué el socialismo falla.pdf
Mueller - El progresismo del futuro es en realidad sólo el socialismo del pasado.pdf,Published on Mises Institute (https://mises.org),Mueller,page1,   👀 TEMAS\   🏛️ ESTATISMO\ Tipos de Estatismos\ 🪤 Socialismo\Artículos\Mueller - El progresismo del futuro es en realidad sólo el socialismo del pasado.pdf
Mueller - El socialismo democrático y el socialismo regular tienen la misma meta.pdf,Published on Mises Institute (https://mises.org),Mueller,page1,   👀 TEMAS\   🏛️ ESTATISMO\ Tipos de Estatismos\ 🪤 Socialismo\Artículos\Mueller - El socialismo democrático y el socialismo regular tienen la misma meta.pdf
Mueller - Reflexiones sobre el centenario de Socialismo de Mises.pdf,Published on Mises Institute (https://mises.org),Mueller,page1,   👀 TEMAS\   🏛️ ESTATISMO\ Tipos de Estatismos\ 🪤 Socialismo\Artículos\Mueller - Reflexiones sobre el centenario de Socialismo de Mises.pdf
Por qué deje de ser de izquierda.pdf,Por qu�� deje de ser de izquierdas \( PDFDrive.com \).mobi,Javier Somalo & Mario Noya,meta,   👀 TEMAS\   🏛️ ESTATISMO\ Tipos de Estatismos\ 🪤 Socialismo\Artículos\Por qué deje de ser de izquierda.pdf
Rallo - Contra la Renta Basica.pdf,Contra la renta básica: Por qué la redistribución de la renta restringe nuestras libertades y nos empobrece a todos,Juan Ramón Rallo,meta,   👀 TEMAS\   🏛️ ESTATISMO\ Tipos de Estatismos\ 🪤 Socialismo\Artículos\Rallo - Contra la Renta Basica.pdf
Rothbard - Cómo desocializar y cómo no.pdf,Published on Mises Institute (https://mises.org),Rothbard,page1,   👀 TEMAS\   🏛️ ESTATISMO\ Tipos de Estatismos\ 🪤 Socialismo\Artículos\Rothbard - Cómo desocializar y cómo no.pdf
Hayek - Sobre el uso del conocimiento.pdf,Sobre el uso del conocimiento,pc,filename,   👀 TEMAS\   🏛️ ESTATISMO\ Tipos de Estatismos\ 🪤 Socialismo\Hayek - Sobre el uso del conocimiento.pdf
La Tirania de la Igualdad - Axel Kaiser.pdf,La tiranía de la igualdad,Axel Kaiser,meta,   👀 TEMAS\   🏛️ ESTATISMO\ Tipos de Estatismos\ 🪤 Socialismo\La Tirania de la Igualdad - Axel Kaiser.pdf
Gordon - Rothbard sobre el marxismo como una religión.pdf,Published on Mises Institute (https://mises.org),Gordon,page1,   👀 TEMAS\   🏛️ ESTATISMO\ Tipos de Estatismos\ 🪤 Socialismo\Marxismo\Artículos\Gordon - Rothbard sobre el marxismo como una religión.pdf
Laclau - Ideología y Posmarxismo.pdf,20 I Anales de la educación común,usuario,page1,   👀 TEMAS\   🏛️ ESTATISMO\ Tipos de Estatismos\ 🪤 Socialismo\Marxismo\Artículos\Laclau - Ideología y Posmarxismo.pdf
Retrato de un hombre malvado_ Karl Marx.pdf,Retrato de un hombre malvado: Karl Marx,,page1,   👀 TEMAS\   🏛️ ESTATISMO\ Tipos de Estatismos\ 🪤 Socialismo\Marxismo\Artículos\Retrato de un hombre malvado_ Karl Marx.pdf
Rothbard - La aterradora visión de Marx del _comunismo puro_.pdf,Published on Mises Institute (https://mises.org),Rothbard,page1,   👀 TEMAS\   🏛️ ESTATISMO\ Tipos de Estatismos\ 🪤 Socialismo\Marxismo\Artículos\Rothbard - La aterradora visión de Marx del _comunismo puro_.pdf
Rothbard - La doctrina marxista de la “ideología”.pdf,Published on Mises Institute (https://mises.org),Rothbard,page1,   👀 TEMAS\   🏛️ ESTATISMO\ Tipos de Estatismos\ 🪤 Socialismo\Marxismo\Artículos\Rothbard - La doctrina marxista de la “ideología”.pdf
Rothbard - La fantasía detrás del materialismo histórico de Marx.pdf,Published on Mises Institute (https://mises.org),Rothbard,page1,   👀 TEMAS\   🏛️ ESTATISMO\ Tipos de Estatismos\ 🪤 Socialismo\Marxismo\Artículos\Rothbard - La fantasía detrás del materialismo histórico de Marx.pdf
"Rothbard - Lange, Mises y praxeología_ El retiro del marxismo.pdf",Published on Mises Institute (https://mises.org),Rothbard,page1,"   👀 TEMAS\   🏛️ ESTATISMO\ Tipos de Estatismos\ 🪤 Socialismo\Marxismo\Artículos\Rothbard - Lange, Mises y praxeología_ El retiro del marxismo.pdf"
Rothbard - Marx y la Alienación.pdf,Published on Mises Institute (https://mises.org),Rothbard,page1,   👀 TEMAS\   🏛️ ESTATISMO\ Tipos de Estatismos\ 🪤 Socialismo\Marxismo\Artículos\Rothbard - Marx y la Alienación.pdf
Sammeroff - Por qué Marx nunca averiguó cómo distribuir bienes en una sociedad socialista.pdf,Published on Mises Institute (https://mises.org),Sammeroff,page1,   👀 TEMAS\   🏛️ ESTATISMO\ Tipos de Estatismos\ 🪤 Socialismo\Marxismo\Artículos\Sammeroff - Por qué Marx nunca averiguó cómo distribuir bienes en una sociedad socialista.pdf
Bawerk - La conclusión del sistema marxiano.pdf,La conclusión del sistema marxiano,Bawerk,filename,   👀 TEMAS\   🏛️ ESTATISMO\ Tipos de Estatismos\ 🪤 Socialismo\Marxismo\Bawerk - La conclusión del sistema marxiano.pdf
Bawerk - Una Contradiccion no resuelta en sistema Marxista.pdf,Sistema Económico Marxista,Ashkarcito,page1,   👀 TEMAS\   🏛️ ESTATISMO\ Tipos de Estatismos\ 🪤 Socialismo\Marxismo\Bawerk - Una Contradiccion no resuelta en sistema Marxista.pdf
Marty - Lo que todo Revolucionario del siglo XXI.pdf,Lo que todo Revolucionario del siglo XXI,Marty,filename,   👀 TEMAS\   🏛️ ESTATISMO\ Tipos de Estatismos\ 🪤 Socialismo\Marxismo\Marty - Lo que todo Revolucionario del siglo XXI.pdf
Mises - Marxismo Desemascarado.pdf,Marxismo Desemascarado,Mises,filename,   👀 TEMAS\   🏛️ ESTATISMO\ Tipos de Estatismos\ 🪤 Socialismo\Marxismo\Mises - Marxismo Desemascarado.pdf
Rothbard - El mito del comunismo monolítico.pdf,Published on Mises Institute (https://mises.org),Rothbard,page1,   👀 TEMAS\   🏛️ ESTATISMO\ Tipos de Estatismos\ 🪤 Socialismo\Marxismo\Rothbard - El mito del comunismo monolítico.pdf
Villanueva - Vida y mentira de Ernesto Che Guevara.pdf,Vida y mentira de Ernesto Che Guevara,Fernando Díaz Villanueva,meta,   👀 TEMAS\   🏛️ ESTATISMO\ Tipos de Estatismos\ 🪤 Socialismo\Marxismo\Villanueva - Vida y mentira de Ernesto Che Guevara.pdf
Contrato social refutaciones.pdf,CONTRATO SOCIAL: PROBLEMAS,agustin,page1,   👀 TEMAS\   🏛️ ESTATISMO\ Tipos de Estatismos\z. MÁS\Contrato Social\Contrato social refutaciones.pdf
Gordon - Lincoln y el contrato social.pdf,Lincoln y el contrato social,RibzeR,meta,   👀 TEMAS\   🏛️ ESTATISMO\ Tipos de Estatismos\z. MÁS\Contrato Social\Gordon - Lincoln y el contrato social.pdf
La economía rusa y el contrato social El camino hacia una realidad deplorable.pdf,La economía rusa y el contrato social_ el camino hacia una realidad deplorable,RibzeR,meta,   👀 TEMAS\   🏛️ ESTATISMO\ Tipos de Estatismos\z. MÁS\Contrato Social\La economía rusa y el contrato social El camino hacia una realidad deplorable.pdf
¿Cuál contrato social_ padres de víctimas de la escuela de Parkland demandando al departamento de policía que no hace nada.pdf,¿Cuál contrato social_ padres de víctim...partamento de policía que no hace nada,RibzeR,meta,   👀 TEMAS\   🏛️ ESTATISMO\ Tipos de Estatismos\z. MÁS\Contrato Social\¿Cuál contrato social_ padres de víctimas de la escuela de Parkland demandando al departamento de policía que no hace nada.pdf
EticaIA-FELIXANDUEZA-Congresofilosofia2023.pdf,"See discussions, stats, and author profiles for this publication at: https://www.researchgate.net/publication/383920124",,page1,   👀 TEMAS\   🏛️ ESTATISMO\ Tipos de Estatismos\z. MÁS\Vigilancia Masiva\EticaIA-FELIXANDUEZA-Congresofilosofia2023.pdf
VIGILANCIA_TECNOLOGICA.pdf,Vigilancia Tecnológica:El ojo invisible en la era digital,,meta,   👀 TEMAS\   🏛️ ESTATISMO\ Tipos de Estatismos\z. MÁS\Vigilancia Masiva\VIGILANCIA_TECNOLOGICA.pdf
El Fascismo Estadounidense - Lew Rockwell.pdf,FASCIMO ESTADOUNIDENSE,tabito,page1,   👀 TEMAS\   🏛️ ESTATISMO\ Tipos de Estatismos\🇺🇸 Nacionalismo\El Fascismo Estadounidense - Lew Rockwell.pdf
Hoppe - Nacionalismo y secesión.pdf,Published on Mises Institute (https://mises.org),Hoppe,page1,   👀 TEMAS\   🏛️ ESTATISMO\ Tipos de Estatismos\🇺🇸 Nacionalismo\Hoppe - Nacionalismo y secesión.pdf
Huerta - Teoria Del Nacionalismo Liberal.pdf,Jesus Huerta - nacionalismo liberal,Huerta,meta,   👀 TEMAS\   🏛️ ESTATISMO\ Tipos de Estatismos\🇺🇸 Nacionalismo\Huerta - Teoria Del Nacionalismo Liberal.pdf
"Mises - Nacionalismo, Socialismo y Revolución Violenta.pdf",Published on Mises Institute (https://mises.org),Mises,page1,"   👀 TEMAS\   🏛️ ESTATISMO\ Tipos de Estatismos\🇺🇸 Nacionalismo\Mises - Nacionalismo, Socialismo y Revolución Violenta.pdf"
Nacionalismo.pdf,El lenguaje económico (XIV)_ Nacionalismo - Instituto Juan de Mariana,RibzeR,meta,   👀 TEMAS\   🏛️ ESTATISMO\ Tipos de Estatismos\🇺🇸 Nacionalismo\Nacionalismo.pdf
Rothbard - Fronteras justas y autodeterminación nacional.pdf,Published on Mises Institute (https://mises.org),Rothbard,page1,   👀 TEMAS\   🏛️ ESTATISMO\ Tipos de Estatismos\🇺🇸 Nacionalismo\Rothbard - Fronteras justas y autodeterminación nacional.pdf
Rothbard - La Cuestión de las Nacionalidades.pdf,LA CUESTION DE LAS,Rothbard,page1,   👀 TEMAS\   🏛️ ESTATISMO\ Tipos de Estatismos\🇺🇸 Nacionalismo\Rothbard - La Cuestión de las Nacionalidades.pdf
Capitalismo de Amigos.pdf,EL “CAPITALISMO DE AMIGOS”,tabito,page1,   👀 TEMAS\   🏛️ ESTATISMO\ Tipos de Estatismos\🏢 Corporativismo\Capitalismo de Amigos.pdf
El Neoliberalismo te Rompe las Piernas y te Roba las Muletas.pdf,"SPANISH, STATELESS EMBASSIES",,page1,   👀 TEMAS\   🏛️ ESTATISMO\ Tipos de Estatismos\🏢 Corporativismo\El Neoliberalismo te Rompe las Piernas y te Roba las Muletas.pdf
Tullock - Imperialismo Económico.pdf,Imperialismo Económico,Ashkarcito,page1,   👀 TEMAS\   🏛️ ESTATISMO\ Tipos de Estatismos\🏢 Corporativismo\Tullock - Imperialismo Económico.pdf
  Minarquismo.pdf,"Minarquismo - Wikipedia, la enciclopedia libre",,meta,   👀 TEMAS\   🏛️ ESTATISMO\ Tipos de Estatismos\👮‍♂️ Minarquismo\  Minarquismo.pdf
Bastos - Sobre las empresas de seguridad de Nozick.pdf,Sobre las empresas de seguridad de Nozick,tabito,page1,   👀 TEMAS\   🏛️ ESTATISMO\ Tipos de Estatismos\👮‍♂️ Minarquismo\Bastos - Sobre las empresas de seguridad de Nozick.pdf
"Blasco - Externalidades, bienes públicos y minarquismo.pdf",eclaireurs-02-768x513-1.jpg)El minarquismo es una filosofía política,Blasco,page1,"   👀 TEMAS\   🏛️ ESTATISMO\ Tipos de Estatismos\👮‍♂️ Minarquismo\Blasco - Externalidades, bienes públicos y minarquismo.pdf"
Duranti - Holcombe y la última línea de defensa del Estado mínimo.pdf,RANDALL HOLCOMBE Y LA ÚLTIMA LÍNEA DE DEFENSA DEL ESTADO MÍNIMO*,Duranti,page1,   👀 TEMAS\   🏛️ ESTATISMO\ Tipos de Estatismos\👮‍♂️ Minarquismo\Duranti - Holcombe y la última línea de defensa del Estado mínimo.pdf
"Esplugas - El Estado Mínimo, Agresivo, Ineficiente... Y Utópico.pdf","ALBERT ESPLUGAS EL ESTADO MÍNIMO: AGRESIVO,",tabito,page1,"   👀 TEMAS\   🏛️ ESTATISMO\ Tipos de Estatismos\👮‍♂️ Minarquismo\Esplugas - El Estado Mínimo, Agresivo, Ineficiente... Y Utópico.pdf"
Giacomini - Contra el Minarquismo.pdf,Sin título-6,RibzeR,meta,   👀 TEMAS\   🏛️ ESTATISMO\ Tipos de Estatismos\👮‍♂️ Minarquismo\Giacomini - Contra el Minarquismo.pdf
Giacomini - El Fracaso de las Constituciones Liberales.pdf,Constituciones Liberales,tabito,page1,   👀 TEMAS\   🏛️ ESTATISMO\ Tipos de Estatismos\👮‍♂️ Minarquismo\Giacomini - El Fracaso de las Constituciones Liberales.pdf
Gordon - Nozick y el Estado mínimo.pdf,Published on Mises Institute (https://mises.org),Gordon,page1,   👀 TEMAS\   🏛️ ESTATISMO\ Tipos de Estatismos\👮‍♂️ Minarquismo\Gordon - Nozick y el Estado mínimo.pdf
La conferencia de Rallo sobre anarquismo es un desastre.pdf,«¿Anarquismo o Minarquismo?» (https://www.youtube.com/watch?,,page1,   👀 TEMAS\   🏛️ ESTATISMO\ Tipos de Estatismos\👮‍♂️ Minarquismo\La conferencia de Rallo sobre anarquismo es un desastre.pdf
La inestabilidad de la Minarquía - Miguel Anxo Bastos.pdf,MIGUEL ANXO BASTOS,tabito,page1,   👀 TEMAS\   🏛️ ESTATISMO\ Tipos de Estatismos\👮‍♂️ Minarquismo\La inestabilidad de la Minarquía - Miguel Anxo Bastos.pdf
Rockwell - ¿Por qué no un Gobierno Limitado_.pdf,LEW ROCKWELL ¿POR,tabito,page1,   👀 TEMAS\   🏛️ ESTATISMO\ Tipos de Estatismos\👮‍♂️ Minarquismo\Rockwell - ¿Por qué no un Gobierno Limitado_.pdf
Rothbard - Teorías Alternativas Modernas sobre la Libertad.pdf,MURRAY ROTHBARD,tabito,page1,   👀 TEMAS\   🏛️ ESTATISMO\ Tipos de Estatismos\👮‍♂️ Minarquismo\Rothbard - Teorías Alternativas Modernas sobre la Libertad.pdf
 Tobar - el Mito del Leviatán.pdf,EL MITO DEL LEVIATAN: DE LA FICCION DEL ESTADO A LA EMANCIPACION EN SOCIEDADES LIBRES (Spanish Edition),Bernardo Tobar,meta,   👀 TEMAS\   🏛️ ESTATISMO\ Tobar - el Mito del Leviatán.pdf
 Vigilancia permanente - Edward Snowden.pdf,Vigilancia permanente,Edward Snowden,meta,   👀 TEMAS\   🏛️ ESTATISMO\ Vigilancia permanente - Edward Snowden.pdf
Antiestatismo.pdf,Antiestatismo,,page1,   👀 TEMAS\   🏛️ ESTATISMO\Artículos\Antiestatismo.pdf
Bagus - Cómo el Estado difunde la histeria colectiva.pdf,Published on Mises Institute (https://mises.org),Bagus,page1,   👀 TEMAS\   🏛️ ESTATISMO\Artículos\Bagus - Cómo el Estado difunde la histeria colectiva.pdf
Bagus - Por qué los «bienes públicos» no justifican la intervención del Estado.pdf,Published on Mises Institute (https://mises.org),Bagus,page1,   👀 TEMAS\   🏛️ ESTATISMO\Artículos\Bagus - Por qué los «bienes públicos» no justifican la intervención del Estado.pdf
Block - ¿Es un delito apoyar la agresión del gobierno_.pdf,Published on Mises Institute (https://mises.org),Block,page1,   👀 TEMAS\   🏛️ ESTATISMO\Artículos\Block - ¿Es un delito apoyar la agresión del gobierno_.pdf
Bylund - Cómo el estado de bienestar nos hace menos civilizados.pdf,Published on Mises Institute (https://mises.org),Bylund,page1,   👀 TEMAS\   🏛️ ESTATISMO\Artículos\Bylund - Cómo el estado de bienestar nos hace menos civilizados.pdf
"Bylund - No, los gobiernos autoritarios no superan a las «sociedades abiertas» en una crisis.pdf",Published on Mises Institute (https://mises.org),Bylund,page1,"   👀 TEMAS\   🏛️ ESTATISMO\Artículos\Bylund - No, los gobiernos autoritarios no superan a las «sociedades abiertas» en una crisis.pdf"
Bylund - ¿Hay alguna diferencia entre poder económico y poder político_.pdf,Published on Mises Institute (https://mises.org),Bylund,page1,   👀 TEMAS\   🏛️ ESTATISMO\Artículos\Bylund - ¿Hay alguna diferencia entre poder económico y poder político_.pdf
Bylund - ¿Qué hace peligrosa la IA_ El Estado.pdf,Published on Mises Institute (https://mises.org),Bylund,page1,   👀 TEMAS\   🏛️ ESTATISMO\Artículos\Bylund - ¿Qué hace peligrosa la IA_ El Estado.pdf
Caplan - La demagogia explicada.pdf,La demagogia explicada — Bryan Caplan | by Libertad en Español | Medium,Caplan,meta,   👀 TEMAS\   🏛️ ESTATISMO\Artículos\Caplan - La demagogia explicada.pdf
Caplan - ¿Qué tan malvados son los políticos_.pdf,¿Qué tan malvados son los políticos? — Bryan Caplan | by Libertad en Español | Medium,Caplan,meta,   👀 TEMAS\   🏛️ ESTATISMO\Artículos\Caplan - ¿Qué tan malvados son los políticos_.pdf
Carneiro - El Cacicazgo. Precursor Del Estado.pdf,El Cacicazgo. Precursor Del Estado,Carneiro,filename,   👀 TEMAS\   🏛️ ESTATISMO\Artículos\Carneiro - El Cacicazgo. Precursor Del Estado.pdf
"Carreiro - Hobbes, la Ciencia como justificación del absolutismo.pdf",THOMAS HOBBES_ LA CIENCIA COMO JUSTIFIC...SMO  Óscar R. Carreiro  Xoán de Lugo,RibzeR,meta,"   👀 TEMAS\   🏛️ ESTATISMO\Artículos\Carreiro - Hobbes, la Ciencia como justificación del absolutismo.pdf"
El Arte de La Politica.pdf,UNIVERSIDAD NACIONAL AUTÓNOMA DE MÉXICO FACULTAD DE FILOSOFÍA Y LETRAS,Office Depot,page1,   👀 TEMAS\   🏛️ ESTATISMO\Artículos\El Arte de La Politica.pdf
"Giacomini - El Estado_ Origen, Legitimación y Esencia.pdf",Sin título-5,RibzeR,meta,"   👀 TEMAS\   🏛️ ESTATISMO\Artículos\Giacomini - El Estado_ Origen, Legitimación y Esencia.pdf"
"Hoppe - Banca, Estados nacionales y política internacional_ una reconstrucción sociológica del orden económico actual.pdf",Published on Mises Institute (https://mises.org),Hoppe,page1,"   👀 TEMAS\   🏛️ ESTATISMO\Artículos\Hoppe - Banca, Estados nacionales y política internacional_ una reconstrucción sociológica del orden económico actual.pdf"
Hoppe - Cómo combatir el Estado moderno.pdf,Published on Mises Institute (https://mises.org),Hoppe,page1,   👀 TEMAS\   🏛️ ESTATISMO\Artículos\Hoppe - Cómo combatir el Estado moderno.pdf
Hoppe - La paradoja del imperialismo.pdf,Published on Mises Institute (https://mises.org),Hoppe,page1,   👀 TEMAS\   🏛️ ESTATISMO\Artículos\Hoppe - La paradoja del imperialismo.pdf
Hoppe - Reflexiones sobre el Estado y la Guerra.pdf,REFLEXIONES SOBRE EL ESTADO Y LA GUERRA,Nskinsella,page1,   👀 TEMAS\   🏛️ ESTATISMO\Artículos\Hoppe - Reflexiones sobre el Estado y la Guerra.pdf
Hoppe - Reflexiones sobre el origen del Estado.pdf,hoppe-reflexiones-origen-stado,Stephan Kinsella,meta,   👀 TEMAS\   🏛️ ESTATISMO\Artículos\Hoppe - Reflexiones sobre el origen del Estado.pdf
Huerta - El Estado_ el virus más mortal.pdf,Published on Mises Institute (https://mises.org),Huerta,page1,   👀 TEMAS\   🏛️ ESTATISMO\Artículos\Huerta - El Estado_ el virus más mortal.pdf
Hülsman - Cómo el Estado destruye a las familias.pdf,Published on Mises Institute (https://mises.org),Hülsman,page1,   👀 TEMAS\   🏛️ ESTATISMO\Artículos\Hülsman - Cómo el Estado destruye a las familias.pdf
La Ley d eHierro de la Oligarquía.pdf,* Sesión del día 15 de enero de 2013.,,page1,   👀 TEMAS\   🏛️ ESTATISMO\Artículos\La Ley d eHierro de la Oligarquía.pdf
McMaken - Molinari Explica la Diferencia entre Monarquía y Gobierno Popular.pdf,Published on Mises Institute (https://mises.org),McMaken,page1,   👀 TEMAS\   🏛️ ESTATISMO\Artículos\McMaken - Molinari Explica la Diferencia entre Monarquía y Gobierno Popular.pdf
Mueller - Diez razones por las que los gobiernos fallan.pdf,Published on Mises Institute (https://mises.org),Mueller,page1,   👀 TEMAS\   🏛️ ESTATISMO\Artículos\Mueller - Diez razones por las que los gobiernos fallan.pdf
"Mueller - Es la servidumbre voluntaria, no la coerción, la que alimenta el poder del Estado.pdf",Published on Mises Institute (https://mises.org),Mueller,page1,"   👀 TEMAS\   🏛️ ESTATISMO\Artículos\Mueller - Es la servidumbre voluntaria, no la coerción, la que alimenta el poder del Estado.pdf"
Rothbard - Cómo el Estado se preserva a sí mismo —y lo que el Estado teme.pdf,Published on Mises Institute (https://mises.org),Rothbard,page1,   👀 TEMAS\   🏛️ ESTATISMO\Artículos\Rothbard - Cómo el Estado se preserva a sí mismo —y lo que el Estado teme.pdf
Rothbard - Economía al servicio del Estado_ el empirismo de Richard T. Ely.pdf,Published on Mises Institute (https://mises.org),Rothbard,page1,   👀 TEMAS\   🏛️ ESTATISMO\Artículos\Rothbard - Economía al servicio del Estado_ el empirismo de Richard T. Ely.pdf
Rothbard - El debate sobre el alcance del poder nacional.pdf,Published on Mises Institute (https://mises.org),Rothbard,page1,   👀 TEMAS\   🏛️ ESTATISMO\Artículos\Rothbard - El debate sobre el alcance del poder nacional.pdf
"Rothbard - El Estado como institución voluntaria, una crítica.pdf",Published on Mises Institute (https://mises.org),Rothbard,page1,"   👀 TEMAS\   🏛️ ESTATISMO\Artículos\Rothbard - El Estado como institución voluntaria, una crítica.pdf"
"Rothbard - El inicio del estado de bienestar, las pensiones de los veteranos de la guerra civil.pdf",Published on Mises Institute (https://mises.org),Rothbard,page1,"   👀 TEMAS\   🏛️ ESTATISMO\Artículos\Rothbard - El inicio del estado de bienestar, las pensiones de los veteranos de la guerra civil.pdf"
Rothbard - El Mito del Servicio Gubernamental Eficiente.pdf,Published on Mises Institute (https://mises.org),Rothbard,page1,   👀 TEMAS\   🏛️ ESTATISMO\Artículos\Rothbard - El Mito del Servicio Gubernamental Eficiente.pdf
"Rothbard - Estatismo de izquierda, derecha y centro.pdf",Published on Mises Institute (https://mises.org),Rothbard,page1,"   👀 TEMAS\   🏛️ ESTATISMO\Artículos\Rothbard - Estatismo de izquierda, derecha y centro.pdf"
"Rothbard - Guerra, paz y Estado.pdf",Published on Mises Institute (https://mises.org),Rothbard,page1,"   👀 TEMAS\   🏛️ ESTATISMO\Artículos\Rothbard - Guerra, paz y Estado.pdf"
Rothbard - Innovación y el Estado.pdf,Published on Mises Institute (https://mises.org),Rothbard,page1,   👀 TEMAS\   🏛️ ESTATISMO\Artículos\Rothbard - Innovación y el Estado.pdf
Rothbard - La Brutalidad de la Esclavitud.pdf,Published on Mises Institute (https://mises.org),Rothbard,page1,   👀 TEMAS\   🏛️ ESTATISMO\Artículos\Rothbard - La Brutalidad de la Esclavitud.pdf
"Rothbard - La estadística, El talón de Aquiles del gobierno.pdf",Published on Mises Institute (https://mises.org),Rothbard,page1,"   👀 TEMAS\   🏛️ ESTATISMO\Artículos\Rothbard - La estadística, El talón de Aquiles del gobierno.pdf"
Rothbard - La Rebelión del Whisky ¿Un modelo para nuestro tiempo_.pdf,Published on Mises Institute (https://mises.org),Rothbard,page1,   👀 TEMAS\   🏛️ ESTATISMO\Artículos\Rothbard - La Rebelión del Whisky ¿Un modelo para nuestro tiempo_.pdf
Rothbard - Las contradicciones internas del Estado.pdf,rothbard-anarco-capitalismo-640x387.jpg)[Capítulo XXIII de La Ética,Rothbard,page1,   👀 TEMAS\   🏛️ ESTATISMO\Artículos\Rothbard - Las contradicciones internas del Estado.pdf
Rothbard - Lo que el Estado no es.pdf,Published on Mises Institute (https://mises.org),Rothbard,page1,   👀 TEMAS\   🏛️ ESTATISMO\Artículos\Rothbard - Lo que el Estado no es.pdf
Rothbard - Ningún estado está moralmente justificado para extender la “libertad” global.pdf,Published on Mises Institute (https://mises.org),Rothbard,page1,   👀 TEMAS\   🏛️ ESTATISMO\Artículos\Rothbard - Ningún estado está moralmente justificado para extender la “libertad” global.pdf
Rothbard - Por qué la mayoría de la gente se adhiere al Estado — y por qué algunos siempre lo rechazan.pdf,Published on Mises Institute (https://mises.org),Rothbard,page1,   👀 TEMAS\   🏛️ ESTATISMO\Artículos\Rothbard - Por qué la mayoría de la gente se adhiere al Estado — y por qué algunos siempre lo rechazan.pdf
Rothbard - ¿Odias al Estado_.pdf,Published on Mises Institute (https://mises.org),Rothbard,page1,   👀 TEMAS\   🏛️ ESTATISMO\Artículos\Rothbard - ¿Odias al Estado_.pdf
Salermo - El Estado es un depredador. No puede ser usado para lograr fines libertarios.pdf,Published on Mises Institute (https://mises.org),Salermo,page1,   👀 TEMAS\   🏛️ ESTATISMO\Artículos\Salermo - El Estado es un depredador. No puede ser usado para lograr fines libertarios.pdf
Shaffer - La Violencia como Producto del Orden Impuesto.pdf,LA VIOLENCIA COMO PRODUCTO DEL ORDEN IMPUESTO *,Magdalena,meta,   👀 TEMAS\   🏛️ ESTATISMO\Artículos\Shaffer - La Violencia como Producto del Orden Impuesto.pdf
Teoría de la Circunscripción de Carneiro.pdf,"Teoría de la Circunscripción de Carneiro - Wikipedia, la enciclopedia libre",,meta,   👀 TEMAS\   🏛️ ESTATISMO\Artículos\Teoría de la Circunscripción de Carneiro.pdf
Woods - Cómo la Casa Blanca secuestró la capacidad de declarar la guerra.pdf,Published on Mises Institute (https://mises.org),Woods,page1,   👀 TEMAS\   🏛️ ESTATISMO\Artículos\Woods - Cómo la Casa Blanca secuestró la capacidad de declarar la guerra.pdf
Autocontrol o control estatal Tú decides - T.G. Palmer.pdf,Autocontrol o control estatal Tú decides - T.G. Palmer,,filename,   👀 TEMAS\   🏛️ ESTATISMO\Autocontrol o control estatal Tú decides - T.G. Palmer.pdf
Boetie - Discurso sobre la servidumbre voluntaria.pdf,Discurso sobre la servidumbre voluntaria,Boetie,filename,   👀 TEMAS\   🏛️ ESTATISMO\Boetie - Discurso sobre la servidumbre voluntaria.pdf
Briceño - El Defensor Intelectual del Estado.pdf,El Defensor Intelectual del Estado,Briceño,filename,   👀 TEMAS\   🏛️ ESTATISMO\Briceño - El Defensor Intelectual del Estado.pdf
Briceño - El Estado como Expresión de la Envidia.pdf,El Estado como Expresión de la Envidia,Briceño,filename,   👀 TEMAS\   🏛️ ESTATISMO\Briceño - El Estado como Expresión de la Envidia.pdf
Briceño - El Mito del Servidor Público.pdf,El Mito del Servidor Público,Briceño,filename,   👀 TEMAS\   🏛️ ESTATISMO\Briceño - El Mito del Servidor Público.pdf
"Briceño - Estado-Mafia, ¿Degradación o Esencia del Estado_.pdf","Estado-Mafia, ¿Degradación o Esencia del Estado",Briceño,filename,"   👀 TEMAS\   🏛️ ESTATISMO\Briceño - Estado-Mafia, ¿Degradación o Esencia del Estado_.pdf"
Briceño - La Hipocresía Moral de los Estatistas.pdf,La Hipocresía Moral de los Estatistas,Briceño,filename,   👀 TEMAS\   🏛️ ESTATISMO\Briceño - La Hipocresía Moral de los Estatistas.pdf
"Briceño - Tecnocracia II, El Gran Hermano te observa.pdf","Tecnocracia II, El Gran Hermano te observa",Briceño,filename,"   👀 TEMAS\   🏛️ ESTATISMO\Briceño - Tecnocracia II, El Gran Hermano te observa.pdf"
"Briceño - Tecnocracia, totalitarismo de los expertos.pdf","Tecnocracia, totalitarismo de los expertos",Briceño,filename,"   👀 TEMAS\   🏛️ ESTATISMO\Briceño - Tecnocracia, totalitarismo de los expertos.pdf"
Contra La Hidra de La Autoridad.pdf,Contra la hidra de la autoridad,Maria Lacerda de Moura,meta,   👀 TEMAS\   🏛️ ESTATISMO\Contra La Hidra de La Autoridad.pdf
Después del Estado de Bienestar - Editado por Tom G. Palmer.pdf,Editado por Tom G. Palmer,Después del Estado de Bienestar,filename,   👀 TEMAS\   🏛️ ESTATISMO\Después del Estado de Bienestar - Editado por Tom G. Palmer.pdf
Disquisicion sobre el Gobierno - John C. Calhoun.pdf,Disquisición sobre el Gobierno,John C. Calhoun,meta,   👀 TEMAS\   🏛️ ESTATISMO\Disquisicion sobre el Gobierno - John C. Calhoun.pdf
El Engaño Populista - Axel Kaiser & Glória Álvarez.pdf,El engaño populista: por qué se arruinan nuestros países y cómo rescatarlos (Spanish Edition),Axel Kaiser & Gloria Álvarez,meta,   👀 TEMAS\   🏛️ ESTATISMO\El Engaño Populista - Axel Kaiser & Glória Álvarez.pdf
El Libertador N9 La Guerra CORR.pdf,GALOPANTE MARZO,Susi ka,meta,   👀 TEMAS\   🏛️ ESTATISMO\El Libertador N9 La Guerra CORR.pdf
El Problema de la Autoridad Política - Michael Huemer.pdf,El Problema de la Autoridad Política - Michael Huemer,,filename,   👀 TEMAS\   🏛️ ESTATISMO\El Problema de la Autoridad Política - Michael Huemer.pdf
Giacomini - El Estado como el Único Enemigo (1).pdf,Derecho Natural - Giaco,RibzeR,meta,   👀 TEMAS\   🏛️ ESTATISMO\Giacomini - El Estado como el Único Enemigo (1).pdf
Jasay - El Estado La Logica del Poder Politico.pdf,El Estado,Jasay,page1,   👀 TEMAS\   🏛️ ESTATISMO\Jasay - El Estado La Logica del Poder Politico.pdf
Kaiser - El Papa y el capitalismo Un diálogo necesario.pdf,El Papa y el capitalismo: Un diálogo necesario (Spanish Edition),Axel Kaiser,meta,   👀 TEMAS\   🏛️ ESTATISMO\Kaiser - El Papa y el capitalismo Un diálogo necesario.pdf
Kaiser - La Miseria del Intervencionismo 1929-2008.pdf,La miseria del intervencionismo: 1929-2008 (Biblioteca de la Libertad Formato Menor nº 17) (Spanish Edition),Axel Kaiser,meta,   👀 TEMAS\   🏛️ ESTATISMO\Kaiser - La Miseria del Intervencionismo 1929-2008.pdf
Mises - Burocracia.pdf,Ludwig von Mises,Mises,page1,   👀 TEMAS\   🏛️ ESTATISMO\Mises - Burocracia.pdf
Mises - Caos Planificado.pdf,CAOS PLANIFICADO LUDWIG VON MISES,Mises,page1,   👀 TEMAS\   🏛️ ESTATISMO\Mises - Caos Planificado.pdf
Mises - El Cálculo Económico en la Comunidad Socialista.pdf,MAY · KIRTCHEV · BARLOW · NAKAMOTO RECOPILACIÓN POR SIMÓN OCAMPO,Mises,page1,   👀 TEMAS\   🏛️ ESTATISMO\Mises - El Cálculo Económico en la Comunidad Socialista.pdf
Mises - Gobierno Omnipotente.pdf,Gobierno omnipotente,Mises,page1,   👀 TEMAS\   🏛️ ESTATISMO\Mises - Gobierno Omnipotente.pdf
Montse - Perspectiva Austriaca de las Relaciones Internacionales.pdf,Perspectiva Austriaca de las Relaciones Internacionales,Montse,filename,   👀 TEMAS\   🏛️ ESTATISMO\Montse - Perspectiva Austriaca de las Relaciones Internacionales.pdf
Nanny-State-Index-2025.pdf,Por Christopher Snowdon,,page1,   👀 TEMAS\   🏛️ ESTATISMO\Nanny-State-Index-2025.pdf
Nisbet - The Quest for Community.pdf,The Quest for Community,Nisbet,filename,   👀 TEMAS\   🏛️ ESTATISMO\Nisbet - The Quest for Community.pdf
Nuestro enemigo_ el Estado.pdf,Nuestro enemigo_ el Estado,,filename,   👀 TEMAS\   🏛️ ESTATISMO\Nuestro enemigo_ el Estado.pdf
Rothbard - El Estado Contra la Libertad.pdf,EL ESTADO CONTRA LA LIBERTAD,tabito,page1,   👀 TEMAS\   🏛️ ESTATISMO\Rothbard - El Estado Contra la Libertad.pdf
"Schumpeter - Capitalismo, Socialismo y Democracia I.pdf","Capitalismo, Socialismo y Democracia I",Schumpeter,filename,"   👀 TEMAS\   🏛️ ESTATISMO\Schumpeter - Capitalismo, Socialismo y Democracia I.pdf"
"Schumpeter - Capitalismo, Socialismo y Democracia II.pdf","Capitalismo, Socialismo y Democracia II",Schumpeter,filename,"   👀 TEMAS\   🏛️ ESTATISMO\Schumpeter - Capitalismo, Socialismo y Democracia II.pdf"
Sierra - La Libertad Cautiva_ Un estudio sobre la incompatibilidad entre libertad y Estado.pdf,BLOCKCHAIN: BASTIÓN DE LA LIBERTAD,Patricia Falagán De la Sierra,meta,   👀 TEMAS\   🏛️ ESTATISMO\Sierra - La Libertad Cautiva_ Un estudio sobre la incompatibilidad entre libertad y Estado.pdf
Srinivasan - El Estado en la Red.pdf,Traducido del inglés al español - www.onlinedoctranslator.com,Srinivasan,page1,   👀 TEMAS\   🏛️ ESTATISMO\Srinivasan - El Estado en la Red.pdf
¿El Estado Emprendedor-.pdf,EL ESTADO EMPRENDEDOR,Instituto Juan de Mariana,meta,   👀 TEMAS\   🏛️ ESTATISMO\¿El Estado Emprendedor-.pdf
 Bastiat - Obras Escogidas.pdf,Obras escogidas,Frédéric Bastiat,meta,   👀 TEMAS\   💱 ECONOMÍA\  😃 Economía Inicial\ Bastiat - Obras Escogidas.pdf
 Gordon - Una Introducción al Razonamiento Económico.pdf,Intro Razonamiento Económico,David Gordon,meta,   👀 TEMAS\   💱 ECONOMÍA\  😃 Economía Inicial\ Gordon - Una Introducción al Razonamiento Económico.pdf
 Hazlitt - La Economía en una Lección.pdf,La economía en una lección Henry Hazlitt,marisa jimenez paico,page1,   👀 TEMAS\   💱 ECONOMÍA\  😃 Economía Inicial\ Hazlitt - La Economía en una Lección.pdf
 Krause - La Economía explicada a mis hijos.pdf,La Economía explicada a mis hijos,Krause,filename,   👀 TEMAS\   💱 ECONOMÍA\  😃 Economía Inicial\ Krause - La Economía explicada a mis hijos.pdf
 Murphy - Lecciones para el Joven Economista.pdf,LECCIONES PARA EL JOVEN ECONOMISTA,Murphy,meta,   👀 TEMAS\   💱 ECONOMÍA\  😃 Economía Inicial\ Murphy - Lecciones para el Joven Economista.pdf
Adam Smith - La mano invisible.pdf,La mano invisible,Adam Smith,filename,   👀 TEMAS\   💱 ECONOMÍA\  😃 Economía Inicial\Adam Smith - La mano invisible.pdf
Bastiat - La Ley.pdf,Document1,ebiglione,meta,   👀 TEMAS\   💱 ECONOMÍA\  😃 Economía Inicial\Artículos\Bastiat - La Ley.pdf
Bylund - Cómo pensar la teoría económica.pdf,Published on Mises Institute (https://mises.org),Bylund,page1,   👀 TEMAS\   💱 ECONOMÍA\  😃 Economía Inicial\Artículos\Bylund - Cómo pensar la teoría económica.pdf
Bylund - La ciencia económica_ el «otro lado» de la política.pdf,Published on Mises Institute (https://mises.org),Bylund,page1,   👀 TEMAS\   💱 ECONOMÍA\  😃 Economía Inicial\Artículos\Bylund - La ciencia económica_ el «otro lado» de la política.pdf
"Bylund - La economía no es una fábrica, ni deberíamos intentar que lo sea.pdf",Published on Mises Institute (https://mises.org),Bylund,page1,"   👀 TEMAS\   💱 ECONOMÍA\  😃 Economía Inicial\Artículos\Bylund - La economía no es una fábrica, ni deberíamos intentar que lo sea.pdf"
Bylund - Lo que la economía es.pdf,Published on Mises Institute (https://mises.org),Bylund,page1,   👀 TEMAS\   💱 ECONOMÍA\  😃 Economía Inicial\Artículos\Bylund - Lo que la economía es.pdf
Frédéric Bastiat - Lo que se ve y lo que no se ve.pdf,Por Frédéric Bastiat,Frédéric Bastiat,page1,   👀 TEMAS\   💱 ECONOMÍA\  😃 Economía Inicial\Artículos\Frédéric Bastiat - Lo que se ve y lo que no se ve.pdf
"Gordon - ¿Economía en dos lecciones_ No, la lección de Hazlitt es suficiente.pdf",Published on Mises Institute (https://mises.org),Gordon,page1,"   👀 TEMAS\   💱 ECONOMÍA\  😃 Economía Inicial\Artículos\Gordon - ¿Economía en dos lecciones_ No, la lección de Hazlitt es suficiente.pdf"
Lecciones de Economia con el profesor Huerta de Soto.pdf,Jesús Huerta de Soto,Gon,meta,   👀 TEMAS\   💱 ECONOMÍA\  😃 Economía Inicial\Artículos\Lecciones de Economia con el profesor Huerta de Soto.pdf
LA RIQUEZA DE LAS NACIONES (A. Smith).pdf,La riqueza de las naciones,Adam Smith,meta,   👀 TEMAS\   💱 ECONOMÍA\  😃 Economía Inicial\LA RIQUEZA DE LAS NACIONES (A. Smith).pdf
Mises - Política Económica_ Seis Lecciones sobre el Capitalismo.pdf,POLITICA ECONOMICA,Mises,page1,   👀 TEMAS\   💱 ECONOMÍA\  😃 Economía Inicial\Mises - Política Económica_ Seis Lecciones sobre el Capitalismo.pdf
"Yo, el lápiz - Leonard Edward Read.pdf","YO, EL LÁPIZ",guest,page1,"   👀 TEMAS\   💱 ECONOMÍA\  😃 Economía Inicial\Yo, el lápiz - Leonard Edward Read.pdf"
 Bagus - Defendiendo la Deflación.pdf,P H I L I P P B A G U S DEFENDIENDO,Bagus,page1,   👀 TEMAS\   💱 ECONOMÍA\ Bagus - Defendiendo la Deflación.pdf
 Hazlitt - Lo que debemos saber sobre la Inflación.pdf,Lo que debemos saber sobre la Inflación,Hazlitt,filename,   👀 TEMAS\   💱 ECONOMÍA\ Hazlitt - Lo que debemos saber sobre la Inflación.pdf
 Hazlitt - Los Errores de la Nueva Economía.pdf,Los Errores de la Nueva Economía,Hazlitt,filename,   👀 TEMAS\   💱 ECONOMÍA\ Hazlitt - Los Errores de la Nueva Economía.pdf
 Hülsman - La Ética de la Producción de Dinero.pdf,La Ética de la Producción de Dinero,pc,filename,   👀 TEMAS\   💱 ECONOMÍA\ 🏛️ Intervencionismo\ Monopolios\ Hülsman - La Ética de la Producción de Dinero.pdf
 Sobre Monopolios y Monopolistas - Juan Fernando Carpio.pdf,Brief de instrucciones:,Carmen Tobar Subia de Carpio,meta,   👀 TEMAS\   💱 ECONOMÍA\ 🏛️ Intervencionismo\ Monopolios\ Sobre Monopolios y Monopolistas - Juan Fernando Carpio.pdf
Bylund - Por qué no hay tal cosa como un monopolio explotador en un libre mercado.pdf,Published on Mises Institute (https://mises.org),Bylund,page1,   👀 TEMAS\   💱 ECONOMÍA\ 🏛️ Intervencionismo\ Monopolios\Bylund - Por qué no hay tal cosa como un monopolio explotador en un libre mercado.pdf
DiLorenzo - La Verdad sobre la Ley «Antimonopolio» de Sherman.pdf,Published on Mises Institute (https://mises.org),DiLorenzo,page1,   👀 TEMAS\   💱 ECONOMÍA\ 🏛️ Intervencionismo\ Monopolios\DiLorenzo - La Verdad sobre la Ley «Antimonopolio» de Sherman.pdf
Monopoly & King Mob.pdf,Monopoly & King Mob,,filename,   👀 TEMAS\   💱 ECONOMÍA\ 🏛️ Intervencionismo\ Monopolios\En inglés\Monopoly & King Mob.pdf
La evolución tecnológica y el monopolio estatal del conocimiento - Bastos.pdf,MIGUEL ANXO BASTOS,tabito,page1,   👀 TEMAS\   💱 ECONOMÍA\ 🏛️ Intervencionismo\ Monopolios\La evolución tecnológica y el monopolio estatal del conocimiento - Bastos.pdf
Ravier - Monopolio de emisión y curso forzoso en Buenos Aires (1822-1881).pdf,ravier,1822-1881,meta,   👀 TEMAS\   💱 ECONOMÍA\ 🏛️ Intervencionismo\ Monopolios\Ravier - Monopolio de emisión y curso forzoso en Buenos Aires (1822-1881).pdf
Rothbard - Las muchas formas en que el Estado crea monopolios.pdf,Published on Mises Institute (https://mises.org),Rothbard,page1,   👀 TEMAS\   💱 ECONOMÍA\ 🏛️ Intervencionismo\ Monopolios\Rothbard - Las muchas formas en que el Estado crea monopolios.pdf
Woods - El miedo equivocado al «monopolio».pdf,Published on Mises Institute (https://mises.org),Woods,page1,   👀 TEMAS\   💱 ECONOMÍA\ 🏛️ Intervencionismo\ Monopolios\Woods - El miedo equivocado al «monopolio».pdf
"Bylund - Sí, las leyes económicas siguen aplicándose al salario mínimo.pdf",Published on Mises Institute (https://mises.org),Bylund,page1,"   👀 TEMAS\   💱 ECONOMÍA\ 🏛️ Intervencionismo\Burocracia\Bylund - Sí, las leyes económicas siguen aplicándose al salario mínimo.pdf"
Mises - Burocracia.pdf,Ludwig von Mises,Mises,page1,   👀 TEMAS\   💱 ECONOMÍA\ 🏛️ Intervencionismo\Burocracia\Mises - Burocracia.pdf
 Thornton - La Maldición de los Rascacielos.pdf,LA MALDICIÓN DE LOS RASCACIELOS,Mariano Bas,page1,   👀 TEMAS\   💱 ECONOMÍA\ 🏛️ Intervencionismo\Crisis y ciclos\ Thornton - La Maldición de los Rascacielos.pdf
Anatomia del Colapso.pdf,EDITADO POR THO BISHOP INTRODUCCIÓN POR JEFF DEIST,Judy,page1,   👀 TEMAS\   💱 ECONOMÍA\ 🏛️ Intervencionismo\Crisis y ciclos\Anatomia del Colapso.pdf
Cronicas de la Gran Recesion (2007-2009)-holaebook.pdf,Crónicas de la Gran Recesión (2007-2009),Juan Ramón Rallo Julián,meta,   👀 TEMAS\   💱 ECONOMÍA\ 🏛️ Intervencionismo\Crisis y ciclos\Cronicas de la Gran Recesion (2007-2009)-holaebook.pdf
Ebeling - LaTeoria Austriaca del Ciclo Economico.pdf,Escribe Richard M. Ebeling,Sergio G No,page1,   👀 TEMAS\   💱 ECONOMÍA\ 🏛️ Intervencionismo\Crisis y ciclos\Ebeling - LaTeoria Austriaca del Ciclo Economico.pdf
El estado. Crisis y reforma - Allan Brewer Carias.pdf,BIBLIOTECA DE LA,El estado. Crisis y reforma,page1,   👀 TEMAS\   💱 ECONOMÍA\ 🏛️ Intervencionismo\Crisis y ciclos\El estado. Crisis y reforma - Allan Brewer Carias.pdf
Great Myths of the Great Depression.pdf,GREAT MYTHS OF THE,,page1,   👀 TEMAS\   💱 ECONOMÍA\ 🏛️ Intervencionismo\Crisis y ciclos\En inglés\Great Myths of the Great Depression.pdf
Huerta - Crisis Financiera y Recesión Económica.pdf,CRISIS FINANCIERA Y RECESIÓN ECONÓMICA,Mac Farmasierra,page1,   👀 TEMAS\   💱 ECONOMÍA\ 🏛️ Intervencionismo\Crisis y ciclos\En inglés\Huerta - Crisis Financiera y Recesión Económica.pdf
Murphy - The Politically Incorrect Guide to the Great Depression and the New Deal.pdf,The Politically Incorrect Guide to the Great Depression and the New Deal,Murphy,filename,   👀 TEMAS\   💱 ECONOMÍA\ 🏛️ Intervencionismo\Crisis y ciclos\En inglés\Murphy - The Politically Incorrect Guide to the Great Depression and the New Deal.pdf
Schiff - Crash Proof.pdf,Crash Proof,Schiff,filename,   👀 TEMAS\   💱 ECONOMÍA\ 🏛️ Intervencionismo\Crisis y ciclos\En inglés\Schiff - Crash Proof.pdf
"En tiempos de crisis, necesitamos la libertad más que nunca.pdf",Published on Mises Institute (https://mises.org),,page1,"   👀 TEMAS\   💱 ECONOMÍA\ 🏛️ Intervencionismo\Crisis y ciclos\En tiempos de crisis, necesitamos la libertad más que nunca.pdf"
Formación de Capital y Ciclos Económicos. Una introducción al análisis macroeconómico.pdf,"Tasa de inters, ahorro, inversin y formacin de capital",Adrian Osvaldo Ravier,meta,   👀 TEMAS\   💱 ECONOMÍA\ 🏛️ Intervencionismo\Crisis y ciclos\Formación de Capital y Ciclos Económicos. Una introducción al análisis macroeconómico.pdf
"Garrison - Ciclos Economicos, el Enfoque Austriaco.pdf",Ciclos Economicos: el enfoque austriaco,Magdalena Casey,meta,"   👀 TEMAS\   💱 ECONOMÍA\ 🏛️ Intervencionismo\Crisis y ciclos\Garrison - Ciclos Economicos, el Enfoque Austriaco.pdf"
Hans F. Sennholz - La Gran Depresión.pdf,La Gran Depresión,Republica,meta,   👀 TEMAS\   💱 ECONOMÍA\ 🏛️ Intervencionismo\Crisis y ciclos\Hans F. Sennholz - La Gran Depresión.pdf
Hayek - Ciclos Economicos. Parte I.pdf,Ciclos Económicos: Parte I (Obras Completas de F.A. Hayek nº 7) (Spanish Edition),Friedrich A. Hayek,meta,   👀 TEMAS\   💱 ECONOMÍA\ 🏛️ Intervencionismo\Crisis y ciclos\Hayek - Ciclos Economicos. Parte I.pdf
Hayek - La Teoría del Ciclo Económico.pdf,D:\olga\cuadernos corregido jul,maquin3,meta,   👀 TEMAS\   💱 ECONOMÍA\ 🏛️ Intervencionismo\Crisis y ciclos\Hayek - La Teoría del Ciclo Económico.pdf
Huerta - Las recesiones económicas de finales de los setenta y de comienzos de los noventa.pdf,Published on Mises Institute (https://mises.org),Huerta,page1,   👀 TEMAS\   💱 ECONOMÍA\ 🏛️ Intervencionismo\Crisis y ciclos\Huerta - Las recesiones económicas de finales de los setenta y de comienzos de los noventa.pdf
Huerta - Método y Crisis en la Ciencia Económica.pdf,MTODO Y CRISIS EN LA CIENCIA ECONMICA*,ESEADE,meta,   👀 TEMAS\   💱 ECONOMÍA\ 🏛️ Intervencionismo\Crisis y ciclos\Huerta - Método y Crisis en la Ciencia Económica.pdf
Huerta - ¿Por qué la crisis no se produce cuando la nueva inversión se financia con ahorro real_.pdf,Published on Mises Institute (https://mises.org),Huerta,page1,   👀 TEMAS\   💱 ECONOMÍA\ 🏛️ Intervencionismo\Crisis y ciclos\Huerta - ¿Por qué la crisis no se produce cuando la nueva inversión se financia con ahorro real_.pdf
J.C Cachanosky - Crisis Economicas_ Causas y Consecuencias.pdf,Crisis econmicas: causas y consecuencias,Juan C. Cachanosky,meta,   👀 TEMAS\   💱 ECONOMÍA\ 🏛️ Intervencionismo\Crisis y ciclos\J.C Cachanosky - Crisis Economicas_ Causas y Consecuencias.pdf
J.C Cachanosky - La Crisis del Treinta.pdf,La crisis del treinta,"Cachanosky, Juan C.",meta,   👀 TEMAS\   💱 ECONOMÍA\ 🏛️ Intervencionismo\Crisis y ciclos\J.C Cachanosky - La Crisis del Treinta.pdf
J.Ch.Say-Listy.pdf,L I S T Y,,page1,   👀 TEMAS\   💱 ECONOMÍA\ 🏛️ Intervencionismo\Crisis y ciclos\J.Ch.Say-Listy.pdf
La crisis de 1930 y las Políticas del New Deal.pdf,Revista Ensayos de Política Económica - N° 3 - Año 2009,uca,page1,   👀 TEMAS\   💱 ECONOMÍA\ 🏛️ Intervencionismo\Crisis y ciclos\La crisis de 1930 y las Políticas del New Deal.pdf
La Crisis del 2001 y la Crisis Actual en Argentina.pdf,MAY · KIRTCHEV · BARLOW · NAKAMOTO RECOPILACIÓN POR SIMÓN OCAMPO,Usuario de Windows,page1,   👀 TEMAS\   💱 ECONOMÍA\ 🏛️ Intervencionismo\Crisis y ciclos\La Crisis del 2001 y la Crisis Actual en Argentina.pdf
La Curva de Phillips de pendiente positiva y la crisis de 2008.pdf,LA CURVA DE PHILLIPS DE PENDIENTE POSITIVA,ILOVEPDF.COM,page1,   👀 TEMAS\   💱 ECONOMÍA\ 🏛️ Intervencionismo\Crisis y ciclos\La Curva de Phillips de pendiente positiva y la crisis de 2008.pdf
Mises - Las Causas de la Crisis Economica.pdf,DOCUMENTOS,ESEADE,meta,   👀 TEMAS\   💱 ECONOMÍA\ 🏛️ Intervencionismo\Crisis y ciclos\Mises - Las Causas de la Crisis Economica.pdf
Murphy - La teoría del ciclo económico del «crédito de circulación» de Ludwig von Mises.pdf,Published on Mises Institute (https://mises.org),Murphy,page1,   👀 TEMAS\   💱 ECONOMÍA\ 🏛️ Intervencionismo\Crisis y ciclos\Murphy - La teoría del ciclo económico del «crédito de circulación» de Ludwig von Mises.pdf
Nicolas Cachanosky - Teoria Austriaca y El Problema Del Ciclo Economico.pdf,TEORIA AUSTRIACA Y EL PROBLEMA DEL CICLO ECONOMICO,Juan Carlos,page1,   👀 TEMAS\   💱 ECONOMÍA\ 🏛️ Intervencionismo\Crisis y ciclos\Nicolas Cachanosky - Teoria Austriaca y El Problema Del Ciclo Economico.pdf
Ravier - Formacion de Capital y Ciclos Economicos.pdf,"Tasa de inters, ahorro, inversin y formacin de capital",Adrian Osvaldo Ravier,meta,   👀 TEMAS\   💱 ECONOMÍA\ 🏛️ Intervencionismo\Crisis y ciclos\Ravier - Formacion de Capital y Ciclos Economicos.pdf
Reed - Grandes Mitos sobre La Gran Depresion.pdf,IDEAS DE LIBERTAD No,USE,meta,   👀 TEMAS\   💱 ECONOMÍA\ 🏛️ Intervencionismo\Crisis y ciclos\Reed - Grandes Mitos sobre La Gran Depresion.pdf
Reisman - El Mito de que el Laissez faire es Responsable de Nuestra Crisis Actual.pdf,"Mises.org - Artículo Diario, por George Reisman - Publicado el 10/23/2008.",End User,page1,   👀 TEMAS\   💱 ECONOMÍA\ 🏛️ Intervencionismo\Crisis y ciclos\Reisman - El Mito de que el Laissez faire es Responsable de Nuestra Crisis Actual.pdf
Revisión de la Historia monetaria de los Estados Unidos -1867-1960-.pdf,rev60.lucas,dparra,meta,   👀 TEMAS\   💱 ECONOMÍA\ 🏛️ Intervencionismo\Crisis y ciclos\Revisión de la Historia monetaria de los Estados Unidos -1867-1960-.pdf
Robbins - La Doble Raiz de la Gran Depresion_ Inflacionismo e Intervencion.pdf,Por Lionel Robbins,Propietario,page1,   👀 TEMAS\   💱 ECONOMÍA\ 🏛️ Intervencionismo\Crisis y ciclos\Robbins - La Doble Raiz de la Gran Depresion_ Inflacionismo e Intervencion.pdf
Rodriguez & Rallo - Una crisis y cinco errores.pdf,[Escribir texto],Rodriguez & Rallo,page1,   👀 TEMAS\   💱 ECONOMÍA\ 🏛️ Intervencionismo\Crisis y ciclos\Rodriguez & Rallo - Una crisis y cinco errores.pdf
Rothbard - Cómo Ocurre el Ciclo Económico.pdf,Published on Mises Institute (https://mises.org),Rothbard,page1,   👀 TEMAS\   💱 ECONOMÍA\ 🏛️ Intervencionismo\Crisis y ciclos\Rothbard - Cómo Ocurre el Ciclo Económico.pdf
Rothbard - Explicación de la teoría austriaca del ciclo económico.pdf,Published on Mises Institute (https://mises.org),Rothbard,page1,   👀 TEMAS\   💱 ECONOMÍA\ 🏛️ Intervencionismo\Crisis y ciclos\Rothbard - Explicación de la teoría austriaca del ciclo económico.pdf
Rothbard - La contribución de Mises a la comprensión de los ciclos económicos.pdf,Published on Mises Institute (https://mises.org),Rothbard,page1,   👀 TEMAS\   💱 ECONOMÍA\ 🏛️ Intervencionismo\Crisis y ciclos\Rothbard - La contribución de Mises a la comprensión de los ciclos económicos.pdf
Rothbard - La depresión de los 1780 y la lucha bancaria.pdf,Published on Mises Institute (https://mises.org),Rothbard,page1,   👀 TEMAS\   💱 ECONOMÍA\ 🏛️ Intervencionismo\Crisis y ciclos\Rothbard - La depresión de los 1780 y la lucha bancaria.pdf
Rothbard - Por qué ocurre el ciclo económico.pdf,Published on Mises Institute (https://mises.org),Rothbard,page1,   👀 TEMAS\   💱 ECONOMÍA\ 🏛️ Intervencionismo\Crisis y ciclos\Rothbard - Por qué ocurre el ciclo económico.pdf
Rothbard - ¡Crisis bancaria!.pdf,Published on Mises Institute (https://mises.org),Rothbard,page1,   👀 TEMAS\   💱 ECONOMÍA\ 🏛️ Intervencionismo\Crisis y ciclos\Rothbard - ¡Crisis bancaria!.pdf
Rothbard - ¿Causó el capitalismo la Gran Depresión_.pdf,¿CAUSÓ EL CAPITALISMO LA GRAN DEPRESIÓN?,Rothbard,page1,   👀 TEMAS\   💱 ECONOMÍA\ 🏛️ Intervencionismo\Crisis y ciclos\Rothbard - ¿Causó el capitalismo la Gran Depresión_.pdf
Giacomini y Milei - Ensayos Monetarios para Economias Abiertas.pdf,"Actualidad Económica Año XXVII, Nº 91 – Enero / Abril 2017",usuario,page1,   👀 TEMAS\   💱 ECONOMÍA\ 🏛️ Intervencionismo\Dinero y Bancos\Banca\Artículos\Giacomini y Milei - Ensayos Monetarios para Economias Abiertas.pdf
America_s Money Machine_ The Story of the Federal Reserve.pdf,America's Money Machine,Elgin Groseclose,meta,   👀 TEMAS\   💱 ECONOMÍA\ 🏛️ Intervencionismo\Dinero y Bancos\Banca\En inglés\America_s Money Machine_ The Story of the Federal Reserve.pdf
A Comment on Barnett and Block on Time Deposit and Bagus and Howden on Loan Maturity Mismatching.pdf,A COMMENT ON BARNETT AND BLOCK ON TIME DEPOSIT AND BAGUS AND HOWDEN ON LOAN MATURITY MISMATCHING,,meta,   👀 TEMAS\   💱 ECONOMÍA\ 🏛️ Intervencionismo\Dinero y Bancos\Banca\Reserva Fraccionaria\A Comment on Barnett and Block on Time Deposit and Bagus and Howden on Loan Maturity Mismatching.pdf
"In Defense of Fiduciary Media—or, We are Not Devo(lutionists), We are Misesians.pdf","In Defense of Fiduciary Media-or,",,page1,"   👀 TEMAS\   💱 ECONOMÍA\ 🏛️ Intervencionismo\Dinero y Bancos\Banca\Reserva Fraccionaria\In Defense of Fiduciary Media—or, We are Not Devo(lutionists), We are Misesians.pdf"
Selgin - Mere quibbles_ Bagus and Howden’s critique of the theory of free banking.pdf,Mere Quibbles:,Terry OIT,page1,   👀 TEMAS\   💱 ECONOMÍA\ 🏛️ Intervencionismo\Dinero y Bancos\Banca\Reserva Fraccionaria\Selgin - Mere quibbles_ Bagus and Howden’s critique of the theory of free banking.pdf
Selgin - Should We Let Banks Create Money_.pdf,Should We Let Banks Create Money?,George Selgin,meta,   👀 TEMAS\   💱 ECONOMÍA\ 🏛️ Intervencionismo\Dinero y Bancos\Banca\Reserva Fraccionaria\Selgin - Should We Let Banks Create Money_.pdf
"White - Accounting for Fractional-Reserve Banknotes and Deposits— or, What’s Twenty Quid to the Bloody Midland Bank_.pdf","Accounting for Fractional-Reserve Banknotes and Deposits—or, What’s Twenty Quid to the Bloody Midland Bank?",Lawrence H. White,meta,"   👀 TEMAS\   💱 ECONOMÍA\ 🏛️ Intervencionismo\Dinero y Bancos\Banca\Reserva Fraccionaria\White - Accounting for Fractional-Reserve Banknotes and Deposits— or, What’s Twenty Quid to the Bloody Midland Bank_.pdf"
Teoría y política monetaria y bancaria.pdf,TEORÍA Y POLÍTICA MONETARIA Y BANCARIA/,int,meta,   👀 TEMAS\   💱 ECONOMÍA\ 🏛️ Intervencionismo\Dinero y Bancos\Banca\Teoría y política monetaria y bancaria.pdf
Bastos - Dinero en Anarquía.pdf,El dinero en anarquía,tabito,page1,   👀 TEMAS\   💱 ECONOMÍA\ 🏛️ Intervencionismo\Dinero y Bancos\Dinero Libre\Bastos - Dinero en Anarquía.pdf
The Theory of Free Banking.pdf,The Theory of Free Banking,,page1,   👀 TEMAS\   💱 ECONOMÍA\ 🏛️ Intervencionismo\Dinero y Bancos\Dinero Libre\En inglés\The Theory of Free Banking.pdf
Grass - Dinero_ cómo su pasado predice su futuro.pdf,Published on Mises Institute (https://mises.org),Grass,page1,   👀 TEMAS\   💱 ECONOMÍA\ 🏛️ Intervencionismo\Dinero y Bancos\Dinero Libre\Grass - Dinero_ cómo su pasado predice su futuro.pdf
Los intercambios y el dinero desde una perspectiva Liberal.pdf,Fecha de recepción: 27 de junio de 2021,,page1,   👀 TEMAS\   💱 ECONOMÍA\ 🏛️ Intervencionismo\Dinero y Bancos\Dinero Libre\Los intercambios y el dinero desde una perspectiva Liberal.pdf
Murphy - El plan de Hayek para el dinero privado.pdf,Published on Mises Institute (https://mises.org),Murphy,page1,   👀 TEMAS\   💱 ECONOMÍA\ 🏛️ Intervencionismo\Dinero y Bancos\Dinero Libre\Murphy - El plan de Hayek para el dinero privado.pdf
Polleit - Libertad y dinero sólido_ dos caras de una moneda.pdf,Published on Mises Institute (https://mises.org),Polleit,page1,   👀 TEMAS\   💱 ECONOMÍA\ 🏛️ Intervencionismo\Dinero y Bancos\Dinero Libre\Polleit - Libertad y dinero sólido_ dos caras de una moneda.pdf
Ray - Una estrategia para promover el dinero sólido_ descentralizar el Estado.pdf,Published on Mises Institute (https://mises.org),Ray,page1,   👀 TEMAS\   💱 ECONOMÍA\ 🏛️ Intervencionismo\Dinero y Bancos\Dinero Libre\Ray - Una estrategia para promover el dinero sólido_ descentralizar el Estado.pdf
Milano - Por qué la fungibilidad es importante para entender el dinero y el cripto.pdf,Published on Mises Institute (https://mises.org),Milano,page1,   👀 TEMAS\   💱 ECONOMÍA\ 🏛️ Intervencionismo\Dinero y Bancos\Milano - Por qué la fungibilidad es importante para entender el dinero y el cripto.pdf
Moneda y libertad.pdf,MONEDA Y LIBERTAD,Magdalena,meta,   👀 TEMAS\   💱 ECONOMÍA\ 🏛️ Intervencionismo\Dinero y Bancos\Moneda y libertad.pdf
Ontologia Y Funciones Del Dinero(1).pdf,ONTOLOGÍA Y FUNCIONES DEL DINERO.,,page1,   👀 TEMAS\   💱 ECONOMÍA\ 🏛️ Intervencionismo\Dinero y Bancos\Ontologia Y Funciones Del Dinero(1).pdf
Ontologia Y Funciones Del Dinero.pdf,ONTOLOGÍA Y FUNCIONES DEL DINERO.,,page1,   👀 TEMAS\   💱 ECONOMÍA\ 🏛️ Intervencionismo\Dinero y Bancos\Ontologia Y Funciones Del Dinero.pdf
Lew Rockwell - The Gold Standard Perspectives in the Austria.pdf,The Gold Standar,Mises Institute,meta,   👀 TEMAS\   💱 ECONOMÍA\ 🏛️ Intervencionismo\Dinero y Bancos\Oro\En inglés\Lew Rockwell - The Gold Standard Perspectives in the Austria.pdf
Triumph of Gold.pdf,The Triumph of Gold,,meta,   👀 TEMAS\   💱 ECONOMÍA\ 🏛️ Intervencionismo\Dinero y Bancos\Oro\En inglés\Triumph of Gold.pdf
Mises - Oro frente a Papel.pdf,Oro frente a papel,Propietario,page1,   👀 TEMAS\   💱 ECONOMÍA\ 🏛️ Intervencionismo\Dinero y Bancos\Oro\Mises - Oro frente a Papel.pdf
"Murphy - El oro, la moneda global del mercado.pdf",Por Robert P. Murphy,Propietario,page1,"   👀 TEMAS\   💱 ECONOMÍA\ 🏛️ Intervencionismo\Dinero y Bancos\Oro\Murphy - El oro, la moneda global del mercado.pdf"
"Oro, Interes, Báse - Antal E. Fekete.pdf","𝐎𝐑𝐎, 𝐈𝐍𝐓𝐄𝐑𝐄́𝐒 𝐘 𝐁𝐀𝐒𝐄",Sepesvri Judit,meta,"   👀 TEMAS\   💱 ECONOMÍA\ 🏛️ Intervencionismo\Dinero y Bancos\Oro\Oro, Interes, Báse - Antal E. Fekete.pdf"
Polleit - Cómo el blockchain y el oro pueden trabajar juntos.pdf,Published on Mises Institute (https://mises.org),Polleit,page1,   👀 TEMAS\   💱 ECONOMÍA\ 🏛️ Intervencionismo\Dinero y Bancos\Oro\Polleit - Cómo el blockchain y el oro pueden trabajar juntos.pdf
Rallo - El Oro como el mejor dinero posible.pdf,Microsoft PowerPoint - 3. Juan Ramon Rallo - El oro como el mejor dinero posible.ppt,Rallo,meta,   👀 TEMAS\   💱 ECONOMÍA\ 🏛️ Intervencionismo\Dinero y Bancos\Oro\Rallo - El Oro como el mejor dinero posible.pdf
Rallo - La Grandeza del Patron Oro.pdf,Por Juan Ramón Rallo Julián,Propietario,page1,   👀 TEMAS\   💱 ECONOMÍA\ 🏛️ Intervencionismo\Dinero y Bancos\Oro\Rallo - La Grandeza del Patron Oro.pdf
Rothbard - El patrón de cambio del oro en funcionamiento 1926-1929.pdf,Published on Mises Institute (https://mises.org),Rothbard,page1,   👀 TEMAS\   💱 ECONOMÍA\ 🏛️ Intervencionismo\Dinero y Bancos\Oro\Rothbard - El patrón de cambio del oro en funcionamiento 1926-1929.pdf
Roger Garrison - Tiempo y Dinero.pdf,Tiempo y Dinero,Roger Garrison,meta,   👀 TEMAS\   💱 ECONOMÍA\ 🏛️ Intervencionismo\Dinero y Bancos\Roger Garrison - Tiempo y Dinero.pdf
"Rothbard - Bimetalismo, ley de Gresham y acuñación.pdf",Published on Mises Institute (https://mises.org),Rothbard,page1,"   👀 TEMAS\   💱 ECONOMÍA\ 🏛️ Intervencionismo\Dinero y Bancos\Rothbard - Bimetalismo, ley de Gresham y acuñación.pdf"
Rothbard - Competencia monetaria_ la mejor alternativa para arrasar bancos centrales hasta el suelo.pdf,Published on Mises Institute (https://mises.org),Rothbard,page1,   👀 TEMAS\   💱 ECONOMÍA\ 🏛️ Intervencionismo\Dinero y Bancos\Rothbard - Competencia monetaria_ la mejor alternativa para arrasar bancos centrales hasta el suelo.pdf
Rothbard - David Hume y la teoría monetaria.pdf,DAVID HUME Y LA,Rothbard,page1,   👀 TEMAS\   💱 ECONOMÍA\ 🏛️ Intervencionismo\Dinero y Bancos\Rothbard - David Hume y la teoría monetaria.pdf
Rothbard - Definiciones Austríacas del Suministro de Dinero.pdf,Published on Mises Institute (https://mises.org),Rothbard,page1,   👀 TEMAS\   💱 ECONOMÍA\ 🏛️ Intervencionismo\Dinero y Bancos\Rothbard - Definiciones Austríacas del Suministro de Dinero.pdf
Rothbard - El dinero y el individuo.pdf,Published on Mises Institute (https://mises.org),Rothbard,page1,   👀 TEMAS\   💱 ECONOMÍA\ 🏛️ Intervencionismo\Dinero y Bancos\Rothbard - El dinero y el individuo.pdf
Rothbard - Jean Buridan y la teoría del dinero.pdf,Published on Mises Institute (https://mises.org),Rothbard,page1,   👀 TEMAS\   💱 ECONOMÍA\ 🏛️ Intervencionismo\Dinero y Bancos\Rothbard - Jean Buridan y la teoría del dinero.pdf
Rothbard - La convención monetaria de Indianápolis.pdf,Published on Mises Institute (https://mises.org),Rothbard,page1,   👀 TEMAS\   💱 ECONOMÍA\ 🏛️ Intervencionismo\Dinero y Bancos\Rothbard - La convención monetaria de Indianápolis.pdf
Rothbard - La Teoría Austriaca del Dinero.pdf,La teoría austríaca del dinero,"Rothbard, Murray N.",meta,   👀 TEMAS\   💱 ECONOMÍA\ 🏛️ Intervencionismo\Dinero y Bancos\Rothbard - La Teoría Austriaca del Dinero.pdf
Rothbard - Recuperando el Dinero.pdf,Published on Mises Institute (https://mises.org),Rothbard,page1,   👀 TEMAS\   💱 ECONOMÍA\ 🏛️ Intervencionismo\Dinero y Bancos\Rothbard - Recuperando el Dinero.pdf
Garrett Hardin - La tragedia de los comunes..pdf,La tragedia de los comunes,Juan José Oñate Rubalcaba,meta,   👀 TEMAS\   💱 ECONOMÍA\ 🏛️ Intervencionismo\Garrett Hardin - La tragedia de los comunes..pdf
"Alex Tabarrok - Impuestos a la Herencia, Teoría, Historia y Ética.pdf",Impuestos mortales:,Juan C. Cachanosky,meta,"   👀 TEMAS\   💱 ECONOMÍA\ 🏛️ Intervencionismo\Impuestos\Alex Tabarrok - Impuestos a la Herencia, Teoría, Historia y Ética.pdf"
"Axel Kaiser - Estado, Impuestos y Explotacion.pdf","Estado, impuestos y explotación",Fundación para el Progreso,meta,"   👀 TEMAS\   💱 ECONOMÍA\ 🏛️ Intervencionismo\Impuestos\Axel Kaiser - Estado, Impuestos y Explotacion.pdf"
Bastiar - El Recaudador de Impuestos.pdf,Document1,ebiglione,meta,   👀 TEMAS\   💱 ECONOMÍA\ 🏛️ Intervencionismo\Impuestos\Bastiar - El Recaudador de Impuestos.pdf
The Ethics of Tax Evasion  Perspectives in Theory and Practi.pdf,The Ethics of Tax Evasion,,page1,   👀 TEMAS\   💱 ECONOMÍA\ 🏛️ Intervencionismo\Impuestos\En inglés\The Ethics of Tax Evasion  Perspectives in Theory and Practi.pdf
Hülsman - Reseña_ Tax Tyranny.pdf,Reseña: Tax Tyranny,Hülsman,page1,   👀 TEMAS\   💱 ECONOMÍA\ 🏛️ Intervencionismo\Impuestos\Hülsman - Reseña_ Tax Tyranny.pdf
La-Historia-de-los-Impuestos-PARTE-II.pdf,El Ancien Régime,,page1,   👀 TEMAS\   💱 ECONOMÍA\ 🏛️ Intervencionismo\Impuestos\La-Historia-de-los-Impuestos-PARTE-II.pdf
"Rothbard - El Impuesto al Consumo, Una Critica.pdf",EL IMPUESTO AL CONSUMO: UNA CRITICA,Magdalena Casey,meta,"   👀 TEMAS\   💱 ECONOMÍA\ 🏛️ Intervencionismo\Impuestos\Rothbard - El Impuesto al Consumo, Una Critica.pdf"
Bagus - ¿Quién teme a la deflación_.pdf,Published on Mises Institute (https://mises.org),Bagus,page1,   👀 TEMAS\   💱 ECONOMÍA\ 🏛️ Intervencionismo\Inflación\Bagus - ¿Quién teme a la deflación_.pdf
Mises - La Inflacion Destruye el Ahorro.pdf,La inflación destruye el ahorro,Propietario,page1,   👀 TEMAS\   💱 ECONOMÍA\ 🏛️ Intervencionismo\Inflación\Mises - La Inflacion Destruye el Ahorro.pdf
Norberg Johan - Fiasco Financiero.pdf,Fiasco Financiero: C?mo la obsesi?n de los americanos por la propiedad inmobiliaria y el dinero f?cil caus? la crisis econ?mica (Laissez faire) (Spanish Edition),Johan Norberg,meta,   👀 TEMAS\   💱 ECONOMÍA\ 🏛️ Intervencionismo\Inflación\Norberg Johan - Fiasco Financiero.pdf
Rothbard - Emisión estatal de papel moneda en la República temprana.pdf,Published on Mises Institute (https://mises.org),Rothbard,page1,   👀 TEMAS\   💱 ECONOMÍA\ 🏛️ Intervencionismo\Inflación\Rothbard - Emisión estatal de papel moneda en la República temprana.pdf
"Thornton - Dinero, inflación y ciclos económicos, el efecto Cantillon y la economía.pdf",Published on Mises Institute (https://mises.org),Thornton,page1,"   👀 TEMAS\   💱 ECONOMÍA\ 🏛️ Intervencionismo\Inflación\Thornton - Dinero, inflación y ciclos económicos, el efecto Cantillon y la economía.pdf"
Thornton - Efectos Cantillon_ por qué la inflación ayuda a unos y perjudica a otros.pdf,Published on Mises Institute (https://mises.org),Thornton,page1,   👀 TEMAS\   💱 ECONOMÍA\ 🏛️ Intervencionismo\Inflación\Thornton - Efectos Cantillon_ por qué la inflación ayuda a unos y perjudica a otros.pdf
 Bastos - Puede la Intervención Estatal ser Justificada Científicamente_.pdf,MAY · KIRTCHEV · BARLOW · NAKAMOTO RECOPILACIÓN POR SIMÓN OCA,Bastos,page1,   👀 TEMAS\   💱 ECONOMÍA\ 🏛️ Intervencionismo\Intervencionismo\ Bastos - Puede la Intervención Estatal ser Justificada Científicamente_.pdf
Bylund - Cómo pensar la intervención regulatoria.pdf,Published on Mises Institute (https://mises.org),Bylund,page1,   👀 TEMAS\   💱 ECONOMÍA\ 🏛️ Intervencionismo\Intervencionismo\Bylund - Cómo pensar la intervención regulatoria.pdf
Bylund - La regulación económica significa que el gobierno elige ganadores y perdedores.pdf,Published on Mises Institute (https://mises.org),Bylund,page1,   👀 TEMAS\   💱 ECONOMÍA\ 🏛️ Intervencionismo\Intervencionismo\Bylund - La regulación económica significa que el gobierno elige ganadores y perdedores.pdf
Bylund - Los aranceles son ataques a los derechos de propiedad y a la libertad.pdf,Published on Mises Institute (https://mises.org),Bylund,page1,   👀 TEMAS\   💱 ECONOMÍA\ 🏛️ Intervencionismo\Intervencionismo\Bylund - Los aranceles son ataques a los derechos de propiedad y a la libertad.pdf
Carlos A. Sabino - El Fracaso del Intervencionismo.pdf,EL FRACASO DEL INTERVENCIONISMO APERTURA Y LIBRE MERCADO EN AMERICA LATINA,CESAR GIRON,page1,   👀 TEMAS\   💱 ECONOMÍA\ 🏛️ Intervencionismo\Intervencionismo\Carlos A. Sabino - El Fracaso del Intervencionismo.pdf
Reisman - Que es el Intervencionismo.pdf,¿Qué es el intervencionismo,Juan Fernando Carpio,meta,   👀 TEMAS\   💱 ECONOMÍA\ 🏛️ Intervencionismo\Intervencionismo\Reisman - Que es el Intervencionismo.pdf
Robbins - La Doble Raiz de la Gran Depresion_ Inflacionismo e Intervencion.pdf,Por Lionel Robbins,Propietario,page1,   👀 TEMAS\   💱 ECONOMÍA\ 🏛️ Intervencionismo\Intervencionismo\Robbins - La Doble Raiz de la Gran Depresion_ Inflacionismo e Intervencion.pdf
Rothbard - El impulso por aranceles protectores estatales y federales en la América temprana.pdf,Published on Mises Institute (https://mises.org),Rothbard,page1,   👀 TEMAS\   💱 ECONOMÍA\ 🏛️ Intervencionismo\Intervencionismo\Rothbard - El impulso por aranceles protectores estatales y federales en la América temprana.pdf
Rothbard - El mito del TLCAN.pdf,Published on Mises Institute (https://mises.org),Rothbard,page1,   👀 TEMAS\   💱 ECONOMÍA\ 🏛️ Intervencionismo\Intervencionismo\Rothbard - El mito del TLCAN.pdf
"Rothbard - Prohibiendo los empleos, el salario mínimo.pdf",Published on Mises Institute (https://mises.org),Rothbard,page1,"   👀 TEMAS\   💱 ECONOMÍA\ 🏛️ Intervencionismo\Intervencionismo\Rothbard - Prohibiendo los empleos, el salario mínimo.pdf"
Rothbard explica El fracaso de la «nueva economía».pdf,Published on Mises Institute (https://mises.org),,page1,   👀 TEMAS\   💱 ECONOMÍA\ 🏛️ Intervencionismo\Keynesianismo\Rothbard explica El fracaso de la «nueva economía».pdf
Rothbard - Cómo el gasto gubernamental daña la economía.pdf,Published on Mises Institute (https://mises.org),Rothbard,page1,   👀 TEMAS\   💱 ECONOMÍA\ 🏛️ Intervencionismo\Rothbard - Cómo el gasto gubernamental daña la economía.pdf
Orden espontáneo.pdf,Orden espontáneo,,page1,   👀 TEMAS\   💱 ECONOMÍA\ 💹 Capitalismo y Libre Mercado\  Libre Mercado\Artículos\Orden espontáneo.pdf
Rothbard - Libre Mercado.pdf,Murray Rothbard (*),Propietario,page1,   👀 TEMAS\   💱 ECONOMÍA\ 💹 Capitalismo y Libre Mercado\  Libre Mercado\Artículos\Rothbard - Libre Mercado.pdf
Van - Los argumentos a favor del liberalismo de libre mercado en África.pdf,Published on Mises Institute (https://mises.org),Van,page1,   👀 TEMAS\   💱 ECONOMÍA\ 💹 Capitalismo y Libre Mercado\  Libre Mercado\Artículos\Van - Los argumentos a favor del liberalismo de libre mercado en África.pdf
Lacalle - Nosotros los Mercados.pdf,"Nosotros, los mercados",Daniel Lacalle,meta,   👀 TEMAS\   💱 ECONOMÍA\ 💹 Capitalismo y Libre Mercado\  Libre Mercado\Lacalle - Nosotros los Mercados.pdf
Lacalle - Viaje a la Libertad Económica.pdf,Viaje a la Libertad Económica,Lacalle,filename,   👀 TEMAS\   💱 ECONOMÍA\ 💹 Capitalismo y Libre Mercado\  Libre Mercado\Lacalle - Viaje a la Libertad Económica.pdf
Laissez faire.pdf,Adam Smith.,,page1,   👀 TEMAS\   💱 ECONOMÍA\ 💹 Capitalismo y Libre Mercado\  Libre Mercado\Laissez faire.pdf
Libertad y Orden Espontaneo - Guillermo Rodriguez Gonzalez.pdf,Libertad y Orden Espontaneo,Guillermo Rodrￃﾭguez Gonzￃﾡlez,meta,   👀 TEMAS\   💱 ECONOMÍA\ 💹 Capitalismo y Libre Mercado\  Libre Mercado\Libertad y Orden Espontaneo - Guillermo Rodriguez Gonzalez.pdf
Raíces cristianas de la economía de libre mercado.PDF,Raíces cristianas de la economía de libre mercado,mac10,filename,   👀 TEMAS\   💱 ECONOMÍA\ 💹 Capitalismo y Libre Mercado\  Libre Mercado\Raíces cristianas de la economía de libre mercado.PDF
Arthur Seldon - Capitalismo.pdf,Capitalismo,Arthur Seldon,filename,   👀 TEMAS\   💱 ECONOMÍA\ 💹 Capitalismo y Libre Mercado\ Capitalismo\Arthur Seldon - Capitalismo.pdf
Bondone - Capitalismo y Moneda.pdf,CAPITALISMO MONEDA,Bondone,page1,   👀 TEMAS\   💱 ECONOMÍA\ 💹 Capitalismo y Libre Mercado\ Capitalismo\Bondone - Capitalismo y Moneda.pdf
Capitalismo de Amigos.pdf,EL “CAPITALISMO DE AMIGOS”,tabito,page1,   👀 TEMAS\   💱 ECONOMÍA\ 💹 Capitalismo y Libre Mercado\ Capitalismo\Capitalismo de Amigos.pdf
Czarnota y Zybertowicz - Aparición del Capitalismo.pdf,"Universidad Nicolas Copernicus, Torun.",Czarnota y Zybertowicz,page1,   👀 TEMAS\   💱 ECONOMÍA\ 💹 Capitalismo y Libre Mercado\ Capitalismo\Escritos varios\Czarnota y Zybertowicz - Aparición del Capitalismo.pdf
De Jouvenel - Los Intelectuales Europeos y el Capitalismo.pdf,Los Intelectuales Europeos y el Capitalismo,De Jouvenel,filename,   👀 TEMAS\   💱 ECONOMÍA\ 💹 Capitalismo y Libre Mercado\ Capitalismo\Escritos varios\De Jouvenel - Los Intelectuales Europeos y el Capitalismo.pdf
Hernando de Soto - Por qué el Capitalismo triunfa en Occidente y Fracasa en el resto del mundo.pdf,Document5,ebiglione,meta,   👀 TEMAS\   💱 ECONOMÍA\ 💹 Capitalismo y Libre Mercado\ Capitalismo\Escritos varios\Hernando de Soto - Por qué el Capitalismo triunfa en Occidente y Fracasa en el resto del mundo.pdf
Huerta - Eficiencia y Justicia del Capitalismo.pdf,Jesus Huerta - eficiencia y justicia,Huerta,meta,   👀 TEMAS\   💱 ECONOMÍA\ 💹 Capitalismo y Libre Mercado\ Capitalismo\Escritos varios\Huerta - Eficiencia y Justicia del Capitalismo.pdf
Huerta - La Ética del Capitalismo.pdf,LA ÉTICA DEL CAPITALISMO,Huerta,page1,   👀 TEMAS\   💱 ECONOMÍA\ 💹 Capitalismo y Libre Mercado\ Capitalismo\Escritos varios\Huerta - La Ética del Capitalismo.pdf
Kirzner - Ciencia y Moralidad del Capitalismo.pdf,"Año: 38, Marzo 1996 No. 815",End User,page1,   👀 TEMAS\   💱 ECONOMÍA\ 💹 Capitalismo y Libre Mercado\ Capitalismo\Escritos varios\Kirzner - Ciencia y Moralidad del Capitalismo.pdf
MAÑANA EL CAPITALISMO.pdf,M A Ñ A N A C A P I T A L I S M O,,page1,   👀 TEMAS\   💱 ECONOMÍA\ 💹 Capitalismo y Libre Mercado\ Capitalismo\Escritos varios\MAÑANA EL CAPITALISMO.pdf
Reisman - Algunas Nociones Fundamentales sobre la Naturaleza Benévola del Capitalismo.pdf,Algunas Nociones Fundamentales sobre la Naturaleza Benévola del Capitalismo,Juan Fernando Carpio,filename,   👀 TEMAS\   💱 ECONOMÍA\ 💹 Capitalismo y Libre Mercado\ Capitalismo\Escritos varios\Reisman - Algunas Nociones Fundamentales sobre la Naturaleza Benévola del Capitalismo.pdf
"Schumpeter - Capitalismo, Socialismo y Socialismo.PDF",.¿ÍA»: BIBLIOTECA DE,Schumpeter,page1,"   👀 TEMAS\   💱 ECONOMÍA\ 💹 Capitalismo y Libre Mercado\ Capitalismo\Escritos varios\Schumpeter - Capitalismo, Socialismo y Socialismo.PDF"
Una Critica a la Teoria de los Fallos del Capitalismo.pdf,UNA CRÍTICA A LA TEORÍA DE LOS FALLOS DEL MERCADO,,page1,   👀 TEMAS\   💱 ECONOMÍA\ 💹 Capitalismo y Libre Mercado\ Capitalismo\Escritos varios\Una Critica a la Teoria de los Fallos del Capitalismo.pdf
Marty - Capitalismo_ Un Antidoto Contra la Pobreza.pdf,Capitalismo_ Un Antidoto Contra la Pobreza,Marty,filename,   👀 TEMAS\   💱 ECONOMÍA\ 💹 Capitalismo y Libre Mercado\ Capitalismo\Marty - Capitalismo_ Un Antidoto Contra la Pobreza.pdf
Norberg - En defensa del Capitalismo Global.pdf,En defensa del Capitalismo Global (Laissez Faire) (Spanish Edition),Johan Norberg,meta,   👀 TEMAS\   💱 ECONOMÍA\ 💹 Capitalismo y Libre Mercado\ Capitalismo\Norberg - En defensa del Capitalismo Global.pdf
Rafael Termes Carregó - Antropología del Capitalismo.pdf,REAL ACADEMIA DE CIENCIAS MORALES Y POLITICAS -ANTROPOLOGIA,Rafael Termes Carregó,page1,   👀 TEMAS\   💱 ECONOMÍA\ 💹 Capitalismo y Libre Mercado\ Capitalismo\Rafael Termes Carregó - Antropología del Capitalismo.pdf
Ambientalismo y Libre Mercado - Marco Batalha.pdf,Español..................................................................12,tabito,page1,   👀 TEMAS\   💱 ECONOMÍA\ 💹 Capitalismo y Libre Mercado\ Empresarialidad\Escritos varios\Ambientalismo y Libre Mercado - Marco Batalha.pdf
"Benegas Lynch - Autoridad monetaria, norma monetaria o moneda de mercado.pdf","¿AUTORIDAD MONETARIA, NORMA MONETARIA O",Magdalena,meta,"   👀 TEMAS\   💱 ECONOMÍA\ 💹 Capitalismo y Libre Mercado\ Empresarialidad\Escritos varios\Benegas Lynch - Autoridad monetaria, norma monetaria o moneda de mercado.pdf"
Boettke - Liberar el Mercado.pdf,LIBERAR EL MERCADO1,Boettke,page1,   👀 TEMAS\   💱 ECONOMÍA\ 💹 Capitalismo y Libre Mercado\ Empresarialidad\Escritos varios\Boettke - Liberar el Mercado.pdf
"Edward P. Stringham - El Comercio, los Mercados y la Paz.pdf",Comentario a Stikkers,Centro de Computos,meta,"   👀 TEMAS\   💱 ECONOMÍA\ 💹 Capitalismo y Libre Mercado\ Empresarialidad\Escritos varios\Edward P. Stringham - El Comercio, los Mercados y la Paz.pdf"
El mercado como proceso - Ivo Sarjanovic.pdf,EL MERCADO COMO PROCESO: DOS VISIONES ALTERNATIVAS,ESEADE,meta,   👀 TEMAS\   💱 ECONOMÍA\ 💹 Capitalismo y Libre Mercado\ Empresarialidad\Escritos varios\El mercado como proceso - Ivo Sarjanovic.pdf
Entrevista a Israel Kirzner - En Defensa del Mercado.pdf,"Año: 39, Noviembre 1997 No. 835",Propietario,page1,   👀 TEMAS\   💱 ECONOMÍA\ 💹 Capitalismo y Libre Mercado\ Empresarialidad\Escritos varios\Entrevista a Israel Kirzner - En Defensa del Mercado.pdf
Hayek - La Competencia como Proceso de Descubrimiento.pdf,ENSAYO LA COMPETENCIA,Ashkarcito,page1,   👀 TEMAS\   💱 ECONOMÍA\ 💹 Capitalismo y Libre Mercado\ Empresarialidad\Escritos varios\Hayek - La Competencia como Proceso de Descubrimiento.pdf
"Hernando de Soto - Sector Informal, Economía Popular y Mercados Abiertos.pdf",MESA REDONDA,Ashkarcito,page1,"   👀 TEMAS\   💱 ECONOMÍA\ 💹 Capitalismo y Libre Mercado\ Empresarialidad\Escritos varios\Hernando de Soto - Sector Informal, Economía Popular y Mercados Abiertos.pdf"
Jasay - Un Analisis del Socialismo de Mercado- Este Circulo Cuadrado.pdf,Un análisis del socialismo de mercado:,"Jasay, A.de",meta,   👀 TEMAS\   💱 ECONOMÍA\ 💹 Capitalismo y Libre Mercado\ Empresarialidad\Escritos varios\Jasay - Un Analisis del Socialismo de Mercado- Este Circulo Cuadrado.pdf
Kirzner - El Signficado de Proceso de Mercado.pdf,EL SIGNIFICADO DEL PROCESO DE MERCADO *,vaflo,meta,   👀 TEMAS\   💱 ECONOMÍA\ 💹 Capitalismo y Libre Mercado\ Empresarialidad\Escritos varios\Kirzner - El Signficado de Proceso de Mercado.pdf
Kirzner - La Funcion del Empresario y el Desarrollo Cconomico.pdf,Israel M. Kirzner,Kirzner,page1,   👀 TEMAS\   💱 ECONOMÍA\ 💹 Capitalismo y Libre Mercado\ Empresarialidad\Escritos varios\Kirzner - La Funcion del Empresario y el Desarrollo Cconomico.pdf
Lachmann - El Mercado y la Distribucion de la Riqueza.pdf,Por Ludwig M. Lachmann,Propietario,page1,   👀 TEMAS\   💱 ECONOMÍA\ 💹 Capitalismo y Libre Mercado\ Empresarialidad\Escritos varios\Lachmann - El Mercado y la Distribucion de la Riqueza.pdf
Mises - La Pérdida y la Ganancia Empresarial.pdf,La pérdida y la ganancia empresarial1,Mises,page1,   👀 TEMAS\   💱 ECONOMÍA\ 💹 Capitalismo y Libre Mercado\ Empresarialidad\Escritos varios\Mises - La Pérdida y la Ganancia Empresarial.pdf
Mises - Los Datos del Mercado.pdf,Inicios Procesos Primavera 09 (1-6).pmd,JUAN,meta,   👀 TEMAS\   💱 ECONOMÍA\ 💹 Capitalismo y Libre Mercado\ Empresarialidad\Escritos varios\Mises - Los Datos del Mercado.pdf
"Mises - Produccion, Empresa y Servicio a la Sociedad.pdf","Producción, empresa y servicio a la sociedad",Propietario,page1,"   👀 TEMAS\   💱 ECONOMÍA\ 💹 Capitalismo y Libre Mercado\ Empresarialidad\Escritos varios\Mises - Produccion, Empresa y Servicio a la Sociedad.pdf"
"Murphy - El oro, la Moneda Global del Mercado.pdf",Por Robert P. Murphy,Propietario,page1,"   👀 TEMAS\   💱 ECONOMÍA\ 💹 Capitalismo y Libre Mercado\ Empresarialidad\Escritos varios\Murphy - El oro, la Moneda Global del Mercado.pdf"
"Policía, Tribunales y Leyes en el Mercado - David Friedman.pdf","POLICÍA, TRIBUNALES Y LEYES EN EL",tabito,page1,"   👀 TEMAS\   💱 ECONOMÍA\ 💹 Capitalismo y Libre Mercado\ Empresarialidad\Escritos varios\Policía, Tribunales y Leyes en el Mercado - David Friedman.pdf"
Procesos de Mercado -  Ivo. A. Sarjanovic.pdf,Por Ivo A. Sarjanovic⊕,CD,page1,   👀 TEMAS\   💱 ECONOMÍA\ 💹 Capitalismo y Libre Mercado\ Empresarialidad\Escritos varios\Procesos de Mercado -  Ivo. A. Sarjanovic.pdf
"Rallo - Dictadura del Mercado, Contradictio in Terminis.pdf",Por Juan Ramón Rallo Julián,Propietario,page1,"   👀 TEMAS\   💱 ECONOMÍA\ 💹 Capitalismo y Libre Mercado\ Empresarialidad\Escritos varios\Rallo - Dictadura del Mercado, Contradictio in Terminis.pdf"
"Reseña Jesús Huerta de Soto, Socialismo, Cálculo Económico y Función Empresarial.pdf","SOCIALISMO, CÁLCULO ECONÓMICO Y FUNCIÓN EMPRESARIAL",,page1,"   👀 TEMAS\   💱 ECONOMÍA\ 💹 Capitalismo y Libre Mercado\ Empresarialidad\Escritos varios\Reseña Jesús Huerta de Soto, Socialismo, Cálculo Económico y Función Empresarial.pdf"
Sobre las empresas de seguridad de Nozick - Bastos.pdf,Sobre las empresas de seguridad de Nozick,tabito,page1,   👀 TEMAS\   💱 ECONOMÍA\ 💹 Capitalismo y Libre Mercado\ Empresarialidad\Escritos varios\Sobre las empresas de seguridad de Nozick - Bastos.pdf
Tolmachev - Emprendimiento político y económico_ la libertad depende del último.pdf,Published on Mises Institute (https://mises.org),Tolmachev,page1,   👀 TEMAS\   💱 ECONOMÍA\ 💹 Capitalismo y Libre Mercado\ Empresarialidad\Escritos varios\Tolmachev - Emprendimiento político y económico_ la libertad depende del último.pdf
Fred L. Smith - Ecologia de Mercado.pdf,Ecologia de Mercado,Fred L. Smith,filename,   👀 TEMAS\   💱 ECONOMÍA\ 💹 Capitalismo y Libre Mercado\ Empresarialidad\Fred L. Smith - Ecologia de Mercado.pdf
Friedrich A. Hayek - Un Sistema Monetario de Mercado libre.pdf,Un Sistema Monetario de Mercado libre,Friedrich A. Hayek,filename,   👀 TEMAS\   💱 ECONOMÍA\ 💹 Capitalismo y Libre Mercado\ Empresarialidad\Friedrich A. Hayek - Un Sistema Monetario de Mercado libre.pdf
"Kirzner - Creatividad, Capitalismo y Justicia Distributiva.pdf","Creatividad, Capitalismo y Justicia Distributiva",Usuario,filename,"   👀 TEMAS\   💱 ECONOMÍA\ 💹 Capitalismo y Libre Mercado\ Empresarialidad\Kirzner - Creatividad, Capitalismo y Justicia Distributiva.pdf"
Lafalce - Recursos Naturales y Función Empresarial.pdf,MAY · KIRTCHEV · BARLOW · NAKAMOTO RECOPILACIÓN POR SIMÓN OCAMPO,Usuario de Windows,page1,   👀 TEMAS\   💱 ECONOMÍA\ 💹 Capitalismo y Libre Mercado\ Empresarialidad\Lafalce - Recursos Naturales y Función Empresarial.pdf
Lynch - Socialismo de Mercado.pdf,CAPITULO .......,mgm,meta,   👀 TEMAS\   💱 ECONOMÍA\ 💹 Capitalismo y Libre Mercado\ Empresarialidad\Lynch - Socialismo de Mercado.pdf
Mises - El Mercado (Pasajes).pdf,"Año: 15, Octubre 1973 No. 304",Propietario,page1,   👀 TEMAS\   💱 ECONOMÍA\ 💹 Capitalismo y Libre Mercado\ Empresarialidad\Mises - El Mercado (Pasajes).pdf
"Naturaleza, Límites y Funcionamiento Interno de las Empresas.pdf","NATURALEZA, LÍMITES Y FUNCIONAMIENTO INTERNO",,page1,"   👀 TEMAS\   💱 ECONOMÍA\ 💹 Capitalismo y Libre Mercado\ Empresarialidad\Naturaleza, Límites y Funcionamiento Interno de las Empresas.pdf"
Carroll - Vacaciones obligatorias significan menos libertad y flexibilidad para los trabajadores.pdf,Published on Mises Institute (https://mises.org),Carroll,page1,   👀 TEMAS\   💱 ECONOMÍA\ 💹 Capitalismo y Libre Mercado\Mercado Laboral\Carroll - Vacaciones obligatorias significan menos libertad y flexibilidad para los trabajadores.pdf
Bastos - Privatización de los Servicios de Inteligencia.pdf,Recibido:2019-07-16.  Aceptado: 2019-10-07,Bastos,page1,   👀 TEMAS\   💱 ECONOMÍA\ 💹 Capitalismo y Libre Mercado\Mundo Privado\Bastos - Privatización de los Servicios de Inteligencia.pdf
No hay que confundir prisiones “privadas” con prisiones de libre mercado (Brittany Hunter).pdf,"Este mismo mes, el Departamento de Justicia anunció",Brittany Hunter,page1,   👀 TEMAS\   💱 ECONOMÍA\ 💹 Capitalismo y Libre Mercado\Mundo Privado\No hay que confundir prisiones “privadas” con prisiones de libre mercado (Brittany Hunter).pdf
Sociedad de Propietarios - IJdM.pdf,Propuesta de Informes Instituto Juan de Mariana,Mercas,meta,   👀 TEMAS\   💱 ECONOMÍA\ 💹 Capitalismo y Libre Mercado\Mundo Privado\Sociedad de Propietarios - IJdM.pdf
1502-0182_DalBoE.pdf,Bienes públicos y bienes club : el espacio de acción colectiva en las economías descentralizadas,"Ernesto, Dal Bó",meta,   👀 TEMAS\   💱 ECONOMÍA\ 💹 Capitalismo y Libre Mercado\Teoría de Clubes\1502-0182_DalBoE.pdf
4047555.pdf,Milton Samuel Camelo1,ILOVEPDF.COM,page1,   👀 TEMAS\   💱 ECONOMÍA\ 💹 Capitalismo y Libre Mercado\Teoría de Clubes\4047555.pdf
"Bien común (economía política) - Wikipedia, la enciclopedia libre.pdf","Bien común (economía política) - Wikipedia, la enciclopedia libre",Bien común (economía política),meta,"   👀 TEMAS\   💱 ECONOMÍA\ 💹 Capitalismo y Libre Mercado\Teoría de Clubes\Bien común (economía política) - Wikipedia, la enciclopedia libre.pdf"
"Bienes club - Wikipedia, la enciclopedia libre.pdf","Bienes club - Wikipedia, la enciclopedia libre",Bienes club,meta,"   👀 TEMAS\   💱 ECONOMÍA\ 💹 Capitalismo y Libre Mercado\Teoría de Clubes\Bienes club - Wikipedia, la enciclopedia libre.pdf"
Buchanan - Teoria Económica de los Clubs.pdf,Hojas Devi,Buchanan,meta,   👀 TEMAS\   💱 ECONOMÍA\ 💹 Capitalismo y Libre Mercado\Teoría de Clubes\Buchanan - Teoria Económica de los Clubs.pdf
"Buchanan, Tullock - Calculus of Consent_ Logical Foundations of_Constitutional Democracy.pdf",James M. Buchanan,"Buchanan, Tullock",page1,"   👀 TEMAS\   💱 ECONOMÍA\ 💹 Capitalismo y Libre Mercado\Teoría de Clubes\Buchanan, Tullock - Calculus of Consent_ Logical Foundations of_Constitutional Democracy.pdf"
Club good - Wikipedia.pdf,Club good - Wikipedia,Club good,meta,   👀 TEMAS\   💱 ECONOMÍA\ 💹 Capitalismo y Libre Mercado\Teoría de Clubes\Club good - Wikipedia.pdf
Teoria_de_los_clubes_Reporte_L_4.pdf,James Buchanan,,page1,   👀 TEMAS\   💱 ECONOMÍA\ 💹 Capitalismo y Libre Mercado\Teoría de Clubes\Teoria_de_los_clubes_Reporte_L_4.pdf
 Boettke - Manual de Economía Austriaca Contenporanea.pdf,Manual de economía austriaca contemporánea (Biblioteca Austriaca) (Spanish Edition),Peter J. Boettke,meta,   👀 TEMAS\   💱 ECONOMÍA\ 📚 Escuelas\ Escuela Austriaca\ Boettke - Manual de Economía Austriaca Contenporanea.pdf
 El Arbol Austriaco.pdf,Carl Menger,,page1,   👀 TEMAS\   💱 ECONOMÍA\ 📚 Escuelas\ Escuela Austriaca\ El Arbol Austriaco.pdf
 La Escuela Austriaca de Economía Para Principiantes.pdf,La escuela,,page1,   👀 TEMAS\   💱 ECONOMÍA\ 📚 Escuelas\ Escuela Austriaca\ La Escuela Austriaca de Economía Para Principiantes.pdf
 La Filosofía de la Escuela Austriaca - Raimondo Cubbedu.pdf,La Filosofía de la Escuela Austriaca - Raimondo Cubbedu,,filename,   👀 TEMAS\   💱 ECONOMÍA\ 📚 Escuelas\ Escuela Austriaca\ La Filosofía de la Escuela Austriaca - Raimondo Cubbedu.pdf
 Principios basicos de la Escuel - Gabriel J. Zanotti.pdf,Principios básicos de la Escuela Austríaca de Economía en cuatro lecciones: un libro tan fácil que hasta los filósofos podrán entenderlo (Spanish Edition),Gabriel J. Zanotti,meta,   👀 TEMAS\   💱 ECONOMÍA\ 📚 Escuelas\ Escuela Austriaca\ Principios basicos de la Escuel - Gabriel J. Zanotti.pdf
 Seagin - Praxeología y Comprensión.pdf,Praxeología y comprensión: Un análisis de la controversia en la economía austriaca,George A. Selgin,meta,   👀 TEMAS\   💱 ECONOMÍA\ 📚 Escuelas\ Escuela Austriaca\ Seagin - Praxeología y Comprensión.pdf
 Zanotti - Introduccion a la Escuela Austriaca de Economia.pdf,Introducción a la Escuela Austriaca de Economía (Biblioteca Austriaca) (Spanish Edition),"Zanotti, Gabriel J.",meta,   👀 TEMAS\   💱 ECONOMÍA\ 📚 Escuelas\ Escuela Austriaca\ Zanotti - Introduccion a la Escuela Austriaca de Economia.pdf
 Zanotti - Nueva Introdución a la Escuela Austriaca de Economía.pdf,Zanotti.p65,scasanova,meta,   👀 TEMAS\   💱 ECONOMÍA\ 📚 Escuelas\ Escuela Austriaca\ Zanotti - Nueva Introdución a la Escuela Austriaca de Economía.pdf
Axiomas austriacos 101.pdf,Axiomas austriacos 101,,page1,   👀 TEMAS\   💱 ECONOMÍA\ 📚 Escuelas\ Escuela Austriaca\Artículos\Axiomas austriacos 101.pdf
Boettke - La Economía Austriaca en 10 Principios.pdf,HACIA UNA ROBUSTA ANTROPOLOGÍA DE LA ECONOMÍA LA ECONOMÍA AUSTRIACA EN 10 PRINCIPIOS1,Christian,page1,   👀 TEMAS\   💱 ECONOMÍA\ 📚 Escuelas\ Escuela Austriaca\Artículos\Boettke - La Economía Austriaca en 10 Principios.pdf
Carl Menger y el sesquicentenario de fundación de la escuela austriaca.pdf,Carl Menger y el sesquicentenario de fundación de la escuela austriaca,,page1,   👀 TEMAS\   💱 ECONOMÍA\ 📚 Escuelas\ Escuela Austriaca\Artículos\Carl Menger y el sesquicentenario de fundación de la escuela austriaca.pdf
D_Andrea - Reseña de Austrian Economics in Contemporary Business Applications.pdf,Published on Mises Institute (https://mises.org),D_Andrea,page1,   👀 TEMAS\   💱 ECONOMÍA\ 📚 Escuelas\ Escuela Austriaca\Artículos\D_Andrea - Reseña de Austrian Economics in Contemporary Business Applications.pdf
Desmontando siete críticas comunes a la economía austriaca.pdf,Desmontando siete críticas comunes a la economía austriaca,,page1,   👀 TEMAS\   💱 ECONOMÍA\ 📚 Escuelas\ Escuela Austriaca\Artículos\Desmontando siete críticas comunes a la economía austriaca.pdf
El desarrollo sustentable_aportaciones de la_escuela austriaca de_economía.pdf,Redalyc.El desarrollo sustentable: aportaciones de la escuela austriaca de economía,"Piña Ortiz, Edgar",meta,   👀 TEMAS\   💱 ECONOMÍA\ 📚 Escuelas\ Escuela Austriaca\Artículos\El desarrollo sustentable_aportaciones de la_escuela austriaca de_economía.pdf
El enfoque de la escuela austriaca en _el marco de las teorías de los ciclos económicos endógenos.pdf,P R E S E N T A:,,page1,   👀 TEMAS\   💱 ECONOMÍA\ 📚 Escuelas\ Escuela Austriaca\Artículos\El enfoque de la escuela austriaca en _el marco de las teorías de los ciclos económicos endógenos.pdf
El legado perdurable de Carl Menger - Anthony P. Mueller.pdf,El legado perdurable de Carl Menger,,page1,   👀 TEMAS\   💱 ECONOMÍA\ 📚 Escuelas\ Escuela Austriaca\Artículos\El legado perdurable de Carl Menger - Anthony P. Mueller.pdf
El Significado de la scuela Austriaca de Economía en la Historia de las Ideas.pdf,EL SIGNIFICADO DE LA ESCUELA AUSTRÍACA DE,Magdalena,meta,   👀 TEMAS\   💱 ECONOMÍA\ 📚 Escuelas\ Escuela Austriaca\Artículos\El Significado de la scuela Austriaca de Economía en la Historia de las Ideas.pdf
Ensayo Escuela Austriaca.pdf,UNIVERSIDAD CENTRAL DEL ECUADOR FACULTAD DE CIENCIAS ECONÓMICAS,Usuario de Windows,page1,   👀 TEMAS\   💱 ECONOMÍA\ 📚 Escuelas\ Escuela Austriaca\Artículos\Ensayo Escuela Austriaca.pdf
Epistemología Económica_ Pensamiento Económico de la Escuela Austriaca_.pdf,UNIVERSIDAD DEL ZULIA,,meta,   👀 TEMAS\   💱 ECONOMÍA\ 📚 Escuelas\ Escuela Austriaca\Artículos\Epistemología Económica_ Pensamiento Económico de la Escuela Austriaca_.pdf
Escuela Austriaca de Economía.pdf,La Escuela austriaca de economía,Juan Pablo Radziunas Pulido,page1,   👀 TEMAS\   💱 ECONOMÍA\ 📚 Escuelas\ Escuela Austriaca\Artículos\Escuela Austriaca de Economía.pdf
Escuela Austriaca y La Etica.pdf,ALGUNAS CARACTERISTICAS DE LA ECONOMÍA AUSTRIACA Y SU IMPORTANCIA EN LA ÉTICA,usuario,page1,   👀 TEMAS\   💱 ECONOMÍA\ 📚 Escuelas\ Escuela Austriaca\Artículos\Escuela Austriaca y La Etica.pdf
Escuela Austriaca(1).pdf,ESCUELA ECONÓMICA AUSTRIACA,Laura Dussan,meta,   👀 TEMAS\   💱 ECONOMÍA\ 📚 Escuelas\ Escuela Austriaca\Artículos\Escuela Austriaca(1).pdf
Escuela Austriaca.pdf,Escuela austriaca,,page1,   👀 TEMAS\   💱 ECONOMÍA\ 📚 Escuelas\ Escuela Austriaca\Artículos\Escuela Austriaca.pdf
Genealogia de la Escuela Austriaca.pdf,Creative Commons Attribution 4.0 International License,Selles,page1,   👀 TEMAS\   💱 ECONOMÍA\ 📚 Escuelas\ Escuela Austriaca\Artículos\Genealogia de la Escuela Austriaca.pdf
Genealogía de la Escuela de Economía Austríaca.pdf,"See discussions, stats, and author profiles for this publication at: https://www.researchgate.net/publication/324903652",Selles,page1,   👀 TEMAS\   💱 ECONOMÍA\ 📚 Escuelas\ Escuela Austriaca\Artículos\Genealogía de la Escuela de Economía Austríaca.pdf
Hoppe - Mi camino a la escuela austriaca de economía.pdf,Mi camino a la escuela austriaca de economía,Hoppe,page1,   👀 TEMAS\   💱 ECONOMÍA\ 📚 Escuelas\ Escuela Austriaca\Artículos\Hoppe - Mi camino a la escuela austriaca de economía.pdf
Introducción a la Escuela Austriaca_.pdf,Presentación de PowerPoint,uaeh,meta,   👀 TEMAS\   💱 ECONOMÍA\ 📚 Escuelas\ Escuela Austriaca\Artículos\Introducción a la Escuela Austriaca_.pdf
J.C Cachanosky - La Escuela Austriaca.pdf,LA ESCUELA AUSTRÍACA DE ECONOMÍA*,J.C Cachanosky,page1,   👀 TEMAS\   💱 ECONOMÍA\ 📚 Escuelas\ Escuela Austriaca\Artículos\J.C Cachanosky - La Escuela Austriaca.pdf
Kirzner - Sobre el Metodo de la Economia Austriaca.pdf,"SOBREELMTODODELAECONOMAAUSTRACA""",Magdalena,meta,   👀 TEMAS\   💱 ECONOMÍA\ 📚 Escuelas\ Escuela Austriaca\Artículos\Kirzner - Sobre el Metodo de la Economia Austriaca.pdf
La Escuela Austriaca _de Economía.pdf,Escuela Austriaca de Economia 2015.ppt,,meta,   👀 TEMAS\   💱 ECONOMÍA\ 📚 Escuelas\ Escuela Austriaca\Artículos\La Escuela Austriaca _de Economía.pdf
La Escuela Austriaca de Economía y la Economía Social de Mercado_.pdf,UNIVERSITÁ DEGLI STUDI DI SALERNO,Alba Isabel García Giraldo,page1,   👀 TEMAS\   💱 ECONOMÍA\ 📚 Escuelas\ Escuela Austriaca\Artículos\La Escuela Austriaca de Economía y la Economía Social de Mercado_.pdf
La escuela austriaca de economía._Una nota introductoria.pdf,Portada Base Documentos Trabajo,Wbeimar,meta,   👀 TEMAS\   💱 ECONOMÍA\ 📚 Escuelas\ Escuela Austriaca\Artículos\La escuela austriaca de economía._Una nota introductoria.pdf
La escuela austriaca de economía.pdf,La escuela austriaca de economía,,page1,   👀 TEMAS\   💱 ECONOMÍA\ 📚 Escuelas\ Escuela Austriaca\Artículos\La escuela austriaca de economía.pdf
La Escuela Austriaca de Madrid.pdf,LA ESCUELA AUSTRIACA DE MADRID EN EL CONTEXTO DE LASDOCTRINAS ECONÓMICAS,CRISTOBAL,meta,   👀 TEMAS\   💱 ECONOMÍA\ 📚 Escuelas\ Escuela Austriaca\Artículos\La Escuela Austriaca de Madrid.pdf
La Escuela Austriaca moderna frente a la neoclásica.pdf,Caratula Derecho Administrativo Tomo 1,,meta,   👀 TEMAS\   💱 ECONOMÍA\ 📚 Escuelas\ Escuela Austriaca\Artículos\La Escuela Austriaca moderna frente a la neoclásica.pdf
La Escuela Austriaca_.pdf,LA ESCUELA AUSTRIACA JESÚS HUERTA DE SOTO*,,page1,   👀 TEMAS\   💱 ECONOMÍA\ 📚 Escuelas\ Escuela Austriaca\Artículos\La Escuela Austriaca_.pdf
La teoría austríaca de ciclos económicos y la _crisis subprime.pdf,La teoría austríaca de ciclos económicos y la crisis subprime,Alumno: Nicolás Andrés Dennehy,meta,   👀 TEMAS\   💱 ECONOMÍA\ 📚 Escuelas\ Escuela Austriaca\Artículos\La teoría austríaca de ciclos económicos y la _crisis subprime.pdf
Lew Rockwell - La valentía moral y la escuela austriaca.pdf,La valentía moral y la escuela austriaca,Lew Rockwell,page1,   👀 TEMAS\   💱 ECONOMÍA\ 📚 Escuelas\ Escuela Austriaca\Artículos\Lew Rockwell - La valentía moral y la escuela austriaca.pdf
Manual básico de economía austriaca.pdf,Americans for Liberty (http://www.yaliberty.org/) en la Universidad de,,page1,   👀 TEMAS\   💱 ECONOMÍA\ 📚 Escuelas\ Escuela Austriaca\Artículos\Manual básico de economía austriaca.pdf
Max Weber y la “Economía Austriaca”.pdf,"Laissez-Faire, No. 35 (Sept 2011): 65-72",Gus,page1,   👀 TEMAS\   💱 ECONOMÍA\ 📚 Escuelas\ Escuela Austriaca\Artículos\Max Weber y la “Economía Austriaca”.pdf
Menger - Principios de Economía Política.pdf,Carl Menger,Eneas Biglione,page1,   👀 TEMAS\   💱 ECONOMÍA\ 📚 Escuelas\ Escuela Austriaca\Artículos\Menger - Principios de Economía Política.pdf
Menger y la Escuela Austriaca_.pdf,HISTORIA DEL PENSAMIENTO ECONÓMICO,(Eduardo Escart\355n),page1,   👀 TEMAS\   💱 ECONOMÍA\ 📚 Escuelas\ Escuela Austriaca\Artículos\Menger y la Escuela Austriaca_.pdf
Murphy - Por qué los austriacos enfatizan la utilidad ordinal.pdf,Por qué los austriacos enfatizan la utilidad ordinal,Murphy,page1,   👀 TEMAS\   💱 ECONOMÍA\ 📚 Escuelas\ Escuela Austriaca\Artículos\Murphy - Por qué los austriacos enfatizan la utilidad ordinal.pdf
Raíces y Etapas en la Historia de la Escuela Austriaca_.pdf,RAÍCES Y ETAPAS EN LA HISTORIA,,page1,   👀 TEMAS\   💱 ECONOMÍA\ 📚 Escuelas\ Escuela Austriaca\Artículos\Raíces y Etapas en la Historia de la Escuela Austriaca_.pdf
Resumen Controversias Austriacas.pdf,Debates Internos en la Escuela Austriaca,José Ricón,page1,   👀 TEMAS\   💱 ECONOMÍA\ 📚 Escuelas\ Escuela Austriaca\Artículos\Resumen Controversias Austriacas.pdf
Schubert - Cómo los austriacos enseñan economía.pdf,Published on Mises Institute (https://mises.org),Schubert,page1,   👀 TEMAS\   💱 ECONOMÍA\ 📚 Escuelas\ Escuela Austriaca\Artículos\Schubert - Cómo los austriacos enseñan economía.pdf
Schulak y Unterköfler - La escuela austriaca en resumen.pdf,Published on Mises Institute (https://mises.org),Schulak y Unterköfler,page1,   👀 TEMAS\   💱 ECONOMÍA\ 📚 Escuelas\ Escuela Austriaca\Artículos\Schulak y Unterköfler - La escuela austriaca en resumen.pdf
Teoría austriaca_ de los ciclos económicos_y la economía venezolana.pdf,Redalyc.Teoría austriaca de los ciclos económicos y la economía venezolana,"Borgucci, Emmanuel",meta,   👀 TEMAS\   💱 ECONOMÍA\ 📚 Escuelas\ Escuela Austriaca\Artículos\Teoría austriaca_ de los ciclos económicos_y la economía venezolana.pdf
Teoría de los Ciclos Económicos_ La Perspectiva Austriaca.pdf,GRADO EN ADMINISTRACIÓN Y DIRECCIÓN DE EMPRESAS TRABAJO FIN DE GRADO,Francisco Ortega Valero,page1,   👀 TEMAS\   💱 ECONOMÍA\ 📚 Escuelas\ Escuela Austriaca\Artículos\Teoría de los Ciclos Económicos_ La Perspectiva Austriaca.pdf
Hayek  - Elección de Moneda.pdf,Choice in Currency: A Way to Stop Inflation,F.A. Hayek,meta,   👀 TEMAS\   💱 ECONOMÍA\ 📚 Escuelas\ Escuela Austriaca\Hayek  - Elección de Moneda.pdf
Hayek - Contra Keynes y Cambridge.pdf,Contra Keynes y Cambridge,Ayelén Scapuzzi,filename,   👀 TEMAS\   💱 ECONOMÍA\ 📚 Escuelas\ Escuela Austriaca\Hayek - Contra Keynes y Cambridge.pdf
Hayek - Inflación o Pleno Empleo.pdf,Inflación o Pleno Empleo,Hayek,filename,   👀 TEMAS\   💱 ECONOMÍA\ 📚 Escuelas\ Escuela Austriaca\Hayek - Inflación o Pleno Empleo.pdf
Hayek - Precios y Producción.pdf,Impresión de fotografía de página completa,Abel,meta,   👀 TEMAS\   💱 ECONOMÍA\ 📚 Escuelas\ Escuela Austriaca\Hayek - Precios y Producción.pdf
Hayek - Un Sistema Monetario de Mercado libre.pdf,Un Sistema Monetario de Mercado libre,Hayek,filename,   👀 TEMAS\   💱 ECONOMÍA\ 📚 Escuelas\ Escuela Austriaca\Hayek - Un Sistema Monetario de Mercado libre.pdf
La Educacion Desde La Perspectiva De La Escuela Austriaca.pdf,LA EDUCACIÓN DESDE LA PERSPECTIVA,,page1,   👀 TEMAS\   💱 ECONOMÍA\ 📚 Escuelas\ Escuela Austriaca\La Educacion Desde La Perspectiva De La Escuela Austriaca.pdf
Mises - El Marco Histórico de la Escuela Austriaca de Economía.pdf,Te Historical Settings of the Austrian School of Econoics,er,meta,   👀 TEMAS\   💱 ECONOMÍA\ 📚 Escuelas\ Escuela Austriaca\Mises - El Marco Histórico de la Escuela Austriaca de Economía.pdf
Mises - Libertad y Propiedad.pdf,Libertad y Propiedad,Mises,filename,   👀 TEMAS\   💱 ECONOMÍA\ 📚 Escuelas\ Escuela Austriaca\Mises - Libertad y Propiedad.pdf
Mises - Los Fundamentos Últimos de la Ciencia Económica(1).pdf,Los fundamentos últimos de la ciencia económica,Ludwig von Mises,meta,   👀 TEMAS\   💱 ECONOMÍA\ 📚 Escuelas\ Escuela Austriaca\Mises - Los Fundamentos Últimos de la Ciencia Económica(1).pdf
Mises - Perdidas y Ganancias.pdf,Perdidas y Ganancias,pc,filename,   👀 TEMAS\   💱 ECONOMÍA\ 📚 Escuelas\ Escuela Austriaca\Mises - Perdidas y Ganancias.pdf
Nicolas Cachanosky - Teoria Austriaca y El Problema Del Ciclo Economico(1).pdf,TEORIA AUSTRIACA Y EL PROBLEMA DEL CICLO ECONOMICO,Juan Carlos,page1,   👀 TEMAS\   💱 ECONOMÍA\ 📚 Escuelas\ Escuela Austriaca\Nicolas Cachanosky - Teoria Austriaca y El Problema Del Ciclo Economico(1).pdf
Nicolas Cachanosky - Teoria Austriaca y El Problema Del Ciclo Economico.pdf,TEORIA AUSTRIACA Y EL PROBLEMA DEL CICLO ECONOMICO,Juan Carlos,page1,   👀 TEMAS\   💱 ECONOMÍA\ 📚 Escuelas\ Escuela Austriaca\Nicolas Cachanosky - Teoria Austriaca y El Problema Del Ciclo Economico.pdf
Dos Modos Del Metodo Escolastico En Tomas De Aquino.pdf,DOS MODOS DEL MÉTODO ESCOLÁSTICO EN TOMÁS DE AQUINO,Jose,page1,   👀 TEMAS\   💱 ECONOMÍA\ 📚 Escuelas\ Escuela de Salamanca\Escolástica\Dos Modos Del Metodo Escolastico En Tomas De Aquino.pdf
Escolastica Y Filosofia Practica Dos Aspectos En Tomas De Aquino.pdf,(Microsoft Word - D. Celina A. L\351rtora Mendoza. ESCOL\301STICA Y FILOSOF\315A PR\301CTICA. DOS ASPECTOS EN TOM\301S DE AQUINO.),HP 1000,meta,   👀 TEMAS\   💱 ECONOMÍA\ 📚 Escuelas\ Escuela de Salamanca\Escolástica\Escolastica Y Filosofia Practica Dos Aspectos En Tomas De Aquino.pdf
ESCOLÁSTICA.pdf,Teodicea,Tito Fernández Cubillos,meta,   👀 TEMAS\   💱 ECONOMÍA\ 📚 Escuelas\ Escuela de Salamanca\Escolástica\ESCOLÁSTICA.pdf
Los Generos De Produccion Escolastica Algunas Cuestiones.pdf,LOS GÉNEROS DE PRODUCCIÓN ESCOLÁSTICA:,Jose Jiménez,page1,   👀 TEMAS\   💱 ECONOMÍA\ 📚 Escuelas\ Escuela de Salamanca\Escolástica\Los Generos De Produccion Escolastica Algunas Cuestiones.pdf
Marias_Escolastica.pdf,LA ESCOLÁSTICA EN SU MUNDO Y EN EL NUESTRO,olimon,page1,   👀 TEMAS\   💱 ECONOMÍA\ 📚 Escuelas\ Escuela de Salamanca\Escolástica\Marias_Escolastica.pdf
Raíces escolasticas en la  independencia EU.pdf,Raíces escolasticas en la  independencia EU,,filename,   👀 TEMAS\   💱 ECONOMÍA\ 📚 Escuelas\ Escuela de Salamanca\Escolástica\Raíces escolasticas en la  independencia EU.pdf
Escuela de Salamanca.pdf,Alumnos en un aula de la Universidad,,page1,   👀 TEMAS\   💱 ECONOMÍA\ 📚 Escuelas\ Escuela de Salamanca\Escuela de Salamanca.pdf
Escuela hispana de Economía [Protohistoria de.pdf,Escuela hispana de economía.,José Antonio,page1,   👀 TEMAS\   💱 ECONOMÍA\ 📚 Escuelas\ Escuela de Salamanca\Escuela hispana de Economía [Protohistoria de.pdf
JUAN ANTONIO W-Escuela de Salamanca.pdf,LA TEORIA ECONOMICA DE LOS ESCOLASTICOS ESPAÑOLES JUAN ANTONIO WIDOW,Usuario,page1,   👀 TEMAS\   💱 ECONOMÍA\ 📚 Escuelas\ Escuela de Salamanca\JUAN ANTONIO W-Escuela de Salamanca.pdf
Juan de Mariana y los Escolasticos Españoles.pdf,Dendra Médica. Revista de Humanidades 2013; 12(1):32-45,,page1,   👀 TEMAS\   💱 ECONOMÍA\ 📚 Escuelas\ Escuela de Salamanca\Juan de Mariana y los Escolasticos Españoles.pdf
La Escuela De Salamanca Y La Teoria Subjetiva Del Valor.pdf,"Anuario Jurídico y Económico Escurialense, XLV (2012) 531-556 / ISSN: 1133-3677",PC,page1,   👀 TEMAS\   💱 ECONOMÍA\ 📚 Escuelas\ Escuela de Salamanca\La Escuela De Salamanca Y La Teoria Subjetiva Del Valor.pdf
La Escuela De Salamanca-La Cuestion Fiscal.pdf,(Microsoft Word - La cuesti\363n fiscal en el pensamiento de la Escuela de Salamanca _Granada_.doc),jkh,meta,   👀 TEMAS\   💱 ECONOMÍA\ 📚 Escuelas\ Escuela de Salamanca\La Escuela De Salamanca-La Cuestion Fiscal.pdf
Strzelecki - La escuela de Salamanca lo vio venir.pdf,Published on Mises Institute (https://mises.org),Strzelecki,page1,   👀 TEMAS\   💱 ECONOMÍA\ 📚 Escuelas\ Escuela de Salamanca\Strzelecki - La escuela de Salamanca lo vio venir.pdf
tesis liberalismo y escuela  de salamanca.pdf,UNIVERSIDAD COMPLUTENSE DE MADRID,"Fernandez Alvarez, Angel Manuel",meta,   👀 TEMAS\   💱 ECONOMÍA\ 📚 Escuelas\ Escuela de Salamanca\tesis liberalismo y escuela  de salamanca.pdf
Ñaupari_Escuela de Salamanca.pdf,Precursores de la modernidad,,page1,   👀 TEMAS\   💱 ECONOMÍA\ 📚 Escuelas\ Escuela de Salamanca\Ñaupari_Escuela de Salamanca.pdf
Caplan & Strigham - Privatizingthe Adjudicationof Disputes.pdf,BRYAN CAPLAN,Caplan & Strigham,page1,   👀 TEMAS\   💱 ECONOMÍA\ 📚 Escuelas\ Neoclásica\Caplan & Strigham - Privatizingthe Adjudicationof Disputes.pdf
Crítica a la epistemología de la economía neoclásica.pdf,"Sapiens, Revista Universitaria de Investigación. Vol. 15, N° 1, enero-diciembre 2014",,page1,   👀 TEMAS\   💱 ECONOMÍA\ 📚 Escuelas\ Neoclásica\Crítica a la epistemología de la economía neoclásica.pdf
Crítica de la teoría económica neoclásica.pdf,Crítica de la teoría económica,,page1,   👀 TEMAS\   💱 ECONOMÍA\ 📚 Escuelas\ Neoclásica\Crítica de la teoría económica neoclásica.pdf
Dialnet-SeComparteLaMismaIdeaAlUtilizarElTerminoNeoclasici-6339526.pdf,Cubierta_RCE_73,usr,meta,   👀 TEMAS\   💱 ECONOMÍA\ 📚 Escuelas\ Neoclásica\Dialnet-SeComparteLaMismaIdeaAlUtilizarElTerminoNeoclasici-6339526.pdf
Economía Neoclásica-.pdf,Economía Neoclásica,Gabo,page1,   👀 TEMAS\   💱 ECONOMÍA\ 📚 Escuelas\ Neoclásica\Economía Neoclásica-.pdf
El pensamiento económico neoclásico y el positivismo lógico.pdf,"Revista de Ciencias Sociales, FCES - LUZ, Nueva Epoca,",,page1,   👀 TEMAS\   💱 ECONOMÍA\ 📚 Escuelas\ Neoclásica\El pensamiento económico neoclásico y el positivismo lógico.pdf
 Escuela de Economía de Chicago.pdf,Escuela de Economía de Chicago,,page1,   👀 TEMAS\   💱 ECONOMÍA\ 📚 Escuelas\ Neoclásica\Escuela de Chicago\ Escuela de Economía de Chicago.pdf
Dialnet-ElAnalisisEconomicoEnChicago-5110295.pdf,EL ANÁLISIS ECONÓMICO EN CHICAGO*,,page1,   👀 TEMAS\   💱 ECONOMÍA\ 📚 Escuelas\ Neoclásica\Escuela de Chicago\Dialnet-ElAnalisisEconomicoEnChicago-5110295.pdf
Chicagoan Libertarianism.pdf,Chicagoan Libertarianism - Polcompball Wiki,RibzeR,meta,   👀 TEMAS\   💱 ECONOMÍA\ 📚 Escuelas\ Neoclásica\Escuela de Chicago\En inglés\Chicagoan Libertarianism.pdf
La Escuela Austríaca y la Escuela de Chicago_ un análisis comparativo de sus fundamentos y propuestas..pdf,"See discussions, stats, and author profiles for this publication at: https://www.researchgate.net/publication/341650189",DocenteUNEMI,page1,   👀 TEMAS\   💱 ECONOMÍA\ 📚 Escuelas\ Neoclásica\Escuela de Chicago\La Escuela Austríaca y la Escuela de Chicago_ un análisis comparativo de sus fundamentos y propuestas..pdf
LA ESCUELA DE CHICAGO - UNA MIRADA HISTÓRICA A 50 AÑOS DEL CONVENIO CHICAGO.pdf,LA ESCUELA DE CHICAGO - UNA MIRADA HISTÓRICA A 50 AÑOS DEL CONVENIO CHICAGO/ UNIVERSIDAD CATÓLICA.,sandra,page1,   👀 TEMAS\   💱 ECONOMÍA\ 📚 Escuelas\ Neoclásica\Escuela de Chicago\LA ESCUELA DE CHICAGO - UNA MIRADA HISTÓRICA A 50 AÑOS DEL CONVENIO CHICAGO.pdf
La Escuela de Chicago en Chile_ Una Perspectiva Histórica.pdf,Trabajo de Fin de Grado.,,page1,   👀 TEMAS\   💱 ECONOMÍA\ 📚 Escuelas\ Neoclásica\Escuela de Chicago\La Escuela de Chicago en Chile_ Una Perspectiva Histórica.pdf
La Escuela de Chicago y el Liberalismo.pdf,La Escuela de Chicago y el Liberalismo.pptx,,meta,   👀 TEMAS\   💱 ECONOMÍA\ 📚 Escuelas\ Neoclásica\Escuela de Chicago\La Escuela de Chicago y el Liberalismo.pdf
La Escuela de Chicago.  Sus aportes para la investigación en ciencias sociales.pdf,Redalyc.La Escuela de Chicago. Sus aportes para la investigación en ciencias sociales,"Azpúrua Gruber, Fernando Jesús",meta,   👀 TEMAS\   💱 ECONOMÍA\ 📚 Escuelas\ Neoclásica\Escuela de Chicago\La Escuela de Chicago.  Sus aportes para la investigación en ciencias sociales.pdf
La faceta sociológica del Pragmatismo. La Escuela de Chicago..pdf,5. La faceta sociológica del Pragmatismo. La Escuela de,JOSE,page1,   👀 TEMAS\   💱 ECONOMÍA\ 📚 Escuelas\ Neoclásica\Escuela de Chicago\La faceta sociológica del Pragmatismo. La Escuela de Chicago..pdf
"ESCUELA NEOCLÁSICA, VALORES Y DERECHOS.pdf",CEFD Número 26 (2012) ISSN: 1138-9877,,page1,"   👀 TEMAS\   💱 ECONOMÍA\ 📚 Escuelas\ Neoclásica\ESCUELA NEOCLÁSICA, VALORES Y DERECHOS.pdf"
Huerta - La Escuela Austriaca de Economia Frente a la Neoclasica.pdf,LA ESCUELA AUSTRÍACA MODERNA FRENTE A LA NEOCLÁSICA*,Sergio,page1,   👀 TEMAS\   💱 ECONOMÍA\ 📚 Escuelas\ Neoclásica\Huerta - La Escuela Austriaca de Economia Frente a la Neoclasica.pdf
La crítica clásica del excedente a la economía neoclásica.pdf,"See discussions, stats, and author profiles for this publication at: https://www.researchgate.net/publication/43977357",lcgarcias,page1,   👀 TEMAS\   💱 ECONOMÍA\ 📚 Escuelas\ Neoclásica\La crítica clásica del excedente a la economía neoclásica.pdf
La Economía Neoclásica.pdf,6 Apunte Neoclasicos,,meta,   👀 TEMAS\   💱 ECONOMÍA\ 📚 Escuelas\ Neoclásica\La Economía Neoclásica.pdf
La Escuela Neoclásica.pdf,"Teoría neoclásica, Keynes y Monetaristas",usuarioxp,meta,   👀 TEMAS\   💱 ECONOMÍA\ 📚 Escuelas\ Neoclásica\La Escuela Neoclásica.pdf
La Revolución Neoclásica y el Paradigma Marginalista.pdf,TEMA 5. LA REVOLUCIÓN MARGINALISTA Y EL PARADIGMA NEOCLÁSICO,,page1,   👀 TEMAS\   💱 ECONOMÍA\ 📚 Escuelas\ Neoclásica\La Revolución Neoclásica y el Paradigma Marginalista.pdf
La teoría económica neoclásica y los instrumentos de política ambiental.pdf,Redalyc.La teoría económica neoclásica y los instrumentos de política ambiental,"Hinostroza Suárez, Miriam L.; Mallet Guy Guerra, Sinclair",meta,   👀 TEMAS\   💱 ECONOMÍA\ 📚 Escuelas\ Neoclásica\La teoría económica neoclásica y los instrumentos de política ambiental.pdf
Neffa - La teoría neoclásica ortodoxa sobre el funcionamiento del mercado de trabajo. el papel de los intermediarios.pdf,Julio César Neffa,Neffa,page1,   👀 TEMAS\   💱 ECONOMÍA\ 📚 Escuelas\ Neoclásica\Neffa - La teoría neoclásica ortodoxa sobre el funcionamiento del mercado de trabajo. el papel de los intermediarios.pdf
Propósitos y genealogía de la Teoría Económica Neoclásica. Apuntes críticos. 1ª Parte .pdf,Propósitos y genealogía de la Teoría Económica Neoclásica. Apuntes críticos. 1ª,Familia,page1,   👀 TEMAS\   💱 ECONOMÍA\ 📚 Escuelas\ Neoclásica\Propósitos y genealogía de la Teoría Económica Neoclásica. Apuntes críticos. 1ª Parte .pdf
"Boudreaux, Holcombe - The Essential James Buchanan.pdf",The Essential James Buchanan,Donald J. Boudreaux,meta,"   👀 TEMAS\   💱 ECONOMÍA\ 📚 Escuelas\ Public Choice\Boudreaux, Holcombe - The Essential James Buchanan.pdf"
El Problema de la Votación por Mayoria Simple de Duncan Black.pdf,El Dilema de Condorcet - el Problema de la Votación por Mayoría,,page1,   👀 TEMAS\   💱 ECONOMÍA\ 📚 Escuelas\ Public Choice\El Problema de la Votación por Mayoria Simple de Duncan Black.pdf
Elección pública y análisis institucional.pdf,Economía Informa núm. 396 enero - febrero • 2016,,page1,   👀 TEMAS\   💱 ECONOMÍA\ 📚 Escuelas\ Public Choice\Elección pública y análisis institucional.pdf
Holcome - Advanced Introduction to Public Choice.pdf,Advanced Introduction to Public Choice,Randall G. Holcombe,meta,   👀 TEMAS\   💱 ECONOMÍA\ 📚 Escuelas\ Public Choice\Holcome - Advanced Introduction to Public Choice.pdf
La Logica de la Accion Colectiva.pdf,La lógica de la acción colectiva:,,page1,   👀 TEMAS\   💱 ECONOMÍA\ 📚 Escuelas\ Public Choice\La Logica de la Accion Colectiva.pdf
Olson Marcur - La Logica De La Accion Colectiva.pdf,LA LOGICA DE LA ACCION COLECTIVA*,Olson Marcur,page1,   👀 TEMAS\   💱 ECONOMÍA\ 📚 Escuelas\ Public Choice\Olson Marcur - La Logica De La Accion Colectiva.pdf
Public Choice_ Génesis y Desarollo de un Programa de.pdf,BUCHANAN,ANA,meta,   👀 TEMAS\   💱 ECONOMÍA\ 📚 Escuelas\ Public Choice\Public Choice_ Génesis y Desarollo de un Programa de.pdf
Rowley - Eleccion Publica y Economia Politica Constitucional.pdf,Elección Pública y Economía Política Constitucional,ENRIQUE BOUR,page1,   👀 TEMAS\   💱 ECONOMÍA\ 📚 Escuelas\ Public Choice\Rowley - Eleccion Publica y Economia Politica Constitucional.pdf
Teoria analítica de la política.pdf,CIENCIA POÚnCA,,page1,   👀 TEMAS\   💱 ECONOMÍA\ 📚 Escuelas\ Public Choice\Teoria analítica de la política.pdf
Economía neoclásica.pdf,"Economía neoclásica - Wikipedia, la enciclopedia libre",,meta,   👀 TEMAS\   💱 ECONOMÍA\ 📚 Escuelas\Economía neoclásica.pdf
El Pensamiento de Milton Friedman en el Marco de la Escuela de Chicago.pdf,"Estudios Económicos. N° 66, Enero-Junio 2016. 121-148",,page1,   👀 TEMAS\   💱 ECONOMÍA\ 📚 Escuelas\El Pensamiento de Milton Friedman en el Marco de la Escuela de Chicago.pdf
La fisiocracia-.pdf,"Meek, Ronald L., autor. Título La fisiocracia /Tr. j.",,page1,   👀 TEMAS\   💱 ECONOMÍA\ 📚 Escuelas\La fisiocracia-.pdf
La Teoría de Public Choice.pdf,XIII,Enrique,meta,   👀 TEMAS\   💱 ECONOMÍA\ 📚 Escuelas\La Teoría de Public Choice.pdf
Apunte Fisiocracia.pdf,3 Apunte Fisiocracia,,meta,   👀 TEMAS\   💱 ECONOMÍA\ 📚 Escuelas\Liberal Francesa\ Fisiocracia\Apunte Fisiocracia.pdf
Apuntes Sobre Teoria de la Renta en la Interpretacion Crítica de Marx_ Los Fisiocratas.pdf,Laberinto 14,Manolo,page1,   👀 TEMAS\   💱 ECONOMÍA\ 📚 Escuelas\Liberal Francesa\ Fisiocracia\Apuntes Sobre Teoria de la Renta en la Interpretacion Crítica de Marx_ Los Fisiocratas.pdf
El Papel de la Fisiocracia en nuestros días.pdf,Redalyc.El papel de la fisiocracia en nuestros días: una reflexión sobre el análisis económico de los recursos naturales y el medio ambiente,"Domínguez Torreiro, Marcos",meta,   👀 TEMAS\   💱 ECONOMÍA\ 📚 Escuelas\Liberal Francesa\ Fisiocracia\El Papel de la Fisiocracia en nuestros días.pdf
El Valor de la Fisiocracia en su Propio Tiempo.pdf,El valor de la Fisiocracia en su propio tiempo: un análisis crítico,Vicent Llombart,meta,   👀 TEMAS\   💱 ECONOMÍA\ 📚 Escuelas\Liberal Francesa\ Fisiocracia\El Valor de la Fisiocracia en su Propio Tiempo.pdf
Physiocracy.pdf,"François Quesnay, a physician",,page1,   👀 TEMAS\   💱 ECONOMÍA\ 📚 Escuelas\Liberal Francesa\ Fisiocracia\En inglés\Physiocracy.pdf
Fisiocracia(1).pdf,François Quesnay,,page1,   👀 TEMAS\   💱 ECONOMÍA\ 📚 Escuelas\Liberal Francesa\ Fisiocracia\Fisiocracia(1).pdf
Fisiocracia.pdf,Fisiocracia,RibzeR,meta,   👀 TEMAS\   💱 ECONOMÍA\ 📚 Escuelas\Liberal Francesa\ Fisiocracia\Fisiocracia.pdf
La Fisiocracia..pdf,La fisiocracia.,adriana,page1,   👀 TEMAS\   💱 ECONOMÍA\ 📚 Escuelas\Liberal Francesa\ Fisiocracia\La Fisiocracia..pdf
La revolución del laissez-faire La fisiocracia.pdf,Los fisiócratas.,Francisco Comín Comín,meta,   👀 TEMAS\   💱 ECONOMÍA\ 📚 Escuelas\Liberal Francesa\ Fisiocracia\La revolución del laissez-faire La fisiocracia.pdf
Escuela liberal francesa.pdf,Escuela liberal francesa,,page1,   👀 TEMAS\   💱 ECONOMÍA\ 📚 Escuelas\Liberal Francesa\Escuela liberal francesa.pdf
Salin - Comprendiendo Francia y la situación francesa.pdf,Published on Mises Institute (https://mises.org),Salin,page1,   👀 TEMAS\   💱 ECONOMÍA\ 📚 Escuelas\Liberal Francesa\Salin - Comprendiendo Francia y la situación francesa.pdf
 Wapshott - Keynes vs Hayek_ El choque que definió la economía moderna ( PDFDrive ).pdf,Keynes vs Hayek: El choque que defini? la econom?a moderna,Nicholas Wapshott,meta,   👀 TEMAS\   💱 ECONOMÍA\ 🪙 Historia Económica\ Wapshott - Keynes vs Hayek_ El choque que definió la economía moderna ( PDFDrive ).pdf
4000 Años de Controles de Precios y Salarios.pdf,4000 Años de Controles de Precios y Salarios,,filename,   👀 TEMAS\   💱 ECONOMÍA\ 🪙 Historia Económica\4000 Años de Controles de Precios y Salarios.pdf
Bylund - Cómo los recortes gubernamentales acabaron con la Gran Depresión de Suecia.pdf,Published on Mises Institute (https://mises.org),Bylund,page1,   👀 TEMAS\   💱 ECONOMÍA\ 🪙 Historia Económica\Artículos\Bylund - Cómo los recortes gubernamentales acabaron con la Gran Depresión de Suecia.pdf
DiLorenzo - Cuatro mil años de control de precios.pdf,Published on Mises Institute (https://mises.org),DiLorenzo,page1,   👀 TEMAS\   💱 ECONOMÍA\ 🪙 Historia Económica\Artículos\DiLorenzo - Cuatro mil años de control de precios.pdf
Hayek - Historia Economica y Pensamiento Politico.pdf,Historia Económica y Pensamiento Político,Eneas Biglione,page1,   👀 TEMAS\   💱 ECONOMÍA\ 🪙 Historia Económica\Artículos\Hayek - Historia Economica y Pensamiento Politico.pdf
Hazlitt - 4.000 años de controles de precios.pdf,Published on Mises Institute (https://mises.org),Hazlitt,page1,   👀 TEMAS\   💱 ECONOMÍA\ 🪙 Historia Económica\Artículos\Hazlitt - 4.000 años de controles de precios.pdf
J.C Cachanosky - Historia de las Teorías del Valor y del Precio (Parte I).pdf,Historia de las Teorias del Valor y del Precio I,"Cachanosky, Juan C.",meta,   👀 TEMAS\   💱 ECONOMÍA\ 🪙 Historia Económica\Artículos\J.C Cachanosky - Historia de las Teorías del Valor y del Precio (Parte I).pdf
J.C Cachanosky - Historia de las Teorías del Valor y del Precio (Parte II).pdf,Revista Libertas 22 (Mayo 1995),vaflo,page1,   👀 TEMAS\   💱 ECONOMÍA\ 🪙 Historia Económica\Artículos\J.C Cachanosky - Historia de las Teorías del Valor y del Precio (Parte II).pdf
La-Historia-de-los-Impuestos-PARTE-II.pdf,El Ancien Régime,,page1,   👀 TEMAS\   💱 ECONOMÍA\ 🪙 Historia Económica\Artículos\La-Historia-de-los-Impuestos-PARTE-II.pdf
Las leyes económicas en la historia del pensamiento económico.pdf,"Laissez-Faire, No. 40-41 (Marzo-Sept 2014): 70-98",Centro de Computos,page1,   👀 TEMAS\   💱 ECONOMÍA\ 🪙 Historia Económica\Artículos\Las leyes económicas en la historia del pensamiento económico.pdf
Menger - El Origen del Dinero.pdf,SUMENTOS,Eseade,meta,   👀 TEMAS\   💱 ECONOMÍA\ 🪙 Historia Económica\Artículos\Menger - El Origen del Dinero.pdf
Ravier - Las Leyes Económicas en la Historia del Pensamiento Económico.pdf,"Laissez-Faire, No. 40-41 (Marzo-Sept 2014): 70-98",Centro de Computos,page1,   👀 TEMAS\   💱 ECONOMÍA\ 🪙 Historia Económica\Artículos\Ravier - Las Leyes Económicas en la Historia del Pensamiento Económico.pdf
Rothbard - Cómo Keynes se hizo cargo del mundo.pdf,Published on Mises Institute (https://mises.org),Rothbard,page1,   👀 TEMAS\   💱 ECONOMÍA\ 🪙 Historia Económica\Artículos\Rothbard - Cómo Keynes se hizo cargo del mundo.pdf
Rothbard - El Acta del Patrón Oro de 1900 y sus consecuencias.pdf,Published on Mises Institute (https://mises.org),Rothbard,page1,   👀 TEMAS\   💱 ECONOMÍA\ 🪙 Historia Económica\Artículos\Rothbard - El Acta del Patrón Oro de 1900 y sus consecuencias.pdf
Rothbard - El mercantilismo en Inglaterra.pdf,Published on Mises Institute (https://mises.org),Rothbard,page1,   👀 TEMAS\   💱 ECONOMÍA\ 🪙 Historia Económica\Artículos\Rothbard - El mercantilismo en Inglaterra.pdf
Rothbard - La ley ricardiana de la ventaja comparativa.pdf,LA LEY RICARDIANA DE LA VENTAJA COMPARATIVA,Rothbard,page1,   👀 TEMAS\   💱 ECONOMÍA\ 🪙 Historia Económica\Artículos\Rothbard - La ley ricardiana de la ventaja comparativa.pdf
Rothbard - Las raíces de libre mercado y antigobierno de la Revolución americana.pdf,Published on Mises Institute (https://mises.org),Rothbard,page1,   👀 TEMAS\   💱 ECONOMÍA\ 🪙 Historia Económica\Artículos\Rothbard - Las raíces de libre mercado y antigobierno de la Revolución americana.pdf
Rothbard - Las supuestas alegrías de la economía precapitalista.pdf,Published on Mises Institute (https://mises.org),Rothbard,page1,   👀 TEMAS\   💱 ECONOMÍA\ 🪙 Historia Económica\Artículos\Rothbard - Las supuestas alegrías de la economía precapitalista.pdf
Rothbard - Mercantilismo en España.pdf,Published on Mises Institute (https://mises.org),Rothbard,page1,   👀 TEMAS\   💱 ECONOMÍA\ 🪙 Historia Económica\Artículos\Rothbard - Mercantilismo en España.pdf
Axel Kaiser - La Miseria del Intervencionismo.pdf,La Miseria del Intervencionismo,Axel Kaiser,filename,   👀 TEMAS\   💱 ECONOMÍA\ 🪙 Historia Económica\Axel Kaiser - La Miseria del Intervencionismo.pdf
Fabio Barbieri - História do debate do cálculo económico socialista.pdf,História do Debate,Fabio Barbieri,page1,   👀 TEMAS\   💱 ECONOMÍA\ 🪙 Historia Económica\Fabio Barbieri - História do debate do cálculo económico socialista.pdf
Historia Económica de la Empresarialidad.PDF,Historia económica de la empresarialidad: Hacia una teoría praxeológica de la firma (Nueva Biblioteca de la Libertad nº 52) (Spanish Edition),Leonardo Ravier,meta,   👀 TEMAS\   💱 ECONOMÍA\ 🪙 Historia Económica\Historia Económica de la Empresarialidad.PDF
La-Historia-de-los-Impuestos-PARTE-I.pdf,"Lucha, Escape,",,page1,   👀 TEMAS\   💱 ECONOMÍA\ 🪙 Historia Económica\La-Historia-de-los-Impuestos-PARTE-I.pdf
Rothbard - Saliendo de la caja walrasiana_ los casos de Schumpeter y Hansen.pdf,Published on Mises Institute (https://mises.org),Rothbard,page1,   👀 TEMAS\   💱 ECONOMÍA\ 🪙 Historia Económica\Rothbard - Saliendo de la caja walrasiana_ los casos de Schumpeter y Hansen.pdf
Skousen - La Formación de la Teoria Económica Moderna.pdf,0 PRIMERAS PAGS skousen.qxp,pablo marcos,meta,   👀 TEMAS\   💱 ECONOMÍA\ 🪙 Historia Económica\Skousen - La Formación de la Teoria Económica Moderna.pdf
La Fisiocracia.pdf,HISTORIA DEL PENSAMIENTO ECONÓMICO,(Eduardo Escart\355n),page1,   👀 TEMAS\   💱 ECONOMÍA\La Fisiocracia.pdf
Menger - El Dinero.pdf,0 PRIMERAS el dinero_0 PRIMERAS el dinero,mp6,meta,   👀 TEMAS\   💱 ECONOMÍA\Menger - El Dinero.pdf
Rallo - Anti-Marx.pdf,Anti-Marx. Crítica a la economía política marxista,Juan Ramón Rallo,meta,   👀 TEMAS\   💱 ECONOMÍA\Rallo - Anti-Marx.pdf
Rallo - Economía paso a paso.pdf,"Economia paso a paso, de Juan Ramon Rallo",Juan Ramon Rallo,meta,   👀 TEMAS\   💱 ECONOMÍA\Rallo - Economía paso a paso.pdf
Ravier - En Busca del Pleno Empleo.pdf,MergedFile,Ravier,meta,   👀 TEMAS\   💱 ECONOMÍA\Ravier - En Busca del Pleno Empleo.pdf
Hoppe - Economía y ética de la propiedad privada.pdf,Hans-Hermann Hoppe,George,page1,   👀 TEMAS\   💱 ECONOMÍA\➕ Más\ Grandes Tratados\Hoppe - Economía y ética de la propiedad privada.pdf
"Hoppe - Monarquia, Democracia y Orden Natural.pdf","Monarquía, democracia y orden natural",Hans-Hermann Hoppe,meta,"   👀 TEMAS\   💱 ECONOMÍA\➕ Más\ Grandes Tratados\Hoppe - Monarquia, Democracia y Orden Natural.pdf"
Kirzner - Competencia y Empresarialidad.pdf,Impresión de fax de página completa,Abel,meta,   👀 TEMAS\   💱 ECONOMÍA\➕ Más\ Grandes Tratados\Kirzner - Competencia y Empresarialidad.pdf
Menger - Principios de Economía Política.pdf,Carl Menger,Eneas Biglione,page1,   👀 TEMAS\   💱 ECONOMÍA\➕ Más\ Grandes Tratados\Menger - Principios de Economía Política.pdf
Mises - El Socialismo _ Analisis Economico y Sociologico.pdf,00bInd07,Mises,meta,   👀 TEMAS\   💱 ECONOMÍA\➕ Más\ Grandes Tratados\Mises - El Socialismo _ Analisis Economico y Sociologico.pdf
Mises - La Teoria del Dinero y del Credito.pdf,Impresión de fax de página completa,Abel,meta,   👀 TEMAS\   💱 ECONOMÍA\➕ Más\ Grandes Tratados\Mises - La Teoria del Dinero y del Credito.pdf
Mises - Teoria e historia.pdf,Teoría e historia,Ludwig von Mises,meta,   👀 TEMAS\   💱 ECONOMÍA\➕ Más\ Grandes Tratados\Mises - Teoria e historia.pdf
Richar Cantillon - Ensayo sobre la Naturaleza del Comercio en general.pdf,Ensayo sobre la naturaleza del comercio en,Richar Cantillon,page1,   👀 TEMAS\   💱 ECONOMÍA\➕ Más\ Grandes Tratados\Richar Cantillon - Ensayo sobre la Naturaleza del Comercio en general.pdf
"Block - El comercio de EEUU está paralizado por el gobierno estadounidense, no por los chinos.pdf",Published on Mises Institute (https://mises.org),Block,page1,"   👀 TEMAS\   💱 ECONOMÍA\➕ Más\Block - El comercio de EEUU está paralizado por el gobierno estadounidense, no por los chinos.pdf"
Block - El economista como detective_ reflexiones sobre el Premio Nobel de Gary Becker.pdf,Published on Mises Institute (https://mises.org),Block,page1,   👀 TEMAS\   💱 ECONOMÍA\➕ Más\Block - El economista como detective_ reflexiones sobre el Premio Nobel de Gary Becker.pdf
Cuatro decadas-que cambiaron nuestro planeta - Johan Norberg.pdf,Johan Norberg,Cuatro decadas-que cambiaron nuestro planeta,page1,   👀 TEMAS\   💱 ECONOMÍA\➕ Más\Cuatro decadas-que cambiaron nuestro planeta - Johan Norberg.pdf
Bawerk - Capital e Interés.pdf,Impresión de fax de página completa,Abel,meta,   👀 TEMAS\   💱 ECONOMÍA\➕ Más\Economía Avanzada\Bawerk - Capital e Interés.pdf
Bawerk - Teoría Positiva del Capital.pdf,Impresión de fax de página completa,Abel,meta,   👀 TEMAS\   💱 ECONOMÍA\➕ Más\Economía Avanzada\Bawerk - Teoría Positiva del Capital.pdf
Hayek - La Desnacionalización del Dinero.pdf,La Desnacionalización del Dinero,Hayek,filename,   👀 TEMAS\   💱 ECONOMÍA\➕ Más\Economía Avanzada\Hayek - La Desnacionalización del Dinero.pdf
Kirzner - Competencia y Empresarialidad.pdf,Impresión de fax de página completa,Abel,meta,   👀 TEMAS\   💱 ECONOMÍA\➕ Más\Economía Avanzada\Kirzner - Competencia y Empresarialidad.pdf
Mises - La Teoria del Dinero y del Crédito.pdf,Impresión de fax de página completa,Abel,meta,   👀 TEMAS\   💱 ECONOMÍA\➕ Más\Economía Avanzada\Mises - La Teoria del Dinero y del Crédito.pdf
Rallo - Contra la Modern Monetary Theory.pdf,Contra la Modern Monetary Theory,Juan Ramón Rallo Julián,meta,   👀 TEMAS\   💱 ECONOMÍA\➕ Más\Economía Avanzada\Rallo - Contra la Modern Monetary Theory.pdf
Huerta - El mejor test de Hayek para un buen economista.pdf,Published on Mises Institute (https://mises.org),Huerta,page1,   👀 TEMAS\   💱 ECONOMÍA\➕ Más\Huerta - El mejor test de Hayek para un buen economista.pdf
Juan de Mariana y los Escolasticos Españoles.pdf,Dendra Médica. Revista de Humanidades 2013; 12(1):32-45,,page1,   👀 TEMAS\   💱 ECONOMÍA\➕ Más\Juan de Mariana y los Escolasticos Españoles.pdf
"Kohl - Por qué funciona Liechtenstein, autodeterminación y gobernanza de mercado.pdf",Published on Mises Institute (https://mises.org),Kohl,page1,"   👀 TEMAS\   💱 ECONOMÍA\➕ Más\Kohl - Por qué funciona Liechtenstein, autodeterminación y gobernanza de mercado.pdf"
La Decada Perdida de Occidente Un Manifiesto Contra la Gran Recesion.pdf,La década perdida de Occidente: Un manifiesto contra la Gran Recesión (Biblioteca de la Libertad Formato Menor nº 24) (Spanish Edition),Mauricio Ríos García,meta,   👀 TEMAS\   💱 ECONOMÍA\➕ Más\La Decada Perdida de Occidente Un Manifiesto Contra la Gran Recesion.pdf
La Maldicion de los Rascacielos.pdf,LA MALDICIÓN DE LOS RASCACIELOS,Mariano Bas,page1,   👀 TEMAS\   💱 ECONOMÍA\➕ Más\La Maldicion de los Rascacielos.pdf
La Teoría Evolutiva de las Instituciones.pdf,La teoría evolutiva de las instituciones,César Martínez Meseguer,meta,   👀 TEMAS\   💱 ECONOMÍA\➕ Más\La Teoría Evolutiva de las Instituciones.pdf
La-Oportunidad-Comercial-de-Crear-.pdf,"Hi Dan,",Spencer H. MacCallum,meta,   👀 TEMAS\   💱 ECONOMÍA\➕ Más\La-Oportunidad-Comercial-de-Crear-.pdf
Martín Litwak - Paraísos fiscales e infiernos tributarios una mirada.pdf,Paraísos fiscales e infiernos tributarios: una mirada diferente sobre las jurisdicciones offshore y la competencia fiscal (Spanish Edition),Martín Litwak,meta,   👀 TEMAS\   💱 ECONOMÍA\➕ Más\Martín Litwak - Paraísos fiscales e infiernos tributarios una mirada.pdf
nacion_migracion_y_comerci.pdf,"NACIÓN, MIGRACIÓN Y COMERCIO",Mariano Bas,page1,   👀 TEMAS\   💱 ECONOMÍA\➕ Más\nacion_migracion_y_comerci.pdf
Principios de Economía Financiera - Rafael García Iborra.pdf,Rafael García Iborra,Principios de Economía Financiera,filename,   👀 TEMAS\   💱 ECONOMÍA\➕ Más\Principios de Economía Financiera - Rafael García Iborra.pdf
Rothbard - Diez Grandes Mitos Económicos.pdf,Published on Mises Institute (https://mises.org),Rothbard,page1,   👀 TEMAS\   💱 ECONOMÍA\➕ Más\Rothbard - Diez Grandes Mitos Económicos.pdf
Rothbard - El mito del «poder económico».pdf,Published on Mises Institute (https://mises.org),Rothbard,page1,   👀 TEMAS\   💱 ECONOMÍA\➕ Más\Rothbard - El mito del «poder económico».pdf
Rothbard - Richard Cantillon_ El padre fundador de la economía moderna.pdf,RICHARD CANTILLON: EL PADRE FUNDADOR DE LA,Rothbard,page1,   👀 TEMAS\   💱 ECONOMÍA\➕ Más\Rothbard - Richard Cantillon_ El padre fundador de la economía moderna.pdf
Rothbard - ¿Saben los consumidores qué es lo mejor para ellos_.pdf,Published on Mises Institute (https://mises.org),Rothbard,page1,   👀 TEMAS\   💱 ECONOMÍA\➕ Más\Rothbard - ¿Saben los consumidores qué es lo mejor para ellos_.pdf
Tratado de economia politica de Jean-Baptiste Say.pdf,Tratado de Economía Política o Exposición,,page1,   👀 TEMAS\   💱 ECONOMÍA\➕ Más\Tratado de economia politica de Jean-Baptiste Say.pdf
Una Critica a la Teoria de los Fallos del Capitalismo.pdf,UNA CRÍTICA A LA TEORÍA DE LOS FALLOS DEL MERCADO,,page1,   👀 TEMAS\   💱 ECONOMÍA\➕ Más\Una Critica a la Teoria de los Fallos del Capitalismo.pdf
"Rothbard - Por qué los derechos de propiedad son absolutos, pero los contratos no lo son.pdf",Published on Mises Institute (https://mises.org),Rothbard,page1,"   👀 TEMAS\  🧑‍⚖️ DERECHO y JUSTICIA\   General\ Contratos\Rothbard - Por qué los derechos de propiedad son absolutos, pero los contratos no lo son.pdf"
Benson - La Empresa del Derecho Consuetudinario.pdf,MAY · KIRTCHEV · BARLOW · NAKAMOTO RECOPILACIÓN POR SIMÓN OCAMPO,Benson,page1,   👀 TEMAS\  🧑‍⚖️ DERECHO y JUSTICIA\   General\Benson - La Empresa del Derecho Consuetudinario.pdf
Gordon - ¿Es necesaria la autoposesión.pdf,Published on Mises Institute (https://mises.org),Gordon,page1,   👀 TEMAS\  🧑‍⚖️ DERECHO y JUSTICIA\   General\Gordon - ¿Es necesaria la autoposesión.pdf
Kinsella - Introducción a la Teoría Legal Libertaria.pdf,INTRODUCCIÓN A LA TEORÍA LEGAL LIBERTARIA,Kinsella,page1,   👀 TEMAS\  🧑‍⚖️ DERECHO y JUSTICIA\   General\Kinsella - Introducción a la Teoría Legal Libertaria.pdf
La Teoría de la Libertad - Rothbard.pdf,TEORÍA DE LA LIBERTAD,tabito,page1,   👀 TEMAS\  🧑‍⚖️ DERECHO y JUSTICIA\   General\La Teoría de la Libertad - Rothbard.pdf
Leoni - La Libertad y la Ley.pdf,00 Prologo.pmd,w98,meta,   👀 TEMAS\  🧑‍⚖️ DERECHO y JUSTICIA\   General\Leoni - La Libertad y la Ley.pdf
Los Derechos Fundamentales_ Su limitación y suspensión en el ordenamiento español.pdf,INFORMES DE LA FUNDACIÓN,,page1,   👀 TEMAS\  🧑‍⚖️ DERECHO y JUSTICIA\   General\Los Derechos Fundamentales_ Su limitación y suspensión en el ordenamiento español.pdf
Rothbard - Los Derechos Humanos como Derechos de Propiedad.pdf,Los “derechos humanos” como derechos de,Propietario,page1,   👀 TEMAS\  🧑‍⚖️ DERECHO y JUSTICIA\   General\Rothbard - Los Derechos Humanos como Derechos de Propiedad.pdf
  Huemer - El Problema de la Autoridad Política.pdf,MAY · KIRTCHEV · BARLOW · NAKAMOTO RECOPILACIÓN POR SIMÓN OCA,Huemer,page1,   👀 TEMAS\  🧑‍⚖️ DERECHO y JUSTICIA\  Huemer - El Problema de la Autoridad Política.pdf
 D. Friedman - Futuro Imperfecto.pdf,Futuro Imperfecto,D. Friedman,filename,   👀 TEMAS\  🧑‍⚖️ DERECHO y JUSTICIA\  Propiedad\ D. Friedman - Futuro Imperfecto.pdf
 Hoppe - La Ética y Economía de la Propiedad Privada.pdf,La Ética y la Economía de la Propiedad Privada,Hans-Hermann Hoppe,meta,   👀 TEMAS\  🧑‍⚖️ DERECHO y JUSTICIA\  Propiedad\ Hoppe - La Ética y Economía de la Propiedad Privada.pdf
" Rothbard - Igualitarismo, una revuelta a la naturaleza y otros ensayos.pdf",El Igualitarismo como Rebelión contra la Naturaleza y Otros Ensayos,Rothbard,meta,"   👀 TEMAS\  🧑‍⚖️ DERECHO y JUSTICIA\  Propiedad\ Rothbard - Igualitarismo, una revuelta a la naturaleza y otros ensayos.pdf"
Carreiro - Libertad y Propiedad en la Historia del Pensamiento Político.pdf,LIBERTAD Y PROPIEDAD EN LA HISTORIA DEL...niel Rodríguez Carreiro  Xoán de Lugo,RibzeR,meta,   👀 TEMAS\  🧑‍⚖️ DERECHO y JUSTICIA\  Propiedad\Artículos\Carreiro - Libertad y Propiedad en la Historia del Pensamiento Político.pdf
"Hoppe - Propiedad, Causalidad y Responsabilidad.pdf","PROPIEDAD, CAUSALIDAD Y RESPONSABILIDAD",Stephan,page1,"   👀 TEMAS\  🧑‍⚖️ DERECHO y JUSTICIA\  Propiedad\Artículos\Hoppe - Propiedad, Causalidad y Responsabilidad.pdf"
Hoppe - Sobre la justificación última de la ética de la Propiedad Privada.pdf,Sobre la justificación definitiva,George,page1,   👀 TEMAS\  🧑‍⚖️ DERECHO y JUSTICIA\  Propiedad\Artículos\Hoppe - Sobre la justificación última de la ética de la Propiedad Privada.pdf
Rothbard - Propiedad e Intercambio.pdf,ENSAYO PROPIEDAD E INTERCAMBIO*,Ashkarcito,page1,   👀 TEMAS\  🧑‍⚖️ DERECHO y JUSTICIA\  Propiedad\Artículos\Rothbard - Propiedad e Intercambio.pdf
 La Autopropiedad según Kant.pdf,Revista de Estudios Histórico-Jurídicos,,page1,   👀 TEMAS\  🧑‍⚖️ DERECHO y JUSTICIA\  Propiedad\Autopropiedad\ La Autopropiedad según Kant.pdf
Paradojas de la Autopropiedad.pdf,"Paradojas de la autopropiedad: las dimensiones jurídica, ética y social implicadas en el dominio de sí mismo",Agustín Aranco Bagnasco,meta,   👀 TEMAS\  🧑‍⚖️ DERECHO y JUSTICIA\  Propiedad\Autopropiedad\Críticas\Paradojas de la Autopropiedad.pdf
Gordon - El poder de la autopropiedad.pdf,Published on Mises Institute (https://mises.org),Gordon,page1,   👀 TEMAS\  🧑‍⚖️ DERECHO y JUSTICIA\  Propiedad\Autopropiedad\Gordon - El poder de la autopropiedad.pdf
Libertarianism without self-ownership.pdf,Libertarianism without self-ownership,Chandran KUKATHAS,meta,   👀 TEMAS\  🧑‍⚖️ DERECHO y JUSTICIA\  Propiedad\Autopropiedad\Libertarianism without self-ownership.pdf
Propiedad de uno mismo.pdf,Propiedad de uno mismo,,page1,   👀 TEMAS\  🧑‍⚖️ DERECHO y JUSTICIA\  Propiedad\Autopropiedad\Propiedad de uno mismo.pdf
D. Friedman - Una consideración positiva sobre derechos de propiedad.pdf,UNA CONSIDERACIÓN POSITIVA SOBRE DERECHOS DE PROPIEDAD*,D. Friedman,page1,   👀 TEMAS\  🧑‍⚖️ DERECHO y JUSTICIA\  Propiedad\D. Friedman - Una consideración positiva sobre derechos de propiedad.pdf
El orden de propiedad privada_ una entrevista con Hans-Hermann Hoppe.pdf,Published on Mises Institute (https://mises.org),,page1,   👀 TEMAS\  🧑‍⚖️ DERECHO y JUSTICIA\  Propiedad\El orden de propiedad privada_ una entrevista con Hans-Hermann Hoppe.pdf
"Hoppe - De la propiedad común, pública y privada y el razonamiento por la privatización total.pdf",Published on Mises Institute (https://mises.org),Hoppe,page1,"   👀 TEMAS\  🧑‍⚖️ DERECHO y JUSTICIA\  Propiedad\Hoppe - De la propiedad común, pública y privada y el razonamiento por la privatización total.pdf"
Hoppe - La Ética y la Economía de la Propiedad Privada.pdf,Published on Mises Institute (https://mises.org),Hoppe,page1,   👀 TEMAS\  🧑‍⚖️ DERECHO y JUSTICIA\  Propiedad\Hoppe - La Ética y la Economía de la Propiedad Privada.pdf
Huemer - ¿Por qué tener propiedad_.pdf,¿Por qué tener propiedad? — Michael Huemer | by Libertad en Español | Medium,Huemer,meta,   👀 TEMAS\  🧑‍⚖️ DERECHO y JUSTICIA\  Propiedad\Huemer - ¿Por qué tener propiedad_.pdf
Jasay - Propiedad o «Derechos» de propiedad.pdf,Propiedad o «Derechos» de propiedad — Anthony de Jasay | by Libertad en Español | Medium,Jasay,meta,   👀 TEMAS\  🧑‍⚖️ DERECHO y JUSTICIA\  Propiedad\Jasay - Propiedad o «Derechos» de propiedad.pdf
La Escuela de Salamanca -Propiedad privada.pdf,UNIVERSIDAD COMPLUTENSE DE MADRID FACULTAD DE CIENCIAS ECONÓMICAS Y EMPRESARIALES,,page1,   👀 TEMAS\  🧑‍⚖️ DERECHO y JUSTICIA\  Propiedad\La Escuela de Salamanca -Propiedad privada.pdf
La Propiedad Privada en los principales ordenamientos jurídicos europeos.pdf,INFORMES DE LA FUNDACIÓN,,page1,   👀 TEMAS\  🧑‍⚖️ DERECHO y JUSTICIA\  Propiedad\La Propiedad Privada en los principales ordenamientos jurídicos europeos.pdf
Ajamian - Más allá del PNA_ el argumento completo de Rothbard por la libertad.pdf,Published on Mises Institute (https://mises.org),Ajamian,page1,   👀 TEMAS\  🧑‍⚖️ DERECHO y JUSTICIA\  Propiedad\NAP\Ajamian - Más allá del PNA_ el argumento completo de Rothbard por la libertad.pdf
Libertad negativa.pdf,Libertad negativa,,page1,   👀 TEMAS\  🧑‍⚖️ DERECHO y JUSTICIA\  Propiedad\NAP\Libertad negativa.pdf
Molyneux - El Ocaso del Estado_ El Principio de No Agresión.pdf,"content/uploads/2011/11/Nov251.jpg)Una vez, se creyó que la Tierra",Molyneux,page1,   👀 TEMAS\  🧑‍⚖️ DERECHO y JUSTICIA\  Propiedad\NAP\Molyneux - El Ocaso del Estado_ El Principio de No Agresión.pdf
Principio de no agresión --.pdf,"Principio de no agresión · Información, Historia, Biografía y más.",RibzeR,meta,   👀 TEMAS\  🧑‍⚖️ DERECHO y JUSTICIA\  Propiedad\NAP\Principio de no agresión --.pdf
Principio de no agresión ..pdf,Principio de no Agresión _ Carlos Felipe Law Firm,RibzeR,meta,   👀 TEMAS\  🧑‍⚖️ DERECHO y JUSTICIA\  Propiedad\NAP\Principio de no agresión ..pdf
Principio de no agresión .pdf,Principio de no agresión,RibzeR,meta,   👀 TEMAS\  🧑‍⚖️ DERECHO y JUSTICIA\  Propiedad\NAP\Principio de no agresión .pdf
Principio de no agresión.pdf,Principio de no agresión,,page1,   👀 TEMAS\  🧑‍⚖️ DERECHO y JUSTICIA\  Propiedad\NAP\Principio de no agresión.pdf
Rothbard - Derechos de propiedad son derechos humanos.pdf,Published on Mises Institute (https://mises.org),Rothbard,page1,   👀 TEMAS\  🧑‍⚖️ DERECHO y JUSTICIA\  Propiedad\Rothbard - Derechos de propiedad son derechos humanos.pdf
"Rothbard - Ley, Derechos de Propiedad y Contaminación del Aire.pdf","Ley, derechos de propiedad y contaminación del aire",Murray N. Rothbard,meta,"   👀 TEMAS\  🧑‍⚖️ DERECHO y JUSTICIA\  Propiedad\Rothbard - Ley, Derechos de Propiedad y Contaminación del Aire.pdf"
Rothbard - Libertad y propiedad_ Los niveladores y Locke.pdf,Published on Mises Institute (https://mises.org),Rothbard,page1,   👀 TEMAS\  🧑‍⚖️ DERECHO y JUSTICIA\  Propiedad\Rothbard - Libertad y propiedad_ Los niveladores y Locke.pdf
Rothbard - Los Derechos de Propiedad y la Teoría de los Contratos.pdf,Published on Mises Institute (https://mises.org),Rothbard,page1,   👀 TEMAS\  🧑‍⚖️ DERECHO y JUSTICIA\  Propiedad\Rothbard - Los Derechos de Propiedad y la Teoría de los Contratos.pdf
Rothbard - ¿Cuándo un título de tierra es criminal_.pdf,Published on Mises Institute (https://mises.org),Rothbard,page1,   👀 TEMAS\  🧑‍⚖️ DERECHO y JUSTICIA\  Propiedad\Rothbard - ¿Cuándo un título de tierra es criminal_.pdf
 Bell - Derecho Policéntrico en el Nuevo Milenio.pdf,Derecho Policéntrico en el Nuevo Milenio,Bell,filename,   👀 TEMAS\  🧑‍⚖️ DERECHO y JUSTICIA\ Bell - Derecho Policéntrico en el Nuevo Milenio.pdf
 D. Friedman - El Orden del Derecho.pdf,El Orden del Derecho: La relación entre la economía y el derecho y su importancia (Spanish Edition),David Friedman,meta,   👀 TEMAS\  🧑‍⚖️ DERECHO y JUSTICIA\ D. Friedman - El Orden del Derecho.pdf
 Kinsella - Castigo y Proporcionalidad.pdf,MAY · KIRTCHEV · BARLOW · NAKAMOTO RECOPILACIÓN POR SIMÓN OCAMPO,Usuario de Windows,page1,   👀 TEMAS\  🧑‍⚖️ DERECHO y JUSTICIA\ Kinsella - Castigo y Proporcionalidad.pdf
 Kinsella - Contra la Propiedad Intelectual.pdf,CONTRA LA PROPIEDAD INTELECTUAL,Dante,page1,   👀 TEMAS\  🧑‍⚖️ DERECHO y JUSTICIA\ Kinsella - Contra la Propiedad Intelectual.pdf
 Kinsella - Positivismo Lógico y Jurídico.pdf,Positivismo Lógico y Jurídico,Kinsella,filename,   👀 TEMAS\  🧑‍⚖️ DERECHO y JUSTICIA\ Kinsella - Positivismo Lógico y Jurídico.pdf
 Kinsella - Una Teoría Libertaria del Contrato.pdf,UNA TEORÍA LIBERTARIA DEL CONTRATO:,Kinsella,page1,   👀 TEMAS\  🧑‍⚖️ DERECHO y JUSTICIA\ Kinsella - Una Teoría Libertaria del Contrato.pdf
 LeFevre - La Filosofia de la Propiedad.pdf,La Filosofía de la Propiedad,Robert LeFevre,meta,   👀 TEMAS\  🧑‍⚖️ DERECHO y JUSTICIA\ LeFevre - La Filosofia de la Propiedad.pdf
 Esplugas - El monopolio de las ideas_ Contra la Propiedad Intelectual.pdf,MONOPOLIO DE LAS IDEAS:,Esplugas,page1,   👀 TEMAS\  🧑‍⚖️ DERECHO y JUSTICIA\ Propiedad Intelectual\ Esplugas - El monopolio de las ideas_ Contra la Propiedad Intelectual.pdf
Bylund - Efectos posmercado del monopolio intelectual.pdf,Published on Mises Institute (https://mises.org),Bylund,page1,   👀 TEMAS\  🧑‍⚖️ DERECHO y JUSTICIA\ Propiedad Intelectual\Bylund - Efectos posmercado del monopolio intelectual.pdf
"Bylund - La propiedad intelectual, la innovación debe estar al servicio de los consumidores, no de los productores.pdf",Published on Mises Institute (https://mises.org),Bylund,page1,"   👀 TEMAS\  🧑‍⚖️ DERECHO y JUSTICIA\ Propiedad Intelectual\Bylund - La propiedad intelectual, la innovación debe estar al servicio de los consumidores, no de los productores.pdf"
J. Tucker - Un libro que cambia todo_  Against Intellectual Monopoly .pdf,Published on Mises Institute (https://mises.org),J. Tucker,page1,   👀 TEMAS\  🧑‍⚖️ DERECHO y JUSTICIA\ Propiedad Intelectual\J. Tucker - Un libro que cambia todo_  Against Intellectual Monopoly .pdf
"Kinsella - Ayn Rand sobre la propiedad intelectual, la propiedad del «valor» y los «derechos de recomposición».pdf",Published on Mises Institute (https://mises.org),Kinsella,page1,"   👀 TEMAS\  🧑‍⚖️ DERECHO y JUSTICIA\ Propiedad Intelectual\Kinsella - Ayn Rand sobre la propiedad intelectual, la propiedad del «valor» y los «derechos de recomposición».pdf"
Kinsella - El caso contra la Propiedad Intelectual_ una guía concisa.pdf,EL CASO CONTRA LA PROPIEDAD INTELECTUAL: UNA,Kinsella,page1,   👀 TEMAS\  🧑‍⚖️ DERECHO y JUSTICIA\ Propiedad Intelectual\Kinsella - El caso contra la Propiedad Intelectual_ una guía concisa.pdf
"Kinsella - Las Ideas son Libres, el Argumento contra la Propiedad Intelectual.pdf",Published on Mises Institute (https://mises.org),Kinsella,page1,"   👀 TEMAS\  🧑‍⚖️ DERECHO y JUSTICIA\ Propiedad Intelectual\Kinsella - Las Ideas son Libres, el Argumento contra la Propiedad Intelectual.pdf"
McCloskey - Róbate esta propiedad intelectual.pdf,Róbate esta propiedad intelectual — Deirdre Mccloskey | by Libertad en Español | Medium,McCloskey,meta,   👀 TEMAS\  🧑‍⚖️ DERECHO y JUSTICIA\ Propiedad Intelectual\McCloskey - Róbate esta propiedad intelectual.pdf
Por qué la propiedad intelectual no es necesaria para recompensar la innovación.pdf,Published on Mises Institute (https://mises.org),,page1,   👀 TEMAS\  🧑‍⚖️ DERECHO y JUSTICIA\ Propiedad Intelectual\Por qué la propiedad intelectual no es necesaria para recompensar la innovación.pdf
"Análisis Económico del Derecho Privado - R.M. Rojas, Schenone, Stordeur (h).pdf",CAPITULO I:,pc 1,meta,"   👀 TEMAS\  🧑‍⚖️ DERECHO y JUSTICIA\Análisis Económico del Derecho Privado - R.M. Rojas, Schenone, Stordeur (h).pdf"
Barnett - Una Teoría Del Consentimiento Contractual.pdf,THEMIS 49,Barnett,page1,   👀 TEMAS\  🧑‍⚖️ DERECHO y JUSTICIA\Barnett - Una Teoría Del Consentimiento Contractual.pdf
Benson - Justicia sin Estado.pdf,Justicia sin Estado,Clarence S. Darrow,filename,   👀 TEMAS\  🧑‍⚖️ DERECHO y JUSTICIA\Benson - Justicia sin Estado.pdf
Brian - Muchas Leyes.pdf,Muchas Leyes,Brian,filename,   👀 TEMAS\  🧑‍⚖️ DERECHO y JUSTICIA\Brian - Muchas Leyes.pdf
Capella - Derecho Natural.pdf,Derecho Natural,Capella,filename,   👀 TEMAS\  🧑‍⚖️ DERECHO y JUSTICIA\Capella - Derecho Natural.pdf
Capella - Justicia.pdf,Justicia,Capella,filename,   👀 TEMAS\  🧑‍⚖️ DERECHO y JUSTICIA\Capella - Justicia.pdf
Capella - Utilitarismo o iusnaturalismo.pdf,Francisco Capella,Capella,page1,   👀 TEMAS\  🧑‍⚖️ DERECHO y JUSTICIA\Capella - Utilitarismo o iusnaturalismo.pdf
El Libertarismo su Teoria del Derecho y sus dificultades.pdf,EL LIBERTARISMO: SU TEORÍA DEL,,page1,   👀 TEMAS\  🧑‍⚖️ DERECHO y JUSTICIA\El Libertarismo su Teoria del Derecho y sus dificultades.pdf
" Zanotti - Ley Natural, Cristianismo y Razón Política.pdf","Ley natural, cristianismo y razón pública (Biblioteca Instituto Acton) (Spanish Edition)",Gabriel J. Zanotti,meta,"   👀 TEMAS\  🧑‍⚖️ DERECHO y JUSTICIA\Filosofías Jurídicas\  Iusnaturalismo\ Zanotti - Ley Natural, Cristianismo y Razón Política.pdf"
Jasay - No existen los derechos naturales.pdf,No existen los derechos naturales — Anthony de Jasay | by Libertad en Español | Medium,Jasay,meta,   👀 TEMAS\  🧑‍⚖️ DERECHO y JUSTICIA\Filosofías Jurídicas\  Iusnaturalismo\Críticas\Jasay - No existen los derechos naturales.pdf
¿Existen los Derechos Naturales_.pdf,¿Existen los derechos naturales?,,page1,   👀 TEMAS\  🧑‍⚖️ DERECHO y JUSTICIA\Filosofías Jurídicas\  Iusnaturalismo\Críticas\¿Existen los Derechos Naturales_.pdf
¿Ha sido derrotada la teoría clásica del Derecho natural por el argumento de la falacia naturalista_.pdf,¿Ha sido derrotada la teoría clásica del Derecho natural por el argumento de la falacia naturalista?,Carlos A. CASANOVA,meta,   👀 TEMAS\  🧑‍⚖️ DERECHO y JUSTICIA\Filosofías Jurídicas\  Iusnaturalismo\Críticas\¿Ha sido derrotada la teoría clásica del Derecho natural por el argumento de la falacia naturalista_.pdf
Dapás - Los Argumentos del Derecho Natural.pdf,Sharbel Dapás,Dapás,page1,   👀 TEMAS\  🧑‍⚖️ DERECHO y JUSTICIA\Filosofías Jurídicas\  Iusnaturalismo\Dapás - Los Argumentos del Derecho Natural.pdf
Dun - Ius natural y derechos naturales.pdf,Ius natural y derechos naturales1,Frank,page1,   👀 TEMAS\  🧑‍⚖️ DERECHO y JUSTICIA\Filosofías Jurídicas\  Iusnaturalismo\Dun - Ius natural y derechos naturales.pdf
La Ley En Santo Tomas De Aquino.pdf,LA LEY. EN SANTO TOMAS DE AQUINO,upb,page1,   👀 TEMAS\  🧑‍⚖️ DERECHO y JUSTICIA\Filosofías Jurídicas\  Iusnaturalismo\Enfoques\ Tomas de Aquino\La Ley En Santo Tomas De Aquino.pdf
LA LEY NATURAL EN SANTO TOMÁS DE AQUINO Y LEO STRAUSS .pdf,LA LEY NATURAL EN SANTO TOMÁS DE AQUINO Y LEO STRAUSS,,page1,   👀 TEMAS\  🧑‍⚖️ DERECHO y JUSTICIA\Filosofías Jurídicas\  Iusnaturalismo\Enfoques\ Tomas de Aquino\LA LEY NATURAL EN SANTO TOMÁS DE AQUINO Y LEO STRAUSS .pdf
LA LEY NATURAL SEGÚN SANTO TOMÁS DE AQUINO.pdf,LA LEY NATURAL SEGÚN SANTO TOMÁS DE AQUINO,,page1,   👀 TEMAS\  🧑‍⚖️ DERECHO y JUSTICIA\Filosofías Jurídicas\  Iusnaturalismo\Enfoques\ Tomas de Aquino\LA LEY NATURAL SEGÚN SANTO TOMÁS DE AQUINO.pdf
SANTO TOMÁS DE AQUINO EN LA FILOSOFÍA DEL DERECHO.pdf,RECEPCIÓN: 28/04/2014 ACEPTACIÓN: 21/01/2015,,page1,   👀 TEMAS\  🧑‍⚖️ DERECHO y JUSTICIA\Filosofías Jurídicas\  Iusnaturalismo\Enfoques\ Tomas de Aquino\SANTO TOMÁS DE AQUINO EN LA FILOSOFÍA DEL DERECHO.pdf
Sobre la ley natural en Tomás de Aquino.pdf,Redalyc.Sobre la ley natural en Tomás de Aquino,"Carpintero-Benítez, Francisco",meta,   👀 TEMAS\  🧑‍⚖️ DERECHO y JUSTICIA\Filosofías Jurídicas\  Iusnaturalismo\Enfoques\ Tomas de Aquino\Sobre la ley natural en Tomás de Aquino.pdf
Tomas de Aquino ante la ley natural.pdf,103/149,ediciones,meta,   👀 TEMAS\  🧑‍⚖️ DERECHO y JUSTICIA\Filosofías Jurídicas\  Iusnaturalismo\Enfoques\ Tomas de Aquino\Tomas de Aquino ante la ley natural.pdf
TOMÁS DE AQUINO SOBRE LA LEY.pdf,TOMÁS DE AQUINO SOBRE LA LEY,,page1,   👀 TEMAS\  🧑‍⚖️ DERECHO y JUSTICIA\Filosofías Jurídicas\  Iusnaturalismo\Enfoques\ Tomas de Aquino\TOMÁS DE AQUINO SOBRE LA LEY.pdf
"TOMÁS DE AQUINO Y LA LEY NATURAL INTERPRETACIONES CRUZADAS DE SUMMA THEOLOGIAE I-II, 94, 2.pdf",TOMÁS DE AQUINO Y LA LEY NATURAL,,page1,"   👀 TEMAS\  🧑‍⚖️ DERECHO y JUSTICIA\Filosofías Jurídicas\  Iusnaturalismo\Enfoques\ Tomas de Aquino\TOMÁS DE AQUINO Y LA LEY NATURAL INTERPRETACIONES CRUZADAS DE SUMMA THEOLOGIAE I-II, 94, 2.pdf"
"Deísmo, la religión racional de la ley natural y la libertad, el deísmo, La edad de la razón y Richard Carlile.pdf",[Nota de los editores:,,page1,"   👀 TEMAS\  🧑‍⚖️ DERECHO y JUSTICIA\Filosofías Jurídicas\  Iusnaturalismo\Enfoques\Deísmo\Deísmo, la religión racional de la ley natural y la libertad, el deísmo, La edad de la razón y Richard Carlile.pdf"
"Deísmo, la religión racional de la ley natural y la libertad, John Toland y la naturaleza de la razón.pdf",[Nota de los editores:,,page1,"   👀 TEMAS\  🧑‍⚖️ DERECHO y JUSTICIA\Filosofías Jurídicas\  Iusnaturalismo\Enfoques\Deísmo\Deísmo, la religión racional de la ley natural y la libertad, John Toland y la naturaleza de la razón.pdf"
"Deísmo, la religión racional de la ley natural y la libertad, la política del deísmo.pdf",1920x1080-1860x1046-2.jpg)[Nota de los editores:,,page1,"   👀 TEMAS\  🧑‍⚖️ DERECHO y JUSTICIA\Filosofías Jurídicas\  Iusnaturalismo\Enfoques\Deísmo\Deísmo, la religión racional de la ley natural y la libertad, la política del deísmo.pdf"
"Deísmo, la religión racional de la ley natural y la libertad, los deístas ingleses.pdf",[Nota de los editores:,,page1,"   👀 TEMAS\  🧑‍⚖️ DERECHO y JUSTICIA\Filosofías Jurídicas\  Iusnaturalismo\Enfoques\Deísmo\Deísmo, la religión racional de la ley natural y la libertad, los deístas ingleses.pdf"
"Deísmo, la religión racional de la ley natural y la libertad, milagros y Edward Gibbon.pdf",[Nota de los editores:,,page1,"   👀 TEMAS\  🧑‍⚖️ DERECHO y JUSTICIA\Filosofías Jurídicas\  Iusnaturalismo\Enfoques\Deísmo\Deísmo, la religión racional de la ley natural y la libertad, milagros y Edward Gibbon.pdf"
Consideraciones sobre el derecho natural.pdf,Flavio Gardella (https://www.mises.org.es/authors/flavio-gardella/),,page1,   👀 TEMAS\  🧑‍⚖️ DERECHO y JUSTICIA\Filosofías Jurídicas\  Iusnaturalismo\Escritos varios\Consideraciones sobre el derecho natural.pdf
Derecho natural.pdf,"Busto del jurista, abogado,",,page1,   👀 TEMAS\  🧑‍⚖️ DERECHO y JUSTICIA\Filosofías Jurídicas\  Iusnaturalismo\Escritos varios\Derecho natural.pdf
"Derechos naturales, derechos humanos y derechos fundamentales.pdf","Redalyc.Derechos naturales, derechos humanos y derechos fundamentales","SUÁREZ-RODRÍGUEZ, JOSÉ JULIÁN",meta,"   👀 TEMAS\  🧑‍⚖️ DERECHO y JUSTICIA\Filosofías Jurídicas\  Iusnaturalismo\Escritos varios\Derechos naturales, derechos humanos y derechos fundamentales.pdf"
El Consentimiento como derecho natural..pdf,El Consentimiento como derecho natural.,Usuario,page1,   👀 TEMAS\  🧑‍⚖️ DERECHO y JUSTICIA\Filosofías Jurídicas\  Iusnaturalismo\Escritos varios\El Consentimiento como derecho natural..pdf
El derecho natural como freno a la tiranía.pdf,Andrew P. Napolitano (https://www.mises.org.es/authors/andrew-p-,,page1,   👀 TEMAS\  🧑‍⚖️ DERECHO y JUSTICIA\Filosofías Jurídicas\  Iusnaturalismo\Escritos varios\El derecho natural como freno a la tiranía.pdf
El Derecho Natural y Sus Dimensiones.pdf,EL DERECHO NATURAL,,page1,   👀 TEMAS\  🧑‍⚖️ DERECHO y JUSTICIA\Filosofías Jurídicas\  Iusnaturalismo\Escritos varios\El Derecho Natural y Sus Dimensiones.pdf
Galles - La ley moral versus la tiranía.pdf,Published on Mises Institute (https://mises.org),Galles,page1,   👀 TEMAS\  🧑‍⚖️ DERECHO y JUSTICIA\Filosofías Jurídicas\  Iusnaturalismo\Escritos varios\Galles - La ley moral versus la tiranía.pdf
JUSTICIA Y DERECHO EN LEY NATURAL Y DERECHOS NATURALES DE JOHN FINNIS .pdf,JUSTICIA Y DERECHO EN LEY NATURAL Y DERECHOS NATURALES,,page1,   👀 TEMAS\  🧑‍⚖️ DERECHO y JUSTICIA\Filosofías Jurídicas\  Iusnaturalismo\Escritos varios\JUSTICIA Y DERECHO EN LEY NATURAL Y DERECHOS NATURALES DE JOHN FINNIS .pdf
La eficiencia de los derechos naturales.pdf,Wendy McElroy (https://www.mises.org.es/authors/wendy-,,page1,   👀 TEMAS\  🧑‍⚖️ DERECHO y JUSTICIA\Filosofías Jurídicas\  Iusnaturalismo\Escritos varios\La eficiencia de los derechos naturales.pdf
"Ley natural, determinatio y derecho positivo.pdf",ISSN 0717-4675,Instituto de Ciencias Religiosas,page1,"   👀 TEMAS\  🧑‍⚖️ DERECHO y JUSTICIA\Filosofías Jurídicas\  Iusnaturalismo\Escritos varios\Ley natural, determinatio y derecho positivo.pdf"
Los aranceles son un ataque a los derechos naturales.pdf,Richard F. Spall (https://www.mises.org.es/authors/richard-f-,,page1,   👀 TEMAS\  🧑‍⚖️ DERECHO y JUSTICIA\Filosofías Jurídicas\  Iusnaturalismo\Escritos varios\Los aranceles son un ataque a los derechos naturales.pdf
LOS DERECHOS HUMANOS Y EL DERECHO NATURAL DE CÓMO EL HOMBRE IMAGO DEI SE TORNÓ IMAGO HOMINI.pdf,RICARDO DIP,,page1,   👀 TEMAS\  🧑‍⚖️ DERECHO y JUSTICIA\Filosofías Jurídicas\  Iusnaturalismo\Escritos varios\LOS DERECHOS HUMANOS Y EL DERECHO NATURAL DE CÓMO EL HOMBRE IMAGO DEI SE TORNÓ IMAGO HOMINI.pdf
Lottieri - Ley natural clásica y teoría libertaria.pdf,Published on Mises Institute (https://mises.org),Lottieri,page1,   👀 TEMAS\  🧑‍⚖️ DERECHO y JUSTICIA\Filosofías Jurídicas\  Iusnaturalismo\Escritos varios\Lottieri - Ley natural clásica y teoría libertaria.pdf
"Lysander Spooner, Rebeldía, anarquía y derecho natural.pdf",content/uploads/2018/11/spooner.png)Lysander Spooner,,page1,"   👀 TEMAS\  🧑‍⚖️ DERECHO y JUSTICIA\Filosofías Jurídicas\  Iusnaturalismo\Escritos varios\Lysander Spooner, Rebeldía, anarquía y derecho natural.pdf"
Rothbard - El poder sobre la naturaleza frente al poder sobre el hombre.pdf,Published on Mises Institute (https://mises.org),Rothbard,page1,   👀 TEMAS\  🧑‍⚖️ DERECHO y JUSTICIA\Filosofías Jurídicas\  Iusnaturalismo\Escritos varios\Rothbard - El poder sobre la naturaleza frente al poder sobre el hombre.pdf
¿PUEDEN LOS DERECHOS NATURALES HACER_.pdf,¿PUEDEN LOS DERECHOS NATURALES HACER,,page1,   👀 TEMAS\  🧑‍⚖️ DERECHO y JUSTICIA\Filosofías Jurídicas\  Iusnaturalismo\Escritos varios\¿PUEDEN LOS DERECHOS NATURALES HACER_.pdf
"Ética, giro experimentalista y naturalismo débil.pdf",Guillermo Lariguet,,page1,"   👀 TEMAS\  🧑‍⚖️ DERECHO y JUSTICIA\Filosofías Jurídicas\  Iusnaturalismo\Escritos varios\Ética, giro experimentalista y naturalismo débil.pdf"
Giacomini - El Derecho Natural y las Ideas de la Libertad.pdf,Derecho Natural - Giaco,RibzeR,meta,   👀 TEMAS\  🧑‍⚖️ DERECHO y JUSTICIA\Filosofías Jurídicas\  Iusnaturalismo\Giacomini - El Derecho Natural y las Ideas de la Libertad.pdf
Godon - ¿Existen límites para los derechos naturales_.pdf,Published on Mises Institute (https://mises.org),Godon,page1,   👀 TEMAS\  🧑‍⚖️ DERECHO y JUSTICIA\Filosofías Jurídicas\  Iusnaturalismo\Godon - ¿Existen límites para los derechos naturales_.pdf
Ley natural y derechos naturales.pdf,[Capítulo IV del libro La Ética de la Libertad],,page1,   👀 TEMAS\  🧑‍⚖️ DERECHO y JUSTICIA\Filosofías Jurídicas\  Iusnaturalismo\Ley natural y derechos naturales.pdf
Moras y Cardella - Derecho Natural_ La Base del Liberalismo.pdf,DERECHO NATURAL: LA BASE DEL LIBERALISMO,Moras y Cardella,page1,   👀 TEMAS\  🧑‍⚖️ DERECHO y JUSTICIA\Filosofías Jurídicas\  Iusnaturalismo\Moras y Cardella - Derecho Natural_ La Base del Liberalismo.pdf
Rothbard - Introduccion a la Ley Natural.pdf,Murray Rothbard,Propietario,page1,   👀 TEMAS\  🧑‍⚖️ DERECHO y JUSTICIA\Filosofías Jurídicas\  Iusnaturalismo\Rothbard - Introduccion a la Ley Natural.pdf
"Una Teoría Anarquista Hayekiana, Crítica al Iusnaturalismo Rothbardiano - José García Martínez.pdf","UNA TEORÍA ANARQUISTA HAYEKIANA, CRÍTICA AL IUSNATURALISMO",trabajo,page1,"   👀 TEMAS\  🧑‍⚖️ DERECHO y JUSTICIA\Filosofías Jurídicas\  Iusnaturalismo\Una Teoría Anarquista Hayekiana, Crítica al Iusnaturalismo Rothbardiano - José García Martínez.pdf"
Corrupción en un sistema judicial privado_ una revisión del estoppel (Carlos García de Enterría ).pdf,"content/uploads/2020/11/imagen.jpg)Habitualmente, los estatistas",Carlos García de Enterría,page1,   👀 TEMAS\  🧑‍⚖️ DERECHO y JUSTICIA\Filosofías Jurídicas\ Estoppel\Corrupción en un sistema judicial privado_ una revisión del estoppel (Carlos García de Enterría ).pdf
Doctrina de los actos propios.pdf,Doctrina de los actos propios,,page1,   👀 TEMAS\  🧑‍⚖️ DERECHO y JUSTICIA\Filosofías Jurídicas\ Estoppel\Doctrina de los actos propios.pdf
El Estoppel Dificultades para definir una regla en derecho internaci.pdf,"Lecciones y Ensayos, Nro. 91, 2013",,page1,   👀 TEMAS\  🧑‍⚖️ DERECHO y JUSTICIA\Filosofías Jurídicas\ Estoppel\El Estoppel Dificultades para definir una regla en derecho internaci.pdf
Estoppel.pdf,Estoppel,,page1,   👀 TEMAS\  🧑‍⚖️ DERECHO y JUSTICIA\Filosofías Jurídicas\ Estoppel\Estoppel.pdf
Kinsella - Cómo nos volvemos dueños de nosotros mismos.pdf,CÓMO NOS VOLVEMOS DUEÑOS DE NOSOTROS,tabito,page1,   👀 TEMAS\  🧑‍⚖️ DERECHO y JUSTICIA\Filosofías Jurídicas\ Estoppel\Kinsella - Cómo nos volvemos dueños de nosotros mismos.pdf
Kinsella - Impedimento (Estoppel).pdf,IMPEDIMENTO (ESTOPPEL),tabito,page1,   👀 TEMAS\  🧑‍⚖️ DERECHO y JUSTICIA\Filosofías Jurídicas\ Estoppel\Kinsella - Impedimento (Estoppel).pdf
Caplan - Fraude y castigo.pdf,Fraude y castigo — Bryan Caplan. Traducción del artículo originalmente… | by Libertad en Español | Medium,Caplan,meta,   👀 TEMAS\  🧑‍⚖️ DERECHO y JUSTICIA\Fraude\Caplan - Fraude y castigo.pdf
Iusnaturalismo y Escuela Austriaca - Agustín Bavarro García.pdf,FACULTAD DE DERECHO IUSNATURALISMO Y ESCUELA,Iusnaturalismo y Escuela Austriaca,page1,   👀 TEMAS\  🧑‍⚖️ DERECHO y JUSTICIA\Iusnaturalismo y Escuela Austriaca - Agustín Bavarro García.pdf
Leoni - Lecciones de Filosofía del Derecho.pdf,Lecciones de Filosofía del Derecho (Biblioteca Austriaca) (Spanish Edition),Bruno Leoni,meta,   👀 TEMAS\  🧑‍⚖️ DERECHO y JUSTICIA\Leoni - Lecciones de Filosofía del Derecho.pdf
R.M. Rojas - Sobre la necesaria separación_del derecho y el Estado.pdf,Sobre la necesaria separación_del derecho y el Estado,R.M. Rojas,filename,   👀 TEMAS\  🧑‍⚖️ DERECHO y JUSTICIA\R.M. Rojas - Sobre la necesaria separación_del derecho y el Estado.pdf
Rallo - El Estado contra el Derecho.pdf,Revista Libertas XIII: 45 (Octubre 2006),Rallo,page1,   👀 TEMAS\  🧑‍⚖️ DERECHO y JUSTICIA\Rallo - El Estado contra el Derecho.pdf
Rothbard - El Derecho a la Autodefensa.pdf,Published on Mises Institute (https://mises.org),Rothbard,page1,   👀 TEMAS\  🧑‍⚖️ DERECHO y JUSTICIA\Rothbard - El Derecho a la Autodefensa.pdf
 Hoppe - Progreso y Declive.pdf,Progreso y Declive,Hoppe,filename,   👀 TEMAS\ Hoppe - Progreso y Declive.pdf
 Kaiser - El economista callejero.pdf,El economista callejero,Axel Kaiser,meta,   👀 TEMAS\ Kaiser - El economista callejero.pdf
 Orton - Anarcocapitalismo FAQ.pdf,MAY · KIRTCHEV · BARLOW · NAKAMOTO RECOPILACIÓN POR SIMÓN OCA,Orton,page1,   👀 TEMAS\ Orton - Anarcocapitalismo FAQ.pdf
 Nazionismo_ Libertarios Contra Israel.pdf,Nazionismo_ Libertarios Contra Israel,Maria,filename,   👀 TEMAS\ 🏰 HISTORIA\ Nazionismo_ Libertarios Contra Israel.pdf
 Rothbard - Historia del Pensamiento Económico I.pdf,"Historia del pensamiento económico, vol. I",Murray N. Rothbard,meta,   👀 TEMAS\ 🏰 HISTORIA\ Rothbard - Historia del Pensamiento Económico I.pdf
 Rothbard - Historia del Pensamiento Económico II.pdf,"Historia del pensamiento económico, vol. II",Murray N. Rothbard,meta,   👀 TEMAS\ 🏰 HISTORIA\ Rothbard - Historia del Pensamiento Económico II.pdf
 Rothbard - Libertarismo en la América Colonial.pdf,Libertarismo en la América Colonial,Rothbard,filename,   👀 TEMAS\ 🏰 HISTORIA\ Rothbard - Libertarismo en la América Colonial.pdf
 Woods - Cómo la Iglesia Construyó la Civilización Occidental.pdf,Cómo la Iglesia construyó la civilización occidental,Thomas E. Woods,meta,   👀 TEMAS\ 🏰 HISTORIA\ Woods - Cómo la Iglesia Construyó la Civilización Occidental.pdf
"Anarquismo, una Historia.pdf",Anarquismo una historia,,meta,"   👀 TEMAS\ 🏰 HISTORIA\Anarquismo, una Historia.pdf"
Bassi - América precolombina no era precisamente un paraíso de libertad.pdf,Published on Mises Institute (https://mises.org),Bassi,page1,   👀 TEMAS\ 🏰 HISTORIA\Artículos\Bassi - América precolombina no era precisamente un paraíso de libertad.pdf
"Bishop - Tras el huracán Michael, la sociedad civil y la acción voluntaria salvaron vidas.pdf",Published on Mises Institute (https://mises.org),Bishop,page1,"   👀 TEMAS\ 🏰 HISTORIA\Artículos\Bishop - Tras el huracán Michael, la sociedad civil y la acción voluntaria salvaron vidas.pdf"
Declaración de Independencia de Estados Unidos.pdf,La Declaración de Independencia y la,,page1,   👀 TEMAS\ 🏰 HISTORIA\Artículos\Declaración de Independencia de Estados Unidos.pdf
"Galles - Richard Cobden_ ejemplo de libertad, propiedad y paz.pdf",Published on Mises Institute (https://mises.org),Galles,page1,"   👀 TEMAS\ 🏰 HISTORIA\Artículos\Galles - Richard Cobden_ ejemplo de libertad, propiedad y paz.pdf"
Gordon - Popper y el curso de la historia.pdf,Published on Mises Institute (https://mises.org),Gordon,page1,   👀 TEMAS\ 🏰 HISTORIA\Artículos\Gordon - Popper y el curso de la historia.pdf
Hoppe - El Ascenso y Caída de la Ciudad.pdf,Published on Mises Institute (https://mises.org),Hoppe,page1,   👀 TEMAS\ 🏰 HISTORIA\Artículos\Hoppe - El Ascenso y Caída de la Ciudad.pdf
Hoppe - La Búsqueda Libertaria de una Gran Narrativa Histórica.pdf,Published on Mises Institute (https://mises.org),Hoppe,page1,   👀 TEMAS\ 🏰 HISTORIA\Artículos\Hoppe - La Búsqueda Libertaria de una Gran Narrativa Histórica.pdf
"Huerta - Salazar, el dictador que se negó a morir.pdf",Published on Mises Institute (https://mises.org),Huerta,page1,"   👀 TEMAS\ 🏰 HISTORIA\Artículos\Huerta - Salazar, el dictador que se negó a morir.pdf"
Matthews - Lecciones de libertad económica desde la antigua Grecia.pdf,Published on Mises Institute (https://mises.org),Matthews,page1,   👀 TEMAS\ 🏰 HISTORIA\Artículos\Matthews - Lecciones de libertad económica desde la antigua Grecia.pdf
Morgan - La Gran Sociedad_ una lección de planificación central estadounidense.pdf,Published on Mises Institute (https://mises.org),Morgan,page1,   👀 TEMAS\ 🏰 HISTORIA\Artículos\Morgan - La Gran Sociedad_ una lección de planificación central estadounidense.pdf
"Rothbard - 1789, el Colegio Electoral se reúne por primera vez.pdf",Published on Mises Institute (https://mises.org),Rothbard,page1,"   👀 TEMAS\ 🏰 HISTORIA\Artículos\Rothbard - 1789, el Colegio Electoral se reúne por primera vez.pdf"
Rothbard - Cómo los Federalistas intimidaron a Rhode Island para que se uniera a los Estados Unidos.pdf,Published on Mises Institute (https://mises.org),Rothbard,page1,   👀 TEMAS\ 🏰 HISTORIA\Artículos\Rothbard - Cómo los Federalistas intimidaron a Rhode Island para que se uniera a los Estados Unidos.pdf
Rothbard - Defensa del revisionismo (y en contra de una historia apriorística).pdf,Published on Mises Institute (https://mises.org),y en contra de una historia apriorística,page1,   👀 TEMAS\ 🏰 HISTORIA\Artículos\Rothbard - Defensa del revisionismo (y en contra de una historia apriorística).pdf
Rothbard - El propósito del gobierno en la colonia de Plymouth.pdf,Published on Mises Institute (https://mises.org),Rothbard,page1,   👀 TEMAS\ 🏰 HISTORIA\Artículos\Rothbard - El propósito del gobierno en la colonia de Plymouth.pdf
"Rothbard - El reino viene, la política del milenio.pdf",Published on Mises Institute (https://mises.org),Rothbard,page1,"   👀 TEMAS\ 🏰 HISTORIA\Artículos\Rothbard - El reino viene, la política del milenio.pdf"
Rothbard - El sueño fallido de un monarca laissez-faire.pdf,Published on Mises Institute (https://mises.org),Rothbard,page1,   👀 TEMAS\ 🏰 HISTORIA\Artículos\Rothbard - El sueño fallido de un monarca laissez-faire.pdf
Rothbard - Hegel y la época romántica.pdf,Published on Mises Institute (https://mises.org),Rothbard,page1,   👀 TEMAS\ 🏰 HISTORIA\Artículos\Rothbard - Hegel y la época romántica.pdf
"Rothbard - Historia de la ciencia, el whigismo se vuelve salvaje.pdf",Published on Mises Institute (https://mises.org),Rothbard,page1,"   👀 TEMAS\ 🏰 HISTORIA\Artículos\Rothbard - Historia de la ciencia, el whigismo se vuelve salvaje.pdf"
"Rothbard - Historia de la Ciencia, Los Wighs se vuelven locos.pdf",Por Murray N. Rothbard,Propietario,page1,"   👀 TEMAS\ 🏰 HISTORIA\Artículos\Rothbard - Historia de la Ciencia, Los Wighs se vuelven locos.pdf"
Rothbard - La antigua tradición libertaria china.pdf,Published on Mises Institute (https://mises.org),Rothbard,page1,   👀 TEMAS\ 🏰 HISTORIA\Artículos\Rothbard - La antigua tradición libertaria china.pdf
Rothbard - La Constitución de 1787 fue un ataque radical al espíritu de la Revolución.pdf,Published on Mises Institute (https://mises.org),Rothbard,page1,   👀 TEMAS\ 🏰 HISTORIA\Artículos\Rothbard - La Constitución de 1787 fue un ataque radical al espíritu de la Revolución.pdf
Rothbard - La lucha por la libertad y los bárbaros de Washington.pdf,Published on Mises Institute (https://mises.org),Rothbard,page1,   👀 TEMAS\ 🏰 HISTORIA\Artículos\Rothbard - La lucha por la libertad y los bárbaros de Washington.pdf
Rothbard - Las tierras occidentales y la política exterior en la República temprana.pdf,Published on Mises Institute (https://mises.org),Rothbard,page1,   👀 TEMAS\ 🏰 HISTORIA\Artículos\Rothbard - Las tierras occidentales y la política exterior en la República temprana.pdf
Rothbard - Libertarismo en la Antigua China.pdf,Published on Mises Institute (https://mises.org),Rothbard,page1,   👀 TEMAS\ 🏰 HISTORIA\Artículos\Rothbard - Libertarismo en la Antigua China.pdf
Rothbard - Los principios del liberalismo en la Inglaterra del siglo XVII.pdf,Published on Mises Institute (https://mises.org),Rothbard,page1,   👀 TEMAS\ 🏰 HISTORIA\Artículos\Rothbard - Los principios del liberalismo en la Inglaterra del siglo XVII.pdf
Rothbard - Los Rockefeller y la seguridad social.pdf,Published on Mises Institute (https://mises.org),Rothbard,page1,   👀 TEMAS\ 🏰 HISTORIA\Artículos\Rothbard - Los Rockefeller y la seguridad social.pdf
Rothbard - Pensamiento Absolutista en Italia.pdf,Published on Mises Institute (https://mises.org),Rothbard,page1,   👀 TEMAS\ 🏰 HISTORIA\Artículos\Rothbard - Pensamiento Absolutista en Italia.pdf
Rothbard - Por qué los Federalistas odiaban la Carta de Derechos.pdf,Published on Mises Institute (https://mises.org),Rothbard,page1,   👀 TEMAS\ 🏰 HISTORIA\Artículos\Rothbard - Por qué los Federalistas odiaban la Carta de Derechos.pdf
"Rothbard - Ratificación, la lucha por Massachusetts.pdf",Published on Mises Institute (https://mises.org),Rothbard,page1,"   👀 TEMAS\ 🏰 HISTORIA\Artículos\Rothbard - Ratificación, la lucha por Massachusetts.pdf"
Ó.Carreriro - La Historia al Servicio de la Deprevación.pdf,LA HISTORIA AL SERVICIO DE LA DEPREDACIÓN  Óscar R. Carreiro  Xoán de Lugo,RibzeR,meta,   👀 TEMAS\ 🏰 HISTORIA\Artículos\Ó.Carreriro - La Historia al Servicio de la Deprevación.pdf
Caldas - Liberland_ Utopía Libertaria.pdf,Liberland_ Utopía Libertaria,Caldas,filename,   👀 TEMAS\ 🏰 HISTORIA\Caldas - Liberland_ Utopía Libertaria.pdf
Constant - Discurso sobre la Libertad de los Antiguos Comparada con la de los Modernos.pdf,BENJAMIN CONSTANT DISCURSO,Afrodisio,page1,   👀 TEMAS\ 🏰 HISTORIA\Constant - Discurso sobre la Libertad de los Antiguos Comparada con la de los Modernos.pdf
El Mito De La Seguridad Nacional - Editado por Hans-Hermann Hoppe.pdf,El Mito De La Seguridad Nacional,Hans-Hermann Hoppe,meta,   👀 TEMAS\ 🏰 HISTORIA\El Mito De La Seguridad Nacional - Editado por Hans-Hermann Hoppe.pdf
Hayek - El Capitalismo y Los Historiadores.pdf,El capitalismo y los historiadores,Libertad y Federalismo,meta,   👀 TEMAS\ 🏰 HISTORIA\Hayek - El Capitalismo y Los Historiadores.pdf
Herbener - Libertad Vs. Guerra_ una breve historia.pdf,Published on Mises Institute (https://mises.org),Herbener,page1,   👀 TEMAS\ 🏰 HISTORIA\Herbener - Libertad Vs. Guerra_ una breve historia.pdf
Higgs - Crisis y Leviatán.pdf,Crisis y Leviatán,Higgs,filename,   👀 TEMAS\ 🏰 HISTORIA\Higgs - Crisis y Leviatán.pdf
Mises - Teoria e Historia [pasajes].pdf,Teoría e historia,Propietario,page1,   👀 TEMAS\ 🏰 HISTORIA\Mises - Teoria e Historia [pasajes].pdf
J. Mariana - Historia General De Espana. Tomo I.pdf,Historia General de España I,Juan de Mariana,meta,   👀 TEMAS\ 🏰 HISTORIA\Países\🇪🇸 España historia\J. Mariana - Historia General De Espana. Tomo I.pdf
J. Mariana - Historia General De Espana. Tomo II.pdf,Historia General de España II,Juan de Mariana,meta,   👀 TEMAS\ 🏰 HISTORIA\Países\🇪🇸 España historia\J. Mariana - Historia General De Espana. Tomo II.pdf
J. Mariana - Historia General De Espana. Tomo III.pdf,Historia General de España III,Juan de Mariana,meta,   👀 TEMAS\ 🏰 HISTORIA\Países\🇪🇸 España historia\J. Mariana - Historia General De Espana. Tomo III.pdf
La ContraHistoria de España (Fernando Díaz Villanueva) (Z-Library).pdf,La ContraHistoria de España (Fernando Díaz Villanueva),Z-Library,filename,   👀 TEMAS\ 🏰 HISTORIA\Países\🇪🇸 España historia\La ContraHistoria de España (Fernando Díaz Villanueva) (Z-Library).pdf
Para habernos matado I (Fernando Díaz Villanueva) (Z-Library).pdf,Para habernos matado I (Fernando Díaz Villanueva),Z-Library,filename,   👀 TEMAS\ 🏰 HISTORIA\Países\🇪🇸 España historia\Para habernos matado I (Fernando Díaz Villanueva) (Z-Library).pdf
Para habernos matado II (Fernando Díaz Villanueva) (Z-Library).pdf,Para habernos matado II (Fernando Díaz Villanueva),Z-Library,filename,   👀 TEMAS\ 🏰 HISTORIA\Países\🇪🇸 España historia\Para habernos matado II (Fernando Díaz Villanueva) (Z-Library).pdf
Bienvenidos a Liechtenstein.pdf,Información para inmigrantes,,page1,   👀 TEMAS\ 🏰 HISTORIA\Países\🇱🇮 Liechtenstein\Bienvenidos a Liechtenstein.pdf
Economía de Liechtenstein.pdf,"Economía de Liechtenstein - Wikipedia, la enciclopedia libre",,meta,   👀 TEMAS\ 🏰 HISTORIA\Países\🇱🇮 Liechtenstein\Economía de Liechtenstein.pdf
El Estado en El Tercer Milenio.pdf,El Estado,,page1,   👀 TEMAS\ 🏰 HISTORIA\Países\🇱🇮 Liechtenstein\El Estado en El Tercer Milenio.pdf
Gebel - Lo que podemos aprender de Liechtenstein.pdf,Published on Mises Institute (https://mises.org),Gebel,page1,   👀 TEMAS\ 🏰 HISTORIA\Países\🇱🇮 Liechtenstein\Gebel - Lo que podemos aprender de Liechtenstein.pdf
Liechtenstein.pdf,"Liechtenstein - Wikipedia, la enciclopedia libre",,meta,   👀 TEMAS\ 🏰 HISTORIA\Países\🇱🇮 Liechtenstein\Liechtenstein.pdf
Príncipe de Liechtenstein.pdf,"Príncipe de Liechtenstein - Wikipedia, la enciclopedia libre",,meta,   👀 TEMAS\ 🏰 HISTORIA\Países\🇱🇮 Liechtenstein\Príncipe de Liechtenstein.pdf
Young - La libertad y la prosperidad en Liechtenstein_ un análisis hoppeano.pdf,Published on Mises Institute (https://mises.org),Young,page1,   👀 TEMAS\ 🏰 HISTORIA\Países\🇱🇮 Liechtenstein\Young - La libertad y la prosperidad en Liechtenstein_ un análisis hoppeano.pdf
Bovard - La peor perversión de libertad de FDR_ el discurso de las “cuatro libertades”.pdf,Published on Mises Institute (https://mises.org),Bovard,page1,   👀 TEMAS\ 🏰 HISTORIA\Países\🇺🇸 EE.UU. historia\Bovard - La peor perversión de libertad de FDR_ el discurso de las “cuatro libertades”.pdf
"Rothbard - Comerciar con el enemigo, una tradición americana.pdf",Published on Mises Institute (https://mises.org),Rothbard,page1,"   👀 TEMAS\ 🏰 HISTORIA\Países\🇺🇸 EE.UU. historia\Rothbard - Comerciar con el enemigo, una tradición americana.pdf"
Rothbard - El Experimento Anarquista de Pensilvania.pdf,MAY · KIRTCHEV · BARLOW · NAKAMOTO RECOPILACIÓN POR SIMÓN OCAMPO,Rothbard,page1,   👀 TEMAS\ 🏰 HISTORIA\Países\🇺🇸 EE.UU. historia\Rothbard - El Experimento Anarquista de Pensilvania.pdf
Rothbard - La Gran Depresión.pdf,La Gran Depresión,Rothbard,filename,   👀 TEMAS\ 🏰 HISTORIA\Países\🇺🇸 EE.UU. historia\Rothbard - La Gran Depresión.pdf
Rothbard - Los Orígenes del Anarquismo Individualista en los EE.UU..pdf,Published on Mises Institute (https://mises.org),Rothbard,page1,   👀 TEMAS\ 🏰 HISTORIA\Países\🇺🇸 EE.UU. historia\Rothbard - Los Orígenes del Anarquismo Individualista en los EE.UU..pdf
Rothbard - Revolución libertaria de América.pdf,Published on Mises Institute (https://mises.org),Rothbard,page1,   👀 TEMAS\ 🏰 HISTORIA\Países\🇺🇸 EE.UU. historia\Rothbard - Revolución libertaria de América.pdf
Rothbard - ¿Jeffersoniano o Hamiltoniano_.pdf,Published on Mises Institute (https://mises.org),Rothbard,page1,   👀 TEMAS\ 🏰 HISTORIA\Países\🇺🇸 EE.UU. historia\Rothbard - ¿Jeffersoniano o Hamiltoniano_.pdf
Rocker - Las Corrientes Liberales en los Estados Unidos.pdf,Las Corrientes Liberales en los Estados Unidos,Rocker,filename,   👀 TEMAS\ 🏰 HISTORIA\Rocker - Las Corrientes Liberales en los Estados Unidos.pdf
Rothbard - Colectivismo Bélico.pdf,Colectivismo Bélico,Rothbard,filename,   👀 TEMAS\ 🏰 HISTORIA\Rothbard - Colectivismo Bélico.pdf
Rothbard - Historia del Dinero y la Banca en Estados Unidos.pdf,Historia del Dinero y la Banca en Estados Unidos,Clarence S. Darrow,filename,   👀 TEMAS\ 🏰 HISTORIA\Rothbard - Historia del Dinero y la Banca en Estados Unidos.pdf
"Tilly - Coercion, Capital y Los Estados Europeos 990-1990.pdf","Coercion, Capital y Los Estados Europeos 990-1990",Tilly,filename,"   👀 TEMAS\ 🏰 HISTORIA\Tilly - Coercion, Capital y Los Estados Europeos 990-1990.pdf"
Villanueva - Historia Criminal Del Comunismo.pdf,Historia criminal del comunismo,Fernando Díaz Villanueva,meta,   👀 TEMAS\ 🏰 HISTORIA\Villanueva - Historia Criminal Del Comunismo.pdf
Villanueva - Sic Semper Tyrannis.pdf,Sic Semper Tyrannis,Fernando Díaz Villanueva,meta,   👀 TEMAS\ 🏰 HISTORIA\Villanueva - Sic Semper Tyrannis.pdf
Voltaire - Historia del establecimiento del Cristianismo.pdf,Historia del establecimiento del cristianismo,Voltaire,meta,   👀 TEMAS\ 🏰 HISTORIA\Voltaire - Historia del establecimiento del Cristianismo.pdf
Woods - Lo que puede enseñar a los historiadores la Escuela Austriaca.pdf,Published on Mises Institute (https://mises.org),Woods,page1,   👀 TEMAS\ 🏰 HISTORIA\Woods - Lo que puede enseñar a los historiadores la Escuela Austriaca.pdf
Anarquía en los Estados Unidos.pdf,Anarquía en los Estados Unidos,,page1,   👀 TEMAS\ 🏰 HISTORIA\Ⓐ Ejemplos de Anarquismo_\Anarquía en los Estados Unidos.pdf
 República de Cospaia.pdf,Repubblica di Cospaia (it),,page1,   👀 TEMAS\ 🏰 HISTORIA\Ⓐ Ejemplos de Anarquismo_\Cospaia\ República de Cospaia.pdf
La república anarquista de Cospaia.pdf,La república anarquista de Cospaia - Centro Mises (Mises Hispano) Centro Mises (Mises Hispano),,meta,   👀 TEMAS\ 🏰 HISTORIA\Ⓐ Ejemplos de Anarquismo_\Cospaia\La república anarquista de Cospaia.pdf
"La República de Cospaia, el minúsculo estado independiente que surgió de un error y duró cuatro siglos gracias al tabaco.pdf","La República de Cospaia, el minúsculo estado independiente que surgió de un error y duró cuatro siglos gracias al tabaco",,meta,"   👀 TEMAS\ 🏰 HISTORIA\Ⓐ Ejemplos de Anarquismo_\Cospaia\La República de Cospaia, el minúsculo estado independiente que surgió de un error y duró cuatro siglos gracias al tabaco.pdf"
Republic of Cospaia.pdf,Cospaia Republic,,page1,   👀 TEMAS\ 🏰 HISTORIA\Ⓐ Ejemplos de Anarquismo_\Cospaia\Republic of Cospaia.pdf
Han Existido Sociedades Anarcocapitalistas - Bill Orton.pdf,¿HAN EXISTIDO SOCIEDADES ANARCOCAPITALISTAS?,tabito,page1,   👀 TEMAS\ 🏰 HISTORIA\Ⓐ Ejemplos de Anarquismo_\Han Existido Sociedades Anarcocapitalistas - Bill Orton.pdf
 Irlanda celta.pdf,Reino celta de Irlanda,,page1,   👀 TEMAS\ 🏰 HISTORIA\Ⓐ Ejemplos de Anarquismo_\Irlanda Celta\ Irlanda celta.pdf
 Ley y justicia en la sociedad celta irlandesa.pdf,Ley y justicia en la sociedad celta irlandesa,RibzeR,meta,   👀 TEMAS\ 🏰 HISTORIA\Ⓐ Ejemplos de Anarquismo_\Irlanda Celta\ Ley y justicia en la sociedad celta irlandesa.pdf
Breve Historia de la Mitología Celta.pdf,BREVE HISTORIA DE LA MITOLOGÍA CELTA,,page1,   👀 TEMAS\ 🏰 HISTORIA\Ⓐ Ejemplos de Anarquismo_\Irlanda Celta\Breve Historia de la Mitología Celta.pdf
Dioses y heroes de irlanda.pdf,Dioses y héroes,,page1,   👀 TEMAS\ 🏰 HISTORIA\Ⓐ Ejemplos de Anarquismo_\Irlanda Celta\Dioses y heroes de irlanda.pdf
Druidas y Dryades en la sociedad celta.pdf,ISSN 2174-5633,,page1,   👀 TEMAS\ 🏰 HISTORIA\Ⓐ Ejemplos de Anarquismo_\Irlanda Celta\Druidas y Dryades en la sociedad celta.pdf
El legado celta en la identidad irlandesa.pdf,Erika Hartstock*,,page1,   👀 TEMAS\ 🏰 HISTORIA\Ⓐ Ejemplos de Anarquismo_\Irlanda Celta\El legado celta en la identidad irlandesa.pdf
El Tigre Celta.pdf,"ICADE, E",Tomás,page1,   👀 TEMAS\ 🏰 HISTORIA\Ⓐ Ejemplos de Anarquismo_\Irlanda Celta\El Tigre Celta.pdf
Irlanda Su Historia.pdf,IRLANDA. SU HISTORIA.,Mª Cristina Masso de Ariza,meta,   👀 TEMAS\ 🏰 HISTORIA\Ⓐ Ejemplos de Anarquismo_\Irlanda Celta\Irlanda Su Historia.pdf
Leeson & Geloso - Are Anarcho-Capitalists Insane_ Medieval Icelandic Conflict Institutions in Comparative Perspective.pdf,No Job Name,Leeson & Geloso,meta,   👀 TEMAS\ 🏰 HISTORIA\Ⓐ Ejemplos de Anarquismo_\Irlanda Celta\Leeson & Geloso - Are Anarcho-Capitalists Insane_ Medieval Icelandic Conflict Institutions in Comparative Perspective.pdf
_Islas_ en una isla_ la Islandia medieval.pdf,"""Islas"" en una isla: la Islandia medieval",Enrique Bernárdez Sanchís,meta,   👀 TEMAS\ 🏰 HISTORIA\Ⓐ Ejemplos de Anarquismo_\Islandia medieval\_Islas_ en una isla_ la Islandia medieval.pdf
Colonización de Islandia.pdf,"Colonización de Islandia - Wikipedia, la enciclopedia libre",,meta,   👀 TEMAS\ 🏰 HISTORIA\Ⓐ Ejemplos de Anarquismo_\Islandia medieval\Colonización de Islandia.pdf
El Feudo de Sangre y el Don en Islandia Medieval.pdf,EL “FEUDO DE SANGRE” Y EL DON EN ISLANDIA MEDIEVAL: ALGUNAS,Letícia Dias Schirm,page1,   👀 TEMAS\ 🏰 HISTORIA\Ⓐ Ejemplos de Anarquismo_\Islandia medieval\El Feudo de Sangre y el Don en Islandia Medieval.pdf
Historia de Islandia.pdf,"Historia de Islandia - Wikipedia, la enciclopedia libre",,meta,   👀 TEMAS\ 🏰 HISTORIA\Ⓐ Ejemplos de Anarquismo_\Islandia medieval\Historia de Islandia.pdf
Honor y prestigio_ una discusión en los estudios sobre la sociedad islandesa medieval.pdf,Honor y prestigio: una discusin en los estudios sobre la sociedad islandesa medieval.,Santiago Barreiro,meta,   👀 TEMAS\ 🏰 HISTORIA\Ⓐ Ejemplos de Anarquismo_\Islandia medieval\Honor y prestigio_ una discusión en los estudios sobre la sociedad islandesa medieval.pdf
"Islandia medieval, ¿sociedad de base campesina_.pdf",Revista Chilena de Estudios Medievales | eISSN 0719-689X,,page1,"   👀 TEMAS\ 🏰 HISTORIA\Ⓐ Ejemplos de Anarquismo_\Islandia medieval\Islandia medieval, ¿sociedad de base campesina_.pdf"
Las sagas nórdicas.pdf,Las sagas nórdicas,,meta,   👀 TEMAS\ 🏰 HISTORIA\Ⓐ Ejemplos de Anarquismo_\Islandia medieval\Las sagas nórdicas.pdf
Mancomunidad Islandesa.pdf,"Mancomunidad Islandesa - Wikipedia, la enciclopedia libre",,meta,   👀 TEMAS\ 🏰 HISTORIA\Ⓐ Ejemplos de Anarquismo_\Islandia medieval\Mancomunidad Islandesa.pdf
Whiston - La Islandia medieval y la ausencia de gobierno.pdf,Published on Mises Institute (https://mises.org),Whiston,page1,   👀 TEMAS\ 🏰 HISTORIA\Ⓐ Ejemplos de Anarquismo_\Islandia medieval\Whiston - La Islandia medieval y la ausencia de gobierno.pdf
La Historia demuestra que el Anarco-Capitalismo... - Esplugas.pdf,LA HISTORIA DEMUESTRA QUE EL ANARCO-,tabito,page1,   👀 TEMAS\ 🏰 HISTORIA\Ⓐ Ejemplos de Anarquismo_\La Historia demuestra que el Anarco-Capitalismo... - Esplugas.pdf
 Santo Experimento.pdf,"El reino pacífico, pintura de Edward Hicks (1834). Refleja el",,page1,   👀 TEMAS\ 🏰 HISTORIA\Ⓐ Ejemplos de Anarquismo_\Pensilvania temprana\ Santo Experimento.pdf
Holy Experiment.pdf,Holy Experiment - Wikipedia,,meta,   👀 TEMAS\ 🏰 HISTORIA\Ⓐ Ejemplos de Anarquismo_\Pensilvania temprana\Holy Experiment.pdf
"PENNSYLVANIA COLONY, THE HOLY EXPERIMENT.pdf",Penn_Colony.pmd,Owner,meta,"   👀 TEMAS\ 🏰 HISTORIA\Ⓐ Ejemplos de Anarquismo_\Pensilvania temprana\PENNSYLVANIA COLONY, THE HOLY EXPERIMENT.pdf"
The Holy Experience (Neale Donald Walsch).pdf,A book about the most,Neale Donald Walsch,page1,   👀 TEMAS\ 🏰 HISTORIA\Ⓐ Ejemplos de Anarquismo_\Pensilvania temprana\The Holy Experience (Neale Donald Walsch).pdf
"The Laymans Progress Religious and Political Experience in Colonial Pennsylvania, 174-177 (Dietmar Rothermund).pdf",The Layman's Progress,Dietmar Rothermund,page1,"   👀 TEMAS\ 🏰 HISTORIA\Ⓐ Ejemplos de Anarquismo_\Pensilvania temprana\The Laymans Progress Religious and Political Experience in Colonial Pennsylvania, 174-177 (Dietmar Rothermund).pdf"
William Penn_s “Holy Experiment” (1681).pdf,William Penn’s “Holy Experiment” (1681),Gerald O'Connor,page1,   👀 TEMAS\ 🏰 HISTORIA\Ⓐ Ejemplos de Anarquismo_\Pensilvania temprana\William Penn_s “Holy Experiment” (1681).pdf
 Viejo Oeste.pdf,"Viejo Oeste - Wikipedia, la enciclopedia libre",,meta,   👀 TEMAS\ 🏰 HISTORIA\Ⓐ Ejemplos de Anarquismo_\Viejo Oeste\ Viejo Oeste.pdf
"An American Experiment in AnarchoCapitalism_ The -Not So Wild, Wild West.pdf",Capitalism: The -,,page1,"   👀 TEMAS\ 🏰 HISTORIA\Ⓐ Ejemplos de Anarquismo_\Viejo Oeste\An American Experiment in AnarchoCapitalism_ The -Not So Wild, Wild West.pdf"
Breve Historia del Salvaje Oeste.pdf,BH SALVAJE OESTE Claudia_R REV JL:MaquetaciÃ³n 1.qxd,,meta,   👀 TEMAS\ 🏰 HISTORIA\Ⓐ Ejemplos de Anarquismo_\Viejo Oeste\Breve Historia del Salvaje Oeste.pdf
El no tan salvaje oeste(1).pdf,"RIPS, ISSN 2255-5986. Vol. 15, núm. 2, 2016, 0-266",,page1,   👀 TEMAS\ 🏰 HISTORIA\Ⓐ Ejemplos de Anarquismo_\Viejo Oeste\El no tan salvaje oeste(1).pdf
El no tan salvaje oeste.pdf,"[Journal of Libertarian Studies, 1979]",,page1,   👀 TEMAS\ 🏰 HISTORIA\Ⓐ Ejemplos de Anarquismo_\Viejo Oeste\El no tan salvaje oeste.pdf
Santuario de buitres y otras historias del viejo Oeste (Robert E. Howard).pdf,Santuario de buitres y otras historias del viejo Oeste,Robert E. Howard,filename,   👀 TEMAS\ 🏰 HISTORIA\Ⓐ Ejemplos de Anarquismo_\Viejo Oeste\Santuario de buitres y otras historias del viejo Oeste (Robert E. Howard).pdf
T. Anderson & P. Hill - El no tan Salvaje Oeste.pdf,El no tan Salvaje Oeste,T. Anderson & P. Hill,filename,   👀 TEMAS\ 🏰 HISTORIA\Ⓐ Ejemplos de Anarquismo_\Viejo Oeste\T. Anderson & P. Hill - El no tan Salvaje Oeste.pdf
 Gurgaon.pdf,"Gurgaon - Wikipedia, la enciclopedia libre",,meta,   👀 TEMAS\ 🏰 HISTORIA\Ⓐ Ejemplos de Anarquismo_\z. MÁS\ Gurgaon\ Gurgaon.pdf
" Lessons from Gurgaon, India_s private city.pdf","10.  Lessons from Gurgaon, India’s",,page1,"   👀 TEMAS\ 🏰 HISTORIA\Ⓐ Ejemplos de Anarquismo_\z. MÁS\ Gurgaon\ Lessons from Gurgaon, India_s private city.pdf"
Brief Industrial Profile of Gurgaon District.pdf,lR;eso t;rs,msme,page1,   👀 TEMAS\ 🏰 HISTORIA\Ⓐ Ejemplos de Anarquismo_\z. MÁS\ Gurgaon\Brief Industrial Profile of Gurgaon District.pdf
"Entangled Urbanism  Slum, Gated Community and Shopping Mall in Delhi and Gurgaon (Sanjay Srivastava).pdf",Title Pages,Sanjay Srivastava,page1,"   👀 TEMAS\ 🏰 HISTORIA\Ⓐ Ejemplos de Anarquismo_\z. MÁS\ Gurgaon\Entangled Urbanism  Slum, Gated Community and Shopping Mall in Delhi and Gurgaon (Sanjay Srivastava).pdf"
"Flexible Planning_ The Making of India_s _Millennium City,_ Gurgaon.pdf","Flexible Planning: The Making of India’s ‘Millennium City,’ Gurgaon",,page1,"   👀 TEMAS\ 🏰 HISTORIA\Ⓐ Ejemplos de Anarquismo_\z. MÁS\ Gurgaon\Flexible Planning_ The Making of India_s _Millennium City,_ Gurgaon.pdf"
Gurgaon - Wikipedia.pdf,Gurgaon - Wikipedia,Gurgaon,meta,   👀 TEMAS\ 🏰 HISTORIA\Ⓐ Ejemplos de Anarquismo_\z. MÁS\ Gurgaon\Gurgaon - Wikipedia.pdf
Gurgaon district at a glance.pdf,FARIDKOT BLOCK AT A GLANCE,krish,meta,   👀 TEMAS\ 🏰 HISTORIA\Ⓐ Ejemplos de Anarquismo_\z. MÁS\ Gurgaon\Gurgaon district at a glance.pdf
Gurgaon From Mythic Village to Millennium City (Veena Talwar Oldenburg).pdf,Gurgaon From Mythic Village to Millennium City,Veena Talwar Oldenburg,filename,   👀 TEMAS\ 🏰 HISTORIA\Ⓐ Ejemplos de Anarquismo_\z. MÁS\ Gurgaon\Gurgaon From Mythic Village to Millennium City (Veena Talwar Oldenburg).pdf
Gurgaon-Manesar Urban Complex.pdf,Gurgaon-Manesar Urban Complex,,page1,   👀 TEMAS\ 🏰 HISTORIA\Ⓐ Ejemplos de Anarquismo_\z. MÁS\ Gurgaon\Gurgaon-Manesar Urban Complex.pdf
gurgaon-master-plan 31.pdf,gurgaon-master-plan 31,,filename,   👀 TEMAS\ 🏰 HISTORIA\Ⓐ Ejemplos de Anarquismo_\z. MÁS\ Gurgaon\gurgaon-master-plan 31.pdf
Gurgaon.pdf,00 Gurgoan.qxp:Layout 1,KP,meta,   👀 TEMAS\ 🏰 HISTORIA\Ⓐ Ejemplos de Anarquismo_\z. MÁS\ Gurgaon\Gurgaon.pdf
"Gurgaon_ unfinished city, a photographic essay.pdf","As Gurgaon expands horizontally and vertically, it continues to transition from",,page1,"   👀 TEMAS\ 🏰 HISTORIA\Ⓐ Ejemplos de Anarquismo_\z. MÁS\ Gurgaon\Gurgaon_ unfinished city, a photographic essay.pdf"
MAJOR URBAN FUNCTIONS OF GURUGRAM CITY.pdf,"© 2023 IJRTI | Volume 8, Issue 1 | ISSN: 2456-3315",Dell,page1,   👀 TEMAS\ 🏰 HISTORIA\Ⓐ Ejemplos de Anarquismo_\z. MÁS\ Gurgaon\MAJOR URBAN FUNCTIONS OF GURUGRAM CITY.pdf
"On Capital_s Edge_ Gurgaon, India_s Millennial City.pdf",REGIONS,,page1,"   👀 TEMAS\ 🏰 HISTORIA\Ⓐ Ejemplos de Anarquismo_\z. MÁS\ Gurgaon\On Capital_s Edge_ Gurgaon, India_s Millennial City.pdf"
"PLANNING OF PRIVATE GATED DEVELOPMENT_ AN ANALYSIS OF GATED VS NON-GATED NEIGHBOURHOODS, CITY OF GURUGRAM, INDIA.pdf",PLANNING MALAYSIA:,,page1,"   👀 TEMAS\ 🏰 HISTORIA\Ⓐ Ejemplos de Anarquismo_\z. MÁS\ Gurgaon\PLANNING OF PRIVATE GATED DEVELOPMENT_ AN ANALYSIS OF GATED VS NON-GATED NEIGHBOURHOODS, CITY OF GURUGRAM, INDIA.pdf"
Subaltern Frontiers Agrarian City-Making in Gurgaon (Thomas Cowan).pdf,Subaltern Frontiers,Thomas Cowan,page1,   👀 TEMAS\ 🏰 HISTORIA\Ⓐ Ejemplos de Anarquismo_\z. MÁS\ Gurgaon\Subaltern Frontiers Agrarian City-Making in Gurgaon (Thomas Cowan).pdf
"The Politics of Place-making in Gurgaon, India.pdf","Planning the Millennium City: The Politics of Place-making in Gurgaon,",,page1,"   👀 TEMAS\ 🏰 HISTORIA\Ⓐ Ejemplos de Anarquismo_\z. MÁS\ Gurgaon\The Politics of Place-making in Gurgaon, India.pdf"
"Urbanization and its challenges_ A case of the Gurugram city, India.pdf",Volume 13,direc,page1,"   👀 TEMAS\ 🏰 HISTORIA\Ⓐ Ejemplos de Anarquismo_\z. MÁS\ Gurgaon\Urbanization and its challenges_ A case of the Gurugram city, India.pdf"
"Who owns the city_ Neoliberal urbanism and land purchases in Gurgaon, India.pdf","Who owns the city? Neoliberal urbanism and land purchases in Gurgaon, India",Meher Bhagia and Mallika Bose,meta,"   👀 TEMAS\ 🏰 HISTORIA\Ⓐ Ejemplos de Anarquismo_\z. MÁS\ Gurgaon\Who owns the city_ Neoliberal urbanism and land purchases in Gurgaon, India.pdf"
 Presentación liberland.pdf,Machine Translated by Google,,page1,   👀 TEMAS\ 🏰 HISTORIA\Ⓐ Ejemplos de Anarquismo_\z. MÁS\ Liberland\ Presentación liberland.pdf
"Así es Liberland, el proyecto de país libertario que quiere germinar en el corazón de los Balcanes.pdf","Así es Liberland, el proyecto de país libertario que quiere germinar en el corazón de los Balcanes",,meta,"   👀 TEMAS\ 🏰 HISTORIA\Ⓐ Ejemplos de Anarquismo_\z. MÁS\ Liberland\Así es Liberland, el proyecto de país libertario que quiere germinar en el corazón de los Balcanes.pdf"
"El hombre que fundó Liberland, un país en tierra de nadie en el centro Europa - Derecho Internacional Público - dipublico.org.pdf","El hombre que fundó Liberland, un país en tierra de nadie en el centro Europa - Derecho Internacional Público - dipublico.org",,meta,"   👀 TEMAS\ 🏰 HISTORIA\Ⓐ Ejemplos de Anarquismo_\z. MÁS\ Liberland\El hombre que fundó Liberland, un país en tierra de nadie en el centro Europa - Derecho Internacional Público - dipublico.org.pdf"
koebrich_samuel.pdf,"REPORT FROM PRACTICALLY SOMEWHERE: LIBERLAND, SOVEREIGNTY, AND NORM CONTESTATION",,page1,   👀 TEMAS\ 🏰 HISTORIA\Ⓐ Ejemplos de Anarquismo_\z. MÁS\ Liberland\koebrich_samuel.pdf
Liberland-.pdf,"Fantasy or fact? Vít Jedlicka, a",,page1,   👀 TEMAS\ 🏰 HISTORIA\Ⓐ Ejemplos de Anarquismo_\z. MÁS\ Liberland\Liberland-.pdf
Liberland-constitution-cs.pdf,Liberland Constitution,,meta,   👀 TEMAS\ 🏰 HISTORIA\Ⓐ Ejemplos de Anarquismo_\z. MÁS\ Liberland\Liberland-constitution-cs.pdf
THE FREE REPUBLIC OF LIBERLAND MINISTRY OF FINANCE.pdf,THE FREE REPUBLIC OF LIBERLAND MINISTRY OF FINANCE,,page1,   👀 TEMAS\ 🏰 HISTORIA\Ⓐ Ejemplos de Anarquismo_\z. MÁS\ Liberland\THE FREE REPUBLIC OF LIBERLAND MINISTRY OF FINANCE.pdf
 Free State Project.pdf,Free State Project - Wikipedia,,meta,   👀 TEMAS\ 🏰 HISTORIA\Ⓐ Ejemplos de Anarquismo_\z. MÁS\ New Hampshire\en Inglés\ Free State Project.pdf
101 Reasons to Move to New Hampshire.pdf,101 Reasons to Move to New Hampshire: The Official List from the New Documentary Film - The Freecoast,,meta,   👀 TEMAS\ 🏰 HISTORIA\Ⓐ Ejemplos de Anarquismo_\z. MÁS\ New Hampshire\en Inglés\101 Reasons to Move to New Hampshire.pdf
2022 Liberty Rating.pdf,New Hampshire Liberty Alliance,jeff,page1,   👀 TEMAS\ 🏰 HISTORIA\Ⓐ Ejemplos de Anarquismo_\z. MÁS\ New Hampshire\en Inglés\2022 Liberty Rating.pdf
Briefing.pdf,Maine People’s Alliance,MPA,meta,   👀 TEMAS\ 🏰 HISTORIA\Ⓐ Ejemplos de Anarquismo_\z. MÁS\ New Hampshire\en Inglés\Briefing.pdf
Free State Project Guide.pdf,Free State,,page1,   👀 TEMAS\ 🏰 HISTORIA\Ⓐ Ejemplos de Anarquismo_\z. MÁS\ New Hampshire\en Inglés\Free State Project Guide.pdf
Free State Project Member Alexander Avery.pdf,Maine People’s Alliance,Granite State Progress,meta,   👀 TEMAS\ 🏰 HISTORIA\Ⓐ Ejemplos de Anarquismo_\z. MÁS\ New Hampshire\en Inglés\Free State Project Member Alexander Avery.pdf
Libertarian Party of New Hampshire(1).pdf,Libertarian Party of New Hampshire - Wikipedia,,meta,   👀 TEMAS\ 🏰 HISTORIA\Ⓐ Ejemplos de Anarquismo_\z. MÁS\ New Hampshire\en Inglés\Libertarian Party of New Hampshire(1).pdf
Libertarian Party of New Hampshire.pdf,"Libertarian Party v NH Secy State, 14-cv-322-PB, 12/30/14",United States District Court - New Hampshire,meta,   👀 TEMAS\ 🏰 HISTORIA\Ⓐ Ejemplos de Anarquismo_\z. MÁS\ New Hampshire\en Inglés\Libertarian Party of New Hampshire.pdf
"Sorens - Announcement, The Free State Project.pdf","Announcement: The Free State Project, by Jason Sorens",Sorens,page1,"   👀 TEMAS\ 🏰 HISTORIA\Ⓐ Ejemplos de Anarquismo_\z. MÁS\ New Hampshire\en Inglés\Sorens - Announcement, The Free State Project.pdf"
Free State Project.pdf,"Free State Project - Wikipedia, la enciclopedia libre",,meta,   👀 TEMAS\ 🏰 HISTORIA\Ⓐ Ejemplos de Anarquismo_\z. MÁS\ New Hampshire\Free State Project.pdf
Grafton (Nuevo Hampshire).pdf,"Grafton (Nuevo Hampshire) - Wikipedia, la enciclopedia libre",Nuevo Hampshire,meta,   👀 TEMAS\ 🏰 HISTORIA\Ⓐ Ejemplos de Anarquismo_\z. MÁS\ New Hampshire\Grafton\Grafton (Nuevo Hampshire).pdf
"Grafton, New Hampshire.pdf","Grafton, New Hampshire - Wikipedia",,meta,"   👀 TEMAS\ 🏰 HISTORIA\Ⓐ Ejemplos de Anarquismo_\z. MÁS\ New Hampshire\Grafton\Grafton, New Hampshire.pdf"
New Hampshire es el estado con mayor libertad.pdf,Media Release,Kendal Egli,meta,   👀 TEMAS\ 🏰 HISTORIA\Ⓐ Ejemplos de Anarquismo_\z. MÁS\ New Hampshire\New Hampshire es el estado con mayor libertad.pdf
New Hampshire es el estado más libre de los Estados Unidos. He aquí el motivo.pdf,New Hampshire es el estado más libre de los Estados Unidos. He aquí el motivo,,meta,   👀 TEMAS\ 🏰 HISTORIA\Ⓐ Ejemplos de Anarquismo_\z. MÁS\ New Hampshire\New Hampshire es el estado más libre de los Estados Unidos. He aquí el motivo.pdf
"New Hampshire, paraíso libertario.pdf","New Hampshire, paraíso libertario - Instituto Juan de Mariana",,meta,"   👀 TEMAS\ 🏰 HISTORIA\Ⓐ Ejemplos de Anarquismo_\z. MÁS\ New Hampshire\New Hampshire, paraíso libertario.pdf"
Nuevo Hampshire.pdf,"Nuevo Hampshire - Wikipedia, la enciclopedia libre",,meta,   👀 TEMAS\ 🏰 HISTORIA\Ⓐ Ejemplos de Anarquismo_\z. MÁS\ New Hampshire\Nuevo Hampshire.pdf
Acadia.pdf,"Acadia - Wikipedia, la enciclopedia libre",,meta,   👀 TEMAS\ 🏰 HISTORIA\Ⓐ Ejemplos de Anarquismo_\z. MÁS\Acadia\Acadia.pdf
Acadianos.pdf,"Acadianos - Wikipedia, la enciclopedia libre",,meta,   👀 TEMAS\ 🏰 HISTORIA\Ⓐ Ejemplos de Anarquismo_\z. MÁS\Acadia\Acadianos.pdf
"B. Williams - La comunidad de Acadia, una historia de éxito anarcocapitalista.pdf",Published on Mises Institute (https://mises.org),B. Williams,page1,"   👀 TEMAS\ 🏰 HISTORIA\Ⓐ Ejemplos de Anarquismo_\z. MÁS\Acadia\B. Williams - La comunidad de Acadia, una historia de éxito anarcocapitalista.pdf"
 Anarquía en relaciones internacionales.pdf,"Anarquía en relaciones internacionales - Wikipedia, la enciclopedia libre",,meta,   👀 TEMAS\ 🏰 HISTORIA\Ⓐ Ejemplos de Anarquismo_\z. MÁS\Anarquía Internacional\ Anarquía en relaciones internacionales.pdf
Anarchy (international relations).pdf,Anarchy (international relations) - Wikipedia,international relations,meta,   👀 TEMAS\ 🏰 HISTORIA\Ⓐ Ejemplos de Anarquismo_\z. MÁS\Anarquía Internacional\Anarchy (international relations).pdf
"Anarquía internacional_ realismo, idealismo y constructivismo _ by Fede Puratich.pdf","Anarquía internacional: realismo, idealismo y constructivismo | by Fede Puratich | Medium",,meta,"   👀 TEMAS\ 🏰 HISTORIA\Ⓐ Ejemplos de Anarquismo_\z. MÁS\Anarquía Internacional\Anarquía internacional_ realismo, idealismo y constructivismo _ by Fede Puratich.pdf"
Hobbes y la anarquía internacional.pdf,HOBBES Y LA ANARQUIA INTERNACIONAL CARLOS E. MIRANDA.,,page1,   👀 TEMAS\ 🏰 HISTORIA\Ⓐ Ejemplos de Anarquismo_\z. MÁS\Anarquía Internacional\Hobbes y la anarquía internacional.pdf
International law - Wikipedia.pdf,International law - Wikipedia,International law,meta,   👀 TEMAS\ 🏰 HISTORIA\Ⓐ Ejemplos de Anarquismo_\z. MÁS\Anarquía Internacional\International law - Wikipedia.pdf
"Justicia Internacional, ideas y reflexiones.pdf","Justicia Internacional, ideas y reflexiones",,filename,"   👀 TEMAS\ 🏰 HISTORIA\Ⓐ Ejemplos de Anarquismo_\z. MÁS\Anarquía Internacional\Justicia Internacional, ideas y reflexiones.pdf"
La anarquía internacional y la teología política.pdf,Relaciones Internacionales,,page1,   👀 TEMAS\ 🏰 HISTORIA\Ⓐ Ejemplos de Anarquismo_\z. MÁS\Anarquía Internacional\La anarquía internacional y la teología política.pdf
La cultura de la anarquía internacional.pdf,Ensayos sobre Estrategia Marítima,,page1,   👀 TEMAS\ 🏰 HISTORIA\Ⓐ Ejemplos de Anarquismo_\z. MÁS\Anarquía Internacional\La cultura de la anarquía internacional.pdf
Las teorías de la cooperación internacional dentro de las relaciones internacionales.pdf,Redalyc.Las teorías de la cooperación internacional dentro de las relaciones internacionales,"Jiménez González, Claudia G.",meta,   👀 TEMAS\ 🏰 HISTORIA\Ⓐ Ejemplos de Anarquismo_\z. MÁS\Anarquía Internacional\Las teorías de la cooperación internacional dentro de las relaciones internacionales.pdf
Notas sobre la Anarquía Internacional. Aproximación iniciática a los principales enfoques de las Relaciones Internacionales.pdf,Notas sobre la Anarquía Internacional. Aproximación iniciática a los principales enfoques de las Relaciones Internacionales,John Fernando Macías Prada,meta,   👀 TEMAS\ 🏰 HISTORIA\Ⓐ Ejemplos de Anarquismo_\z. MÁS\Anarquía Internacional\Notas sobre la Anarquía Internacional. Aproximación iniciática a los principales enfoques de las Relaciones Internacionales.pdf
¿Vivimos en un mundo anárquico_.pdf,¿Vivimos en un mundo anárquico? - Ethic : Ethic,,meta,   👀 TEMAS\ 🏰 HISTORIA\Ⓐ Ejemplos de Anarquismo_\z. MÁS\Anarquía Internacional\¿Vivimos en un mundo anárquico_.pdf
ACERCAMIENTO A LOS CAMBIOS EN LA VIDA INTERNA Y EXTERNA DE LAS SOCIEDADES MUTUALISTAS EN CHILE DESDE 1930-1963.pdf,ISSN 1696-2060,,page1,   👀 TEMAS\ 🏰 HISTORIA\Ⓐ Ejemplos de Anarquismo_\z. MÁS\Ayuda Mutua\ACERCAMIENTO A LOS CAMBIOS EN LA VIDA INTERNA Y EXTERNA DE LAS SOCIEDADES MUTUALISTAS EN CHILE DESDE 1930-1963.pdf
Las sociedades de socorros mutuos como instituciones de acción colectiva.pdf,Las sociedades de socorros mutuos como instituciones de acción colectiva,Fernando,meta,   👀 TEMAS\ 🏰 HISTORIA\Ⓐ Ejemplos de Anarquismo_\z. MÁS\Ayuda Mutua\Las sociedades de socorros mutuos como instituciones de acción colectiva.pdf
Las Sociedades de Socorros Mutuos.pdf,Las Sociedades de Socorros Mutuos,,page1,   👀 TEMAS\ 🏰 HISTORIA\Ⓐ Ejemplos de Anarquismo_\z. MÁS\Ayuda Mutua\Las Sociedades de Socorros Mutuos.pdf
Nacimiento de Sociedades de Socorros Mutuos en Santiago Compostela (1847-1848).pdf,Cad Aten Primaria,Marcosg,page1,   👀 TEMAS\ 🏰 HISTORIA\Ⓐ Ejemplos de Anarquismo_\z. MÁS\Ayuda Mutua\Nacimiento de Sociedades de Socorros Mutuos en Santiago Compostela (1847-1848).pdf
Sociedades de Socorro Mutuo.pdf,Sociedades de Socorro Mutuo,Daniela,filename,   👀 TEMAS\ 🏰 HISTORIA\Ⓐ Ejemplos de Anarquismo_\z. MÁS\Ayuda Mutua\Sociedades de Socorro Mutuo.pdf
SOCIEDADES DE SOCORROS MUTUOS.pdf,30. Urzainqui,Alos1,meta,   👀 TEMAS\ 🏰 HISTORIA\Ⓐ Ejemplos de Anarquismo_\z. MÁS\Ayuda Mutua\SOCIEDADES DE SOCORROS MUTUOS.pdf
Breves nociones de anarquía - Agni Koath primera edición.pdf,BREVES NOCIONES DE ANARQUÍA,Baruch Suastes,page1,   👀 TEMAS\ 🏰 HISTORIA\Ⓐ Ejemplos de Anarquismo_\z. MÁS\Breves nociones de anarquía - Agni Koath primera edición.pdf
50 años de Christiania.pdf,"See discussions, stats, and author profiles for this publication at: https://www.researchgate.net/publication/354571850",,page1,   👀 TEMAS\ 🏰 HISTORIA\Ⓐ Ejemplos de Anarquismo_\z. MÁS\Christiania\50 años de Christiania.pdf
Christiania and the right to the city.pdf,Christiania book,,meta,   👀 TEMAS\ 🏰 HISTORIA\Ⓐ Ejemplos de Anarquismo_\z. MÁS\Christiania\Christiania and the right to the city.pdf
Christiania Guide.pdf,Christiania Guide,,filename,   👀 TEMAS\ 🏰 HISTORIA\Ⓐ Ejemplos de Anarquismo_\z. MÁS\Christiania\Christiania Guide.pdf
"Christiania, An oasis of Anarchy.pdf",Oasis of anarchy - Frontline,Ashish Kothari,meta,"   👀 TEMAS\ 🏰 HISTORIA\Ⓐ Ejemplos de Anarquismo_\z. MÁS\Christiania\Christiania, An oasis of Anarchy.pdf"
"Christianias, paz y amor.pdf",Músicos espontáneos,,page1,"   👀 TEMAS\ 🏰 HISTORIA\Ⓐ Ejemplos de Anarquismo_\z. MÁS\Christiania\Christianias, paz y amor.pdf"
Christianias Guide.pdf,Page | 1,noblee,page1,   👀 TEMAS\ 🏰 HISTORIA\Ⓐ Ejemplos de Anarquismo_\z. MÁS\Christiania\Christianias Guide.pdf
"La gubernamentalidad en lugares turísticos. Los casos de Christiania, Dinamarca, y San Cristóbal de las Casas, México.pdf","Redalyc.La gubernamentalidad en lugares turísticos. Los casos de Christiania, Dinamarca, y San Cristóbal de las Casas, México","Velázquez García, Mario Alberto; Balslev Clausen, Helene",meta,"   👀 TEMAS\ 🏰 HISTORIA\Ⓐ Ejemplos de Anarquismo_\z. MÁS\Christiania\La gubernamentalidad en lugares turísticos. Los casos de Christiania, Dinamarca, y San Cristóbal de las Casas, México.pdf"
Maintenance in Autonomy_ Christiania’s Self-Managed Infrastructures.pdf,Maintenance in Autonomy: Christiania’s Self-Managed Infrastructures,Jilly Traganou,page1,   👀 TEMAS\ 🏰 HISTORIA\Ⓐ Ejemplos de Anarquismo_\z. MÁS\Christiania\Maintenance in Autonomy_ Christiania’s Self-Managed Infrastructures.pdf
"Rebellion, Autonomy and Parnetship.pdf",MScThesis_4CITIES_Thomas_Ansila Mariam,Ansila,meta,"   👀 TEMAS\ 🏰 HISTORIA\Ⓐ Ejemplos de Anarquismo_\z. MÁS\Christiania\Rebellion, Autonomy and Parnetship.pdf"
“Environmental Sustainability_ We Don’t Have That Here”_ Freetown Christiania as an Unintentional Eco-village_(Amanda K. Winter).pdf,“Environmental Sustainability?,Amanda K. Winter,page1,   👀 TEMAS\ 🏰 HISTORIA\Ⓐ Ejemplos de Anarquismo_\z. MÁS\Christiania\“Environmental Sustainability_ We Don’t Have That Here”_ Freetown Christiania as an Unintentional Eco-village_(Amanda K. Winter).pdf
Cuando conviertes tu finca en una nación_ de Liberland a EnenKio.pdf,Cuando conviertes tu finca en una nación: de Liberland a EnenKio,,meta,   👀 TEMAS\ 🏰 HISTORIA\Ⓐ Ejemplos de Anarquismo_\z. MÁS\Cuando conviertes tu finca en una nación_ de Liberland a EnenKio.pdf
Fitznerald - Ley privada en la Isla Esmeralda.pdf,Published on Mises Institute (https://mises.org),Fitznerald,page1,   👀 TEMAS\ 🏰 HISTORIA\Ⓐ Ejemplos de Anarquismo_\z. MÁS\Emerald Isle\Fitznerald - Ley privada en la Isla Esmeralda.pdf
Fenicia_ ¿Una Experiencia Anarcocapitalista_.pdf,Fenicia_ ¿Una Experiencia Anarcocapitalista,Gebruiker,filename,   👀 TEMAS\ 🏰 HISTORIA\Ⓐ Ejemplos de Anarquismo_\z. MÁS\Fenicia_ ¿Una Experiencia Anarcocapitalista_.pdf
Grafton_ el experimento _anarco-capitalista_ en un pueblo de Estados Unidos que terminó en un gran fiasco - BBC News Mundo.pdf,Grafton: el experimento,,page1,   👀 TEMAS\ 🏰 HISTORIA\Ⓐ Ejemplos de Anarquismo_\z. MÁS\Grafton_ el experimento _anarco-capitalista_ en un pueblo de Estados Unidos que terminó en un gran fiasco - BBC News Mundo.pdf
21_2_7.pdf,lennartzbkrv.qxd,william,meta,   👀 TEMAS\ 🏰 HISTORIA\Ⓐ Ejemplos de Anarquismo_\z. MÁS\Somalia\21_2_7.pdf
Jose Luis Romero - La Edad Media.pdf,La Edad Media,Jose Luis Romero,filename,   👀 TEMAS\ 🏰 HISTORIA\⚔️ Edad Media\Jose Luis Romero - La Edad Media.pdf
Pernoud Régine -  Para acabar con la Edad Media.pdf,Para acabar con la Edad Media,Pernoud Régine,filename,   👀 TEMAS\ 🏰 HISTORIA\⚔️ Edad Media\Pernoud Régine -  Para acabar con la Edad Media.pdf
  Sandh - Estatrix_ Simulacra Dominatio Mechanica.pdf,Estatrix_ Simulacra Dominatio Mechanica,Sandh,filename,   👀 TEMAS\ 👥 SOCIEDAD\  Sandh - Estatrix_ Simulacra Dominatio Mechanica.pdf
"  Socorro, mi Hijo es Libertario (José Miguel Vicuña H.).pdf",UN LIBRO PARA PADRES QUE NO SABEN LO QUE ESTA PASANDO,José Miguel Vicuña H.,page1,"   👀 TEMAS\ 👥 SOCIEDAD\  Socorro, mi Hijo es Libertario (José Miguel Vicuña H.).pdf"
 Larken - La Superstición más Peligrosa.pdf,MAY · KIRTCHEV · BARLOW · NAKAMOTO RECOPILACIÓN POR SIMÓN OCAMPO,Larken,page1,   👀 TEMAS\ 👥 SOCIEDAD\ Larken - La Superstición más Peligrosa.pdf
 Las virtudes burguesas - Deirdre McClosekey.pdf,Las virtudes burguesas. Ética para la era del comercio,Deirdre N. McCloskey,meta,   👀 TEMAS\ 👥 SOCIEDAD\ Las virtudes burguesas - Deirdre McClosekey.pdf
 Norberg - Progreso.pdf,Progreso,Norberg,filename,   👀 TEMAS\ 👥 SOCIEDAD\ Norberg - Progreso.pdf
Benegas Lynch - Una Introducción al Lenguaje Posmoderno.pdf,UNA INTRODUCCIÓN AL,Ashkarcito,page1,   👀 TEMAS\ 👥 SOCIEDAD\ Progresismo\Benegas Lynch - Una Introducción al Lenguaje Posmoderno.pdf
Deist - Rothbard sobre el jingoísmo bélico progresista de hoy.pdf,Published on Mises Institute (https://mises.org),Deist,page1,   👀 TEMAS\ 👥 SOCIEDAD\ Progresismo\Deist - Rothbard sobre el jingoísmo bélico progresista de hoy.pdf
El Método Podemos Marketing marxista para partidos no marxistas.pdf,El Método Podemos: Marketing marxista para partidos no marxistas (Spanish Edition),David Álvaro García & Enrique A. Fonseca Porras,meta,   👀 TEMAS\ 👥 SOCIEDAD\ Progresismo\El Método Podemos Marketing marxista para partidos no marxistas.pdf
El patriarcado no existe más (Spanish Edition) by Roxana Kreimer (z-lib.org).epub.pdf,El patriarcado no existe más (Spanish Edition),Roxana Kreimer,meta,   👀 TEMAS\ 👥 SOCIEDAD\ Progresismo\El patriarcado no existe más (Spanish Edition) by Roxana Kreimer (z-lib.org).epub.pdf
Ensayos Críticos Sobre el Progresismo.pdf,Ensayos Críticos Sobre el Progresismo,,filename,   👀 TEMAS\ 👥 SOCIEDAD\ Progresismo\Ensayos Críticos Sobre el Progresismo.pdf
Mitos y realidades_ Feminismo.pdf,MITOS Y REALIDADES DEL FEMINISMO,Instituto Juan de Mariana,meta,   👀 TEMAS\ 👥 SOCIEDAD\ Progresismo\Feminismo\Mitos y realidades_ Feminismo.pdf
Generacion ofendida - Caroline Fourest.pdf,Generación ofendida,Caroline Fourest,meta,   👀 TEMAS\ 👥 SOCIEDAD\ Progresismo\Generacion ofendida - Caroline Fourest.pdf
Enforced Equality-Or Justice_.pdf,Enforced Equality-Or Justice?,,page1,   👀 TEMAS\ 👥 SOCIEDAD\ Progresismo\Justicia Social\En inglés\Enforced Equality-Or Justice_.pdf
SOCIALISM AND  ‘SOCIAL’ JUSTICE.pdf,Flew.WORD Revised,Scott Kjar,meta,   👀 TEMAS\ 👥 SOCIEDAD\ Progresismo\Justicia Social\En inglés\SOCIALISM AND  ‘SOCIAL’ JUSTICE.pdf
Guerreros de la justicia social No se trata solo de economía.pdf,Guerreros de la justicia social_ no se trata solo de economía,RibzeR,meta,   👀 TEMAS\ 👥 SOCIEDAD\ Progresismo\Justicia Social\Guerreros de la justicia social No se trata solo de economía.pdf
Justicia social y el surgimiento de la tiranía covid.pdf,Justicia social y el surgimiento de la tiranía covid,RibzeR,meta,   👀 TEMAS\ 👥 SOCIEDAD\ Progresismo\Justicia Social\Justicia social y el surgimiento de la tiranía covid.pdf
La justicia social no tiene nada que ver con la justicia real.pdf,La justicia social no tiene nada que ver con la justicia real,RibzeR,meta,   👀 TEMAS\ 👥 SOCIEDAD\ Progresismo\Justicia Social\La justicia social no tiene nada que ver con la justicia real.pdf
Los «virus mentales» creando guerreros de la justicia social.pdf,Los «virus mentales» creando guerreros de la justicia social,RibzeR,meta,   👀 TEMAS\ 👥 SOCIEDAD\ Progresismo\Justicia Social\Los «virus mentales» creando guerreros de la justicia social.pdf
Mises - Justicia social e intelectuales mediocres.pdf,Justicia social e intelectuales mediocres,RibzeR,meta,   👀 TEMAS\ 👥 SOCIEDAD\ Progresismo\Justicia Social\Mises - Justicia social e intelectuales mediocres.pdf
"Nemeth - Michael Bloomberg, el gentil enemigo de la libertad.pdf",Published on Mises Institute (https://mises.org),Nemeth,page1,"   👀 TEMAS\ 👥 SOCIEDAD\ Progresismo\Nemeth - Michael Bloomberg, el gentil enemigo de la libertad.pdf"
Nueva Izquierda versus libertarismo (Ernesto Soltero).pdf,e1330458379375.jpg)Cada mayo que se conmemora un  aniversario,Ernesto Soltero,page1,   👀 TEMAS\ 👥 SOCIEDAD\ Progresismo\Nueva Izquierda versus libertarismo (Ernesto Soltero).pdf
Salermo - Murray Rothbard versus los progresistas.pdf,Published on Mises Institute (https://mises.org),Salermo,page1,   👀 TEMAS\ 👥 SOCIEDAD\ Progresismo\Salermo - Murray Rothbard versus los progresistas.pdf
Salermo - Rothbard vs. la religión del progresismo.pdf,Published on Mises Institute (https://mises.org),Salermo,page1,   👀 TEMAS\ 👥 SOCIEDAD\ Progresismo\Salermo - Rothbard vs. la religión del progresismo.pdf
Stornaiolo - Sociedad civil y contrarrevolución contra el progresismo.pdf,Published on Mises Institute (https://mises.org),Stornaiolo,page1,   👀 TEMAS\ 👥 SOCIEDAD\ Progresismo\Stornaiolo - Sociedad civil y contrarrevolución contra el progresismo.pdf
 Schieck - La Envidia y la Sociedad.pdf,La Envidia y la Sociedad,Schieck,filename,   👀 TEMAS\ 👥 SOCIEDAD\ Schieck - La Envidia y la Sociedad.pdf
 Spencer - El Hombre Contra El Estado.pdf,El Hombre Contra El Estado,Spencer,filename,   👀 TEMAS\ 👥 SOCIEDAD\ Spencer - El Hombre Contra El Estado.pdf
Borders - La Singularidad Social Un Manifiesto Descentralista.pdf,SINGULARIDAD SOCIAL,Borders,page1,   👀 TEMAS\ 👥 SOCIEDAD\Borders - La Singularidad Social Un Manifiesto Descentralista.pdf
Briceño - Reflexiones sobre _La Anarquía Secreta de la Ciencia_.pdf,Reflexiones sobre _La Anarquía Secreta de la Ciencia,Briceño,filename,   👀 TEMAS\ 👥 SOCIEDAD\Briceño - Reflexiones sobre _La Anarquía Secreta de la Ciencia_.pdf
Capella - Memética.pdf,Memética,Capella,filename,   👀 TEMAS\ 👥 SOCIEDAD\Capella - Memética.pdf
Caplan - La lógica de la acción colectiva.pdf,La lógica de la acción colectiva — Bryan Caplan | by Libertad en Español | Medium,Caplan,meta,   👀 TEMAS\ 👥 SOCIEDAD\Caplan - La lógica de la acción colectiva.pdf
Hayek - Los Fundamentos de la Libertad.pdf,Los Fundamentos de la Libertad,Usuario,filename,   👀 TEMAS\ 👥 SOCIEDAD\Conservadurismo\Hayek - Los Fundamentos de la Libertad.pdf
Hoppe - La Incoherencia Intelectual del Conservadurismo.pdf,Published on Mises Institute (https://mises.org),Hoppe,page1,   👀 TEMAS\ 👥 SOCIEDAD\Conservadurismo\Hoppe - La Incoherencia Intelectual del Conservadurismo.pdf
Rockwell - Los neoconservadores.pdf,extracto de El libertarismo y la vieja derecha (https://mises.org/es/library/el-,Rockwell,page1,   👀 TEMAS\ 👥 SOCIEDAD\Conservadurismo\Rockwell - Los neoconservadores.pdf
Roger Scruton - Como ser conservador.pdf,Cómo ser conservador (Spanish Edition),Roger Scruton,meta,   👀 TEMAS\ 👥 SOCIEDAD\Conservadurismo\Roger Scruton - Como ser conservador.pdf
Rothbard - La traición económica del presidente.pdf,Published on Mises Institute (https://mises.org),Rothbard,page1,   👀 TEMAS\ 👥 SOCIEDAD\Conservadurismo\Rothbard - La traición económica del presidente.pdf
Rothbard - Los Mitos de la Reaganomía.pdf,Published on Mises Institute (https://mises.org),Rothbard,page1,   👀 TEMAS\ 👥 SOCIEDAD\Conservadurismo\Rothbard - Los Mitos de la Reaganomía.pdf
Rothbard - Socialismo Nixoniano.pdf,Published on Mises Institute (https://mises.org),Rothbard,page1,   👀 TEMAS\ 👥 SOCIEDAD\Conservadurismo\Rothbard - Socialismo Nixoniano.pdf
"Stornaiolo - Promoviendo los derechos naturales en lugar del conservadurismo, mirando a Rothbard y Jaffa.pdf",Published on Mises Institute (https://mises.org),Stornaiolo,page1,"   👀 TEMAS\ 👥 SOCIEDAD\Conservadurismo\Stornaiolo - Promoviendo los derechos naturales en lugar del conservadurismo, mirando a Rothbard y Jaffa.pdf"
Deist - Cuatro modos de construir una sociedad libre.pdf,Published on Mises Institute (https://mises.org),Deist,page1,   👀 TEMAS\ 👥 SOCIEDAD\Deist - Cuatro modos de construir una sociedad libre.pdf
Borders - After Collapse_ The End of America and the Rebirth of Her Ideals.pdf,After Collapse: The End of America and the Rebirth of Her Ideals,Max Borders,meta,   👀 TEMAS\ 👥 SOCIEDAD\Descentralización\Borders - After Collapse_ The End of America and the Rebirth of Her Ideals.pdf
"Borders - The Decentralist_ Mission, Morality, and Meaning in the Age of Crypto.pdf","The Decentralist: Mission, Morality, and Meaning in the Age of Crypto",Max Borders,meta,"   👀 TEMAS\ 👥 SOCIEDAD\Descentralización\Borders - The Decentralist_ Mission, Morality, and Meaning in the Age of Crypto.pdf"
Krause - Descentralización_ las limitaciones del paradigma predominante.pdf,Bibliografía,Eseade,meta,   👀 TEMAS\ 👥 SOCIEDAD\Descentralización\Krause - Descentralización_ las limitaciones del paradigma predominante.pdf
La Revolución Blockchain.pdf,La revolución blockchain,Don Tapscott,meta,   👀 TEMAS\ 👥 SOCIEDAD\Descentralización\La Revolución Blockchain.pdf
El Libertador N2.pdf,El Libertador Galopante Sept,Susi ka,meta,   👀 TEMAS\ 👥 SOCIEDAD\El Libertador N2.pdf
Hayek - Camino de Servidumbre.pdf,Camino de Servidumbre,Hayek,filename,   👀 TEMAS\ 👥 SOCIEDAD\Hayek - Camino de Servidumbre.pdf
Hitchens - Dios no es bueno.pdf,Dios no es bueno,Christopher Hitchens,meta,   👀 TEMAS\ 👥 SOCIEDAD\Hitchens - Dios no es bueno.pdf
J. García - El Rebaño_ Como Occidente a sucumbido a la tiranía idiológica.pdf,El rebao,Jano García,meta,   👀 TEMAS\ 👥 SOCIEDAD\J. García - El Rebaño_ Como Occidente a sucumbido a la tiranía idiológica.pdf
J. García - La Gran Manipulación.pdf,La gran manipulación,Jano García,meta,   👀 TEMAS\ 👥 SOCIEDAD\J. García - La Gran Manipulación.pdf
La cultura de la libertad El poder transformador del liberalismo (Carlos Rodríguez Braun) (Z-Library).pdf,LA CULTURA DE LA LIBERTAD,Z-Library,meta,   👀 TEMAS\ 👥 SOCIEDAD\La cultura de la libertad El poder transformador del liberalismo (Carlos Rodríguez Braun) (Z-Library).pdf
Menger - El Método de las Ciencias Sociales.pdf,investigaciones.pm6,Tomasa,meta,   👀 TEMAS\ 👥 SOCIEDAD\Menger - El Método de las Ciencias Sociales.pdf
"Montse - Hombre, Mercado y Sociedad Civil.pdf","Hombre, Mercado y Sociedad Civil",Montse,filename,"   👀 TEMAS\ 👥 SOCIEDAD\Montse - Hombre, Mercado y Sociedad Civil.pdf"
Bylund - La elección de la sociedad_ asistencia social general o igualdad.pdf,Published on Mises Institute (https://mises.org),Bylund,page1,   👀 TEMAS\ 👥 SOCIEDAD\Más\Bylund - La elección de la sociedad_ asistencia social general o igualdad.pdf
"Carl Menger , El Método de la Ciencias Sociales.pdf","Carl Menger, 2006, El Método de las Ciencias Sociales,",Ivarola,page1,"   👀 TEMAS\ 👥 SOCIEDAD\Más\Carl Menger , El Método de la Ciencias Sociales.pdf"
El Mito Del Hombre Nuevo - Dalmacio Negro.pdf,El mito del hombre nuevo,Jose Enrique Aguirre Crespo,meta,   👀 TEMAS\ 👥 SOCIEDAD\Más\El Mito Del Hombre Nuevo - Dalmacio Negro.pdf
Galles - Cómo ser un verdadero benefactor en la sociedad.pdf,Published on Mises Institute (https://mises.org),Galles,page1,   👀 TEMAS\ 👥 SOCIEDAD\Más\Galles - Cómo ser un verdadero benefactor en la sociedad.pdf
Galles - ¿Qué debe ser prohibido en una sociedad libre_.pdf,Published on Mises Institute (https://mises.org),Galles,page1,   👀 TEMAS\ 👥 SOCIEDAD\Más\Galles - ¿Qué debe ser prohibido en una sociedad libre_.pdf
Gordon - Rothbard sobre nuestra deuda con la sociedad.pdf,Published on Mises Institute (https://mises.org),Gordon,page1,   👀 TEMAS\ 👥 SOCIEDAD\Más\Gordon - Rothbard sobre nuestra deuda con la sociedad.pdf
Gross - El emprendimiento es la base de una sociedad productiva.pdf,Published on Mises Institute (https://mises.org),Gross,page1,   👀 TEMAS\ 👥 SOCIEDAD\Más\Gross - El emprendimiento es la base de una sociedad productiva.pdf
Hendrickson - Agradeciendo a los benefactores económicos de la sociedad.pdf,Published on Mises Institute (https://mises.org),Hendrickson,page1,   👀 TEMAS\ 👥 SOCIEDAD\Más\Hendrickson - Agradeciendo a los benefactores económicos de la sociedad.pdf
Hoppe - Estado o Sociedad de Ley Privada.pdf,Published on Mises Institute (https://mises.org),Hoppe,page1,   👀 TEMAS\ 👥 SOCIEDAD\Más\Hoppe - Estado o Sociedad de Ley Privada.pdf
Hoppe - Sobre el Origen de la Propiedad y la Familia.pdf,Hans‐Hermann Hoppe,Stephan,page1,   👀 TEMAS\ 👥 SOCIEDAD\Más\Hoppe - Sobre el Origen de la Propiedad y la Familia.pdf
Huerta - La Naturaleza del Comercio de Richard Cantillon.pdf,EL ESSAI SUR LA NATURE DU COMMERCE EN GÉNÉRAL DE RICARDO CANTILLON: NOTA BIBLIOGRÁFICA.,Mac Farmasierra,page1,   👀 TEMAS\ 👥 SOCIEDAD\Más\Huerta - La Naturaleza del Comercio de Richard Cantillon.pdf
Hülsman - Cómo funciona la sociedad_ La contribución de Platón.pdf,Published on Mises Institute (https://mises.org),Hülsman,page1,   👀 TEMAS\ 👥 SOCIEDAD\Más\Hülsman - Cómo funciona la sociedad_ La contribución de Platón.pdf
Hülsman - El legado cultural y espiritual de la inflación fiat.pdf,Published on Mises Institute (https://mises.org),Hülsman,page1,   👀 TEMAS\ 👥 SOCIEDAD\Más\Hülsman - El legado cultural y espiritual de la inflación fiat.pdf
J. Tucker - Sociedad en la cárcel.pdf,Published on Mises Institute (https://mises.org),J. Tucker,page1,   👀 TEMAS\ 👥 SOCIEDAD\Más\J. Tucker - Sociedad en la cárcel.pdf
La politización de la naturaleza humana.pdf,LA POLITIZACIÓN DE LA NATURALEZA HUMANA,,page1,   👀 TEMAS\ 👥 SOCIEDAD\Más\La politización de la naturaleza humana.pdf
"Lottieri - Descentralización, libertad y paz son los pilares de una sociedad libre.pdf",Published on Mises Institute (https://mises.org),Lottieri,page1,"   👀 TEMAS\ 👥 SOCIEDAD\Más\Lottieri - Descentralización, libertad y paz son los pilares de una sociedad libre.pdf"
Malešević - El Auge de la Brutalidad Organizada. Una Sociología. Histórica de la Violencia.pdf,SOCIOLOGÍA HISTÓRICA 10/2020: 544-551,elgam,page1,   👀 TEMAS\ 👥 SOCIEDAD\Más\Malešević - El Auge de la Brutalidad Organizada. Una Sociología. Histórica de la Violencia.pdf
Rothbard - Libertad y civilización.pdf,Published on Mises Institute (https://mises.org),Rothbard,page1,   👀 TEMAS\ 👥 SOCIEDAD\Más\Rothbard - Libertad y civilización.pdf
"Rothbard - Libertad, desigualdad, primitivismo y división del trabajo.pdf",Published on Mises Institute (https://mises.org),Rothbard,page1,"   👀 TEMAS\ 👥 SOCIEDAD\Más\Rothbard - Libertad, desigualdad, primitivismo y división del trabajo.pdf"
Salermo - Ludwig von Mises como racionalista social.pdf,Published on Mises Institute (https://mises.org),Salermo,page1,   👀 TEMAS\ 👥 SOCIEDAD\Más\Salermo - Ludwig von Mises como racionalista social.pdf
Sobre la servidumbre voluntaria Étienne de La Boétie.pdf,Sobre la servidumbre voluntaria - Étienne de La Boétie,Kolectivo Conciencia Libertaria,meta,   👀 TEMAS\ 👥 SOCIEDAD\Más\Sobre la servidumbre voluntaria Étienne de La Boétie.pdf
Resumen de La Maquina de Los Memes.pdf,La máquina de los memes,Alba Magariño Llavero,meta,   👀 TEMAS\ 👥 SOCIEDAD\Resumen de La Maquina de Los Memes.pdf
Rockwell - La esencia de la sociedad es la pacificación.pdf,Published on Mises Institute (https://mises.org),Rockwell,page1,   👀 TEMAS\ 👥 SOCIEDAD\Rockwell - La esencia de la sociedad es la pacificación.pdf
Rojas - Individuo y Sociedad.pdf,Individuo y sociedad.,Rojas,page1,   👀 TEMAS\ 👥 SOCIEDAD\Rojas - Individuo y Sociedad.pdf
Tucu - Cultura en Libertad.pdf,Cultura en Libertad,Tucu,filename,   👀 TEMAS\ 👥 SOCIEDAD\Tucu - Cultura en Libertad.pdf
 Desobediencia civil y no-violencia.pdf,Desobediencia civil,,page1,   👀 TEMAS\ 🗝️ ESTRATEGIA\ Desobediencia civil y no-violencia.pdf
 Freedom Engineered_ How Technology Can Build a Stateless Futurethinking.pdf,"Freedom Engineered: How Technology Can Build a Stateless Future (The AI Singularity Series: Rethinking Society, Business, and Governance)",Alessio Biancheri,meta,   👀 TEMAS\ 🗝️ ESTRATEGIA\ Freedom Engineered_ How Technology Can Build a Stateless Futurethinking.pdf
 Gebel - Ciudades Privadas Libres_ más competencia en el mayor mercado del mundo.pdf,Ciudades Privadas Libres: Más Competencia en el mayor Mercado del Mundo (Spanish Edition),Titus Gebel,meta,   👀 TEMAS\ 🗝️ ESTRATEGIA\ Gebel - Ciudades Privadas Libres_ más competencia en el mayor mercado del mundo.pdf
 Hülsmann - Secesión y Defensa.pdf,Secesión y Defensa,Hülsmann,filename,   👀 TEMAS\ 🗝️ ESTRATEGIA\ Hülsmann - Secesión y Defensa.pdf
 McElroy - Llegar hasta Allí desde Aquí.pdf,Sin título-4,RibzeR,meta,   👀 TEMAS\ 🗝️ ESTRATEGIA\ McElroy - Llegar hasta Allí desde Aquí.pdf
 Rojas - Resistencia no violenta A regímenes autoritarios de base.pdf,Resistencia no violenta: A regímenes autoritarios de base democrática (Monografías) (Spanish Edition),Ricardo Manuel Rojas,meta,   👀 TEMAS\ 🗝️ ESTRATEGIA\ Rojas - Resistencia no violenta A regímenes autoritarios de base.pdf
 Soluciones hermosas_ una caja de herramientas para la liberación.pdf,Beautiful Solutions: A Toolbox for Liberation,"Feghali, Eli",meta,   👀 TEMAS\ 🗝️ ESTRATEGIA\ Soluciones hermosas_ una caja de herramientas para la liberación.pdf
 Subversión de Sedición y  Sabotaje Manual de Campo No. 1.pdf,Página 1,,page1,   👀 TEMAS\ 🗝️ ESTRATEGIA\ Subversión de Sedición y  Sabotaje Manual de Campo No. 1.pdf
Cómo llegar allí desde aquí - David Friedman.pdf,CÓMO LLEGAR ALLÍ DESDE AQUÍ,tabito,page1,   👀 TEMAS\ 🗝️ ESTRATEGIA\+ Artículos\Cómo llegar allí desde aquí - David Friedman.pdf
Cómo puede lograrse una Sociedad Anarcocapitalista - Bill Orton.pdf,mira-películas se sorprende al saber que los índices de delincuencia,tabito,page1,   👀 TEMAS\ 🗝️ ESTRATEGIA\+ Artículos\Cómo puede lograrse una Sociedad Anarcocapitalista - Bill Orton.pdf
De Aquí Hasta Allí - Albert Esplugas.pdf,DE AQUÍ HASTA ALLÍ,tabito,page1,   👀 TEMAS\ 🗝️ ESTRATEGIA\+ Artículos\De Aquí Hasta Allí - Albert Esplugas.pdf
Es posible fugarse del Estado - Rocío del Carmen Salcido Serrano.PDF,"Redalyc.Reseña de ""The Art of Not Being Governed. An Anarchist History of Upland Southeast Asia"" de James C. Scott","Salcido Serrano, Rocío del Carmen",meta,   👀 TEMAS\ 🗝️ ESTRATEGIA\+ Artículos\Es posible fugarse del Estado - Rocío del Carmen Salcido Serrano.PDF
Foldvary - Towards consencual governance.pdf,Sin título-2,RibzeR,meta,   👀 TEMAS\ 🗝️ ESTRATEGIA\+ Artículos\Foldvary - Towards consencual governance.pdf
Hoppe - 10 puntos de una estrategia libertaria.pdf,populism.jpg)Este es un extracto de una conferencia de Hans-Hermann,Hoppe,page1,   👀 TEMAS\ 🗝️ ESTRATEGIA\+ Artículos\Hoppe - 10 puntos de una estrategia libertaria.pdf
"J. Anthony - Si promovemos la libertad, será a nivel local.pdf",Published on Mises Institute (https://mises.org),J. Anthony,page1,"   👀 TEMAS\ 🗝️ ESTRATEGIA\+ Artículos\J. Anthony - Si promovemos la libertad, será a nivel local.pdf"
Lima - La estrategia localista y descentralizada de Hoppe está funcionando en Brasil.pdf,Published on Mises Institute (https://mises.org),Lima,page1,   👀 TEMAS\ 🗝️ ESTRATEGIA\+ Artículos\Lima - La estrategia localista y descentralizada de Hoppe está funcionando en Brasil.pdf
McMaken - Tanto teoría como práctica_ el plan de Rothbard para el activismo «laissez faire».pdf,Published on Mises Institute (https://mises.org),McMaken,page1,   👀 TEMAS\ 🗝️ ESTRATEGIA\+ Artículos\McMaken - Tanto teoría como práctica_ el plan de Rothbard para el activismo «laissez faire».pdf
Rachels - Cómo llegar al Orden Espontáneo.pdf,Sin título-1,RibzeR,meta,   👀 TEMAS\ 🗝️ ESTRATEGIA\+ Artículos\Rachels - Cómo llegar al Orden Espontáneo.pdf
Raphaël - Una creciente revolución libertaria en Brasil.pdf,Published on Mises Institute (https://mises.org),Raphaël,page1,   👀 TEMAS\ 🗝️ ESTRATEGIA\+ Artículos\Raphaël - Una creciente revolución libertaria en Brasil.pdf
"Ray - Una estrategia para promover el dinero sólido, descentralizar el Estado.pdf",Una estrategia para promover el dinero sólido: descentralizar el Estado | Mises Institute,Ray,meta,"   👀 TEMAS\ 🗝️ ESTRATEGIA\+ Artículos\Ray - Una estrategia para promover el dinero sólido, descentralizar el Estado.pdf"
Rothbard - Lo que los libertarios deberían aprender de los abolicionistas.pdf,Published on Mises Institute (https://mises.org),Rothbard,page1,   👀 TEMAS\ 🗝️ ESTRATEGIA\+ Artículos\Rothbard - Lo que los libertarios deberían aprender de los abolicionistas.pdf
Rothbard - ¿Qué hacer hasta que llegue la privatización_.pdf,Published on Mises Institute (https://mises.org),Rothbard,page1,   👀 TEMAS\ 🗝️ ESTRATEGIA\+ Artículos\Rothbard - ¿Qué hacer hasta que llegue la privatización_.pdf
Stornaiolo - Necesitamos un Che Guevara propio.pdf,Published on Mises Institute (https://mises.org),Stornaiolo,page1,   👀 TEMAS\ 🗝️ ESTRATEGIA\+ Artículos\Stornaiolo - Necesitamos un Che Guevara propio.pdf
Táborszki - La descentralización como puente hacia una sociedad más libertaria.pdf,Published on Mises Institute (https://mises.org),Táborszki,page1,   👀 TEMAS\ 🗝️ ESTRATEGIA\+ Artículos\Táborszki - La descentralización como puente hacia una sociedad más libertaria.pdf
Una estrategia optimista para la libertad.pdf,Una estrategia optimista para la libertad | Mises Institute,,meta,   👀 TEMAS\ 🗝️ ESTRATEGIA\+ Artículos\Una estrategia optimista para la libertad.pdf
Una estrategia para restaurar la educación liberal.pdf,Una estrategia para restaurar la educación liberal | Mises Institute,,meta,   👀 TEMAS\ 🗝️ ESTRATEGIA\+ Artículos\Una estrategia para restaurar la educación liberal.pdf
Ayau - Memorias y mis Comentarios sobre la Fundación de la Universidad Fernando Marroquín y sus Antecedentes.pdf,Memorias y mis Comentarios sobre la Fundación de la Universidad Fernando Marroquín y sus Antecedentes,Ayau,filename,   👀 TEMAS\ 🗝️ ESTRATEGIA\Ayau - Memorias y mis Comentarios sobre la Fundación de la Universidad Fernando Marroquín y sus Antecedentes.pdf
Benson - Del Derecho Autoritario al Derecho Privado.pdf,Sin título-1,RibzeR,meta,   👀 TEMAS\ 🗝️ ESTRATEGIA\Benson - Del Derecho Autoritario al Derecho Privado.pdf
Block - Proceso de Privatización de Carreteras y Autopistas.pdf,Sin título-1,RibzeR,meta,   👀 TEMAS\ 🗝️ ESTRATEGIA\Block - Proceso de Privatización de Carreteras y Autopistas.pdf
Brackins - Transition to a Private Law Society.pdf,Sin título-1,RibzeR,meta,   👀 TEMAS\ 🗝️ ESTRATEGIA\Brackins - Transition to a Private Law Society.pdf
Briceño - Anarco-Jamonistas al Servicio del Estado.pdf,Anarco-Jamonistas al Servicio del Estado,Briceño,filename,   👀 TEMAS\ 🗝️ ESTRATEGIA\Briceño - Anarco-Jamonistas al Servicio del Estado.pdf
Cabrera - Prospectiva.pdf,Sin título-6,RibzeR,meta,   👀 TEMAS\ 🗝️ ESTRATEGIA\Cabrera - Prospectiva.pdf
Casasola - Fuera del Sistema.pdf,Fuera del Sistema (Spanish Edition),Isaac Alvarez Casasola,meta,   👀 TEMAS\ 🗝️ ESTRATEGIA\Casasola - Fuera del Sistema.pdf
Casey - Deslegitimación del Estado.pdf,Sin título-3,RibzeR,meta,   👀 TEMAS\ 🗝️ ESTRATEGIA\Casey - Deslegitimación del Estado.pdf
"Coding Democracy How Hackers Are Disrupting Power, Surveillance, and Authoritarianism (The MIT Press) (Maureen Webb, Cory Doctorow).pdf",Coding Democracy,"Webb, Maureen; Doctorow, Cory;",meta,"   👀 TEMAS\ 🗝️ ESTRATEGIA\Coding Democracy How Hackers Are Disrupting Power, Surveillance, and Authoritarianism (The MIT Press) (Maureen Webb, Cory Doctorow).pdf"
Come and Take It The Gun Printer’s Guide to Thinking Free (Cody Wilson).pdf,Come and Take It,Cody Wilson,meta,   👀 TEMAS\ 🗝️ ESTRATEGIA\Come and Take It The Gun Printer’s Guide to Thinking Free (Cody Wilson).pdf
Come and Take It_ The Gun Printer_s Guide to Thinking Free - Wikipedia.pdf,Come and Take It: The Gun Printer's Guide to Thinking Free - Wikipedia,,meta,   👀 TEMAS\ 🗝️ ESTRATEGIA\Come and Take It_ The Gun Printer_s Guide to Thinking Free - Wikipedia.pdf
Cómo Llegamos Ahí - Morris y Linda Tannehill.pdf,¿CÓMO LLEGAMOS AHÍ?,tabito,page1,   👀 TEMAS\ 🗝️ ESTRATEGIA\Cómo Llegamos Ahí - Morris y Linda Tannehill.pdf
Deist - Strategy.pdf,Sin título-5,RibzeR,meta,   👀 TEMAS\ 🗝️ ESTRATEGIA\Deist - Strategy.pdf
Entendiendo el Criptoanarquismo.pdf,E N T E N D I E N D O E L CRIPTOANARQUISMO,,page1,   👀 TEMAS\ 🗝️ ESTRATEGIA\Entendiendo el Criptoanarquismo.pdf
Falkvinge - Swarmwise.pdf,Swarmwise,Rick Falkvinge,meta,   👀 TEMAS\ 🗝️ ESTRATEGIA\Falkvinge - Swarmwise.pdf
Giacomini - Hacia una Sociedad Libre.pdf,HACIA UNA SOCIEDAD LIBRE,tabito,page1,   👀 TEMAS\ 🗝️ ESTRATEGIA\Giacomini - Hacia una Sociedad Libre.pdf
Giacomini - Secesión_ desarmando al Estado.pdf,Sin título-2,RibzeR,meta,   👀 TEMAS\ 🗝️ ESTRATEGIA\Giacomini - Secesión_ desarmando al Estado.pdf
Hacia una Nueva Libertad - Karsten y Beckman.pdf,Sin título-1,RibzeR,meta,   👀 TEMAS\ 🗝️ ESTRATEGIA\Hacia una Nueva Libertad - Karsten y Beckman.pdf
Hacia una Teoría de la Estrategia a favor de la Libertad - Rothbard.pdf,Ha habido hasta ahora algunos escasos intentos por elaborar una teo-,tabito,page1,   👀 TEMAS\ 🗝️ ESTRATEGIA\Hacia una Teoría de la Estrategia a favor de la Libertad - Rothbard.pdf
Hayek - Los Intelectuales y el Socialismo.pdf,Los Intelectuales y,Luis Silva-Ball,page1,   👀 TEMAS\ 🗝️ ESTRATEGIA\Hayek - Los Intelectuales y el Socialismo.pdf
Hazlitt - La Tarea que Confronta a los Libertarios.pdf,Published on Mises Institute (https://mises.org),Hazlitt,page1,   👀 TEMAS\ 🗝️ ESTRATEGIA\Hazlitt - La Tarea que Confronta a los Libertarios.pdf
Helvey - Sobre el Conflicto No-Violento Estrategico.pdf,ON_STRATEGIC_NON_VIOLENT_CONFLICT_-_SPANISH_TRANSLATION,Helvey,meta,   👀 TEMAS\ 🗝️ ESTRATEGIA\Helvey - Sobre el Conflicto No-Violento Estrategico.pdf
Hess - La Muerte de la Política.pdf,MAY · KIRTCHEV · BARLOW · NAKAMOTO RECOPILACIÓN POR SIMÓN OCAMPO,Hess,page1,   👀 TEMAS\ 🗝️ ESTRATEGIA\Hess - La Muerte de la Política.pdf
Hoppe - Lo que debe hacerse.pdf,Lo que debe hacerse,Joakam,page1,   👀 TEMAS\ 🗝️ ESTRATEGIA\Hoppe - Lo que debe hacerse.pdf
Huemer - De la Democracia a Anarquía.pdf,DE LA DEMOCRACIA A,tabito,page1,   👀 TEMAS\ 🗝️ ESTRATEGIA\Huemer - De la Democracia a Anarquía.pdf
Huemer - Elogio de la pasividad.pdf,Elogio de la pasividad — Michael Huemer | by Libertad en Español | Medium,Huemer,meta,   👀 TEMAS\ 🗝️ ESTRATEGIA\Huemer - Elogio de la pasividad.pdf
Jasay - Qué hacer.pdf,Sin título-2,RibzeR,meta,   👀 TEMAS\ 🗝️ ESTRATEGIA\Jasay - Qué hacer.pdf
Jeremy Locke - The End of All Evil.pdf,Never in all of history have the elements been arrayed against,Jeremy Locke,page1,   👀 TEMAS\ 🗝️ ESTRATEGIA\Jeremy Locke - The End of All Evil.pdf
Kokesh - The Future of Freedom.pdf,Sin título-1,RibzeR,meta,   👀 TEMAS\ 🗝️ ESTRATEGIA\Kokesh - The Future of Freedom.pdf
Kosanke - Escape from Utopia.pdf,Sin título-1,RibzeR,meta,   👀 TEMAS\ 🗝️ ESTRATEGIA\Kosanke - Escape from Utopia.pdf
La entrevista motivacional Ayudar a las personas a cambiar 3a ed - Miller y Rollnick.pdf,La entrevista motivacional 3ª edición: Ayudar a las personas a cambiar,William R. Miller & Stephen Rollnick,meta,   👀 TEMAS\ 🗝️ ESTRATEGIA\La entrevista motivacional Ayudar a las personas a cambiar 3a ed - Miller y Rollnick.pdf
La supresión de los poderes del Estado_Un proyecto libertario desde la Escuela Austriaca_(José María Pernas Alonso).pdf,La supresión de los poderes del Estado.,José María Pernas Alonso,page1,   👀 TEMAS\ 🗝️ ESTRATEGIA\La supresión de los poderes del Estado_Un proyecto libertario desde la Escuela Austriaca_(José María Pernas Alonso).pdf
Larken - La Vida Sin Superstición.pdf,Sin título-6,RibzeR,meta,   👀 TEMAS\ 🗝️ ESTRATEGIA\Larken - La Vida Sin Superstición.pdf
Marty - La Dictadura Intelectual Populista.pdf,La Dictadura Intelectual Populista,Marty,filename,   👀 TEMAS\ 🗝️ ESTRATEGIA\Marty - La Dictadura Intelectual Populista.pdf
Megaguía sobre el viajero perpetuo_ qué es la teoría de las banderas o cómo aprovecharte de las ventajas fiscales de cada país para ahorrar impuestos (100_ legal).pdf,Ahorrar impuestos_ qué es el viajero perpetuo y la teoría de las banderas,RibzeR,meta,   👀 TEMAS\ 🗝️ ESTRATEGIA\Megaguía sobre el viajero perpetuo_ qué es la teoría de las banderas o cómo aprovecharte de las ventajas fiscales de cada país para ahorrar impuestos (100_ legal).pdf
Molyneux - Retos Sociales del Anarquismo.pdf,Sin título-4,RibzeR,meta,   👀 TEMAS\ 🗝️ ESTRATEGIA\Molyneux - Retos Sociales del Anarquismo.pdf
Nielson - The Road To ANCAPISTAN.pdf,The Road To ANCAPISTAN,D.K.N. Nielson,meta,   👀 TEMAS\ 🗝️ ESTRATEGIA\Nielson - The Road To ANCAPISTAN.pdf
Orlanski - El Principio de No-Agresión no es Suficiente.pdf,MAY · KIRTCHEV · BARLOW · NAKAMOTO RECOPILACIÓN POR SIMÓN OCAMPO,Orlanski,page1,   👀 TEMAS\ 🗝️ ESTRATEGIA\Orlanski - El Principio de No-Agresión no es Suficiente.pdf
P. Friedman - Seasteading How Floating Nations Will Restore the Environm.pdf,"Seasteading: How Floating Nations Will Restore the Environment, Enrich the Poor, Cure the Sick, and Liberate Humanity from Politicians",Joe Quirk,meta,   👀 TEMAS\ 🗝️ ESTRATEGIA\P. Friedman - Seasteading How Floating Nations Will Restore the Environm.pdf
Rothbard - Konkin sobre la Estrategia Libertaria.pdf,KONKIN SOBRE LA ESTRATEGIA LIBERTARIA,Rothbard,page1,   👀 TEMAS\ 🗝️ ESTRATEGIA\Rothbard - Konkin sobre la Estrategia Libertaria.pdf
Rothbard - Populismo de derecha_ Una estrategia para el movimiento páleo.pdf,Populismo de derecha: Una estrategia para el movimiento páleo - Centro Mises (Mises Hispano) Centro Mises (Mises Hispano),Rothbard,meta,   👀 TEMAS\ 🗝️ ESTRATEGIA\Rothbard - Populismo de derecha_ Una estrategia para el movimiento páleo.pdf
Rothbard - Una Estrategia para la Libertad.pdf,Sin título-1,RibzeR,meta,   👀 TEMAS\ 🗝️ ESTRATEGIA\Rothbard - Una Estrategia para la Libertad.pdf
Stallman - Software libre para una sociedad libre.pdf,Software libre para una,Stallman,page1,   👀 TEMAS\ 🗝️ ESTRATEGIA\Stallman - Software libre para una sociedad libre.pdf
Tobat - De la Servidumbre a la Emancipación.pdf,Sin título-2,RibzeR,meta,   👀 TEMAS\ 🗝️ ESTRATEGIA\Tobat - De la Servidumbre a la Emancipación.pdf
Tobat - Disrupción.pdf,Sin título-3,RibzeR,meta,   👀 TEMAS\ 🗝️ ESTRATEGIA\Tobat - Disrupción.pdf
Rothbard - Anatomia del Estado.pdf,Anatomia del Estado,Rothbard,filename,   👀 TEMAS\Rothbard - Anatomia del Estado.pdf
Alberto Benegas Lynch (h.) - La educación en una sociedad libre.pdf,ENSAYO LA EDUCACIÓN EN UNA SOCIEDAD LIBRE,Ashkarcito,page1,   👀 TEMAS\➕ TEMAS VARIOS\  🏫 Educación\Alberto Benegas Lynch (h.) - La educación en una sociedad libre.pdf
Auberon - La educación pública_ ¿ayuda u obstáculo_.pdf,La educación pública: ¿ayuda u,Auberon,page1,   👀 TEMAS\➕ TEMAS VARIOS\  🏫 Educación\Artículos\Auberon - La educación pública_ ¿ayuda u obstáculo_.pdf
Cómo los distritos escolares anteponen la política a los niños.pdf,Cómo los distritos escolares anteponen la política a los niños,RibzeR,meta,   👀 TEMAS\➕ TEMAS VARIOS\  🏫 Educación\Artículos\Cómo los distritos escolares anteponen la política a los niños.pdf
El Arte de educar en la periferias de la existencia. Entrevista a James Tooley.pdf,Comentario 2.1.9.17. Entrevista a James Tooley. Mario Silar,,meta,   👀 TEMAS\➕ TEMAS VARIOS\  🏫 Educación\Artículos\El Arte de educar en la periferias de la existencia. Entrevista a James Tooley.pdf
El caso infundado de la educación estatal - E. G. West.pdf,Revista Libertas 27 (Octubre 1997),vaflo,page1,   👀 TEMAS\➕ TEMAS VARIOS\  🏫 Educación\Artículos\El caso infundado de la educación estatal - E. G. West.pdf
Fedako - La libertad de rechazar «lo mejor».pdf,Published on Mises Institute (https://mises.org),Fedako,page1,   👀 TEMAS\➕ TEMAS VARIOS\  🏫 Educación\Artículos\Fedako - La libertad de rechazar «lo mejor».pdf
LA EDUCACIÓN ESTATAL.pdf,LAEDUCACIÓNESTATAL:¿AYUDA U OBSTÁCULO,TSS,meta,   👀 TEMAS\➕ TEMAS VARIOS\  🏫 Educación\Artículos\LA EDUCACIÓN ESTATAL.pdf
La educación privada es beneficiosa para los pobres.pdf,Resumen ejecutivo,,page1,   👀 TEMAS\➕ TEMAS VARIOS\  🏫 Educación\Artículos\La educación privada es beneficiosa para los pobres.pdf
Lozano - Construyendo una Educación Libre a partir de los Principios teóricos de la Escuela Austriaca de Economía.PDF,Construyendo una Educación Libre,Lozano,page1,   👀 TEMAS\➕ TEMAS VARIOS\  🏫 Educación\Artículos\Lozano - Construyendo una Educación Libre a partir de los Principios teóricos de la Escuela Austriaca de Economía.PDF
Reseña de La Educación y El estado de E.G. West - Óscar Timón.pdf,RESEÑA DE LA EDUCACIÓN Y EL ESTADO,,page1,   👀 TEMAS\➕ TEMAS VARIOS\  🏫 Educación\Artículos\Reseña de La Educación y El estado de E.G. West - Óscar Timón.pdf
Resumen Educacion Libre y Obligatoria de Rothbard.pdf,Autor: Lucas Felipe Timoteo,,page1,   👀 TEMAS\➕ TEMAS VARIOS\  🏫 Educación\Artículos\Resumen Educacion Libre y Obligatoria de Rothbard.pdf
Rothbard - Educación obligatoria vs. libre.pdf,Published on Mises Institute (https://mises.org),Rothbard,page1,   👀 TEMAS\➕ TEMAS VARIOS\  🏫 Educación\Artículos\Rothbard - Educación obligatoria vs. libre.pdf
Una crítica radical a las universidades estadounidenses - David Friedman.pdf,UNA CRÍTICA RADICAL A LAS UNIVERSIDADES ESTADOUNIDENSES,tabito,page1,   👀 TEMAS\➕ TEMAS VARIOS\  🏫 Educación\Artículos\Una crítica radical a las universidades estadounidenses - David Friedman.pdf
Vende los colegios - David Friedman.pdf,VENDE LOS COLEGIOS,tabito,page1,   👀 TEMAS\➕ TEMAS VARIOS\  🏫 Educación\Artículos\Vende los colegios - David Friedman.pdf
Block & Arrows - Two different Worldviews in Higher Education.pdf,Differing Worldviews in Higher Education,"Four Arrows, Walter Block",meta,   👀 TEMAS\➕ TEMAS VARIOS\  🏫 Educación\Block & Arrows - Two different Worldviews in Higher Education.pdf
Currie-Knight - Education in the Marketplace An Intellectual History of Pro-Market Libertarian.pdf,Education in the,0002624,page1,   👀 TEMAS\➕ TEMAS VARIOS\  🏫 Educación\Currie-Knight - Education in the Marketplace An Intellectual History of Pro-Market Libertarian.pdf
EDUCACIÓN LIBRE Y OBLIGATORIA - MURRAY ROTHBARD Capítulo 1 La educación del Individuo (Gabriel Luis Oxsa Quispe).pdf,EDUCACIÓN: LIBRE Y OBLIGATORIA MURRAY ROTHBARD,Gabriel Luis Oxsa Quispe,page1,   👀 TEMAS\➕ TEMAS VARIOS\  🏫 Educación\EDUCACIÓN LIBRE Y OBLIGATORIA - MURRAY ROTHBARD Capítulo 1 La educación del Individuo (Gabriel Luis Oxsa Quispe).pdf
"Gatto - Educating Your Child In Modern Times Raising An Intelligent, Sovereign, Ethical Human Being.pdf","Educating Your Child In Modern Times Raising An Intelligent, Sovereign, Ethical Human Being",Gatto,filename,"   👀 TEMAS\➕ TEMAS VARIOS\  🏫 Educación\Gatto - Educating Your Child In Modern Times Raising An Intelligent, Sovereign, Ethical Human Being.pdf"
Gatto - Underground history of american education.pdf,The UNDERGROUND HISTORY,Gatto,page1,   👀 TEMAS\➕ TEMAS VARIOS\  🏫 Educación\Gatto - Underground history of american education.pdf
Giacomini - Educación Estatal_ el más aceitado mecanismo de dominación (1).pdf,Derecho Natural - Giaco,RibzeR,meta,   👀 TEMAS\➕ TEMAS VARIOS\  🏫 Educación\Giacomini - Educación Estatal_ el más aceitado mecanismo de dominación (1).pdf
El Arte de Educar en Familia.pdf,El arte de educar en familia (Materiales para educadores) (Spanish Edition),Sofía González López,meta,   👀 TEMAS\➕ TEMAS VARIOS\  🏫 Educación\Homeschooling\El Arte de Educar en Familia.pdf
El método Montessori en casa Perspectivas y prácticas para el Homeschooling (Jennifer Mellado).pdf,El método Montessori en casa Perspectivas y prácticas para el Homeschooling,Jennifer Mellado,filename,   👀 TEMAS\➕ TEMAS VARIOS\  🏫 Educación\Homeschooling\El método Montessori en casa Perspectivas y prácticas para el Homeschooling (Jennifer Mellado).pdf
Guía para Educar en El Hogar.pdf,Home Schooling,,page1,   👀 TEMAS\➕ TEMAS VARIOS\  🏫 Educación\Homeschooling\Guía para Educar en El Hogar.pdf
Homeschooling 101.pdf,Homeschooling 101,Mayte Perello,filename,   👀 TEMAS\➕ TEMAS VARIOS\  🏫 Educación\Homeschooling\Homeschooling 101.pdf
Jay Nock - The Theory of Education in the United States The Page-Barbour.pdf,Theory of Education in the United States,Albert Jay Nock,meta,   👀 TEMAS\➕ TEMAS VARIOS\  🏫 Educación\Jay Nock - The Theory of Education in the United States The Page-Barbour.pdf
Lozano - Construyendo una Educación Libre a partir de los Principios teóricos de la Escuela Austriaca de Economía  Fernando Nogales Lozano.PDF,LA EDUCACIÓN DESDE LA PERSPECTIVA,Lozano,page1,   👀 TEMAS\➕ TEMAS VARIOS\  🏫 Educación\Lozano - Construyendo una Educación Libre a partir de los Principios teóricos de la Escuela Austriaca de Economía  Fernando Nogales Lozano.PDF
Lozano - La Educación de la Empresarialidad en las Familias Empresarias.pdf,La Educación de la Empresarialidad en las Familias Empresarias,Lozano,filename,   👀 TEMAS\➕ TEMAS VARIOS\  🏫 Educación\Lozano - La Educación de la Empresarialidad en las Familias Empresarias.pdf
Lozano - La educación desde la perspectiva de la Escuela Austriaca de Economía.pdf,TESIS DOCTORAL FERNANDO NOGALES LOZANO 6 FEBRERO 2020,Lozano,meta,   👀 TEMAS\➕ TEMAS VARIOS\  🏫 Educación\Lozano - La educación desde la perspectiva de la Escuela Austriaca de Economía.pdf
Rothbard - Educación Libre y Obligatoria.pdf,Educación Libre y Obligatoria,Rothbard,filename,   👀 TEMAS\➕ TEMAS VARIOS\  🏫 Educación\Rothbard - Educación Libre y Obligatoria.pdf
The Case Against Government Schools.pdf,The Case Against Government Schools,,filename,   👀 TEMAS\➕ TEMAS VARIOS\  🏫 Educación\The Case Against Government Schools.pdf
Watner -  HOMESCHOOLING A Hope for America.pdf,A Hope for America,HS,page1,   👀 TEMAS\➕ TEMAS VARIOS\  🏫 Educación\Watner -  HOMESCHOOLING A Hope for America.pdf
 Ley policéntrica.pdf,Ley policéntrica,,page1,   👀 TEMAS\➕ TEMAS VARIOS\  👮🧑‍⚖️ Seguridad y Justicia\ Justicia\ Ley policéntrica.pdf
Agencia de arbitraje privado.pdf,Agencia de arbitraje privado,,page1,   👀 TEMAS\➕ TEMAS VARIOS\  👮🧑‍⚖️ Seguridad y Justicia\ Justicia\Agencia de arbitraje privado.pdf
Anarchy and the Law - Edited by Edward P. Stringham.pdf,Anarchy and the Law,Edward P. Stringham,meta,   👀 TEMAS\➕ TEMAS VARIOS\  👮🧑‍⚖️ Seguridad y Justicia\ Justicia\Anarchy and the Law - Edited by Edward P. Stringham.pdf
Deak - Cuarentena en una sociedad sin Estado.pdf,Published on Mises Institute (https://mises.org),Deak,page1,   👀 TEMAS\➕ TEMAS VARIOS\  👮🧑‍⚖️ Seguridad y Justicia\ Justicia\Artículos\Deak - Cuarentena en una sociedad sin Estado.pdf
"F. Guerra - Una sociedad de derecho privado, Anarquía.pdf",(http://www.mises.org.es/wp-content/uploads/2015/11/teoria-del-,F. Guerra,page1,"   👀 TEMAS\➕ TEMAS VARIOS\  👮🧑‍⚖️ Seguridad y Justicia\ Justicia\Artículos\F. Guerra - Una sociedad de derecho privado, Anarquía.pdf"
Gilmore - Derecho procesal anarquista.pdf,"Escrito por A. Chena (http://audax-egonon.blogspot.com/), prologado",Gilmore,page1,   👀 TEMAS\➕ TEMAS VARIOS\  👮🧑‍⚖️ Seguridad y Justicia\ Justicia\Artículos\Gilmore - Derecho procesal anarquista.pdf
Hans-Hermann Hoppe - La Idea de una Sociedad de Derecho Privado.pdf,Por Hans Hermann Hoppe,Nskinsella,page1,   👀 TEMAS\➕ TEMAS VARIOS\  👮🧑‍⚖️ Seguridad y Justicia\ Justicia\Artículos\Hans-Hermann Hoppe - La Idea de una Sociedad de Derecho Privado.pdf
Ley privada en la práctica_ resumen de Justicia sin Estado.pdf,funciones necesarias del gobierno corre el riesgo de ser calificado,,page1,   👀 TEMAS\➕ TEMAS VARIOS\  👮🧑‍⚖️ Seguridad y Justicia\ Justicia\Artículos\Ley privada en la práctica_ resumen de Justicia sin Estado.pdf
Murphy - La Posibilidad de una Ley Privada.pdf,Published on Mises Institute (https://mises.org),Murphy,page1,   👀 TEMAS\➕ TEMAS VARIOS\  👮🧑‍⚖️ Seguridad y Justicia\ Justicia\Artículos\Murphy - La Posibilidad de una Ley Privada.pdf
Pluralismo jurídico.pdf,Pluralismo jurídico,,page1,   👀 TEMAS\➕ TEMAS VARIOS\  👮🧑‍⚖️ Seguridad y Justicia\ Justicia\Artículos\Pluralismo jurídico.pdf
Reflexiones sobre el policentrismo jurídico.pdf,Reflexiones sobre el policentrismo jurídico,,page1,   👀 TEMAS\➕ TEMAS VARIOS\  👮🧑‍⚖️ Seguridad y Justicia\ Justicia\Artículos\Reflexiones sobre el policentrismo jurídico.pdf
Stornaiolo - Una historia de dos sistemas legales_ ley común y ley estatutaria.pdf,Published on Mises Institute (https://mises.org),Stornaiolo,page1,   👀 TEMAS\➕ TEMAS VARIOS\  👮🧑‍⚖️ Seguridad y Justicia\ Justicia\Artículos\Stornaiolo - Una historia de dos sistemas legales_ ley común y ley estatutaria.pdf
Bell - ¿Qué es la ley policéntrica_.pdf,¿Qué es la ley policéntrica? — Tom W. Bell | by Libertad en Español | Medium,Bell,meta,   👀 TEMAS\➕ TEMAS VARIOS\  👮🧑‍⚖️ Seguridad y Justicia\ Justicia\Bell - ¿Qué es la ley policéntrica_.pdf
Huemer - Justicia criminal y resolución de conflictos.pdf,JUSTICIA CRIMINAL Y RESOLUCIÓN DE,tabito,page1,   👀 TEMAS\➕ TEMAS VARIOS\  👮🧑‍⚖️ Seguridad y Justicia\ Justicia\Huemer - Justicia criminal y resolución de conflictos.pdf
Justicia sin Estado según Bruce Benson - Marina Dueñas.pdf,Facultad de Derecho,Marina Dueñas Pérez,page1,   👀 TEMAS\➕ TEMAS VARIOS\  👮🧑‍⚖️ Seguridad y Justicia\ Justicia\Justicia sin Estado según Bruce Benson - Marina Dueñas.pdf
Murphy - El Derecho Privado.pdf,E L D E R E C H O P R I V A D O,tabito,page1,   👀 TEMAS\➕ TEMAS VARIOS\  👮🧑‍⚖️ Seguridad y Justicia\ Justicia\Murphy - El Derecho Privado.pdf
Caplan - Anarquismo y justicia.pdf,Anarquismo y justicia — Bryan Caplan | by Libertad en Español | Medium,Caplan,meta,   👀 TEMAS\➕ TEMAS VARIOS\  👮🧑‍⚖️ Seguridad y Justicia\Caplan - Anarquismo y justicia.pdf
 Agencia de defensa privada.pdf,Agencia de defensa privada,,page1,   👀 TEMAS\➕ TEMAS VARIOS\  👮🧑‍⚖️ Seguridad y Justicia\Defensa y Seguridad\ Agencia de defensa privada.pdf
" El Mercado de la Defensa - Molinari, Cabrera, Hoppe, Hülsmann, Block y Bastos.pdf",MAY · KIRTCHEV · BARLOW · NAKAMOTO RECOPILACIÓN POR SIMÓN OCAMPO,El Mercado de la Defensa,page1,"   👀 TEMAS\➕ TEMAS VARIOS\  👮🧑‍⚖️ Seguridad y Justicia\Defensa y Seguridad\ El Mercado de la Defensa - Molinari, Cabrera, Hoppe, Hülsmann, Block y Bastos.pdf"
Adorney - Los voluntarios privados aparecen donde la policía está ausente.pdf,"americana.jpg)En Ferguson, Missouri, cuando la policía y la guardia",Adorney,page1,   👀 TEMAS\➕ TEMAS VARIOS\  👮🧑‍⚖️ Seguridad y Justicia\Defensa y Seguridad\Artículos\Adorney - Los voluntarios privados aparecen donde la policía está ausente.pdf
Al menos la policía privada tendría un incentivo para actuar.pdf,Published on Mises Institute (https://mises.org),,page1,   👀 TEMAS\➕ TEMAS VARIOS\  👮🧑‍⚖️ Seguridad y Justicia\Defensa y Seguridad\Artículos\Al menos la policía privada tendría un incentivo para actuar.pdf
Fegley - Entendiendo lo «privado» en «seguridad privada».pdf,Published on Mises Institute (https://mises.org),Fegley,page1,   👀 TEMAS\➕ TEMAS VARIOS\  👮🧑‍⚖️ Seguridad y Justicia\Defensa y Seguridad\Artículos\Fegley - Entendiendo lo «privado» en «seguridad privada».pdf
Fegley - La vigilancia privada no es una fantasía.pdf,Published on Mises Institute (https://mises.org),Fegley,page1,   👀 TEMAS\➕ TEMAS VARIOS\  👮🧑‍⚖️ Seguridad y Justicia\Defensa y Seguridad\Artículos\Fegley - La vigilancia privada no es una fantasía.pdf
Fegley - Las apps de seguridad privada podrían ser el futuro de la policía del vecindario.pdf,Published on Mises Institute (https://mises.org),Fegley,page1,   👀 TEMAS\➕ TEMAS VARIOS\  👮🧑‍⚖️ Seguridad y Justicia\Defensa y Seguridad\Artículos\Fegley - Las apps de seguridad privada podrían ser el futuro de la policía del vecindario.pdf
Fegley - Lo que la alcalde de Chicago se equivoca sobre la seguridad privada.pdf,Published on Mises Institute (https://mises.org),Fegley,page1,   👀 TEMAS\➕ TEMAS VARIOS\  👮🧑‍⚖️ Seguridad y Justicia\Defensa y Seguridad\Artículos\Fegley - Lo que la alcalde de Chicago se equivoca sobre la seguridad privada.pdf
Patrulla de Policía Especial de San Francisco_ Anarquismo y policía.pdf,"unos días, bueno, en verdad hace ya unas pocas semanas, Ed",,page1,   👀 TEMAS\➕ TEMAS VARIOS\  👮🧑‍⚖️ Seguridad y Justicia\Defensa y Seguridad\Artículos\Patrulla de Policía Especial de San Francisco_ Anarquismo y policía.pdf
Rothbard - Privatizar la policía.pdf,Published on Mises Institute (https://mises.org),Rothbard,page1,   👀 TEMAS\➕ TEMAS VARIOS\  👮🧑‍⚖️ Seguridad y Justicia\Defensa y Seguridad\Artículos\Rothbard - Privatizar la policía.pdf
Cabrera - La Desafiante idea de Molinari.pdf,LA DESAFIANTE IDEA DE MOLINARI: LA DEFENSA EN RÉGIMEN,Cabrera,page1,   👀 TEMAS\➕ TEMAS VARIOS\  👮🧑‍⚖️ Seguridad y Justicia\Defensa y Seguridad\Cabrera - La Desafiante idea de Molinari.pdf
"Defensa Nacional, el gran problema - David Friedman.pdf",DEFENSA NACIONAL: EL GRAN PROBLEMA,tabito,page1,"   👀 TEMAS\➕ TEMAS VARIOS\  👮🧑‍⚖️ Seguridad y Justicia\Defensa y Seguridad\Defensa Nacional, el gran problema - David Friedman.pdf"
Hoppe - Falacias de la Teoría de los Bienes.pdf,Falacias,Galilei,meta,   👀 TEMAS\➕ TEMAS VARIOS\  👮🧑‍⚖️ Seguridad y Justicia\Defensa y Seguridad\Hoppe - Falacias de la Teoría de los Bienes.pdf
Huemer - Guerra y defensa de la sociedad.pdf,GUERRA Y DEFENSA DE LA,tabito,page1,   👀 TEMAS\➕ TEMAS VARIOS\  👮🧑‍⚖️ Seguridad y Justicia\Defensa y Seguridad\Huemer - Guerra y defensa de la sociedad.pdf
Huemer - Seguridad personal en una sociadad sin estado.pdf,SEGURIDAD PERSONAL EN UNA,tabito,page1,   👀 TEMAS\➕ TEMAS VARIOS\  👮🧑‍⚖️ Seguridad y Justicia\Defensa y Seguridad\Huemer - Seguridad personal en una sociadad sin estado.pdf
La Protección de la Vida y la Propiedad - Morris y Linda Tannehill.pdf,LA PROTECCIÓN DE LA VIDA Y LA PROPIEDAD,tabito,page1,   👀 TEMAS\➕ TEMAS VARIOS\  👮🧑‍⚖️ Seguridad y Justicia\Defensa y Seguridad\La Protección de la Vida y la Propiedad - Morris y Linda Tannehill.pdf
Molinari - La Producción de Seguridad.pdf,MAY · KIRTCHEV · BARLOW · NAKAMOTO RECOPILACIÓN POR SIMÓN OCAMPO,Molinari,page1,   👀 TEMAS\➕ TEMAS VARIOS\  👮🧑‍⚖️ Seguridad y Justicia\Defensa y Seguridad\Molinari - La Producción de Seguridad.pdf
Murphy - La Defensa Privada.pdf,UN ENSAYO SOBRE ANARQUÍA DE MERCADO,tabito,page1,   👀 TEMAS\➕ TEMAS VARIOS\  👮🧑‍⚖️ Seguridad y Justicia\Defensa y Seguridad\Murphy - La Defensa Privada.pdf
"E. Gómez - Libertarismo, Justicia y Seguridad.pdf",MAY · KIRTCHEV · BARLOW · NAKAMOTO RECOPILACIÓN POR SIMÓN OCA,E. Gómez,page1,"   👀 TEMAS\➕ TEMAS VARIOS\  👮🧑‍⚖️ Seguridad y Justicia\E. Gómez - Libertarismo, Justicia y Seguridad.pdf"
Giacomini - Justicia y Seguridad en Libre Mercado.pdf,Justicia y Seguridad,tabito,page1,   👀 TEMAS\➕ TEMAS VARIOS\  👮🧑‍⚖️ Seguridad y Justicia\Giacomini - Justicia y Seguridad en Libre Mercado.pdf
Jasay - La aplicación privada de las normas públicas.pdf,La aplicación privada de las normas públicas — Anthony de Jasay | by Libertad en Español | Medium,Jasay,meta,   👀 TEMAS\➕ TEMAS VARIOS\  👮🧑‍⚖️ Seguridad y Justicia\Jasay - La aplicación privada de las normas públicas.pdf
Molyneux - La sociedad sin Estado. Sobre las agencias de protección jurídica.pdf,(http://www.mises.org.es/wp-content/uploads/2017/03/escudos-,Molyneux,page1,   👀 TEMAS\➕ TEMAS VARIOS\  👮🧑‍⚖️ Seguridad y Justicia\Molyneux - La sociedad sin Estado. Sobre las agencias de protección jurídica.pdf
"Policía, Tribunales y Leyes en el Mercado - David Friedman.pdf","POLICÍA, TRIBUNALES Y LEYES EN EL",tabito,page1,"   👀 TEMAS\➕ TEMAS VARIOS\  👮🧑‍⚖️ Seguridad y Justicia\Policía, Tribunales y Leyes en el Mercado - David Friedman.pdf"
Arma de Fuego. Balística.pdf,BALISTICA,Jesús,meta,   👀 TEMAS\➕ TEMAS VARIOS\  🔫 Armas\Arma de Fuego. Balística.pdf
Arma de fuego.pdf,"Arma de fuego - Wikipedia, la enciclopedia libre",,meta,   👀 TEMAS\➕ TEMAS VARIOS\  🔫 Armas\Arma de fuego.pdf
Arma.pdf,"Arma - Wikipedia, la enciclopedia libre",,meta,   👀 TEMAS\➕ TEMAS VARIOS\  🔫 Armas\Arma.pdf
Armas Curso - A.pdf,Sin título de diapositiva,Usuario Autorizado,meta,   👀 TEMAS\➕ TEMAS VARIOS\  🔫 Armas\Armas Curso - A.pdf
ARMAS DE FUEGO. NOCIONES BASICAS PARA POLICIA LOCAL..pdf,ARMAS DE FUEGO. NOCIONES BASICAS PARA POLICIA LOCAL.,AUTOR: ANGEL FERNANDEZ RODRIGUEZ.,meta,   👀 TEMAS\➕ TEMAS VARIOS\  🔫 Armas\ARMAS DE FUEGO. NOCIONES BASICAS PARA POLICIA LOCAL..pdf
Armas Largas de Fuego.pdf,Armas largas de fuego,Luffi,meta,   👀 TEMAS\➕ TEMAS VARIOS\  🔫 Armas\Armas Largas de Fuego.pdf
Armas.pdf,Nomenclatura y funcionamiento,Multivac,page1,   👀 TEMAS\➕ TEMAS VARIOS\  🔫 Armas\Armas.pdf
Armas_de_fuego_-_Parte_2_de_3.pdf,PowerPoint Presentation,Ariel Ricardo Elias,meta,   👀 TEMAS\➕ TEMAS VARIOS\  🔫 Armas\Armas_de_fuego_-_Parte_2_de_3.pdf
CALIBRES.pdf,CALIBRES,MENDEZ,filename,   👀 TEMAS\➕ TEMAS VARIOS\  🔫 Armas\CALIBRES.pdf
CIENCIAS FORENSES Y ARMAS DE FUEGO.pdf,ASOCIACION GALEGA DE MEDICOS FORENSES,macmini,page1,   👀 TEMAS\➕ TEMAS VARIOS\  🔫 Armas\CIENCIAS FORENSES Y ARMAS DE FUEGO.pdf
Derecho a poseer armas.pdf,"Derecho a poseer armas - Wikipedia, la enciclopedia libre",,meta,   👀 TEMAS\➕ TEMAS VARIOS\  🔫 Armas\Derecho a poseer armas.pdf
Fundamentos sobre armas de fuego y munición.pdf,SERIE DE MÓDULOS UNIVERSITARIOS FUNDAMENTOS SOBRE,,page1,   👀 TEMAS\➕ TEMAS VARIOS\  🔫 Armas\Fundamentos sobre armas de fuego y munición.pdf
Guia de Armas.pdf,Protocolo de Descripción de,,page1,   👀 TEMAS\➕ TEMAS VARIOS\  🔫 Armas\Guia de Armas.pdf
GUÍA-CONOCIMIENTOS-TEORÍCOS-BÁSICOS-PARA-INSCRIBIR-ARMAS-DE-FUEGO.pdf,GUÍA CONOCIMIENTOS TEORÍCOS BÁSICOS PARA,hflores,page1,   👀 TEMAS\➕ TEMAS VARIOS\  🔫 Armas\GUÍA-CONOCIMIENTOS-TEORÍCOS-BÁSICOS-PARA-INSCRIBIR-ARMAS-DE-FUEGO.pdf
Herida por arma de fuego.pdf,"Herida por arma de fuego - Wikipedia, la enciclopedia libre",,meta,   👀 TEMAS\➕ TEMAS VARIOS\  🔫 Armas\Herida por arma de fuego.pdf
Historia de las armas de fuego.pdf,"Historia de las armas de fuego - Wikipedia, la enciclopedia libre",,meta,   👀 TEMAS\➕ TEMAS VARIOS\  🔫 Armas\Historia de las armas de fuego.pdf
"Huemer - Derechos de armas e incumplimiento, dos problemas de la prohibición.pdf",Derechos de armas e incumplimiento: dos problemas de la prohibición — Michael Huemer | by Libertad en Español | Medium,Huemer,meta,"   👀 TEMAS\➕ TEMAS VARIOS\  🔫 Armas\Huemer - Derechos de armas e incumplimiento, dos problemas de la prohibición.pdf"
 Cody Wilson.pdf,Cody Wilson,,page1,   👀 TEMAS\➕ TEMAS VARIOS\  🔫 Armas\Impresión de Armas\ Cody Wilson.pdf
115-440-1-PB.pdf,Publicación Trimestral,,page1,   👀 TEMAS\➕ TEMAS VARIOS\  🔫 Armas\Impresión de Armas\115-440-1-PB.pdf
3D-PRINTED-FIREARMS-1.pdf,3D PRINTED FIREARMS:,,page1,   👀 TEMAS\➕ TEMAS VARIOS\  🔫 Armas\Impresión de Armas\3D-PRINTED-FIREARMS-1.pdf
Analisis-del-fenomeno-de-la-impresion-en-impresoras-3D-como-fuente-de-prueba-en-el-proceso-penal.pdf,ANÁLISIS DEL FENÓMENO DE LA IMPRESIÓN EN IMPRESORAS 3D COMO FUENTE DE PRUEBA EN EL PROCESO PENAL FRENTE A LA,Francisca Ignacia Sandoval Chouquer (f.sandoval.1),page1,   👀 TEMAS\➕ TEMAS VARIOS\  🔫 Armas\Impresión de Armas\Analisis-del-fenomeno-de-la-impresion-en-impresoras-3D-como-fuente-de-prueba-en-el-proceso-penal.pdf
Armas de fuego impresas en 3D.pdf,"Arma de fuego impresa en 3D - Wikipedia, la enciclopedia libre",,meta,   👀 TEMAS\➕ TEMAS VARIOS\  🔫 Armas\Impresión de Armas\Armas de fuego impresas en 3D.pdf
Armas_impresas_en_3D._Experiencia_internacional.pdf,| Asesoría Técnica Parlamentaria,"Jarufe, Juan Pablo",page1,   👀 TEMAS\➕ TEMAS VARIOS\  🔫 Armas\Impresión de Armas\Armas_impresas_en_3D._Experiencia_internacional.pdf
Defense Distributed (1).pdf,"Defense Distributed - Wikipedia, la enciclopedia libre",,meta,   👀 TEMAS\➕ TEMAS VARIOS\  🔫 Armas\Impresión de Armas\Defense Distributed (1).pdf
Deterrence Dispensed.pdf,Deterrence Dispensed - Wikipedia,,meta,   👀 TEMAS\➕ TEMAS VARIOS\  🔫 Armas\Impresión de Armas\Deterrence Dispensed.pdf
impresion-3d-herramienta-para-construir-o-arma-para-destruir.pdf,"Impresión 3D, ¿herramienta para construir o arma para destruir?",Valeria Lobos,meta,   👀 TEMAS\➕ TEMAS VARIOS\  🔫 Armas\Impresión de Armas\impresion-3d-herramienta-para-construir-o-arma-para-destruir.pdf
Impresión 3D.pdf,"Impresión 3D - Wikipedia, la enciclopedia libre",,meta,   👀 TEMAS\➕ TEMAS VARIOS\  🔫 Armas\Impresión de Armas\Impresión 3D.pdf
Impresora 3D.pdf,"Impresora 3D - Wikipedia, la enciclopedia libre",,meta,   👀 TEMAS\➕ TEMAS VARIOS\  🔫 Armas\Impresión de Armas\Impresora 3D.pdf
Liberator (pistola).pdf,"Liberator (pistola) - Wikipedia, la enciclopedia libre",pistola,meta,   👀 TEMAS\➕ TEMAS VARIOS\  🔫 Armas\Impresión de Armas\Liberator (pistola).pdf
List of 3D printed weapons and parts.pdf,List of 3D printed weapons and parts - Wikipedia,,meta,   👀 TEMAS\➕ TEMAS VARIOS\  🔫 Armas\Impresión de Armas\List of 3D printed weapons and parts.pdf
Security scenarios_ 3D printed firearms.pdf,"Samu Rautio1, Mika Broms2",,page1,   👀 TEMAS\➕ TEMAS VARIOS\  🔫 Armas\Impresión de Armas\Security scenarios_ 3D printed firearms.pdf
"Where Gutenberg Meets Guns_ The Liberator, 3D-_Printed Weapons, and the First Amendment.pdf","Where Gutenberg Meets Guns: The Liberator, 3D-Printed Weapons, and the First Amendment",Barton Lee,meta,"   👀 TEMAS\➕ TEMAS VARIOS\  🔫 Armas\Impresión de Armas\Where Gutenberg Meets Guns_ The Liberator, 3D-_Printed Weapons, and the First Amendment.pdf"
Libertarian Gun Control.pdf,Libertarian Gun Control,Ian Ayres and Fredrick E. Vars,meta,   👀 TEMAS\➕ TEMAS VARIOS\  🔫 Armas\Libertarian Gun Control.pdf
Manual de Identificación y Rastreo de Armas de Fuego.pdf,Manual de Identificación y Rastreo,Flavio,page1,   👀 TEMAS\➕ TEMAS VARIOS\  🔫 Armas\Manual de Identificación y Rastreo de Armas de Fuego.pdf
Manual de Supervivencia Urbana de Ferfal.pdf,Manual de Supervivencia Urbana de Ferfal,,filename,   👀 TEMAS\➕ TEMAS VARIOS\  🔫 Armas\Manual de Supervivencia Urbana de Ferfal.pdf
Sistemas de Disparo.pdf,GABINETE TÉCNICO,HP,meta,   👀 TEMAS\➕ TEMAS VARIOS\  🔫 Armas\Sistemas de Disparo.pdf
Block - Privatización de Carreteras y Autopistas.pdf,Privatización de Carreteras y Autopistas,Clarence S. Darrow,filename,   👀 TEMAS\➕ TEMAS VARIOS\  🛣️ Calles\Block - Privatización de Carreteras y Autopistas.pdf
Caplan - Una propuesta práctica para la privatización de las carreteras (y otros monopolios naturales).pdf,Una propuesta práctica para la privatización de las carreteras (y otros monopolios naturales) — Bryan Caplan | by Libertad en Español | Medium,y otros monopolios naturales,meta,   👀 TEMAS\➕ TEMAS VARIOS\  🛣️ Calles\Caplan - Una propuesta práctica para la privatización de las carreteras (y otros monopolios naturales).pdf
Cómo las calles propiedad del gobierno impiden la aplicación efectiva de la ley.pdf,Published on Mises Institute (https://mises.org),,page1,   👀 TEMAS\➕ TEMAS VARIOS\  🛣️ Calles\Cómo las calles propiedad del gobierno impiden la aplicación efectiva de la ley.pdf
Cómo las carreteras gubernamentales amplían el poder de la policía en los Estados Unidos.pdf,Cómo las carreteras gubernamentales amplían el poder de la policía en los Estados Unidos | Mises Institute,,meta,   👀 TEMAS\➕ TEMAS VARIOS\  🛣️ Calles\Cómo las carreteras gubernamentales amplían el poder de la policía en los Estados Unidos.pdf
El robo de carretera sigue siendo la ley del país.pdf,El robo de carretera sigue siendo la ley del país | Mises Institute,,meta,   👀 TEMAS\➕ TEMAS VARIOS\  🛣️ Calles\El robo de carretera sigue siendo la ley del país.pdf
El tráfico que soportamos es una triste señal de las carreteras públicas.pdf,El tráfico que soportamos es una triste señal de las carreteras públicas | Mises Institute,,meta,   👀 TEMAS\➕ TEMAS VARIOS\  🛣️ Calles\El tráfico que soportamos es una triste señal de las carreteras públicas.pdf
La administración de las carreteras por el Estado_ ¿hay una mejor manera_.pdf,La administración de las carreteras por el Estado: ¿hay una mejor manera? | Mises Institute,,meta,   👀 TEMAS\➕ TEMAS VARIOS\  🛣️ Calles\La administración de las carreteras por el Estado_ ¿hay una mejor manera_.pdf
La privatización de carreteras resuelve el problema de los cierres de carreteras.pdf,La privatización de carreteras resuelve el problema de los cierres de carreteras | Mises Institute,,meta,   👀 TEMAS\➕ TEMAS VARIOS\  🛣️ Calles\La privatización de carreteras resuelve el problema de los cierres de carreteras.pdf
Las consecuencias invisibles del Sistema de Autopistas Interestatales.pdf,Las consecuencias invisibles del Sistema de Autopistas Interestatales | Mises Institute,,meta,   👀 TEMAS\➕ TEMAS VARIOS\  🛣️ Calles\Las consecuencias invisibles del Sistema de Autopistas Interestatales.pdf
EL DEBATE SOBRE LA PRIVATIZACIÓN DE CARRETERAS.pdf,ADMINISTRACIÓN VERSUS PROPIEDAD: EL DEBATE SOBRE LA PRIVATIZACIÓN DE CARRETERAS*,,page1,   👀 TEMAS\➕ TEMAS VARIOS\  🛣️ Calles\Más\EL DEBATE SOBRE LA PRIVATIZACIÓN DE CARRETERAS.pdf
La financiación privada de carreteras.pdf,"See discussions, stats, and author profiles for this publication at: https://www.researchgate.net/publication/281818533",usuario,page1,   👀 TEMAS\➕ TEMAS VARIOS\  🛣️ Calles\Más\La financiación privada de carreteras.pdf
Participación privada en carreteras de peaje.pdf,FUNDACIÓN FONDO PARA LA INVESTIGACIÓN ECONÓMICA Y SOCIAL,mromero,page1,   👀 TEMAS\➕ TEMAS VARIOS\  🛣️ Calles\Más\Participación privada en carreteras de peaje.pdf
Privatización de las infraestructuras.pdf,Privatización de las infraestructuras,SANTIAGO GONZÁLEZ-VARAS IBÁÑEZ,meta,   👀 TEMAS\➕ TEMAS VARIOS\  🛣️ Calles\Más\Privatización de las infraestructuras.pdf
Urbanizaciones privadas en la periferia expandida.pdf,CAPÍTULO 5 - URBANIZACIONES PRIVADAS EN LA PERIFERIA EXPANDIDA,,page1,   👀 TEMAS\➕ TEMAS VARIOS\  🛣️ Calles\Más\Urbanizaciones privadas en la periferia expandida.pdf
Por qué las carreteras privadas tendrían menos embotellamientos (Gor Mkrtchian).pdf,content/uploads/2019/06/intersection.jpg)El hecho de que se,Gor Mkrtchian,page1,   👀 TEMAS\➕ TEMAS VARIOS\  🛣️ Calles\Por qué las carreteras privadas tendrían menos embotellamientos (Gor Mkrtchian).pdf
Por qué las carreteras privadas tendrían menos embotellamientos.pdf,Por qué las carreteras privadas tendrían menos embotellamientos | Mises Institute,,meta,   👀 TEMAS\➕ TEMAS VARIOS\  🛣️ Calles\Por qué las carreteras privadas tendrían menos embotellamientos.pdf
Privaticen las licencias de conducir.pdf,Privaticen las licencias de conducir | Mises Institute,,meta,   👀 TEMAS\➕ TEMAS VARIOS\  🛣️ Calles\Privaticen las licencias de conducir.pdf
"Sin gobierno, ¿quién echará a los conductores de las carreteras_.pdf","Sin gobierno, ¿quién echará a los conductores de las carreteras? | Mises Institute",,meta,"   👀 TEMAS\➕ TEMAS VARIOS\  🛣️ Calles\Sin gobierno, ¿quién echará a los conductores de las carreteras_.pdf"
Vende las Calles - David Friedman.pdf,VENDE LAS CALLES,tabito,page1,   👀 TEMAS\➕ TEMAS VARIOS\  🛣️ Calles\Vende las Calles - David Friedman.pdf
¿Necesitas más parqueo público_ ¡Privatízalo!.pdf,¿Necesitas más parqueo público? ¡Privatízalo! | Mises Institute,,meta,   👀 TEMAS\➕ TEMAS VARIOS\  🛣️ Calles\¿Necesitas más parqueo público_ ¡Privatízalo!.pdf
¿Quién construirá las carreteras_ Cualquiera que se beneficie de ellas.pdf,¿Quién construirá las carreteras? Cualquiera que se beneficie de ellas | Mises Institute,,meta,   👀 TEMAS\➕ TEMAS VARIOS\  🛣️ Calles\¿Quién construirá las carreteras_ Cualquiera que se beneficie de ellas.pdf
"¿Quién se hará cargo de las carreteras_ Por qué, el coercitivo, subestándar y monopólico departamento gubernamental, ese es quién.pdf","¿Quién se hará cargo de las carreteras? Por qué, el coercitivo, subestándar y monopólico departamento gubernamental, ese es quién | Mises Institute",,meta,"   👀 TEMAS\➕ TEMAS VARIOS\  🛣️ Calles\¿Quién se hará cargo de las carreteras_ Por qué, el coercitivo, subestándar y monopólico departamento gubernamental, ese es quién.pdf"
¿Son las carreteras realmente un monopolio natural_.pdf,¿Son las carreteras realmente un monopolio natural? | Mises Institute,,meta,   👀 TEMAS\➕ TEMAS VARIOS\  🛣️ Calles\¿Son las carreteras realmente un monopolio natural_.pdf
 Bastos - Sobre la Tecnología.pdf,Sobre la Tecnología,tabito,filename,   👀 TEMAS\➕ TEMAS VARIOS\ Bastos - Sobre la Tecnología.pdf
 Esplugas - La Comunicación en una Sociedad Libre.pdf,La Comunicación en una Sociedad Libre,Esplugas,filename,   👀 TEMAS\➕ TEMAS VARIOS\ Esplugas - La Comunicación en una Sociedad Libre.pdf
 Huemer - Defendiendo la Inmigración.pdf,Defendiendo la Inmigración,Huemer,filename,   👀 TEMAS\➕ TEMAS VARIOS\ Huemer - Defendiendo la Inmigración.pdf
 Murphy - La Teoria del Caos. Derecho y Defensa Privada.pdf,LA TEORÍA DEL,Murphy,page1,   👀 TEMAS\➕ TEMAS VARIOS\ Murphy - La Teoria del Caos. Derecho y Defensa Privada.pdf
Bishop - Una solución privada a la crisis de refugiados sirios.pdf,Published on Mises Institute (https://mises.org),Bishop,page1,   👀 TEMAS\➕ TEMAS VARIOS\ ✈️ Inmigración\Bishop - Una solución privada a la crisis de refugiados sirios.pdf
Block y Callahan - ¿Existe el derecho a la inmigración_ Una perspectiva libertaria.pdf,¿Existe el derecho a la inmigración? Una perspectiva libertaria — Walter Block y Gene Callahan | by Libertad en Español | Medium,Block y Callahan,meta,   👀 TEMAS\➕ TEMAS VARIOS\ ✈️ Inmigración\Block y Callahan - ¿Existe el derecho a la inmigración_ Una perspectiva libertaria.pdf
Bovard - Esos tiempos en los que los medios alababan las tácticas de inmigración propias de la Gestapo.pdf,Published on Mises Institute (https://mises.org),Bovard,page1,   👀 TEMAS\➕ TEMAS VARIOS\ ✈️ Inmigración\Bovard - Esos tiempos en los que los medios alababan las tácticas de inmigración propias de la Gestapo.pdf
Bylund - En defensa de la migración.pdf,Published on Mises Institute (https://mises.org),Bylund,page1,   👀 TEMAS\➕ TEMAS VARIOS\ ✈️ Inmigración\Bylund - En defensa de la migración.pdf
Bylund - La interrogante de la inmigración libertaria.pdf,Published on Mises Institute (https://mises.org),Bylund,page1,   👀 TEMAS\➕ TEMAS VARIOS\ ✈️ Inmigración\Bylund - La interrogante de la inmigración libertaria.pdf
Caplan - Las pandemias y las fronteras abiertas.pdf,Las pandemias y las fronteras abiertas — Bryan Caplan | by Libertad en Español | Medium,Caplan,meta,   👀 TEMAS\➕ TEMAS VARIOS\ ✈️ Inmigración\Caplan - Las pandemias y las fronteras abiertas.pdf
Caplan - Mises y las fronteras abiertas.pdf,Mises y las fronteras abiertas — Bryan Caplan | by Libertad en Español | Medium,Caplan,meta,   👀 TEMAS\➕ TEMAS VARIOS\ ✈️ Inmigración\Caplan - Mises y las fronteras abiertas.pdf
"D. Friedman - Fronteras abiertas, el argumento libertario.pdf",Fronteras abiertas: el argumento libertario — David Friedman | by Libertad en Español | Medium,D. Friedman,meta,"   👀 TEMAS\➕ TEMAS VARIOS\ ✈️ Inmigración\D. Friedman - Fronteras abiertas, el argumento libertario.pdf"
Deist - Mesa redonda sobre inmigración_ Hans-Hermann Hoppe.pdf,Published on Mises Institute (https://mises.org),Deist,page1,   👀 TEMAS\➕ TEMAS VARIOS\ ✈️ Inmigración\Deist - Mesa redonda sobre inmigración_ Hans-Hermann Hoppe.pdf
Deist - Mesa redonda sobre inmigración_ Ludwig von Mises.pdf,Published on Mises Institute (https://mises.org),Deist,page1,   👀 TEMAS\➕ TEMAS VARIOS\ ✈️ Inmigración\Deist - Mesa redonda sobre inmigración_ Ludwig von Mises.pdf
Deist - Mesa redonda sobre inmigración_ Murray Rothbard.pdf,Published on Mises Institute (https://mises.org),Deist,page1,   👀 TEMAS\➕ TEMAS VARIOS\ ✈️ Inmigración\Deist - Mesa redonda sobre inmigración_ Murray Rothbard.pdf
El Estado de Bienestar sueco conduce a una pobre asimilación de inmigrantes.pdf,Published on Mises Institute (https://mises.org),,page1,   👀 TEMAS\➕ TEMAS VARIOS\ ✈️ Inmigración\El Estado de Bienestar sueco conduce a una pobre asimilación de inmigrantes.pdf
Errores en el razonamiento de Hoppe sobre la inmigración.PDF,Errores en el razonamiento de Hoppe sobre la inmigración,ncach,filename,   👀 TEMAS\➕ TEMAS VARIOS\ ✈️ Inmigración\Errores en el razonamiento de Hoppe sobre la inmigración.PDF
"Huemer - El derecho a mudarse contra el derecho a excluir, una defensa de las fronteras abiertas basada en principio.pdf",El derecho a mudarse contra el derecho a excluir: una defensa de las fronteras abiertas basada en principios — Michael Huemer | by Libertad en Español | Medium,Huemer,meta,"   👀 TEMAS\➕ TEMAS VARIOS\ ✈️ Inmigración\Huemer - El derecho a mudarse contra el derecho a excluir, una defensa de las fronteras abiertas basada en principio.pdf"
Huerta - Una Teoría Libertaria de la Libre Inmigración.pdf,Published on Mises Institute (https://mises.org),Huerta,page1,   👀 TEMAS\➕ TEMAS VARIOS\ ✈️ Inmigración\Huerta - Una Teoría Libertaria de la Libre Inmigración.pdf
Libertarismo y libre inmigración (Martin Olveyra).pdf,llama poderosamente la atención que la gran mayoría de los,Martin Olveyra,page1,   👀 TEMAS\➕ TEMAS VARIOS\ ✈️ Inmigración\Libertarismo y libre inmigración (Martin Olveyra).pdf
McCaffrey - Mises sobre proteccionismo e inmigración.pdf,Published on Mises Institute (https://mises.org),McCaffrey,page1,   👀 TEMAS\➕ TEMAS VARIOS\ ✈️ Inmigración\McCaffrey - Mises sobre proteccionismo e inmigración.pdf
McMaken - Cómo Rusia utiliza la inmigración y la naturalización para aumentar el poder del Estado.pdf,Published on Mises Institute (https://mises.org),McMaken,page1,   👀 TEMAS\➕ TEMAS VARIOS\ ✈️ Inmigración\McMaken - Cómo Rusia utiliza la inmigración y la naturalización para aumentar el poder del Estado.pdf
McMaken - Cómo se utilizan las fronteras abiertas de estado a estado para ampliar el poder del gobierno.pdf,Published on Mises Institute (https://mises.org),McMaken,page1,   👀 TEMAS\➕ TEMAS VARIOS\ ✈️ Inmigración\McMaken - Cómo se utilizan las fronteras abiertas de estado a estado para ampliar el poder del gobierno.pdf
"McMaken - El libre comercio, no la ayuda externa, reducirá el incentivo para huir de Centroamérica.pdf",Published on Mises Institute (https://mises.org),McMaken,page1,"   👀 TEMAS\➕ TEMAS VARIOS\ ✈️ Inmigración\McMaken - El libre comercio, no la ayuda externa, reducirá el incentivo para huir de Centroamérica.pdf"
"McMaken - Inmigración, Darle al sector privado un papel más importante en la decisión de quién viene para acá.pdf",Published on Mises Institute (https://mises.org),McMaken,page1,"   👀 TEMAS\➕ TEMAS VARIOS\ ✈️ Inmigración\McMaken - Inmigración, Darle al sector privado un papel más importante en la decisión de quién viene para acá.pdf"
McMaken - La doble moral del Washington Post sobre la inmigración y las armas.pdf,Published on Mises Institute (https://mises.org),McMaken,page1,   👀 TEMAS\➕ TEMAS VARIOS\ ✈️ Inmigración\McMaken - La doble moral del Washington Post sobre la inmigración y las armas.pdf
McMaken - Lo que podemos aprender de las tribus indígenas sobre la inmigración.pdf,Published on Mises Institute (https://mises.org),McMaken,page1,   👀 TEMAS\➕ TEMAS VARIOS\ ✈️ Inmigración\McMaken - Lo que podemos aprender de las tribus indígenas sobre la inmigración.pdf
"McMaken - Redadas en el trabajo, Un gran problema por la aplicación de las leyes de inmigración.pdf",Published on Mises Institute (https://mises.org),McMaken,page1,"   👀 TEMAS\➕ TEMAS VARIOS\ ✈️ Inmigración\McMaken - Redadas en el trabajo, Un gran problema por la aplicación de las leyes de inmigración.pdf"
Mkrtchian - El problema con los «cálculos» agregados del valor de la inmigración.pdf,Published on Mises Institute (https://mises.org),Mkrtchian,page1,   👀 TEMAS\➕ TEMAS VARIOS\ ✈️ Inmigración\Mkrtchian - El problema con los «cálculos» agregados del valor de la inmigración.pdf
Rockwell - La tragedia de la aplicación de la ley de inmigración.pdf,Published on Mises Institute (https://mises.org),Rockwell,page1,   👀 TEMAS\➕ TEMAS VARIOS\ ✈️ Inmigración\Rockwell - La tragedia de la aplicación de la ley de inmigración.pdf
Rockwell - Las fronteras abiertas son un ataque a la propiedad privada.pdf,Published on Mises Institute (https://mises.org),Rockwell,page1,   👀 TEMAS\➕ TEMAS VARIOS\ ✈️ Inmigración\Rockwell - Las fronteras abiertas son un ataque a la propiedad privada.pdf
Rockwell - Mises sobre las fronteras abiertas.pdf,Published on Mises Institute (https://mises.org),Rockwell,page1,   👀 TEMAS\➕ TEMAS VARIOS\ ✈️ Inmigración\Rockwell - Mises sobre las fronteras abiertas.pdf
"Salermo - Mises, sobre el nacionalismo, el derecho de autodeterminación y el problema de la inmigración.pdf",Published on Mises Institute (https://mises.org),Salermo,page1,"   👀 TEMAS\➕ TEMAS VARIOS\ ✈️ Inmigración\Salermo - Mises, sobre el nacionalismo, el derecho de autodeterminación y el problema de la inmigración.pdf"
"Salermo - Nación, Migración y Comercio.pdf","NACIÓN, MIGRACIÓN Y COMERCIO",Mariano Bas,page1,"   👀 TEMAS\➕ TEMAS VARIOS\ ✈️ Inmigración\Salermo - Nación, Migración y Comercio.pdf"
Thornton - La guerra contra las drogas está empujando a más emigrantes hacia nuestras fronteras.pdf,Published on Mises Institute (https://mises.org),Thornton,page1,   👀 TEMAS\➕ TEMAS VARIOS\ ✈️ Inmigración\Thornton - La guerra contra las drogas está empujando a más emigrantes hacia nuestras fronteras.pdf
 F. Smith - Ecología de Mercado.pdf,Ecología de Mercado,F. Smith,filename,   👀 TEMAS\➕ TEMAS VARIOS\ 🌱 Medio Ambiente\ F. Smith - Ecología de Mercado.pdf
Ambientalismo de libre mercado.pdf,Ambientalismo de libre mercado,,page1,   👀 TEMAS\➕ TEMAS VARIOS\ 🌱 Medio Ambiente\Ambientalismo de libre mercado.pdf
Anderson & Leal - Enviro-Capitalists Doing Good While Doing Well.pdf,Enviro-Capitalists,Terry Lee Anderson & Donald Leal,meta,   👀 TEMAS\➕ TEMAS VARIOS\ 🌱 Medio Ambiente\Anderson & Leal - Enviro-Capitalists Doing Good While Doing Well.pdf
Anderson - Proceso de Mercado y Amenidades del Medio Ambiente.pdf,Proceso de Mercado y Amenidades del Medio Ambiente,Ashkarcito,filename,   👀 TEMAS\➕ TEMAS VARIOS\ 🌱 Medio Ambiente\Anderson - Proceso de Mercado y Amenidades del Medio Ambiente.pdf
Anderson - You Have to Admit It_s Getting Better_ From Economic Prosperity to Environmental Quality.pdf,You Have to Admit It_s Getting Better_ From Economic Prosperity to Environmental Quality,Anderson,filename,   👀 TEMAS\➕ TEMAS VARIOS\ 🌱 Medio Ambiente\Anderson - You Have to Admit It_s Getting Better_ From Economic Prosperity to Environmental Quality.pdf
Block - Problemas ambientales_ Soluciones de derecho privado.pdf,Published on Mises Institute (https://mises.org),Block,page1,   👀 TEMAS\➕ TEMAS VARIOS\ 🌱 Medio Ambiente\Artículos\Block - Problemas ambientales_ Soluciones de derecho privado.pdf
David Gordon - El plan de los socialistas para el «leninismo ecológico».pdf,El plan de los socialistas para el «leninismo ecológico»,David Gordon,page1,   👀 TEMAS\➕ TEMAS VARIOS\ 🌱 Medio Ambiente\Artículos\David Gordon - El plan de los socialistas para el «leninismo ecológico».pdf
"Ecología, Mitos y Fraudes (Eduardo Ferreyra).pdf",UN REALISMO VIRTUAL LLAMADO ECOLOGIA,Ferreyra,page1,"   👀 TEMAS\➕ TEMAS VARIOS\ 🌱 Medio Ambiente\Artículos\Ecología, Mitos y Fraudes (Eduardo Ferreyra).pdf"
La industrialización es el antídoto a la pobreza mundial. A los activistas del calentamiento global no les importa_.pdf,Published on Mises Institute (https://mises.org),,page1,   👀 TEMAS\➕ TEMAS VARIOS\ 🌱 Medio Ambiente\Artículos\La industrialización es el antídoto a la pobreza mundial. A los activistas del calentamiento global no les importa_.pdf
La política sobre el cambio climático no vale su alto costo.pdf,La política sobre el cambio climático no vale su alto costo,,page1,   👀 TEMAS\➕ TEMAS VARIOS\ 🌱 Medio Ambiente\Artículos\La política sobre el cambio climático no vale su alto costo.pdf
"Murphy - La energía eólica es un desastre en Texas, no importa lo que diga Paul Krugman.pdf",Published on Mises Institute (https://mises.org),Murphy,page1,"   👀 TEMAS\➕ TEMAS VARIOS\ 🌱 Medio Ambiente\Artículos\Murphy - La energía eólica es un desastre en Texas, no importa lo que diga Paul Krugman.pdf"
Block - Free Enterprise Environmentalism .pdf,Free Enterprise Environmentalism,Block,meta,   👀 TEMAS\➕ TEMAS VARIOS\ 🌱 Medio Ambiente\Block - Free Enterprise Environmentalism .pdf
Economics and the Environment_ A Reconciliation - Edited by Walter Block.pdf,Economics and the Environment: A Reconciliation,"Walter Block, The Fraser Institute",meta,   👀 TEMAS\➕ TEMAS VARIOS\ 🌱 Medio Ambiente\Economics and the Environment_ A Reconciliation - Edited by Walter Block.pdf
Anarcho-Naturism.pdf,Anarcho-Naturism - Polcompball Wiki,RibzeR,meta,   👀 TEMAS\➕ TEMAS VARIOS\ 🌱 Medio Ambiente\En inglés\Anarcho-Naturism.pdf
Eco-Anarchism.pdf,Eco-Anarchism - Polcompball Wiki,RibzeR,meta,   👀 TEMAS\➕ TEMAS VARIOS\ 🌱 Medio Ambiente\En inglés\Eco-Anarchism.pdf
Environmentalism.pdf,Environmentalism - Polcompball Wiki,RibzeR,meta,   👀 TEMAS\➕ TEMAS VARIOS\ 🌱 Medio Ambiente\En inglés\Environmentalism.pdf
Green Libertarianism(1).pdf,Green libertarianism,,page1,   👀 TEMAS\➕ TEMAS VARIOS\ 🌱 Medio Ambiente\En inglés\Green Libertarianism(1).pdf
Green Libertarianism.pdf,Green Libertarianism - Polcompball Wiki,RibzeR,meta,   👀 TEMAS\➕ TEMAS VARIOS\ 🌱 Medio Ambiente\En inglés\Green Libertarianism.pdf
Huerta - Ecologia de mercado.pdf,Suplemento al número 25 de la revista,Huerta,page1,   👀 TEMAS\➕ TEMAS VARIOS\ 🌱 Medio Ambiente\Huerta - Ecologia de mercado.pdf
Introduccion_a_la_economia_ambiental.pdf,D I E G O A Z Q U E T A,,page1,   👀 TEMAS\➕ TEMAS VARIOS\ 🌱 Medio Ambiente\Introduccion_a_la_economia_ambiental.pdf
Lafalce - Recursos Naturales y Función Empresarial.pdf,MAY · KIRTCHEV · BARLOW · NAKAMOTO RECOPILACIÓN POR SIMÓN OCAMPO,Usuario de Windows,page1,   👀 TEMAS\➕ TEMAS VARIOS\ 🌱 Medio Ambiente\Lafalce - Recursos Naturales y Función Empresarial.pdf
Reisman - Ambientalismo Fefutado.pdf,Published on Mises Institute (https://mises.org),Reisman,page1,   👀 TEMAS\➕ TEMAS VARIOS\ 🌱 Medio Ambiente\Reisman - Ambientalismo Fefutado.pdf
Agua a la venta - Fredrik Segerfeldt.pdf,C A T O I N S T I T U T E W W W. E L C A T O . O R G,Agua a la venta,page1,   👀 TEMAS\➕ TEMAS VARIOS\ 🌱 Medio Ambiente\Sub-Temas\Agua\Agua a la venta - Fredrik Segerfeldt.pdf
"Block y Lothian - Capitalismo del Agua_ El Caso para la Privatización de Océanos, Ríos y Lagos.pdf","Capitalismo del Agua: El Caso para la Privatización de Océanos, Ríos, Lagos y Acuíferos (Pensamiento Capitalista: Estudios en Filosofía, Política y Economía)",Walter E. Block & Peter L. Nelson,meta,"   👀 TEMAS\➕ TEMAS VARIOS\ 🌱 Medio Ambiente\Sub-Temas\Agua\Block y Lothian - Capitalismo del Agua_ El Caso para la Privatización de Océanos, Ríos y Lagos.pdf"
Defensa de la privatización de océanos y ríos.pdf,Defensa de la privatización de océanos y ríos | Mises Institute,,meta,   👀 TEMAS\➕ TEMAS VARIOS\ 🌱 Medio Ambiente\Sub-Temas\Agua\Defensa de la privatización de océanos y ríos.pdf
Ghersi - La Privatización del Mar.pdf,MAY · KIRTCHEV · BARLOW · NAKAMOTO RECOPILACIÓN POR SIMÓN OCA,Ghersi,page1,   👀 TEMAS\➕ TEMAS VARIOS\ 🌱 Medio Ambiente\Sub-Temas\Agua\Ghersi - La Privatización del Mar.pdf
Rothbard - La «escasez» de agua.pdf,Published on Mises Institute (https://mises.org),Rothbard,page1,   👀 TEMAS\➕ TEMAS VARIOS\ 🌱 Medio Ambiente\Sub-Temas\Agua\Rothbard - La «escasez» de agua.pdf
Rothbard - ¿Quién es dueño del agua_.pdf,Published on Mises Institute (https://mises.org),Rothbard,page1,   👀 TEMAS\➕ TEMAS VARIOS\ 🌱 Medio Ambiente\Sub-Temas\Agua\Rothbard - ¿Quién es dueño del agua_.pdf
Cambio climático_ la crítica clásica de Fred Singer.pdf,Cambio climático: la crítica clásica de Fred Singer,,page1,   👀 TEMAS\➕ TEMAS VARIOS\ 🌱 Medio Ambiente\Sub-Temas\Cambio Climático\Artículos\Cambio climático_ la crítica clásica de Fred Singer.pdf
"El activismo climático, capturado en un post de Instagram.pdf","El activismo climático, capturado en un post de Instagram",,page1,"   👀 TEMAS\➕ TEMAS VARIOS\ 🌱 Medio Ambiente\Sub-Temas\Cambio Climático\Artículos\El activismo climático, capturado en un post de Instagram.pdf"
Hülsman - Hacia una economía política del cambio climático.pdf,Published on Mises Institute (https://mises.org),Hülsman,page1,   👀 TEMAS\➕ TEMAS VARIOS\ 🌱 Medio Ambiente\Sub-Temas\Cambio Climático\Artículos\Hülsman - Hacia una economía política del cambio climático.pdf
Rothbard explica la respuesta apropiada al cambio climático.pdf,Published on Mises Institute (https://mises.org),,page1,   👀 TEMAS\➕ TEMAS VARIOS\ 🌱 Medio Ambiente\Sub-Temas\Cambio Climático\Artículos\Rothbard explica la respuesta apropiada al cambio climático.pdf
Peter Gelderloos  Una solucion anarquista al calentamiento global.pdf,peter-gelderloos-una-solucion-anarquista-al-calentamiento-global,,meta,   👀 TEMAS\➕ TEMAS VARIOS\ 🌱 Medio Ambiente\Sub-Temas\Cambio Climático\Peter Gelderloos  Una solucion anarquista al calentamiento global.pdf
A. Epstein - La Cuestion Moral de los Combustibles Fosiles.pdf,La cuestión moral de los combustibles fósiles,A. Epstein,meta,   👀 TEMAS\➕ TEMAS VARIOS\ 🌱 Medio Ambiente\Sub-Temas\Contaminación\A. Epstein - La Cuestion Moral de los Combustibles Fosiles.pdf
Block - Contaminación del Aire.pdf,medioambiental es la incapacidad del gobierno de proteger los,tabito,page1,   👀 TEMAS\➕ TEMAS VARIOS\ 🌱 Medio Ambiente\Sub-Temas\Contaminación\Block - Contaminación del Aire.pdf
Block - Ecologismo y Libertad Económica.pdf,MAY · KIRTCHEV · BARLOW · NAKAMOTO RECOPILACIÓN POR SIMÓN OCAMPO,Block,page1,   👀 TEMAS\➕ TEMAS VARIOS\ 🌱 Medio Ambiente\Sub-Temas\Contaminación\Block - Ecologismo y Libertad Económica.pdf
Block - Eliminación de Basuras.pdf,ELIMINACIÓN DE BASURAS,tabito,page1,   👀 TEMAS\➕ TEMAS VARIOS\ 🌱 Medio Ambiente\Sub-Temas\Contaminación\Block - Eliminación de Basuras.pdf
Contaminación - David Friedman.pdf,El problema de la contaminación existe porque,tabito,page1,   👀 TEMAS\➕ TEMAS VARIOS\ 🌱 Medio Ambiente\Sub-Temas\Contaminación\Contaminación - David Friedman.pdf
Contaminación del Aire - Walter Block.pdf,medioambiental es la incapacidad del gobierno de proteger los,tabito,page1,   👀 TEMAS\➕ TEMAS VARIOS\ 🌱 Medio Ambiente\Sub-Temas\Contaminación\Contaminación del Aire - Walter Block.pdf
Eliminación de Basuras - Walter Block.pdf,ELIMINACIÓN DE BASURAS,tabito,page1,   👀 TEMAS\➕ TEMAS VARIOS\ 🌱 Medio Ambiente\Sub-Temas\Contaminación\Eliminación de Basuras - Walter Block.pdf
Block - Narcotráfico y Drogadicción.pdf,Página 1,tabito,page1,   👀 TEMAS\➕ TEMAS VARIOS\ 💊 Dr0gas\Block - Narcotráfico y Drogadicción.pdf
Chasing the Scream The First and Last Days of the War on Drugs (Johann Hari) (Z-Library).pdf,Chasing the Scream: The First and Last Days of the War on Drugs,Z-Library,meta,   👀 TEMAS\➕ TEMAS VARIOS\ 💊 Dr0gas\Chasing the Scream The First and Last Days of the War on Drugs (Johann Hari) (Z-Library).pdf
Comienzos sobre el usos de Drogas.pdf,COMIENZOS SOBRE EL,,page1,   👀 TEMAS\➕ TEMAS VARIOS\ 💊 Dr0gas\Comienzos sobre el usos de Drogas.pdf
Dealing With Drugs - Edited by Ronald Hamowy.pdf,Dealing with Drugs,mario,page1,   👀 TEMAS\➕ TEMAS VARIOS\ 💊 Dr0gas\Dealing With Drugs - Edited by Ronald Hamowy.pdf
Las drogas de los orígenes a la prohibición - Antonio Escohotado.pdf,Las drogas de los orígenes a la prohibición - Antonio Escohotado,,filename,   👀 TEMAS\➕ TEMAS VARIOS\ 💊 Dr0gas\Las drogas de los orígenes a la prohibición - Antonio Escohotado.pdf
Stringham - No Booze_ You May Lose_ Why Drinkers Earn More Money Than Nondrinkers.pdf,September 2006,gummy,page1,   👀 TEMAS\➕ TEMAS VARIOS\ 💊 Dr0gas\Stringham - No Booze_ You May Lose_ Why Drinkers Earn More Money Than Nondrinkers.pdf
Bitcoin_ Un Sistema de Efectivo Electrónico  Usuario-a-Usuario.pdf,Bitcoin: Un Sistema de Efectivo Electrónico,,page1,   👀 TEMAS\➕ TEMAS VARIOS\ 🤖 Tecnología\Blockchain y Criptomonedas\Bitcoin_ Un Sistema de Efectivo Electrónico  Usuario-a-Usuario.pdf
Blaockchain_ La Revolución de Internet.pdf,Blockchain. La revolución industrial de internet,Alexander Preukschat,meta,   👀 TEMAS\➕ TEMAS VARIOS\ 🤖 Tecnología\Blockchain y Criptomonedas\Blockchain\Blaockchain_ La Revolución de Internet.pdf
El Libro de Satoshi.pdf,El Libro,,page1,   👀 TEMAS\➕ TEMAS VARIOS\ 🤖 Tecnología\Blockchain y Criptomonedas\Blockchain\El Libro de Satoshi.pdf
Pickering - La Blockchain es un objetivo tentador para los bancos centrales.pdf,Published on Mises Institute (https://mises.org),Pickering,page1,   👀 TEMAS\➕ TEMAS VARIOS\ 🤖 Tecnología\Blockchain y Criptomonedas\Blockchain\Pickering - La Blockchain es un objetivo tentador para los bancos centrales.pdf
Brown - «Criptomanía» y el poco sólido régimen monetario.pdf,Published on Mises Institute (https://mises.org),Brown,page1,   👀 TEMAS\➕ TEMAS VARIOS\ 🤖 Tecnología\Blockchain y Criptomonedas\Brown - «Criptomanía» y el poco sólido régimen monetario.pdf
Cartagena - ¿Puede la tecnología blockchain ayudar a acabar con la banca de reserva fraccionaria_.pdf,Published on Mises Institute (https://mises.org),Cartagena,page1,   👀 TEMAS\➕ TEMAS VARIOS\ 🤖 Tecnología\Blockchain y Criptomonedas\Cartagena - ¿Puede la tecnología blockchain ayudar a acabar con la banca de reserva fraccionaria_.pdf
Como crear una wallet de papel.pdf,FECHA: 07/05/2018,,page1,   👀 TEMAS\➕ TEMAS VARIOS\ 🤖 Tecnología\Blockchain y Criptomonedas\Como crear una wallet de papel.pdf
Criptomonedas para dummies.pdf,Criptomonedas para dummies,Victor Ronco Viladot & Carlos Vallejo González,meta,   👀 TEMAS\➕ TEMAS VARIOS\ 🤖 Tecnología\Blockchain y Criptomonedas\Criptomonedas para dummies.pdf
criptonimicon el codigo enigma.pdf,CRIPTONOMICÓN: El Código Enigma (Volumen I),Neal Stephenson,meta,   👀 TEMAS\➕ TEMAS VARIOS\ 🤖 Tecnología\Blockchain y Criptomonedas\criptonimicon el codigo enigma.pdf
Economía 3.0 Desde el trueque hasta las finamzas descentralizadas.pdf,LA ECONOMÍA DE LA WEB 3.0,,page1,   👀 TEMAS\➕ TEMAS VARIOS\ 🤖 Tecnología\Blockchain y Criptomonedas\Economía 3.0 Desde el trueque hasta las finamzas descentralizadas.pdf
El patron Bitcoin - Saifedean Ammous.pdf,El patrón Bitcoin,Saifedean Ammous,meta,   👀 TEMAS\➕ TEMAS VARIOS\ 🤖 Tecnología\Blockchain y Criptomonedas\El patron Bitcoin - Saifedean Ammous.pdf
"Entendiendo Bitcoin Una explicación sencilla sobre las bases de la criptomoneda  (Matias Depresbiteris [Depresbiteris, Matias]).pdf",Entendiendo Bitcoin: Una explicación sencilla sobre las bases de la criptomoneda (Spanish Edition),Matias Depresbiteris,meta,"   👀 TEMAS\➕ TEMAS VARIOS\ 🤖 Tecnología\Blockchain y Criptomonedas\Entendiendo Bitcoin Una explicación sencilla sobre las bases de la criptomoneda  (Matias Depresbiteris [Depresbiteris, Matias]).pdf"
Guía de privacidad de Bitcoin.pdf,楍牣獯景⁴潗摲ⴠ䜠썵憭搠⁥牰癩捡摩摡搠⁥楂捴楯⹮潤硣,Stella & Ariel,meta,   👀 TEMAS\➕ TEMAS VARIOS\ 🤖 Tecnología\Blockchain y Criptomonedas\Guía de privacidad de Bitcoin.pdf
Hansen - Reseña de El patrón Bitcoin_ La alternativa descentralizada a los bancos centrales.pdf,Published on Mises Institute (https://mises.org),Hansen,page1,   👀 TEMAS\➕ TEMAS VARIOS\ 🤖 Tecnología\Blockchain y Criptomonedas\Hansen - Reseña de El patrón Bitcoin_ La alternativa descentralizada a los bancos centrales.pdf
Herborn y Schnabl - ¿Puede el dólar sobrevivir tanto a las criptomonedas como a China_.pdf,Published on Mises Institute (https://mises.org),Herborn y Schnabl,page1,   👀 TEMAS\➕ TEMAS VARIOS\ 🤖 Tecnología\Blockchain y Criptomonedas\Herborn y Schnabl - ¿Puede el dólar sobrevivir tanto a las criptomonedas como a China_.pdf
Hügli - Las monedas digitales están cambiando el panorama monetario.pdf,Published on Mises Institute (https://mises.org),Hügli,page1,   👀 TEMAS\➕ TEMAS VARIOS\ 🤖 Tecnología\Blockchain y Criptomonedas\Hügli - Las monedas digitales están cambiando el panorama monetario.pdf
Hügli - ¿Pueden las criptomonedas revivir la banca suiza_.pdf,Published on Mises Institute (https://mises.org),Hügli,page1,   👀 TEMAS\➕ TEMAS VARIOS\ 🤖 Tecnología\Blockchain y Criptomonedas\Hügli - ¿Pueden las criptomonedas revivir la banca suiza_.pdf
Internet del Dinero (Andreas M. Antonopoulos).pdf,Internet del Dinero (The Internet of Money nº 1) (Spanish Edition),Andreas M. Antonopoulos,meta,   👀 TEMAS\➕ TEMAS VARIOS\ 🤖 Tecnología\Blockchain y Criptomonedas\Internet del Dinero (Andreas M. Antonopoulos).pdf
La nueva economía blockchain y criptomonedas en 100 preguntas (Ismael Santiago Moreno [Moreno etc.).pdf,La nueva economía blockchain y criptomonedas en 100 preguntas,Ismael Santiago Moreno,meta,   👀 TEMAS\➕ TEMAS VARIOS\ 🤖 Tecnología\Blockchain y Criptomonedas\La nueva economía blockchain y criptomonedas en 100 preguntas (Ismael Santiago Moreno [Moreno etc.).pdf
Livera - Lo que los «teóricos de la velocidad del token» de las criptomonedas pueden aprender de economía austriaca.pdf,Published on Mises Institute (https://mises.org),Livera,page1,   👀 TEMAS\➕ TEMAS VARIOS\ 🤖 Tecnología\Blockchain y Criptomonedas\Livera - Lo que los «teóricos de la velocidad del token» de las criptomonedas pueden aprender de economía austriaca.pdf
Los Sati para el 3er mundo.pdf,Los Sáti,,page1,   👀 TEMAS\➕ TEMAS VARIOS\ 🤖 Tecnología\Blockchain y Criptomonedas\Los Sati para el 3er mundo.pdf
Masterin Bitcoin.pdf,Elogios a 'Mastering Bitcoin',,page1,   👀 TEMAS\➕ TEMAS VARIOS\ 🤖 Tecnología\Blockchain y Criptomonedas\Masterin Bitcoin.pdf
Milano - De la ganadería al bitcoin_ «legitimidad» y la evolución del dinero.pdf,Published on Mises Institute (https://mises.org),Milano,page1,   👀 TEMAS\➕ TEMAS VARIOS\ 🤖 Tecnología\Blockchain y Criptomonedas\Milano - De la ganadería al bitcoin_ «legitimidad» y la evolución del dinero.pdf
Murphy - ¿El Bitcoin usa Mucha Electricidad_.pdf,Published on Mises Institute (https://mises.org),Murphy,page1,   👀 TEMAS\➕ TEMAS VARIOS\ 🤖 Tecnología\Blockchain y Criptomonedas\Murphy - ¿El Bitcoin usa Mucha Electricidad_.pdf
Skar - No confundas Bitcoin y Blockchain.pdf,Published on Mises Institute (https://mises.org),Skar,page1,   👀 TEMAS\➕ TEMAS VARIOS\ 🤖 Tecnología\Blockchain y Criptomonedas\Skar - No confundas Bitcoin y Blockchain.pdf
Spitznagel - Por qué las criptodivisas nunca serán refugios seguros.pdf,Published on Mises Institute (https://mises.org),Spitznagel,page1,   👀 TEMAS\➕ TEMAS VARIOS\ 🤖 Tecnología\Blockchain y Criptomonedas\Spitznagel - Por qué las criptodivisas nunca serán refugios seguros.pdf
Sridhar - Los reguladores cripto-despistados de la India.pdf,Published on Mises Institute (https://mises.org),Sridhar,page1,   👀 TEMAS\➕ TEMAS VARIOS\ 🤖 Tecnología\Blockchain y Criptomonedas\Sridhar - Los reguladores cripto-despistados de la India.pdf
Stevo - El gobierno quiere tus datos de criptomonedas. Y muchos de ellos.pdf,Published on Mises Institute (https://mises.org),Stevo,page1,   👀 TEMAS\➕ TEMAS VARIOS\ 🤖 Tecnología\Blockchain y Criptomonedas\Stevo - El gobierno quiere tus datos de criptomonedas. Y muchos de ellos.pdf
"Todo Sobre la Criptomoneda Cardano ADA ( Criptomonedas desde Cero, Blockchain, Bitcoin, Invertir en Criptomonedas, Ganar....pdf","Todo Sobre la Criptomoneda Cardano ADA: ( Criptomonedas desde Cero, Blockchain, Bitcoin, Invertir en Criptomonedas, Ganar Dinero en Internet, Comprar Bitcoin, ... Con Criptomonedas, fore (Spanish Edition)",Juan Guillermo Jiménez López & precio cardano,meta,"   👀 TEMAS\➕ TEMAS VARIOS\ 🤖 Tecnología\Blockchain y Criptomonedas\Todo Sobre la Criptomoneda Cardano ADA ( Criptomonedas desde Cero, Blockchain, Bitcoin, Invertir en Criptomonedas, Ganar....pdf"
‘HACKING THE STATE’.pdf,‘HACKING THE STATE’:,,page1,   👀 TEMAS\➕ TEMAS VARIOS\ 🤖 Tecnología\Blockchain y Criptomonedas\‘HACKING THE STATE’.pdf
El Horizonte Digital.pdf,Prólogo,Lucía Rodríguez Corral,meta,   👀 TEMAS\➕ TEMAS VARIOS\ 🤖 Tecnología\El Horizonte Digital.pdf
 Abundancia_ El futuro es mejor de lo que piensas (Peter Diamandis y Steven Kotler.pdf,Abundancia_ El futuro es mejor de lo que piensas (Peter Diamandis y Steven Kotler,,filename,   👀 TEMAS\➕ TEMAS VARIOS\ 🤖 Tecnología\Futurismo\ Abundancia_ El futuro es mejor de lo que piensas (Peter Diamandis y Steven Kotler.pdf
" Lo inevitable (Kelly, Kevin).pdf",Lo inevitable (Spanish Edition),"Kelly, Kevin",meta,"   👀 TEMAS\➕ TEMAS VARIOS\ 🤖 Tecnología\Futurismo\ Lo inevitable (Kelly, Kevin).pdf"
 Superinteligencia (Nick Bostrom).pdf,Superinteligencia,Nick Bostrom,filename,   👀 TEMAS\➕ TEMAS VARIOS\ 🤖 Tecnología\Futurismo\ Superinteligencia (Nick Bostrom).pdf
El Post-Humanismo Robótico de Ray Kurzweil_ Un análisis crítico_.pdf,439 Estudios Filosóficos,,page1,   👀 TEMAS\➕ TEMAS VARIOS\ 🤖 Tecnología\Futurismo\Artículos\El Post-Humanismo Robótico de Ray Kurzweil_ Un análisis crítico_.pdf
El transhumanismo de Ray Kurzweil.pdf,"© PENSAMIENTO, ISSN 0031-4749",,page1,   👀 TEMAS\➕ TEMAS VARIOS\ 🤖 Tecnología\Futurismo\Artículos\El transhumanismo de Ray Kurzweil.pdf
La propuesta de inmortalidad tecnoinducida y el “totalismo cibernético” de _Raymond Kurzweil. Algunas consideraciones antropológicas.pdf,La propuesta de inmortalidad tecnoinducida y el “totalismo cibernético” de,Francisco Baciero,page1,   👀 TEMAS\➕ TEMAS VARIOS\ 🤖 Tecnología\Futurismo\Artículos\La propuesta de inmortalidad tecnoinducida y el “totalismo cibernético” de _Raymond Kurzweil. Algunas consideraciones antropológicas.pdf
La singularidad tecnológica y el desafio posthumano.pdf,La singularidad tecnológica,,page1,   👀 TEMAS\➕ TEMAS VARIOS\ 🤖 Tecnología\Futurismo\Artículos\La singularidad tecnológica y el desafio posthumano.pdf
La singularidad tecnológica y el sueño transhumanista.pdf,La singularidad tecnológica y el sueño transhumanista,IDEES,meta,   👀 TEMAS\➕ TEMAS VARIOS\ 🤖 Tecnología\Futurismo\Artículos\La singularidad tecnológica y el sueño transhumanista.pdf
La Singularidad Tecnológica y la inteligencia artificial_.pdf,lectura.kioskoymas.com/ideal/20250206,,meta,   👀 TEMAS\➕ TEMAS VARIOS\ 🤖 Tecnología\Futurismo\Artículos\La Singularidad Tecnológica y la inteligencia artificial_.pdf
LA SINGULARIDAD TECNOLÓGICA_¿Mito o nueva frontera de lo humano_.pdf,LA SINGULARIDAD TECNOLÓGICA:,,page1,   👀 TEMAS\➕ TEMAS VARIOS\ 🤖 Tecnología\Futurismo\Artículos\LA SINGULARIDAD TECNOLÓGICA_¿Mito o nueva frontera de lo humano_.pdf
La singularidad_tecnológica_ el debate_acerca de su posibilidad.pdf,La singularidad,,page1,   👀 TEMAS\➕ TEMAS VARIOS\ 🤖 Tecnología\Futurismo\Artículos\La singularidad_tecnológica_ el debate_acerca de su posibilidad.pdf
Reflexiones sobre la Singularidad Tecnológica.pdf,Reflexiones sobre la Singularidad Tecnológica,Nicolas Pernigotti,page1,   👀 TEMAS\➕ TEMAS VARIOS\ 🤖 Tecnología\Futurismo\Artículos\Reflexiones sobre la Singularidad Tecnológica.pdf
Singularidad tecnológica y transhumanismo.pdf,Singularidad tecnológica y transhumanismo,Piero Arturo Gayozzo Huamanchumo,meta,   👀 TEMAS\➕ TEMAS VARIOS\ 🤖 Tecnología\Futurismo\Artículos\Singularidad tecnológica y transhumanismo.pdf
Block and Peter Lothian Nelson - Space Capitalism.pdf,"SPACE CAPITALISM HOW HUMANS WILL COLONIZE PLANETS, MOONS, AND ASTEROIDS",Block and Peter Lothian Nelson,page1,   👀 TEMAS\➕ TEMAS VARIOS\ 🤖 Tecnología\Futurismo\Block and Peter Lothian Nelson - Space Capitalism.pdf
Como ser una maquina (Mark OConnell).pdf,Cómo ser una máquina,Mark O’Connell,meta,   👀 TEMAS\➕ TEMAS VARIOS\ 🤖 Tecnología\Futurismo\Como ser una maquina (Mark OConnell).pdf
Los próximos 100 años (George Friedman).pdf,Los próximos 100 años,George Friedman,meta,   👀 TEMAS\➕ TEMAS VARIOS\ 🤖 Tecnología\Futurismo\Los próximos 100 años (George Friedman).pdf
"Quien controla el futuro (Lanier, Jaron).pdf",¿Quién controla el futuro?,Jaron Lanier,meta,"   👀 TEMAS\➕ TEMAS VARIOS\ 🤖 Tecnología\Futurismo\Quien controla el futuro (Lanier, Jaron).pdf"
Singularidad_.pdf,SINGULARIDAD,Rafa Torrijos,page1,   👀 TEMAS\➕ TEMAS VARIOS\ 🤖 Tecnología\Futurismo\Singularidad_.pdf
Todo va a cambiar (Enrique Dans).pdf,Todo va a cambiar,Enrique Dans,meta,   👀 TEMAS\➕ TEMAS VARIOS\ 🤖 Tecnología\Futurismo\Todo va a cambiar (Enrique Dans).pdf
Vida 3.0 (Max Tegmark).pdf,Vida 3.0,Max Tegmark,meta,   👀 TEMAS\➕ TEMAS VARIOS\ 🤖 Tecnología\Futurismo\Vida 3.0 (Max Tegmark).pdf
Hess - Community Technology.pdf,Community technology,"Hess, Karl, 1923-",meta,   👀 TEMAS\➕ TEMAS VARIOS\ 🤖 Tecnología\Hess - Community Technology.pdf
Jeff Deist - Sobreviviendo purgas tecnológicas_ lo que estamos haciendo en el Instituto Mises.pdf,Sobreviviendo purgas tecnológicas: lo que estamos haciendo en el Instituto Mises,Jeff Deist,page1,   👀 TEMAS\➕ TEMAS VARIOS\ 🤖 Tecnología\Jeff Deist - Sobreviviendo purgas tecnológicas_ lo que estamos haciendo en el Instituto Mises.pdf
La evolución tecnológica y el monopolio estatal del conocimiento - Bastos.pdf,MIGUEL ANXO BASTOS,tabito,page1,   👀 TEMAS\➕ TEMAS VARIOS\ 🤖 Tecnología\La evolución tecnológica y el monopolio estatal del conocimiento - Bastos.pdf
La singularidad está cerca. (Raymond Kurzweil).pdf,Ray Kurzweil: 250 pastillas diarias para llegar vivo al 2029,Jesus Sanchez,page1,   👀 TEMAS\➕ TEMAS VARIOS\ 🤖 Tecnología\La singularidad está cerca. (Raymond Kurzweil).pdf
Las tecnologías sociales - Bastos.pdf,MIGUEL ANXO BASTOS,tabito,page1,   👀 TEMAS\➕ TEMAS VARIOS\ 🤖 Tecnología\Las tecnologías sociales - Bastos.pdf
Munger - Tomorrow 3.0 Transaction Costs and the Sharing Economy.pdf,Tomorrow 3.0 Transaction Costs and the Sharing Economy,Munger,filename,   👀 TEMAS\➕ TEMAS VARIOS\ 🤖 Tecnología\Munger - Tomorrow 3.0 Transaction Costs and the Sharing Economy.pdf
Rothbard - La amenaza del culto espacial.pdf,LA AMENAZA DEL CULTO ESPACIAL,Rothbard,page1,   👀 TEMAS\➕ TEMAS VARIOS\ 🤖 Tecnología\Rothbard - La amenaza del culto espacial.pdf
Rounds & Mayer - Reclaim Your Privacy_ 5 Things You Can Do Right Now.pdf,5 Things You Can Do Right Now,Rounds & Mayer,page1,   👀 TEMAS\➕ TEMAS VARIOS\ 🤖 Tecnología\Rounds & Mayer - Reclaim Your Privacy_ 5 Things You Can Do Right Now.pdf
Sobre tecnología - Bastos.pdf,Sobre tecnología,tabito,page1,   👀 TEMAS\➕ TEMAS VARIOS\ 🤖 Tecnología\Sobre tecnología - Bastos.pdf
Alfabetización Digital Básica - Software Libre (Daniel Armando Rodriguez).pdf,Alfabetización Digital Básica - Software Libre,Daniel Armando Rodriguez,meta,   👀 TEMAS\➕ TEMAS VARIOS\ 🤖 Tecnología\Software Libre\Alfabetización Digital Básica - Software Libre (Daniel Armando Rodriguez).pdf
Conceptos avanzados en desarrollo de software libre (Varios).pdf,en desarrollo,Varios,page1,   👀 TEMAS\➕ TEMAS VARIOS\ 🤖 Tecnología\Software Libre\Conceptos avanzados en desarrollo de software libre (Varios).pdf
Cultura libre digital (Fernando Acero Martín).pdf,Cultura libre digital,Fernando Acero Martín,meta,   👀 TEMAS\➕ TEMAS VARIOS\ 🤖 Tecnología\Software Libre\Cultura libre digital (Fernando Acero Martín).pdf
Guiactiva Tecnica Software Libre (Cein).pdf,Guia Comercio,Cein,meta,   👀 TEMAS\➕ TEMAS VARIOS\ 🤖 Tecnología\Software Libre\Guiactiva Tecnica Software Libre (Cein).pdf
"Guía práctica sobre software libre su selección y aplicación local en América Latina y el Caribe 2007 (Rosa, Fernando da Heinz etc.).pdf",Guía práctica sobre software libre: su selección y aplicación local en América Latina y el Caribe; 2007,"Rosa, Fernando da Heinz etc.",meta,"   👀 TEMAS\➕ TEMAS VARIOS\ 🤖 Tecnología\Software Libre\Guía práctica sobre software libre su selección y aplicación local en América Latina y el Caribe 2007 (Rosa, Fernando da Heinz etc.).pdf"
Hackeando al capitalismo el movimiento de software libre y de código abierto (Johan Söderberg).pdf,Hackeando al capitalismo el movimiento de software libre y de código abierto,Johan Söderberg,filename,   👀 TEMAS\➕ TEMAS VARIOS\ 🤖 Tecnología\Software Libre\Hackeando al capitalismo el movimiento de software libre y de código abierto (Johan Söderberg).pdf
"Internet, Hackers y Software Libre (Carlos Gradin).pdf",":(){ :|:& };: Internet, Hackers y Software Libre",Carlos Gradin,meta,"   👀 TEMAS\➕ TEMAS VARIOS\ 🤖 Tecnología\Software Libre\Internet, Hackers y Software Libre (Carlos Gradin).pdf"
Introduccion Al Software Libre (Fuoc).pdf,Jesús González Barahona,mabadn,page1,   👀 TEMAS\➕ TEMAS VARIOS\ 🤖 Tecnología\Software Libre\Introduccion Al Software Libre (Fuoc).pdf
La Odisea del software libre (Rodrigo Manresa (Coord.)).pdf,La Odisea del software libre (Rodrigo Manresa (Coord.)),Rodrigo Manresa,filename,   👀 TEMAS\➕ TEMAS VARIOS\ 🤖 Tecnología\Software Libre\La Odisea del software libre (Rodrigo Manresa (Coord.)).pdf
Migración al Software Libre (etc.).pdf,Migración al Software Libre,etc.,meta,   👀 TEMAS\➕ TEMAS VARIOS\ 🤖 Tecnología\Software Libre\Migración al Software Libre (etc.).pdf
Aprovechamiento de equipos en las aulas públicas migrando a Software Libre. (Pablo Marinero Merino).pdf,Aprovechamiento de equipos en las aulas públicas migrando a Software Libre.,Pablo Marinero Merino,meta,   👀 TEMAS\➕ TEMAS VARIOS\ 🤖 Tecnología\Software Libre\Más sobre Software Libre\Aprovechamiento de equipos en las aulas públicas migrando a Software Libre. (Pablo Marinero Merino).pdf
Aspectos economicos y modelos de negocio del software libre (Varios).pdf,y modelos de,Varios,page1,   👀 TEMAS\➕ TEMAS VARIOS\ 🤖 Tecnología\Software Libre\Más sobre Software Libre\Aspectos economicos y modelos de negocio del software libre (Varios).pdf
Aspectos Legales Del Software Libre 1 (Fuoc).pdf,Malcolm Bain,mabadn,page1,   👀 TEMAS\➕ TEMAS VARIOS\ 🤖 Tecnología\Software Libre\Más sobre Software Libre\Aspectos Legales Del Software Libre 1 (Fuoc).pdf
Aspectos Legales Del Software Libre 2 (Fuoc).pdf,Malcolm Bain,mabadn,page1,   👀 TEMAS\➕ TEMAS VARIOS\ 🤖 Tecnología\Software Libre\Más sobre Software Libre\Aspectos Legales Del Software Libre 2 (Fuoc).pdf
Desarrollo de proyectos de software libre (Varios).pdf,Software libre,Varios,page1,   👀 TEMAS\➕ TEMAS VARIOS\ 🤖 Tecnología\Software Libre\Más sobre Software Libre\Desarrollo de proyectos de software libre (Varios).pdf
El Software Libre En El Sector Publico (Varios).pdf,El software libre,Varios,page1,   👀 TEMAS\➕ TEMAS VARIOS\ 🤖 Tecnología\Software Libre\Más sobre Software Libre\El Software Libre En El Sector Publico (Varios).pdf
"GAMBAS Programación Visual con Software Libre (Daniel Campos, José Luis Redrejo).pdf",GAMBAS Programación Visual con Software Libre,"Daniel Campos, José Luis Redrejo",filename,"   👀 TEMAS\➕ TEMAS VARIOS\ 🤖 Tecnología\Software Libre\Más sobre Software Libre\GAMBAS Programación Visual con Software Libre (Daniel Campos, José Luis Redrejo).pdf"
Implantacion De Sistemas (Fuoc).pdf,Marcelo D’Elia Branco,vfernandezcar,page1,   👀 TEMAS\➕ TEMAS VARIOS\ 🤖 Tecnología\Software Libre\Más sobre Software Libre\Implantacion De Sistemas (Fuoc).pdf
Ingenieria Del Software (Fuoc).pdf,Software libre,gcastro,page1,   👀 TEMAS\➕ TEMAS VARIOS\ 🤖 Tecnología\Software Libre\Más sobre Software Libre\Ingenieria Del Software (Fuoc).pdf
Libro Blanco Del Software Libre En España (Abella Garcia Alberto).pdf,Versión 1.0,Abella Garcia Alberto,page1,   👀 TEMAS\➕ TEMAS VARIOS\ 🤖 Tecnología\Software Libre\Más sobre Software Libre\Libro Blanco Del Software Libre En España (Abella Garcia Alberto).pdf
Licencias De Software Libre (Uoc).pdf,Licencias de,Uoc,page1,   👀 TEMAS\➕ TEMAS VARIOS\ 🤖 Tecnología\Software Libre\Más sobre Software Libre\Licencias De Software Libre (Uoc).pdf
Manual De MVU - Software Libre para Publicacion Web (Varios).pdf,Manual de NVU,Varios,page1,   👀 TEMAS\➕ TEMAS VARIOS\ 🤖 Tecnología\Software Libre\Más sobre Software Libre\Manual De MVU - Software Libre para Publicacion Web (Varios).pdf
Proyecto en Administración de Redes y Sistemas Operativos basados en GNU-Linux.pdf,Software libre,,page1,   👀 TEMAS\➕ TEMAS VARIOS\ 🤖 Tecnología\Software Libre\Más sobre Software Libre\Proyecto en Administración de Redes y Sistemas Operativos basados en GNU-Linux.pdf
Redes De Computadores (Fuoc).pdf,José María Barceló Ordinas,mabadn,page1,   👀 TEMAS\➕ TEMAS VARIOS\ 🤖 Tecnología\Software Libre\Más sobre Software Libre\Redes De Computadores (Fuoc).pdf
Software Libre para el Desarrollo del Tercer Mundo (Jesús Javier Estepa Nieto).pdf,Software Libre para el Desarrollo del Tercer Mundo,Jesús Javier Estepa Nieto,meta,   👀 TEMAS\➕ TEMAS VARIOS\ 🤖 Tecnología\Software Libre\Más sobre Software Libre\Software Libre para el Desarrollo del Tercer Mundo (Jesús Javier Estepa Nieto).pdf
Two bits Trascendencia cultural del software libre (Christopher M. Kelty Florencio Cabello).pdf,TWO BITS,Christopher M. Kelty Florencio Cabello,page1,   👀 TEMAS\➕ TEMAS VARIOS\ 🤖 Tecnología\Software Libre\Más sobre Software Libre\Two bits Trascendencia cultural del software libre (Christopher M. Kelty Florencio Cabello).pdf
Sobre Software Libre.pdf,Universidad Rey Juan Carlos,,page1,   👀 TEMAS\➕ TEMAS VARIOS\ 🤖 Tecnología\Software Libre\Sobre Software Libre.pdf
Software Libre GNU (Richard Stallman).pdf,Software Libre GNU,Richard Stallman,filename,   👀 TEMAS\➕ TEMAS VARIOS\ 🤖 Tecnología\Software Libre\Software Libre GNU (Richard Stallman).pdf
Software Libre Para Gente Pequeña (Varios).pdf,Software Libre para gente pequeña,Varios,page1,   👀 TEMAS\➕ TEMAS VARIOS\ 🤖 Tecnología\Software Libre\Software Libre Para Gente Pequeña (Varios).pdf
Software Libre Vs Software Propietario (Juarez Montserrat).pdf,Software libre vs software propietario,Juarez Montserrat,page1,   👀 TEMAS\➕ TEMAS VARIOS\ 🤖 Tecnología\Software Libre\Software Libre Vs Software Propietario (Juarez Montserrat).pdf
"Software Libre. Sistema Operativo GNU Linux Basico (Roger Baig Vinas, Francesc Auli Llinas).pdf",Roger Baig Viñas,mabadn,page1,"   👀 TEMAS\➕ TEMAS VARIOS\ 🤖 Tecnología\Software Libre\Software Libre. Sistema Operativo GNU Linux Basico (Roger Baig Vinas, Francesc Auli Llinas).pdf"
Stallman - Software libre para una sociedad libre.pdf,Software libre para una,Stallman,page1,   👀 TEMAS\➕ TEMAS VARIOS\ 🤖 Tecnología\Software Libre\Stallman - Software libre para una sociedad libre.pdf
T. W. Bell - Your Next Government_.pdf,Your Next Government? From the Nation State to Stateless Nations,Tom W. Bell,meta,   👀 TEMAS\➕ TEMAS VARIOS\ 🤖 Tecnología\T. W. Bell - Your Next Government_.pdf
 Charles Tilly - Guerra y Construcción del Estado como Crimen Organizado.pdf,MAY · KIRTCHEV · BARLOW · NAKAMOTO RECOPILACIÓN POR SIMÓN OCAMPO,Charles Tilly,page1,   👀 TEMAS\➕ TEMAS VARIOS\ 🪖 Guerra y Terrorismo\ Charles Tilly - Guerra y Construcción del Estado como Crimen Organizado.pdf
After War The Political Economy of Exporting Democracy (Christopher J. Coyne).pdf,A f t e r W a r,Christopher J. Coyne,page1,   👀 TEMAS\➕ TEMAS VARIOS\ 🪖 Guerra y Terrorismo\After War The Political Economy of Exporting Democracy (Christopher J. Coyne).pdf
"Andreen - Clausewitz, la Carta de las NU y una visión libertaria de la guerra.pdf",Published on Mises Institute (https://mises.org),Andreen,page1,"   👀 TEMAS\➕ TEMAS VARIOS\ 🪖 Guerra y Terrorismo\Andreen - Clausewitz, la Carta de las NU y una visión libertaria de la guerra.pdf"
Block - Los belicistas no son libertarios.pdf,C A P Í T U L O 2,tabito,page1,   👀 TEMAS\➕ TEMAS VARIOS\ 🪖 Guerra y Terrorismo\Block - Los belicistas no son libertarios.pdf
Caracterización de la Guerra Asimétrica.pdf,CARACTERIZACIÓN DE LA GUERRA ASIMÉTRICA,Presentado: Carlos Antonio Pinedo Herrera,meta,   👀 TEMAS\➕ TEMAS VARIOS\ 🪖 Guerra y Terrorismo\Caracterización de la Guerra Asimétrica.pdf
Coyne - Doing Bad by Doing Good.pdf,Doing Bad by Doing Good,"Coyne, Christopher J.;",meta,   👀 TEMAS\➕ TEMAS VARIOS\ 🪖 Guerra y Terrorismo\Coyne - Doing Bad by Doing Good.pdf
Coyne - Manufacturing Militarism.pdf,Manufacturing Militarism,"Coyne, Christopher J.; Hall, Abigail R.;",meta,   👀 TEMAS\➕ TEMAS VARIOS\ 🪖 Guerra y Terrorismo\Coyne - Manufacturing Militarism.pdf
Coyne - Tyranny Comes Home.pdf,Tyranny Comes Home,"Coyne, Christopher J.; Hall, Abigail R.;",meta,   👀 TEMAS\➕ TEMAS VARIOS\ 🪖 Guerra y Terrorismo\Coyne - Tyranny Comes Home.pdf
De la Guerra - Karl von Clausewitz(1).pdf,Karl von Clausewitz,Usuario,page1,   👀 TEMAS\➕ TEMAS VARIOS\ 🪖 Guerra y Terrorismo\De la Guerra - Karl von Clausewitz(1).pdf
De la Guerra - Karl von Clausewitz.pdf,Karl von Clausewitz,Usuario,page1,   👀 TEMAS\➕ TEMAS VARIOS\ 🪖 Guerra y Terrorismo\De la Guerra - Karl von Clausewitz.pdf
"Defense, Peace, and War Economics (Christopher J. Coyne).pdf","Defense, Peace, and War Economics",Christopher J. Coyne,meta,"   👀 TEMAS\➕ TEMAS VARIOS\ 🪖 Guerra y Terrorismo\Defense, Peace, and War Economics (Christopher J. Coyne).pdf"
Gordon - Reseña_ Cómo Occidente llevó la guerra a Ucrania.pdf,Published on Mises Institute (https://mises.org),Gordon,page1,   👀 TEMAS\➕ TEMAS VARIOS\ 🪖 Guerra y Terrorismo\Gordon - Reseña_ Cómo Occidente llevó la guerra a Ucrania.pdf
How to Run Wars A Confidential Playbook for the National Security Elite (Christopher J. Coyne).pdf,How to Run Wars A Confidential Playbook for the National Security Elite,Christopher J. Coyne,filename,   👀 TEMAS\➕ TEMAS VARIOS\ 🪖 Guerra y Terrorismo\How to Run Wars A Confidential Playbook for the National Security Elite (Christopher J. Coyne).pdf
Hülsman - Las mentiras del socialismo alemán en la guerra y la paz.pdf,Published on Mises Institute (https://mises.org),Hülsman,page1,   👀 TEMAS\➕ TEMAS VARIOS\ 🪖 Guerra y Terrorismo\Hülsman - Las mentiras del socialismo alemán en la guerra y la paz.pdf
Hülsman - Mises en tiempos de guerra.pdf,Published on Mises Institute (https://mises.org),Hülsman,page1,   👀 TEMAS\➕ TEMAS VARIOS\ 🪖 Guerra y Terrorismo\Hülsman - Mises en tiempos de guerra.pdf
La definición de la victoria en las guerras simétricas y asimétricas.pdf,MILITARY REVIEW  Enero-Febrero 2012,,page1,   👀 TEMAS\➕ TEMAS VARIOS\ 🪖 Guerra y Terrorismo\La definición de la victoria en las guerras simétricas y asimétricas.pdf
Murray Rothbard sobre la guerra y el «aislacionismo».pdf,Published on Mises Institute (https://mises.org),,page1,   👀 TEMAS\➕ TEMAS VARIOS\ 🪖 Guerra y Terrorismo\Murray Rothbard sobre la guerra y el «aislacionismo».pdf
Rockwell - Rothbard y la Guerra.pdf,Published on Mises Institute (https://mises.org),Rockwell,page1,   👀 TEMAS\➕ TEMAS VARIOS\ 🪖 Guerra y Terrorismo\Rockwell - Rothbard y la Guerra.pdf
"Rothbard - El New Deal y la Guerra Fría, El vínculo de la dominación del Estado.pdf",Published on Mises Institute (https://mises.org),Rothbard,page1,"   👀 TEMAS\➕ TEMAS VARIOS\ 🪖 Guerra y Terrorismo\Rothbard - El New Deal y la Guerra Fría, El vínculo de la dominación del Estado.pdf"
Rothbard - La economía de la guerra.pdf,Published on Mises Institute (https://mises.org),Rothbard,page1,   👀 TEMAS\➕ TEMAS VARIOS\ 🪖 Guerra y Terrorismo\Rothbard - La economía de la guerra.pdf
Rothbard - Reseña de Los orígenes de la Segunda Guerra Mundial.pdf,Published on Mises Institute (https://mises.org),Rothbard,page1,   👀 TEMAS\➕ TEMAS VARIOS\ 🪖 Guerra y Terrorismo\Rothbard - Reseña de Los orígenes de la Segunda Guerra Mundial.pdf
Tesón - Guerra y libertad.pdf,Guerra y libertad — Fernando Tesón | by Libertad en Español | Medium,Tesón,meta,   👀 TEMAS\➕ TEMAS VARIOS\ 🪖 Guerra y Terrorismo\Tesón - Guerra y libertad.pdf
Woods - El fraude de la Resolución de Poderes de Guerra.pdf,Published on Mises Institute (https://mises.org),Woods,page1,   👀 TEMAS\➕ TEMAS VARIOS\ 🪖 Guerra y Terrorismo\Woods - El fraude de la Resolución de Poderes de Guerra.pdf
Ateísmo para principiantes (Richard Dawkins).pdf,Ateísmo para principiantes,Richard Dawkins,filename,   👀 TEMAS\➕ TEMAS VARIOS\Ateísmo\Ateísmo para principiantes (Richard Dawkins).pdf
Elogio Del Ateismo (Puente Ojea Gonzalo).pdf,Elogio Del Ateismo,Puente Ojea Gonzalo,filename,   👀 TEMAS\➕ TEMAS VARIOS\Ateísmo\Elogio Del Ateismo (Puente Ojea Gonzalo).pdf
"Faith Versus Fact  Why Science and Religion Are Incompatible (Coyne, Jerry A.).pdf",Faith Versus Fact : Why Science and Religion Are Incompatible (9780698195516),"Coyne, Jerry A.",meta,"   👀 TEMAS\➕ TEMAS VARIOS\Ateísmo\Faith Versus Fact  Why Science and Religion Are Incompatible (Coyne, Jerry A.).pdf"
Molyneux - Conducta Universalmente Preferible.pdf,Conducta universalmente preferible: Una demostración racional de la ética secular (Spanish Edition),Stefan Molyneux,meta,   👀 TEMAS\➕ TEMAS VARIOS\Ateísmo\Molyneux - Conducta Universalmente Preferible.pdf
Religion Explained The Evolutionary Origins of Religious Thought (Pascal Boyer).pdf,Religion Explained The Evolutionary Origins of Religious Thought,arumugam,filename,   👀 TEMAS\➕ TEMAS VARIOS\Ateísmo\Religion Explained The Evolutionary Origins of Religious Thought (Pascal Boyer).pdf
The Evolution of God (Wright Robert).pdf,The Evolution of God,Wright Robert,filename,   👀 TEMAS\➕ TEMAS VARIOS\Ateísmo\The Evolution of God (Wright Robert).pdf
Why Does the World Exist An Existential Detective Story (Jim Holt).pdf,Why Does the World Exist An Existential Detective Story,Jim Holt,filename,   👀 TEMAS\➕ TEMAS VARIOS\Ateísmo\Why Does the World Exist An Existential Detective Story (Jim Holt).pdf
Block - Medicina II.pdf,ELFUMADOR,tabito,page1,   👀 TEMAS\➕ TEMAS VARIOS\Block - Medicina II.pdf
"Briceño - Leer Mucho, ¿Saber Mucho_.pdf","Leer Mucho, ¿Saber Mucho",Briceño,filename,"   👀 TEMAS\➕ TEMAS VARIOS\Briceño - Leer Mucho, ¿Saber Mucho_.pdf"
Briceño - Títulos Académicos ¿Acreditan Conocimiento_.pdf,Títulos Académicos ¿Acreditan Conocimiento,Briceño,filename,   👀 TEMAS\➕ TEMAS VARIOS\Briceño - Títulos Académicos ¿Acreditan Conocimiento_.pdf
Capella - Ciencia.pdf,Ciencia,Capella,filename,   👀 TEMAS\➕ TEMAS VARIOS\Capella - Ciencia.pdf
Capella - Drogas.pdf,Drogas,Capella,filename,   👀 TEMAS\➕ TEMAS VARIOS\Capella - Drogas.pdf
Capella - Evolución.pdf,Evolución,Capella,filename,   👀 TEMAS\➕ TEMAS VARIOS\Capella - Evolución.pdf
Capella - Lenguaje.pdf,Lenguaje,Capella,filename,   👀 TEMAS\➕ TEMAS VARIOS\Capella - Lenguaje.pdf
Capella - Psicología Evolucionista.pdf,Psicología Evolucionista,Capella,filename,   👀 TEMAS\➕ TEMAS VARIOS\Capella - Psicología Evolucionista.pdf
Hoppe - El rol de los intelectuales y los antiintelectuales.pdf,El rol de los intelectuales y los antiintelectuales,Hoppe,page1,   👀 TEMAS\➕ TEMAS VARIOS\Comunicación\Hoppe - El rol de los intelectuales y los antiintelectuales.pdf
Informe-29-Las-fake-news-en-la-era-de-la-posverdad.pdf,INFORMES DE LA FUNDACIÓN,,page1,   👀 TEMAS\➕ TEMAS VARIOS\Comunicación\Informe-29-Las-fake-news-en-la-era-de-la-posverdad.pdf
Libertad y Prensa.pdf,"Reseña Libertad y prensa, de Walter Lippmann",,meta,   👀 TEMAS\➕ TEMAS VARIOS\Comunicación\Libertad y Prensa.pdf
Lynch-Krause - Telecomunicaciónes para Comunicarse Eficientemente.pdf,Revista Libertas 09 (Octubre 1993),Lynch-Krause,page1,   👀 TEMAS\➕ TEMAS VARIOS\Comunicación\Lynch-Krause - Telecomunicaciónes para Comunicarse Eficientemente.pdf
Rothbard - Cómo los medios «respetables» sirven a la élite política.pdf,Cómo los medios «respetables» sirven a la élite política,Rothbard,page1,   👀 TEMAS\➕ TEMAS VARIOS\Comunicación\Rothbard - Cómo los medios «respetables» sirven a la élite política.pdf
Deist - La primera línea de las guerras del lenguaje.pdf,Published on Mises Institute (https://mises.org),Deist,page1,   👀 TEMAS\➕ TEMAS VARIOS\Lenguaje\Deist - La primera línea de las guerras del lenguaje.pdf
Deist - Los vándalos del lenguaje.pdf,Published on Mises Institute (https://mises.org),Deist,page1,   👀 TEMAS\➕ TEMAS VARIOS\Lenguaje\Deist - Los vándalos del lenguaje.pdf
Three Languages of Politics.pdf,A R N O L D K L I N G TA L K I N G A C R O S S,,page1,   👀 TEMAS\➕ TEMAS VARIOS\Lenguaje\En inglés\Three Languages of Politics.pdf
Granath - Lenguaje y simbolismo político como estrategia libertaria.pdf,Published on Mises Institute (https://mises.org),Granath,page1,   👀 TEMAS\➕ TEMAS VARIOS\Lenguaje\Granath - Lenguaje y simbolismo político como estrategia libertaria.pdf
Hieber - El lenguaje como acción.pdf,Published on Mises Institute (https://mises.org),Hieber,page1,   👀 TEMAS\➕ TEMAS VARIOS\Lenguaje\Hieber - El lenguaje como acción.pdf
Villanueva y Molina - Enziklopedia Perroflauta.pdf,enziklopedia perroflauta,Fernando Díaz Villanueva & Pablo Molina,meta,   👀 TEMAS\➕ TEMAS VARIOS\Lenguaje\Villanueva y Molina - Enziklopedia Perroflauta.pdf
VV AA (Ch. Ferrer) - El lenguaje libertario.pdf,El lenguaje libertario,VV AA (Comp. Ch. Ferrer),meta,   👀 TEMAS\➕ TEMAS VARIOS\Lenguaje\VV AA (Ch. Ferrer) - El lenguaje libertario.pdf
Yeager - ¿Los mercados son como el lenguaje_.pdf,Published on Mises Institute (https://mises.org),Yeager,page1,   👀 TEMAS\➕ TEMAS VARIOS\Lenguaje\Yeager - ¿Los mercados son como el lenguaje_.pdf
Rothbard - Ciencia y Educación ¿Estado o Mercado_.pdf,Ciencia y Educación ¿Estado o Mercado,Mariano,filename,   👀 TEMAS\➕ TEMAS VARIOS\Rothbard - Ciencia y Educación ¿Estado o Mercado_.pdf
"Cómo detectar mentiras  Una guía para utilizar en el trabajo, la política y la familia 55 (Paul Ekman).pdf",Cómo detectar mentiras,Paul Ekman,meta,"   👀 TEMAS\➕ TEMAS VARIOS\⚛️ Ciencias\ Psicología\Cómo detectar mentiras  Una guía para utilizar en el trabajo, la política y la familia 55 (Paul Ekman).pdf"
El espejismo de Dios - Richard Dawkins.pdf,El espejismo de Dios,Richard Dawkins,meta,   👀 TEMAS\➕ TEMAS VARIOS\⚛️ Ciencias\ Psicología\El espejismo de Dios - Richard Dawkins.pdf
Fundamentos De Psicologia Politica (Reich Wilhelm).pdf,Fundamentos De Psicologia Politica,Reich Wilhelm,filename,   👀 TEMAS\➕ TEMAS VARIOS\⚛️ Ciencias\ Psicología\Fundamentos De Psicologia Politica (Reich Wilhelm).pdf
Hayek - El Orden Sensorial.pdf,El Orden Sensorial,Hayek,filename,   👀 TEMAS\➕ TEMAS VARIOS\⚛️ Ciencias\ Psicología\Hayek - El Orden Sensorial.pdf
Huemer - Por qué la gente es irracional con la política.pdf,Por qué la gente es irracional con la política — Michael Huemer | by Libertad en Español | Medium,Huemer,meta,   👀 TEMAS\➕ TEMAS VARIOS\⚛️ Ciencias\ Psicología\Huemer - Por qué la gente es irracional con la política.pdf
Introduccion a la Psicologia Social.pdf,Introduccion a la Psicologia Social,,filename,   👀 TEMAS\➕ TEMAS VARIOS\⚛️ Ciencias\ Psicología\Introduccion a la Psicologia Social.pdf
Psicologia De La Amenaza Politica Y El Miedo (Lira Kornfeld Elizabeth).pdf,Psicologia de la Amenaza Politica y el Miedo,Lira Kornfeld Elizabeth,meta,   👀 TEMAS\➕ TEMAS VARIOS\⚛️ Ciencias\ Psicología\Psicologia De La Amenaza Politica Y El Miedo (Lira Kornfeld Elizabeth).pdf
Psicologia Social Para Principiantes (Adamson Gladys).pdf,Psicologia Social Para Principiantes,Adamson Gladys,filename,   👀 TEMAS\➕ TEMAS VARIOS\⚛️ Ciencias\ Psicología\Psicologia Social Para Principiantes (Adamson Gladys).pdf
Psicología comunitaria y políticas sociales Reflexiones y experiencias.pdf,Psicología comunitaria y políticas sociales: Reflexiones y experiencias (Spanish Edition),Jaime Alfaro & Alipio Sánchez & Alba Zambrano,meta,   👀 TEMAS\➕ TEMAS VARIOS\⚛️ Ciencias\ Psicología\Psicología comunitaria y políticas sociales Reflexiones y experiencias.pdf
Psicología de las organizaciones.pdf,Psicología de las organizaciones (Spanish Edition),Vicente Martínez Tur;José Ramós López;Carolina Moliner Cantos,meta,   👀 TEMAS\➕ TEMAS VARIOS\⚛️ Ciencias\ Psicología\Psicología de las organizaciones.pdf
Psicología evolucionista.pdf,"Psicología evolucionista - Wikipedia, la enciclopedia libre",,meta,   👀 TEMAS\➕ TEMAS VARIOS\⚛️ Ciencias\ Psicología\Psicología evolucionista.pdf
Psicología política (José Manuel Sabucedo Cameselle).pdf,Psicología política (Síntesis psicología. Psicología social) (Spanish Edition),José Manuel Sabucedo Cameselle,meta,   👀 TEMAS\➕ TEMAS VARIOS\⚛️ Ciencias\ Psicología\Psicología política (José Manuel Sabucedo Cameselle).pdf
Psicología.pdf,"Psicología - Wikipedia, la enciclopedia libre",,meta,   👀 TEMAS\➕ TEMAS VARIOS\⚛️ Ciencias\ Psicología\Psicología.pdf
 Teoría de señales.pdf,"Teoría de señales - Wikipedia, la enciclopedia libre",,meta,   👀 TEMAS\➕ TEMAS VARIOS\⚛️ Ciencias\ Psicología\Teoría de Señales\ Teoría de señales.pdf
Los límites del costo de las señales costosas.pdf,Carina Perticone,,page1,   👀 TEMAS\➕ TEMAS VARIOS\⚛️ Ciencias\ Psicología\Teoría de Señales\Los límites del costo de las señales costosas.pdf
Capella - Cognición.pdf,Cognición,Capella,filename,   👀 TEMAS\➕ TEMAS VARIOS\⚛️ Ciencias\Capella - Cognición.pdf
Capella - Emociones.pdf,Emociones,Capella,filename,   👀 TEMAS\➕ TEMAS VARIOS\⚛️ Ciencias\Capella - Emociones.pdf
Capella - Inteligencia.pdf,Inteligencia,Capella,filename,   👀 TEMAS\➕ TEMAS VARIOS\⚛️ Ciencias\Capella - Inteligencia.pdf
Capella - Naturaleza Humana.pdf,Naturaleza Humana,Capella,filename,   👀 TEMAS\➕ TEMAS VARIOS\⚛️ Ciencias\Capella - Naturaleza Humana.pdf
Capella - Vida.pdf,Vida,Capella,filename,   👀 TEMAS\➕ TEMAS VARIOS\⚛️ Ciencias\Capella - Vida.pdf
Ciencia en una sociedad anarcocapitalista - Bastos.pdf,Ciencia en una sociedad anarcocapitalista,tabito,page1,   👀 TEMAS\➕ TEMAS VARIOS\⚛️ Ciencias\Ciencia en una sociedad anarcocapitalista - Bastos.pdf
"Rothbard - Ciencia, Tecnología y Gobierno.pdf","Ciencia, Tecnología y Gobierno",Openmindeo,filename,"   👀 TEMAS\➕ TEMAS VARIOS\⚛️ Ciencias\Rothbard - Ciencia, Tecnología y Gobierno.pdf"
 Hazlitt - La Conquista de la Pobreza.pdf,La Conquista de la Pobreza,Hazlitt,filename,   👀 TEMAS\➕ TEMAS VARIOS\🏚️ Pobreza\ Hazlitt - La Conquista de la Pobreza.pdf
Block - Políticas bien intencionadas que hacen la vida más cara.pdf,Published on Mises Institute (https://mises.org),Block,page1,   👀 TEMAS\➕ TEMAS VARIOS\🏚️ Pobreza\Artículos cortos\Block - Políticas bien intencionadas que hacen la vida más cara.pdf
Block - Una guía sobre empleos y desempleados.pdf,Published on Mises Institute (https://mises.org),Block,page1,   👀 TEMAS\➕ TEMAS VARIOS\🏚️ Pobreza\Artículos cortos\Block - Una guía sobre empleos y desempleados.pdf
"Bylund - Economía 101, más riqueza significa menos pobreza.pdf",Published on Mises Institute (https://mises.org),Bylund,page1,"   👀 TEMAS\➕ TEMAS VARIOS\🏚️ Pobreza\Artículos cortos\Bylund - Economía 101, más riqueza significa menos pobreza.pdf"
Huerta - ¿Quién paga el impuesto a la riqueza_ los ricos o los pobres_.pdf,Published on Mises Institute (https://mises.org),Huerta,page1,   👀 TEMAS\➕ TEMAS VARIOS\🏚️ Pobreza\Artículos cortos\Huerta - ¿Quién paga el impuesto a la riqueza_ los ricos o los pobres_.pdf
Riqueza y Pobreza.pdf,El lenguaje económico (XII)_ Riqueza y pobreza - Instituto Juan de Mariana,RibzeR,meta,   👀 TEMAS\➕ TEMAS VARIOS\🏚️ Pobreza\Artículos cortos\Riqueza y Pobreza.pdf
Woods - ¿Los capitalistas están embaucando a los pobres_.pdf,Published on Mises Institute (https://mises.org),Woods,page1,   👀 TEMAS\➕ TEMAS VARIOS\🏚️ Pobreza\Artículos cortos\Woods - ¿Los capitalistas están embaucando a los pobres_.pdf
Hazlitt - El problema de la pobreza.pdf,Published on Mises Institute (https://mises.org),Hazlitt,page1,   👀 TEMAS\➕ TEMAS VARIOS\🏚️ Pobreza\Hazlitt - El problema de la pobreza.pdf
Hazlitt - La cura de la pobreza.pdf,Published on Mises Institute (https://mises.org),Hazlitt,page1,   👀 TEMAS\➕ TEMAS VARIOS\🏚️ Pobreza\Hazlitt - La cura de la pobreza.pdf
Hazlitt - ¿Puede el Estado reducir la pobreza_.pdf,Published on Mises Institute (https://mises.org),Hazlitt,page1,   👀 TEMAS\➕ TEMAS VARIOS\🏚️ Pobreza\Hazlitt - ¿Puede el Estado reducir la pobreza_.pdf
 Pandemonium web.pdf,"CARLOS BELTRAMO, PH.D.",,page1,   👀 TEMAS\➕ TEMAS VARIOS\🏥 Salud\ Pandemonium web.pdf
Jeff Deist - ¿Puede la ciencia económica salvar la medicina_.pdf,¿Puede la ciencia económica salvar la medicina?,Jeff Deist,page1,   👀 TEMAS\➕ TEMAS VARIOS\🏥 Salud\Artículos\Jeff Deist - ¿Puede la ciencia económica salvar la medicina_.pdf
La digitalización podría llevar la atención médica más allá de la «sanidad gubernamental».pdf,Published on Mises Institute (https://mises.org),,page1,   👀 TEMAS\➕ TEMAS VARIOS\🏥 Salud\Artículos\La digitalización podría llevar la atención médica más allá de la «sanidad gubernamental».pdf
"Lo primero es no hacer daño, Estado frente a Mercado ante la pandemia global.pdf",“LO PRIMERO ES NO HACER DAÑO”:,Adrian Ravier,page1,"   👀 TEMAS\➕ TEMAS VARIOS\🏥 Salud\Artículos\Lo primero es no hacer daño, Estado frente a Mercado ante la pandemia global.pdf"
Los funcionarios de salud pública dicen «confíen en nosotros». Los datos dicen lo contrario_.pdf,Published on Mises Institute (https://mises.org),,page1,   👀 TEMAS\➕ TEMAS VARIOS\🏥 Salud\Artículos\Los funcionarios de salud pública dicen «confíen en nosotros». Los datos dicen lo contrario_.pdf
"Pandemias, infección y libertarismo.pdf",Published on Mises Institute (https://mises.org),,page1,"   👀 TEMAS\➕ TEMAS VARIOS\🏥 Salud\Artículos\Pandemias, infección y libertarismo.pdf"
Rockwell - ¿Qué diría Murray sobre el coronavirus_.pdf,Published on Mises Institute (https://mises.org),Rockwell,page1,   👀 TEMAS\➕ TEMAS VARIOS\🏥 Salud\Artículos\Rockwell - ¿Qué diría Murray sobre el coronavirus_.pdf
Viruela_ los mitos históricos detrás de las vacunas obligatorias.pdf,Viruela: los mitos históricos detrás de las vacunas obligatorias,,page1,   👀 TEMAS\➕ TEMAS VARIOS\🏥 Salud\Artículos\Viruela_ los mitos históricos detrás de las vacunas obligatorias.pdf
¿Vacunar por la democracia global_ El imperio de EEUU se vuelve terapéutico.pdf,¿Vacunar por la democracia global? El imperio de EEUU se vuelve terapéutico,,page1,   👀 TEMAS\➕ TEMAS VARIOS\🏥 Salud\Artículos\¿Vacunar por la democracia global_ El imperio de EEUU se vuelve terapéutico.pdf
Caplan - Por qué debemos separar la salud y el Estado.pdf,Por qué debemos separar la salud y el Estado — Bryan Caplan | by Libertad en Español | Medium,Caplan,meta,   👀 TEMAS\➕ TEMAS VARIOS\🏥 Salud\Caplan - Por qué debemos separar la salud y el Estado.pdf
Huerta - Los efectos economicos de la pandemia.pdf,Los efectos económicos de la pandemia,Jesús Huerta de Soto,meta,   👀 TEMAS\➕ TEMAS VARIOS\🏥 Salud\Huerta - Los efectos economicos de la pandemia.pdf
Pandemonium - De la pandemia al control total.pdf,De la pandemia al control total,Pandemonium,filename,   👀 TEMAS\➕ TEMAS VARIOS\🏥 Salud\Pandemonium - De la pandemia al control total.pdf
pandemonium-ii-la-cura.pdf,pandemonium-ii-la-cura,,filename,   👀 TEMAS\➕ TEMAS VARIOS\🏥 Salud\pandemonium-ii-la-cura.pdf
Gordon - Jefferson sobre la familia y la libertad.pdf,Published on Mises Institute (https://mises.org),Gordon,page1,   👀 TEMAS\➕ TEMAS VARIOS\👨‍👩‍👧‍👦 Familia\Gordon - Jefferson sobre la familia y la libertad.pdf
Hoppe - Sobre el Origen de la Propiedad y la Familia.pdf,Hans‐Hermann Hoppe,Stephan,page1,   👀 TEMAS\➕ TEMAS VARIOS\👨‍👩‍👧‍👦 Familia\Hoppe - Sobre el Origen de la Propiedad y la Familia.pdf
"La formación de la familia, la fertilidad y el fracaso_ una reseña de la literatura sobre el aumento de los precios y su impacto en la institución de la familia.pdf",Published on Mises Institute (https://mises.org),,page1,"   👀 TEMAS\➕ TEMAS VARIOS\👨‍👩‍👧‍👦 Familia\La formación de la familia, la fertilidad y el fracaso_ una reseña de la literatura sobre el aumento de los precios y su impacto en la institución de la familia.pdf"
Las madres solteras y el feminismo arruinan a los niños.pdf,Las madres solteras y el feminismo arruinan a los niños,,page1,   👀 TEMAS\➕ TEMAS VARIOS\👨‍👩‍👧‍👦 Familia\Las madres solteras y el feminismo arruinan a los niños.pdf
Lozano - La Empresa Familiar y los Nuevos Retos de Gestión.pdf,La empresa familiar y los nuevos retos de gestión,Concha Moreno,meta,   👀 TEMAS\➕ TEMAS VARIOS\👨‍👩‍👧‍👦 Familia\Lozano - La Empresa Familiar y los Nuevos Retos de Gestión.pdf
Lozano - La internacionalización de la empresa familiar - Fernando Nogales Lozano.pdf,La internacionalización de la empresa familiar: Teoría y práctica económica (Escuela Austriaca de Economía) (Spanish Edition),Fernando Nogales Lozano,meta,   👀 TEMAS\➕ TEMAS VARIOS\👨‍👩‍👧‍👦 Familia\Lozano - La internacionalización de la empresa familiar - Fernando Nogales Lozano.pdf
Capitalism for Kids.pdf,Capitalism for Kids,RibzeR,meta,   👀 TEMAS\➕ TEMAS VARIOS\👨‍👩‍👧‍👦 Familia\Niños\En inglés\Capitalism for Kids.pdf
CMOM Political Economy  Kids are Keynesians.pdf,CMOM Political Economy_ Kids are Keynesians,RibzeR,meta,   👀 TEMAS\➕ TEMAS VARIOS\👨‍👩‍👧‍👦 Familia\Niños\En inglés\CMOM Political Economy  Kids are Keynesians.pdf
Economics for Kids.pdf,Economics for Kids,RibzeR,meta,   👀 TEMAS\➕ TEMAS VARIOS\👨‍👩‍👧‍👦 Familia\Niños\En inglés\Economics for Kids.pdf
Making Kids Worthless  Social Security_s Contribution to the Fertility Crisis.pdf,Making Kids Worthless_ Social Security_s Contribution to the Fertility Crisis,RibzeR,meta,   👀 TEMAS\➕ TEMAS VARIOS\👨‍👩‍👧‍👦 Familia\Niños\En inglés\Making Kids Worthless  Social Security_s Contribution to the Fertility Crisis.pdf
Set Kids Free to Work.pdf,Set Kids Free to Work,RibzeR,meta,   👀 TEMAS\➕ TEMAS VARIOS\👨‍👩‍👧‍👦 Familia\Niños\En inglés\Set Kids Free to Work.pdf
Teach Your Children Well.pdf,Teach Your Children Well,RibzeR,meta,   👀 TEMAS\➕ TEMAS VARIOS\👨‍👩‍👧‍👦 Familia\Niños\En inglés\Teach Your Children Well.pdf
"Teaching Kids about the Environment, Government Style.pdf","Teaching Kids about the Environment, Government Style",RibzeR,meta,"   👀 TEMAS\➕ TEMAS VARIOS\👨‍👩‍👧‍👦 Familia\Niños\En inglés\Teaching Kids about the Environment, Government Style.pdf"
Why Police Do Nothing While Kids Are Killed.pdf,Why Police Do Nothing While Kids Are Killed,RibzeR,meta,   👀 TEMAS\➕ TEMAS VARIOS\👨‍👩‍👧‍👦 Familia\Niños\En inglés\Why Police Do Nothing While Kids Are Killed.pdf
McElroy - El área gris de los derechos de los niños.pdf,lindos-nino-nina-abrazan-juntos_97632-1416.webp)Los derechos de,McElroy,page1,   👀 TEMAS\➕ TEMAS VARIOS\👨‍👩‍👧‍👦 Familia\Niños\McElroy - El área gris de los derechos de los niños.pdf
Rothbard - Niños y Derechos.pdf,Niños y derechos,RibzeR,meta,   👀 TEMAS\➕ TEMAS VARIOS\👨‍👩‍👧‍👦 Familia\Niños\Rothbard - Niños y Derechos.pdf
¿Quién educa a los niños_ ¿Los padres o el Estado_.pdf,¿Quién educa a los niños_ ¿Los padres o el Estado_ _ elcato.org,RibzeR,meta,   👀 TEMAS\➕ TEMAS VARIOS\👨‍👩‍👧‍👦 Familia\Niños\¿Quién educa a los niños_ ¿Los padres o el Estado_.pdf
¿Qué pasa con los niños ricos revolucionarios_.pdf,¿Qué pasa con los niños ricos revolucionarios_,RibzeR,meta,   👀 TEMAS\➕ TEMAS VARIOS\👨‍👩‍👧‍👦 Familia\Niños\¿Qué pasa con los niños ricos revolucionarios_.pdf
Rothbard - La era Progresista y la Familia.pdf,Published on Mises Institute (https://mises.org),Rothbard,page1,   👀 TEMAS\➕ TEMAS VARIOS\👨‍👩‍👧‍👦 Familia\Rothbard - La era Progresista y la Familia.pdf
  Briceño - Sistema judicial_ ¿Garantía de justicia_.pdf,Sistema judicial_ ¿Garantía de justicia,Briceño,filename,  Briceño - Sistema judicial_ ¿Garantía de justicia_.pdf
 Alanis - La Fuerza y el Saber.pdf,La fuerza y el saber (Spanish Edition),Juan Alanis Sánchez,meta,  📖 NOVELAS\ Alanis - La Fuerza y el Saber.pdf
 Hazlitt - El tiempo volvera atras.pdf,El tiempo volverá atrás,Henry Hazlitt,meta,  📖 NOVELAS\ Hazlitt - El tiempo volvera atras.pdf
 Heinlein - La Luna es una Cruel Amante.pdf,MAY · KIRTCHEV · BARLOW · NAKAMOTO RECOPILACIÓN POR SIMÓN OCA,Heinlein,page1,  📖 NOVELAS\ Heinlein - La Luna es una Cruel Amante.pdf
 Imagenes de un futuro socialista.pdf,Imágenes de un futuro socialista,Eugen Richter,meta,  📖 NOVELAS\ Imagenes de un futuro socialista.pdf
1984 (G. Orwell).pdf,GEORGE ORWELL,George Orwell,page1,  📖 NOVELAS\1984 (G. Orwell).pdf
Accelerando (Charles Stross).pdf,Accelerando,Charles Stross,meta,  📖 NOVELAS\Accelerando (Charles Stross).pdf
Alessandro Manzoni - Los Novios.pdf,Los Novios,Alessandro Manzoni,meta,  📖 NOVELAS\Alessandro Manzoni - Los Novios.pdf
Ayn Rand - El Manantial.pdf,Ayn Rand,Eneas Biglione,page1,  📖 NOVELAS\Ayn Rand - El Manantial.pdf
Ayn Rand - Himno.pdf,HIMNO AYN RAND,Ayn Rand,page1,  📖 NOVELAS\Ayn Rand - Himno.pdf
Ayn Rand - La Rebelión de Atlas.pdf,AYN RAND,michel,meta,  📖 NOVELAS\Ayn Rand - La Rebelión de Atlas.pdf
Ciudadano de la galaxia (Robert Heinlein).pdf,Ciudadano de la galaxia,Robert Heinlein,filename,  📖 NOVELAS\Ciudadano de la galaxia (Robert Heinlein).pdf
Criptonomicón (Stephenson Neal).pdf,Criptonomicón,Stephenson Neal,meta,  📖 NOVELAS\Criptonomicón (Stephenson Neal).pdf
Distracción (Bruce Sterling).pdf,Distracción,Bruce Sterling,meta,  📖 NOVELAS\Distracción (Bruce Sterling).pdf
El Amanecer (Ricardo Manuel Rojas).pdf,El Amanecer (Atlas Libertas) (Spanish Edition),Ricardo Manuel Rojas,meta,  📖 NOVELAS\El Amanecer (Ricardo Manuel Rojas).pdf
El cero Y el infinito - Arthur Koestler.pdf,El cero Y el infinito(c.1),Arthur Koestler,meta,  📖 NOVELAS\El cero Y el infinito - Arthur Koestler.pdf
El Islote (Joel Serrano).pdf,El Islote,Joel Serrano,filename,  📖 NOVELAS\El Islote (Joel Serrano).pdf
Forastero en tierra extraña (Robert A. Heinlein).pdf,Forastero en tierra extraña,Robert A. Heinlein,meta,  📖 NOVELAS\Forastero en tierra extraña (Robert A. Heinlein).pdf
"Friedrich Nietzsche (la otra h) (Reiner Ruffing, Ansgar Lorenz).pdf",Friedrich Nietzsche (la otra h) (Spanish Edition),Reiner Ruffing & Ansgar Lorenz,meta,"  📖 NOVELAS\Friedrich Nietzsche (la otra h) (Reiner Ruffing, Ansgar Lorenz).pdf"
Hermano menor (Doctorow Cory).pdf,Hermano menor,Cory Doctorow,meta,  📖 NOVELAS\Hermano menor (Doctorow Cory).pdf
Kaiser - El libro de Asgalard.pdf,El libro de Asgalard,Kaiser,filename,  📖 NOVELAS\Kaiser - El libro de Asgalard.pdf
Kohlhaas - Heinrich von Kleist.pdf,Michael Kohlhaas,Heinrich von Kleist,meta,  📖 NOVELAS\Kohlhaas - Heinrich von Kleist.pdf
La otra parte - Alfred Kubin.pdf,La otra parte,Alfred Kubin,meta,  📖 NOVELAS\La otra parte - Alfred Kubin.pdf
Larken - The Iron Web.pdf,The Iron Web,"Rose, Larken",meta,  📖 NOVELAS\Larken - The Iron Web.pdf
Las aventuras de Huckleberry Finn - Mark Twain.pdf,Mark Twain,Las aventuras de Huckleberry Finn,page1,  📖 NOVELAS\Las aventuras de Huckleberry Finn - Mark Twain.pdf
Los hijos de Matusalén (Robert A. Heinlein).pdf,Los hijos de Matusalén,Robert A. Heinlein,meta,  📖 NOVELAS\Los hijos de Matusalén (Robert A. Heinlein).pdf
Molinari - Defensa de La Propiedad.pdf,Defensa de la propiedad / por M.G. de Molinari,USE. jabyn@us.es,meta,  📖 NOVELAS\Molinari - Defensa de La Propiedad.pdf
Naufragio en el tiempo real (Vernor Vinge).pdf,Naufragio en el tiempo real,Vernor Vinge,meta,  📖 NOVELAS\Naufragio en el tiempo real (Vernor Vinge).pdf
Radicalizado (Cory Doctorow).pdf,Radicalizado (Ensayo) (Spanish Edition),"Doctorow, Cory",meta,  📖 NOVELAS\Radicalizado (Cory Doctorow).pdf
Rebelion en el espacio (Robert A. Heinlein).pdf,Rebelion en el espacio,Robert A. Heinlein,meta,  📖 NOVELAS\Rebelion en el espacio (Robert A. Heinlein).pdf
The Rainbow Cadenza (J. Neil Schulman).pdf,The Rainbow Cadenza,J. Neil Schulman,filename,  📖 NOVELAS\The Rainbow Cadenza (J. Neil Schulman).pdf
"The Rapture of the Nerds (Stross Charles, Doctorow Cory).pdf",The Rapture of the Nerds,"Stross Charles, Doctorow Cory",meta,"  📖 NOVELAS\The Rapture of the Nerds (Stross Charles, Doctorow Cory).pdf"
Tocando Fondo En El Reino Mágico (Cory Doctorow).pdf,TocandoFondo_CC_Spain,Cory Doctorow,meta,  📖 NOVELAS\Tocando Fondo En El Reino Mágico (Cory Doctorow).pdf
UN MUNDO FELIZ (A. H.pdf,Un Mundo Feliz,Aldous Huxley,meta,  📖 NOVELAS\UN MUNDO FELIZ (A. H.pdf
Valenzuela - El Vaquero Libertario.pdf,El vaquero libertario (Spanish Edition),Ricardo Valenzuela,meta,  📖 NOVELAS\Valenzuela - El Vaquero Libertario.pdf
Voltaire - Candido. Micromegas.pdf,Cándido. Micromegas. Zadig,Voltaire,meta,  📖 NOVELAS\Voltaire - Candido. Micromegas.pdf
Voluntaryist Origins_ Humanity (Jack Lloyd).pdf,Voluntaryist Origins: Humanity's Last Stand Against Government,Jack Lloyd,meta,  📖 NOVELAS\Voluntaryist Origins_ Humanity (Jack Lloyd).pdf
 Batalha - El Ambientalista Libertario.pdf,Una vision Anarcocapitalista de,Batalha,page1, Batalha - El Ambientalista Libertario.pdf
 Bylund - Cómo pensar la economía.pdf,Cómo pensar la economía,Per Bylund,meta, Bylund - Cómo pensar la economía.pdf
 Dalmacio - La ley de hierro de la oligarquía.pdf,La ley de hierro de la oligarquía,Dalmacio Negro Pavón,meta, Dalmacio - La ley de hierro de la oligarquía.pdf
 Gebel - Estructuras Paralelas como Único Camino.pdf,Estructuras Paralelas como Único Camino,Gebel,filename, Gebel - Estructuras Paralelas como Único Camino.pdf
 Huemer - Mitos Progres_ Por qué tantas ideas del progresismo actual se aceptan como verdades sagradas y adónde nos están llevando.pdf,Mitos progres,Michael Huemer,meta, Huemer - Mitos Progres_ Por qué tantas ideas del progresismo actual se aceptan como verdades sagradas y adónde nos están llevando.pdf
" Land - El Cortocircuito de la Democracia_ Análisis del Estado Profundo, Colapso del Gobierno y Necesidad de Escape.pdf","El Cortocircuito de la Democracia_ Análisis del Estado Profundo, Colapso del Gobierno y Necesidad de Escape",Land,filename," Land - El Cortocircuito de la Democracia_ Análisis del Estado Profundo, Colapso del Gobierno y Necesidad de Escape.pdf"
 Scott - Lo que ve el Estado.pdf,Lo que ve el Estado,Scott,filename, Scott - Lo que ve el Estado.pdf
" Villegas - Cosmos Sympoíetico_ Acción, Finitud y Estructura de la Anarquía.pdf","Cosmos Sympoíetico_ Acción, Finitud y Estructura de la Anarquía",Villegas,filename," Villegas - Cosmos Sympoíetico_ Acción, Finitud y Estructura de la Anarquía.pdf"
Bastos - Lo Pequeño es Posible.pdf,Lo Pequeño es Posible,Bastos,filename,Bastos - Lo Pequeño es Posible.pdf
Brennan - Introducción a la filosofía política.pdf,Introducción a la filosofía política,Brennan,filename,Brennan - Introducción a la filosofía política.pdf
"Briceño - Agorismo Vs. Reformismo, ¿Posiciones Enfrentadas_.pdf","Agorismo Vs. Reformismo, ¿Posiciones Enfrentadas",Briceño,filename,"Briceño - Agorismo Vs. Reformismo, ¿Posiciones Enfrentadas_.pdf"
Capella - Cibernética_ Más Allá de la Praxeología.pdf,"Cibernética: Más allá de la Praxeología, Bases Cibernéticas y Biológicas de la Acción, Pensamiento y Economía",Fracisco Capella,meta,Capella - Cibernética_ Más Allá de la Praxeología.pdf
El Estado explicado a los niños.pdf,El Estado explicado a los niños,,filename,El Estado explicado a los niños.pdf
La trampa del intervencionismo_ Por qué fracasa la política económica de nuestro tiempo (Resumen de Crítica del intervencionismo).pdf,La trampa del intervencionismo_ Por qué fracasa la política económica de nuestro tiempo,Resumen de Crítica del intervencionismo,filename,La trampa del intervencionismo_ Por qué fracasa la política económica de nuestro tiempo (Resumen de Crítica del intervencionismo).pdf
Land - Anarquía fría.pdf,Anarquía fría,Land,filename,Land - Anarquía fría.pdf
Land - Teleoplexia_ Cuando las máquinas se convierten en su propio fin.pdf,Teleoplexia_ Cuando las máquinas se convierten en su propio fin,Land,filename,Land - Teleoplexia_ Cuando las máquinas se convierten en su propio fin.pdf
Millanao - Dentro del Leviatán.pdf,Dentro del Leviatán,Millanao,filename,Millanao - Dentro del Leviatán.pdf
Mises - Critica del Intervencionismo.pdf,Crítica del,Mises,page1,Mises - Critica del Intervencionismo.pdf
Molyneux - Anarquía Cotidiana.pdf,ANARQUÍA COTIDIANA,Molyneux,page1,Molyneux - Anarquía Cotidiana.pdf
Munigerman - Homo Domesticus.pdf,Homo Domesticus,Munigerman,filename,Munigerman - Homo Domesticus.pdf
 La anarquía explicada a los niños - José Antonio Emmanuel.pdf,La anarquía explicada a los niños,José Antonio Emmanuel,meta,➕ MÁS\👦 Infantiles\ La anarquía explicada a los niños - José Antonio Emmanuel.pdf
 La anarquía explicada a los niños-.pdf,Imprimir,,meta,➕ MÁS\👦 Infantiles\ La anarquía explicada a los niños-.pdf
 La gallinita roja.pdf,Presentación de PowerPoint,PATO,meta,➕ MÁS\👦 Infantiles\ La gallinita roja.pdf
Anarquismo para todos - Jorge enkis.pdf,Anarquismo para todos - la regeneración de la vida y la lucha por la sobreviencia - Jorge enkis,Anarquismo para todos,meta,➕ MÁS\👦 Infantiles\Anarquismo Rojo\Anarquismo para todos - Jorge enkis.pdf
Anarquismo y diversidad funcional - Jorge Enkis.pdf,anarquismo y diversidad,Anarquismo y diversidad funcional,meta,➕ MÁS\👦 Infantiles\Anarquismo Rojo\Anarquismo y diversidad funcional - Jorge Enkis.pdf
Anarquismo y economia en siglo XXI - Jorge Enkis.pdf,Anarquismo y economia en siglo XXI - Jorge Enkis,,meta,➕ MÁS\👦 Infantiles\Anarquismo Rojo\Anarquismo y economia en siglo XXI - Jorge Enkis.pdf
Diccionario anarquista Infantil - Jorge Enkis.pdf,Diccionario anarquista Infantil,Diccionario anarquista Infantil,meta,➕ MÁS\👦 Infantiles\Anarquismo Rojo\Diccionario anarquista Infantil - Jorge Enkis.pdf
El afuerino - Jorge Enkis.pdf,EL AFUERINO,El afuerino,meta,➕ MÁS\👦 Infantiles\Anarquismo Rojo\El afuerino - Jorge Enkis.pdf
El autoaprendizaje en la educación anarquista - jorge enkis.pdf,El autoaprendizaje en el anarquismo - jorge enkis,,meta,➕ MÁS\👦 Infantiles\Anarquismo Rojo\El autoaprendizaje en la educación anarquista - jorge enkis.pdf
El Plan B del Anarquismo - By Jorge Enkis.pdf,El Plan B del Anarquismo - By Jorge Enkis,El Plan B del Anarquismo,meta,➕ MÁS\👦 Infantiles\Anarquismo Rojo\El Plan B del Anarquismo - By Jorge Enkis.pdf
"Enkis, Jorge - Anarquismo y trascedencia.pdf",Anarquismo y trasendencia- Jorge Enkis,"Enkis, Jorge",meta,"➕ MÁS\👦 Infantiles\Anarquismo Rojo\Enkis, Jorge - Anarquismo y trascedencia.pdf"
Comic Gabito el Niño libertario N°4-5-6.pdf,revista gabo,,meta,➕ MÁS\👦 Infantiles\Anarquismo Rojo\Gabito el niño libertario\Comic Gabito el Niño libertario N°4-5-6.pdf
Gabito el niño libertario N°1.pdf,Gabito el niño libertario,,meta,➕ MÁS\👦 Infantiles\Anarquismo Rojo\Gabito el niño libertario\Gabito el niño libertario N°1.pdf
Gabito el niño libertario N°2.pdf,Comics Gabito el niño libertario,,meta,➕ MÁS\👦 Infantiles\Anarquismo Rojo\Gabito el niño libertario\Gabito el niño libertario N°2.pdf
Gabito el niño libertario N°3.pdf,Sin título-4,,meta,➕ MÁS\👦 Infantiles\Anarquismo Rojo\Gabito el niño libertario\Gabito el niño libertario N°3.pdf
LA REBELION EN CUARENTENA - Jorge Enkis.pdf,El autoaprendizaje en el anarquismo,LA REBELION EN CUARENTENA,meta,➕ MÁS\👦 Infantiles\Anarquismo Rojo\LA REBELION EN CUARENTENA - Jorge Enkis.pdf
Las Aventuras de Nono en siglo XXI - Jorge Enkis.pdf,LAS AVENTURAS DE NONX EN EL SIGLO XXI,,meta,➕ MÁS\👦 Infantiles\Anarquismo Rojo\Las Aventuras de Nono en siglo XXI - Jorge Enkis.pdf
Las bienaventuranzas de la anarquía - Dichas para una  vida en libertad.pdf,Las bienaventuranzas de la anarquía - Dichas para libertad,Las bienaventuranzas de la anarquía,meta,➕ MÁS\👦 Infantiles\Anarquismo Rojo\Las bienaventuranzas de la anarquía - Dichas para una  vida en libertad.pdf
Las Hormigas de Kropotkin - Jorge Enkis.pdf,Las Hormigas de Kropotkin - Jorge Enkis,Las Hormigas de Kropotkin,meta,➕ MÁS\👦 Infantiles\Anarquismo Rojo\Las Hormigas de Kropotkin - Jorge Enkis.pdf
Oveja Negra - Jorge Enkis.pdf,Oveja Negra - Jorge Enkis,Oveja Negra,meta,➕ MÁS\👦 Infantiles\Anarquismo Rojo\Oveja Negra - Jorge Enkis.pdf
Cuentos para aprender economía.pdf,Cristina Carrillo Rivero,,page1,➕ MÁS\👦 Infantiles\Cuentos para aprender economía.pdf
Cuentos y Juegos para Entender el Dinero.pdf,Cuentos y Juegos para Entender el Dinero,,filename,➕ MÁS\👦 Infantiles\Cuentos y Juegos para Entender el Dinero.pdf
CÓMO ENSEÑAR CULTURA FINANCIERA A TUS HIJOS.pdf,5-Como_ensenar_cultura_financiera_a_tus_hijos,,meta,➕ MÁS\👦 Infantiles\CÓMO ENSEÑAR CULTURA FINANCIERA A TUS HIJOS.pdf
Economía familiar.pdf,ECONOMÍA FAMILIAR,,page1,➕ MÁS\👦 Infantiles\Economía familiar.pdf
Economía para Niños.pdf,Economía para Niños,,filename,➕ MÁS\👦 Infantiles\Economía para Niños.pdf
Educación Financiera Critica.pdf,Educación Financiera Critica,,filename,➕ MÁS\👦 Infantiles\Educación Financiera Critica.pdf
Educación Financiera Infantil.pdf,Educación,,page1,➕ MÁS\👦 Infantiles\Educación Financiera Infantil.pdf
Educación Financiera para Niños.pdf,Educación Financiera para niñas y niños,,page1,➕ MÁS\👦 Infantiles\Educación Financiera para Niños.pdf
Filosofando con niños.pdf,Filosofando con niños,,filename,➕ MÁS\👦 Infantiles\Filosofando con niños.pdf
Finanzas para Jóvenes Emprendedores.pdf,EMPRENDEDORES FINANZAS PARA,,page1,➕ MÁS\👦 Infantiles\Finanzas para Jóvenes Emprendedores.pdf
Finanzas para Ninos.pdf,ECONOMÍA ECONOMÍA,,page1,➕ MÁS\👦 Infantiles\Finanzas para Ninos.pdf
FINANZAS PARA NIÑOS.pdf,Alejandra P. Rodríguez,Alita,page1,➕ MÁS\👦 Infantiles\FINANZAS PARA NIÑOS.pdf
Manual del Alumno Educación Financiera.pdf,TAPA,Michel,meta,➕ MÁS\👦 Infantiles\Manual del Alumno Educación Financiera.pdf
Mi dinero y yo.pdf,Mi dinero y yo - Educación financiera infantil,Instituto Aviva de Ahorro y Pensiones,meta,➕ MÁS\👦 Infantiles\Mi dinero y yo.pdf
Mi Primer Libro de Economía.pdf,Mi Primer Libro de Economía,,filename,➕ MÁS\👦 Infantiles\Mi Primer Libro de Economía.pdf
The Magic Coin.pdf,By Jonathan Newman,,page1,➕ MÁS\👦 Infantiles\The Magic Coin.pdf
The Tuttle Twins and the Education Vacation (Connor Boyack).pdf,The Tuttle Twins and the Education Vacation,Connor Boyack,meta,➕ MÁS\👦 Infantiles\The Tuttle Twins and the Education Vacation (Connor Boyack).pdf
The Tuttle Twins and the Miraculous Pencil (Connor Boyack).pdf,The Tuttle Twins and the Miraculous Pencil,Connor Boyack,meta,➕ MÁS\👦 Infantiles\The Tuttle Twins and the Miraculous Pencil (Connor Boyack).pdf
The Tuttle Twins and the Search for Atlas (Connor Boyack).pdf,The Tuttle Twins and the Search for Atlas,Connor Boyack,meta,➕ MÁS\👦 Infantiles\The Tuttle Twins and the Search for Atlas (Connor Boyack).pdf
