cover_path,cover_name,cover_kind,cover_norm,status,score,method,pdf_path,pdf_name,candidate_2,score_2,candidate_3,score_3
"D:\Documentos\Acracia\Biblioteca Acracia\  😬 Libros FALTANTES\ EL MERCADO AGREDIDO, LA ANTIECONOMÍA DE LA MAFIA INSTITUCIONALIZADA.jpg"," EL MERCADO AGREDIDO, LA ANTIECONOMÍA DE LA MAFIA INSTITUCIONALIZADA.jpg",title,el mercado agredido la antieconomia de la mafia institucionalizada,no_match,66.7,partial,D:\Documentos\Acracia\Biblioteca Acracia\   👀 TEMAS\   💱 ECONOMÍA\ 💹 Capitalismo y Libre Mercado\ Empresarialidad\Mises - El Mercado (Pasajes).pdf,Mises - El Mercado (Pasajes).pdf,La Escuela Austriaca de Economía y la Economía Social de Mercado_.pdf,64.3,El Metodo de la Economia Politica - Adrian O Ravier.pdf,61.2
D:\Documentos\Acracia\Biblioteca Acracia\  😬 Libros FALTANTES\ EL MODUS OPERANDI DEL ESTADO ORGANIZADO.jpg, EL MODUS OPERANDI DEL ESTADO ORGANIZADO.jpg,title,el modus operandi del estado organizado,no_match,74.0,token_set+overlap,D:\Documentos\Acracia\Biblioteca Acracia\   👀 TEMAS\➕ TEMAS VARIOS\ 🪖 Guerra y Terrorismo\ Charles Tilly - Guerra y Construcción del Estado como Crimen Organizado.pdf, Charles Tilly - Guerra y Construcción del Estado como Crimen Organizado.pdf,¿El Estado Emprendedor-.pdf,68.3,la-anatomia-del-estado.pdf,68.2
D:\Documentos\Acracia\Biblioteca Acracia\  😬 Libros FALTANTES\ La singularidad está más cerca_.jpg, La singularidad está más cerca_.jpg,title,la singularidad esta mas cerca,auto,100.0,token_set+overlap,D:\Documentos\Acracia\Biblioteca Acracia\      😱 NUEVO 2026\ 2025. La singularidad está más cerca (Ray Kurzweil).pdf, 2025. La singularidad está más cerca (Ray Kurzweil).pdf,Singularidad_.pdf,100.0,La singularidad está cerca. (Raymond Kurzweil).pdf,98.9
"D:\Documentos\Acracia\Biblioteca Acracia\  😬 Libros FALTANTES\ Unión Editorial\_Hayek\Democracia, Justicia y Socialismo.jpg","Democracia, Justicia y Socialismo.jpg",title,democracia justicia y socialismo,review,87.6,token_set+overlap,"D:\Documentos\Acracia\Biblioteca Acracia\      😱 NUEVO 2026\🗓️ 2023-2024\ Nuevo 2023\ Julio-Diciembre\Agosto\ Resumen de Capitalismo, Socialismo y Democracia de Joseph Schumpeter.pdf"," Resumen de Capitalismo, Socialismo y Democracia de Joseph Schumpeter.pdf",Analisis de Capitalismo Socialismo y Democracia.pdf,87.6,"Schumpeter - Capitalismo, Socialismo y Democracia I.pdf",87.6
D:\Documentos\Acracia\Biblioteca Acracia\  😬 Libros FALTANTES\ Unión Editorial\_Hayek\Ensayos de Teoría Monetaria.jpg,Ensayos de Teoría Monetaria.jpg,title,ensayos de teoria monetaria,review,89.2,partial+overlap,D:\Documentos\Acracia\Biblioteca Acracia\    🤓 AUTORES\   CATEGORÍAS\  🌗 Ancaps-Voluntaristas\Antony P. Mueller\Artículos cortos\Mueller - Las raíces neomarxistas de la teoría monetaria moderna.pdf,Mueller - Las raíces neomarxistas de la teoría monetaria moderna.pdf, Bagus - Anti-Rallo_ Una Crítica a la Teoría Monetaria de Juan Ramón Rallo.pdf,86.6,Anti_Rallo_Una_crítica_a_la_teoría_monetaria_de_Juan_Ramón_Rallo.pdf,86.6
D:\Documentos\Acracia\Biblioteca Acracia\  😬 Libros FALTANTES\ Unión Editorial\_Hayek\Hayek Su contribución al pensamiento político y económico de nuestro tiempo - Eamonn Butler.jpg,Hayek Su contribución al pensamiento político y económico de nuestro tiempo - Eamonn Butler.jpg,title,hayek su contribucion al pensamiento politico y economico de nuestro tiempo eamonn butler,review,82.1,partial+overlap,D:\Documentos\Acracia\Biblioteca Acracia\   👀 TEMAS\   💱 ECONOMÍA\ 🪙 Historia Económica\Artículos\Hayek - Historia Economica y Pensamiento Politico.pdf,Hayek - Historia Economica y Pensamiento Politico.pdf,El pensamiento politico moderno - Omar Astorga.pdf,74.5, Rothbard - Historia del Pensamiento Económico I.pdf,68.4
D:\Documentos\Acracia\Biblioteca Acracia\  😬 Libros FALTANTES\ Unión Editorial\_Hayek\Las Vicisitudes del Liberalismo.jpg,Las Vicisitudes del Liberalismo.jpg,title,las vicisitudes del liberalismo,review,81.2,partial,D:\Documentos\Acracia\Biblioteca Acracia\      😱 NUEVO 2026\🗓️ 2023-2024\ Nuevo 2024\ Enero-Junio\Marzo - Abril\Quispe - Liberalismo.pdf,Quispe - Liberalismo.pdf,Adriá - ¿Qué es el Liberalismo_.pdf,78.3,La rebelión de las naciones Crisis del liberalismo y auge del conservadurismo popular (Francisco de Santibañes).pdf,77.4
D:\Documentos\Acracia\Biblioteca Acracia\  😬 Libros FALTANTES\ Unión Editorial\_Hayek\Socialismo y Guerra - Hayek.jpg,Socialismo y Guerra - Hayek.jpg,title,socialismo y guerra hayek,auto,90.4,token_set+overlap,D:\Documentos\Acracia\Biblioteca Acracia\   👀 TEMAS\➕ TEMAS VARIOS\ 🪖 Guerra y Terrorismo\Hülsman - Las mentiras del socialismo alemán en la guerra y la paz.pdf,Hülsman - Las mentiras del socialismo alemán en la guerra y la paz.pdf,Hayek - Los Intelectuales y el Socialismo.pdf,87.7,Bagus - Los llamados a la planificación central en el pánico del COVID-19 son como los llamados al «socialismo de guerra» de antaño.pdf,85.0
D:\Documentos\Acracia\Biblioteca Acracia\  😬 Libros FALTANTES\ Unión Editorial\_Tráfico y Consumo de Drogas.jpg,_Tráfico y Consumo de Drogas.jpg,title,trafico y consumo de drogas,no_match,72.7,partial,D:\Documentos\Acracia\Biblioteca Acracia\   👀 TEMAS\➕ TEMAS VARIOS\Capella - Drogas.pdf,Capella - Drogas.pdf,Comienzos sobre el usos de Drogas.pdf,63.8,Block - Narcotráfico y Drogadicción.pdf,61.2
D:\Documentos\Acracia\Biblioteca Acracia\  😬 Libros FALTANTES\ Unión Editorial\Adiós al Estado-Nación.jpg,Adiós al Estado-Nación.jpg,title,adios al estado nacion,no_match,72.2,partial,D:\Documentos\Acracia\Biblioteca Acracia\   👀 TEMAS\   🏛️ ESTATISMO\Artículos\Rothbard - ¿Odias al Estado_.pdf,Rothbard - ¿Odias al Estado_.pdf,Giacomini - Secesión_ desarmando al Estado.pdf,72.2,Watner - ¿Damos nuestro consentimiento al Estado al negarnos a emigrar_.pdf,68.2
D:\Documentos\Acracia\Biblioteca Acracia\  😬 Libros FALTANTES\ Unión Editorial\Atlas Libertas\BORGES Y LA ECONOMÍA.jpg,BORGES Y LA ECONOMÍA.jpg,title,borges y la economia,review,85.7,partial,D:\Documentos\Acracia\Biblioteca Acracia\      😱 NUEVO 2026\🗓️ 2023-2024\ Nuevo 2023\ Julio-Diciembre\Agosto\Montaldo - El Nazismo y la Economía.pdf,Montaldo - El Nazismo y la Economía.pdf,Woods - Iglesia y la Economía.pdf,85.0,"Thornton - Dinero, inflación y ciclos económicos, el efecto Cantillon y la economía.pdf",83.3
D:\Documentos\Acracia\Biblioteca Acracia\  😬 Libros FALTANTES\ Unión Editorial\Atlas Libertas\El-Consorcio.jpg,El-Consorcio.jpg,title,el consorcio,no_match,66.7,partial,D:\Documentos\Acracia\Biblioteca Acracia\      😱 NUEVO 2026\ 🗓️ NUEVO 2025\ Ayau - El Proceso Económico .pdf, Ayau - El Proceso Económico .pdf,Ayau - El Proceso Económico .pdf,66.7,Economía Neoclásica-.pdf,63.2
D:\Documentos\Acracia\Biblioteca Acracia\  😬 Libros FALTANTES\ Unión Editorial\Biblioteca Austriaca\_La teoría de la Explotación - Bawerk.jpg,_La teoría de la Explotación - Bawerk.jpg,title,la teoria de la explotacion bawerk,no_match,74.4,partial,D:\Documentos\Acracia\Biblioteca Acracia\   👀 TEMAS\   💱 ECONOMÍA\ 📚 Escuelas\La Teoría de Public Choice.pdf,La Teoría de Public Choice.pdf,Bawerk - Teoría Positiva del Capital.pdf,71.7,La Teoría de la Libertad - Rothbard.pdf,71.4
"D:\Documentos\Acracia\Biblioteca Acracia\  😬 Libros FALTANTES\ Unión Editorial\Biblioteca Austriaca\_Valor, capital e interés - Bawerk.jpg","_Valor, capital e interés - Bawerk.jpg",title,valor capital e interes bawerk,auto,100.0,token_set+overlap,D:\Documentos\Acracia\Biblioteca Acracia\   👀 TEMAS\   💱 ECONOMÍA\➕ Más\Economía Avanzada\Bawerk - Capital e Interés.pdf,Bawerk - Capital e Interés.pdf,Bawerk - Teoría Positiva del Capital.pdf,75.9,"Oro, Interes, Báse - Antal E. Fekete.pdf",60.9
D:\Documentos\Acracia\Biblioteca Acracia\  😬 Libros FALTANTES\ Unión Editorial\Biblioteca Austriaca\Antropología filosófica cristiana y economía de mercado.jpg,Antropología filosófica cristiana y economía de mercado.jpg,title,antropologia filosofica cristiana y economia de mercado,review,82.6,partial+overlap,D:\Documentos\Acracia\Biblioteca Acracia\   👀 TEMAS\   💱 ECONOMÍA\ 💹 Capitalismo y Libre Mercado\  Libre Mercado\Raíces cristianas de la economía de libre mercado.PDF,Raíces cristianas de la economía de libre mercado.PDF,Economía Doméstica.pdf,77.8,La Escuela Austriaca de Economía y la Economía Social de Mercado_.pdf,73.2
D:\Documentos\Acracia\Biblioteca Acracia\  😬 Libros FALTANTES\ Unión Editorial\Biblioteca Austriaca\Conocimiento Vs. Información - Gabriel Zanotti.jpg,Conocimiento Vs. Información - Gabriel Zanotti.jpg,title,conocimiento vs informacion gabriel zanotti,no_match,67.5,partial+overlap,D:\Documentos\Acracia\Biblioteca Acracia\      😱 NUEVO 2026\ 🗓️ NUEVO 2025\➕ Varios\Caminos abiertos (Biblioteca Au - Gabriel Zanotti.pdf,Caminos abiertos (Biblioteca Au - Gabriel Zanotti.pdf, Principios basicos de la Escuel - Gabriel J. Zanotti.pdf,62.7,Kinsella - Conocimiento versus cálculo.pdf,61.5
D:\Documentos\Acracia\Biblioteca Acracia\  😬 Libros FALTANTES\ Unión Editorial\Biblioteca Austriaca\El fin de la economía - Sergio Ricossa.jpg,El fin de la economía - Sergio Ricossa.jpg,title,el fin de la economia sergio ricossa,no_match,73.2,token_set,D:\Documentos\Acracia\Biblioteca Acracia\    🤓 AUTORES\   CATEGORÍAS\  🌗 Ancaps-Voluntaristas\ Peter T. Leeson\Leeson - El Gran Circo de la Economía.pdf,Leeson - El Gran Circo de la Economía.pdf,La Economía Neoclásica.pdf,72.7,El Metodo de la Economia Politica - Adrian O Ravier.pdf,66.7
D:\Documentos\Acracia\Biblioteca Acracia\  😬 Libros FALTANTES\ Unión Editorial\Biblioteca Austriaca\El orden sin plan - Lorenzo Infantino.jpg,El orden sin plan - Lorenzo Infantino.jpg,title,el orden sin plan lorenzo infantino,no_match,59.6,partial,D:\Documentos\Acracia\Biblioteca Acracia\   👀 TEMAS\    💛 LIBERTAD\ 🌗 Anarco-Capitalismo\Rachels - Un Orden Espontaneo.PDF,Rachels - Un Orden Espontaneo.PDF,El Orden Espontáneo de la Globalización.pdf,59.3, Orden Sin Diseño_ El Alma Oculta de la Ciudad.pdf,58.2
D:\Documentos\Acracia\Biblioteca Acracia\  😬 Libros FALTANTES\ Unión Editorial\Biblioteca Austriaca\Ignorancia y Libertad - Lorenzo Infantino.jpg,Ignorancia y Libertad - Lorenzo Infantino.jpg,title,ignorancia y libertad lorenzo infantino,review,76.5,partial,D:\Documentos\Acracia\Biblioteca Acracia\   👀 TEMAS\   💱 ECONOMÍA\ 🏛️ Intervencionismo\Dinero y Bancos\Moneda y libertad.pdf,Moneda y libertad.pdf,Libertad y Prensa.pdf,74.1,Harper - Democracia y Libertad.pdf,69.4
D:\Documentos\Acracia\Biblioteca Acracia\  😬 Libros FALTANTES\ Unión Editorial\Biblioteca Austriaca\Karl Popper_ Revisión de su legdo.jpg,Karl Popper_ Revisión de su legdo.jpg,title,karl popper revision de su legdo,no_match,71.4,partial,D:\Documentos\Acracia\Biblioteca Acracia\    🤓 AUTORES\   CATEGORÍAS\  🌗 Ancaps-Voluntaristas\ Karl Hess\ Karl Hess.pdf, Karl Hess.pdf,Huerta - Ahorro y Previsión en el Seguro de Vida.pdf,59.4,Gordon - Popper y el curso de la historia.pdf,59.2
D:\Documentos\Acracia\Biblioteca Acracia\  😬 Libros FALTANTES\ Unión Editorial\Biblioteca Austriaca\la escuela austriaca desde adentro ..jpg,la escuela austriaca desde adentro ..jpg,title,la escuela austriaca desde adentro,auto,100.0,token_set+overlap,D:\Documentos\Acracia\Biblioteca Acracia\      😱 NUEVO 2026\🗓️ 2023-2024\ Nuevo 2023\ Julio-Diciembre\ Noviembre\Escuela Austriaca.pdf,Escuela Austriaca.pdf,Escuela Austriaca.pdf,100.0,La Escuela Austriaca_.pdf,100.0
D:\Documentos\Acracia\Biblioteca Acracia\  😬 Libros FALTANTES\ Unión Editorial\Biblioteca Austriaca\la escuela austriaca desde adentro.jpg,la escuela austriaca desde adentro.jpg,title,la escuela austriaca desde adentro,auto,100.0,token_set+overlap,D:\Documentos\Acracia\Biblioteca Acracia\      😱 NUEVO 2026\🗓️ 2023-2024\ Nuevo 2023\ Julio-Diciembre\ Noviembre\Escuela Austriaca.pdf,Escuela Austriaca.pdf,Escuela Austriaca.pdf,100.0,La Escuela Austriaca_.pdf,100.0
D:\Documentos\Acracia\Biblioteca Acracia\  😬 Libros FALTANTES\ Unión Editorial\Biblioteca Austriaca\La globalización como orden espontáneo - Adrián Ravier.jpg,La globalización como orden espontáneo - Adrián Ravier.jpg,title,la globalizacion como orden espontaneo adrian ravier,auto,100.0,token_set+overlap,D:\Documentos\Acracia\Biblioteca Acracia\   👀 TEMAS\   💱 ECONOMÍA\ 💹 Capitalismo y Libre Mercado\  Libre Mercado\Artículos\Orden espontáneo.pdf,Orden espontáneo.pdf,El Orden Espontáneo de la Globalización.pdf,97.7,Rachels - Un Orden Espontaneo.PDF,78.4
D:\Documentos\Acracia\Biblioteca Acracia\  😬 Libros FALTANTES\ Unión Editorial\Biblioteca Austriaca\La Viena de Popper - Dario Antiseri.jpg,La Viena de Popper - Dario Antiseri.jpg,title,la viena de popper dario antiseri,no_match,63.5,token_set,D:\Documentos\Acracia\Biblioteca Acracia\    🤓 AUTORES\   CATEGORÍAS\  🌗 Ancaps-Voluntaristas\  Hans-Hermann Hoppe\Hoppe - La mente de Hans-Hermann Hoppe.pdf,Hoppe - La mente de Hans-Hermann Hoppe.pdf,Hoppe - Análisis de clase marxista y austriaco.pdf,62.3,Hoppe - La ciencia de la acción humana.pdf,60.6
D:\Documentos\Acracia\Biblioteca Acracia\  😬 Libros FALTANTES\ Unión Editorial\Biblioteca de la Libertad\ATLAS-DEL-LIBERALISMO.jpg,ATLAS-DEL-LIBERALISMO.jpg,title,atlas del liberalismo,auto,90.5,partial,D:\Documentos\Acracia\Biblioteca Acracia\    🤓 AUTORES\   CATEGORÍAS\  🌗 Ancaps-Voluntaristas\ David Gordon\Artículos cortos\Gordon - Una caricatura del liberalismo clásico_ todo se trata de individualismo y materialismo.pdf,Gordon - Una caricatura del liberalismo clásico_ todo se trata de individualismo y materialismo.pdf,Moras y Cardella - Derecho Natural_ La Base del Liberalismo.pdf,90.0,Contradicciones y posibilidades del liberalismo _utilitarista como ideología moderna.pdf,85.7
D:\Documentos\Acracia\Biblioteca Acracia\  😬 Libros FALTANTES\ Unión Editorial\Biblioteca de la Libertad\Cinco pensadores liberales - Julio H. Cole.jpg,Cinco pensadores liberales - Julio H. Cole.jpg,title,cinco pensadores liberales julio h cole,no_match,59.6,partial,D:\Documentos\Acracia\Biblioteca Acracia\      😱 NUEVO 2026\🗓️ 2023-2024\ Nuevo 2024\ Julio-Diciembre\Octubre\Caminos de libre mercado.pdf,Caminos de libre mercado.pdf,Panfletos liberales IV (Carlos Rodríguez Braun).pdf,57.6,Hoppe - Los errores del liberalismo clásico.pdf,57.5
D:\Documentos\Acracia\Biblioteca Acracia\  😬 Libros FALTANTES\ Unión Editorial\Biblioteca de la Libertad\Debates-economicos-en-tiempos-de-crisis.jpg,Debates-economicos-en-tiempos-de-crisis.jpg,title,debates economicos en tiempos de crisis,no_match,71.8,token_set+overlap,"D:\Documentos\Acracia\Biblioteca Acracia\   👀 TEMAS\   💱 ECONOMÍA\ 🏛️ Intervencionismo\Crisis y ciclos\En tiempos de crisis, necesitamos la libertad más que nunca.pdf","En tiempos de crisis, necesitamos la libertad más que nunca.pdf",La teoría austríaca de ciclos económicos y la _crisis subprime.pdf,71.8,Mises - Las Causas de la Crisis Economica.pdf,66.7
D:\Documentos\Acracia\Biblioteca Acracia\  😬 Libros FALTANTES\ Unión Editorial\Biblioteca de la Libertad\DESARROLLO-Y-CALIDAD-DE-VIDA.jpg,DESARROLLO-Y-CALIDAD-DE-VIDA.jpg,title,desarrollo y calidad de vida,no_match,69.8,token_set,D:\Documentos\Acracia\Biblioteca Acracia\      😱 NUEVO 2026\🗓️ 2023-2024\ Nuevo 2023\ Julio-Diciembre\Julio\Principios Modernos de Economía del Desarrollo. Teoría y práctica (Víctor I. Espinosa).pdf,Principios Modernos de Economía del Desarrollo. Teoría y práctica (Víctor I. Espinosa).pdf,Desarrollo de proyectos de software libre (Varios).pdf,66.7,El desarrollo sustentable_aportaciones de la_escuela austriaca de_economía.pdf,63.4
D:\Documentos\Acracia\Biblioteca Acracia\  😬 Libros FALTANTES\ Unión Editorial\Biblioteca de la Libertad\El liberalismo económico en 10 en principios.jpg,El liberalismo económico en 10 en principios.jpg,title,el liberalismo economico en 10 en principios,review,81.2,partial,D:\Documentos\Acracia\Biblioteca Acracia\      😱 NUEVO 2026\🗓️ 2023-2024\ Nuevo 2024\ Enero-Junio\Marzo - Abril\Quispe - Liberalismo.pdf,Quispe - Liberalismo.pdf,Huerta - Los Principios de Liberalismo.pdf,79.9,Rothbard - Los principios del liberalismo en la Inglaterra del siglo XVII.pdf,79.8
D:\Documentos\Acracia\Biblioteca Acracia\  😬 Libros FALTANTES\ Unión Editorial\Biblioteca de la Libertad\EL-GENIO-DE-OCCIDENTE.jpg,EL-GENIO-DE-OCCIDENTE.jpg,title,el genio de occidente,review,83.3,token_set,D:\Documentos\Acracia\Biblioteca Acracia\   👀 TEMAS\   💱 ECONOMÍA\ 💹 Capitalismo y Libre Mercado\ Capitalismo\Escritos varios\Hernando de Soto - Por qué el Capitalismo triunfa en Occidente y Fracasa en el resto del mundo.pdf,Hernando de Soto - Por qué el Capitalismo triunfa en Occidente y Fracasa en el resto del mundo.pdf,La Decada Perdida de Occidente Un Manifiesto Contra la Gran Recesion.pdf,76.2,J. García - El Rebaño_ Como Occidente a sucumbido a la tiranía idiológica.pdf,72.7
D:\Documentos\Acracia\Biblioteca Acracia\  😬 Libros FALTANTES\ Unión Editorial\Biblioteca de la Libertad\EN DESEQUILIBRIO.jpeg,EN DESEQUILIBRIO.jpeg,title,en desequilibrio,no_match,62.5,partial,D:\Documentos\Acracia\Biblioteca Acracia\     ✍️ EDITORIAL Acraci\🖼️ Diseños\Adriá - ¿Qué es el Liberalismo_.pdf,Adriá - ¿Qué es el Liberalismo_.pdf,Kinsella - El Origen del «Libertarismo».pdf,62.5,Libertario en 30 días.pdf,59.5
D:\Documentos\Acracia\Biblioteca Acracia\  😬 Libros FALTANTES\ Unión Editorial\Biblioteca de la Libertad\LA FIGURA EMPRESARIAL EN EL PENSAMIENTO ECONÓMICO 2A. EDICIÓN.jpg,LA FIGURA EMPRESARIAL EN EL PENSAMIENTO ECONÓMICO 2A. EDICIÓN.jpg,title,la figura empresarial en el pensamiento economico 2a edicion,review,79.0,token_set+overlap,D:\Documentos\Acracia\Biblioteca Acracia\    🤓 AUTORES\   CATEGORÍAS\  🌗 Ancaps-Voluntaristas\  Jesús Huerta de Soto\Artículos\Artículos cortos\Huerta - El Pensamiento Económico en la Antigua Grecia.pdf,Huerta - El Pensamiento Económico en la Antigua Grecia.pdf,Huerta - El Pensamiento Económico en la Antigua Grecia.pdf,79.0, Rothbard - Historia del Pensamiento Económico I.pdf,77.3
D:\Documentos\Acracia\Biblioteca Acracia\  😬 Libros FALTANTES\ Unión Editorial\Biblioteca de la Libertad\La Inteligencia del Dinero.jpg,La Inteligencia del Dinero.jpg,title,la inteligencia del dinero,review,85.7,partial,D:\Documentos\Acracia\Biblioteca Acracia\   👀 TEMAS\➕ TEMAS VARIOS\⚛️ Ciencias\Capella - Inteligencia.pdf,Capella - Inteligencia.pdf,Rothbard - Jean Buridan y la teoría del dinero.pdf,78.3,Hülsman - Ludwig von Mises y la naturaleza del dinero.pdf,76.0
D:\Documentos\Acracia\Biblioteca Acracia\  😬 Libros FALTANTES\ Unión Editorial\Biblioteca de la Libertad\La Libre Empresa - Francisco Pérez de Anton.jpg,La Libre Empresa - Francisco Pérez de Anton.jpg,title,la libre empresa francisco perez de anton,no_match,59.8,token_set,D:\Documentos\Acracia\Biblioteca Acracia\   👀 TEMAS\   💱 ECONOMÍA\ 💹 Capitalismo y Libre Mercado\  Libre Mercado\Raíces cristianas de la economía de libre mercado.PDF,Raíces cristianas de la economía de libre mercado.PDF,Caplan - La eficiencia de la libre competencia.pdf,58.5,Patrulla de Policía Especial de San Francisco_ Anarquismo y policía.pdf,58.3
D:\Documentos\Acracia\Biblioteca Acracia\  😬 Libros FALTANTES\ Unión Editorial\Biblioteca de la Libertad\La metodología del análisis económico.jpg,La metodología del análisis económico.jpg,title,la metodologia del analisis economico,review,87.6,partial+overlap,D:\Documentos\Acracia\Biblioteca Acracia\   👀 TEMAS\   🏛️ ESTATISMO\ Tipos de Estatismos\ 🪤 Socialismo\Artículos\Hoppe - El Socialismo de Ingeniería Social y Los Fundamentos del Análisis Económico.pdf,Hoppe - El Socialismo de Ingeniería Social y Los Fundamentos del Análisis Económico.pdf,Schumpeter - Historia del Análisis Económico_.pdf,87.1,"Análisis Económico del Derecho Privado - R.M. Rojas, Schenone, Stordeur (h).pdf",78.6
D:\Documentos\Acracia\Biblioteca Acracia\  😬 Libros FALTANTES\ Unión Editorial\Biblioteca de la Libertad\Sentido Liberal - Héctor Ñaupari.jpg,Sentido Liberal - Héctor Ñaupari.jpg,title,sentido liberal hector naupari,no_match,72.2,partial,D:\Documentos\Acracia\Biblioteca Acracia\   👀 TEMAS\ 🏰 HISTORIA\Ⓐ Ejemplos de Anarquismo_\z. MÁS\ Liberland\ Presentación liberland.pdf, Presentación liberland.pdf,Kant y el Pensamiento Liberal Contemporáneo.pdf,64.3,Jasay - Liberalismo en sentido amplio y en sentido estricto.pdf,56.5
D:\Documentos\Acracia\Biblioteca Acracia\  😬 Libros FALTANTES\ Unión Editorial\Clásicos de la Libertad\_ensayos-de-teoria-economica-volumen-i.jpg,_ensayos-de-teoria-economica-volumen-i.jpg,title,ensayos de teoria economica volumen i,review,76.5,partial+overlap,D:\Documentos\Acracia\Biblioteca Acracia\   👀 TEMAS\   💱 ECONOMÍA\ 🪙 Historia Económica\Skousen - La Formación de la Teoria Económica Moderna.pdf,Skousen - La Formación de la Teoria Económica Moderna.pdf,Bylund - Cómo pensar la teoría económica.pdf,75.0,Propósitos y genealogía de la Teoría Económica Neoclásica. Apuntes críticos. 1ª Parte .pdf,74.3
D:\Documentos\Acracia\Biblioteca Acracia\  😬 Libros FALTANTES\ Unión Editorial\Colección Avance\Guia-de-la-Libertad-para-principiantes.jpg,Guia-de-la-Libertad-para-principiantes.jpg,title,guia de la libertad para principiantes,auto,90.6,token_set+overlap,D:\Documentos\Acracia\Biblioteca Acracia\      😱 NUEVO 2026\ 🗓️ NUEVO 2025\ Guía de la accion humana para principiantes.pdf, Guía de la accion humana para principiantes.pdf,Libertad de la acción.pdf,80.0,Guia de Armas.pdf,78.3
D:\Documentos\Acracia\Biblioteca Acracia\  😬 Libros FALTANTES\ Unión Editorial\Colección La Antorcha\71RQGIcbh-L._SY466_.jpg,71RQGIcbh-L._SY466_.jpg,title,71rqgicbh l sy466,no_match,48.0,partial,D:\Documentos\Acracia\Biblioteca Acracia\   👀 TEMAS\   💱 ECONOMÍA\ 🏛️ Intervencionismo\Crisis y ciclos\J.Ch.Say-Listy.pdf,J.Ch.Say-Listy.pdf,koebrich_samuel.pdf,46.2,Kohlhaas - Heinrich von Kleist.pdf,43.8
D:\Documentos\Acracia\Biblioteca Acracia\  😬 Libros FALTANTES\ Unión Editorial\Colección La Antorcha\como-se-razona-en-filosofia.jpg,como-se-razona-en-filosofia.jpg,title,como se razona en filosofia,no_match,69.6,partial,"D:\Documentos\Acracia\Biblioteca Acracia\   👀 TEMAS\    💛 LIBERTAD\   Ⓐ Anarquismo\Artículos\Sobran - Anarquismo, razón e historia.pdf","Sobran - Anarquismo, razón e historia.pdf",SANTO TOMÁS DE AQUINO EN LA FILOSOFÍA DEL DERECHO.pdf,66.7,Simmons - El Anarquismo Filosófico.pdf,63.0
D:\Documentos\Acracia\Biblioteca Acracia\  😬 Libros FALTANTES\ Unión Editorial\Colección La Antorcha\El-amanecer-de-la-libertad.jpg,El-amanecer-de-la-libertad.jpg,title,el amanecer de la libertad,auto,100.0,token_set+overlap,D:\Documentos\Acracia\Biblioteca Acracia\     ✍️ EDITORIAL Acraci\👥 Comunidad\MacGyver - El Amanecer de la Libertad_ La Sociedad Post-Estatista.pdf,MacGyver - El Amanecer de la Libertad_ La Sociedad Post-Estatista.pdf,KANT Y EL PROBLEMA DE LA LIBERTAD.pdf,81.8,Libertad de la acción.pdf,80.0
D:\Documentos\Acracia\Biblioteca Acracia\  😬 Libros FALTANTES\ Unión Editorial\Colección La Antorcha\EL-ESTADO-MODERNO-2.jpg,EL-ESTADO-MODERNO-2.jpg,title,el estado moderno 2,auto,98.4,token_set+overlap,D:\Documentos\Acracia\Biblioteca Acracia\   👀 TEMAS\   🏛️ ESTATISMO\Artículos\Hoppe - Cómo combatir el Estado moderno.pdf,Hoppe - Cómo combatir el Estado moderno.pdf,El Estado en El Tercer Milenio.pdf,81.2,El Estado mínimo frente a las inmunidades_del poder_ Una concepción jurídica desde la _Escuela Austriaca (José María Pernas Alonso).pdf,77.8
D:\Documentos\Acracia\Biblioteca Acracia\  😬 Libros FALTANTES\ Unión Editorial\Colección La Antorcha\lecciones-de-historia-del-pensamiento-politico-volumen-ii.jpg,lecciones-de-historia-del-pensamiento-politico-volumen-ii.jpg,title,lecciones de historia del pensamiento politico volumen ii,review,83.1,partial+overlap,D:\Documentos\Acracia\Biblioteca Acracia\   👀 TEMAS\  🧑‍⚖️ DERECHO y JUSTICIA\  Propiedad\Artículos\Carreiro - Libertad y Propiedad en la Historia del Pensamiento Político.pdf,Carreiro - Libertad y Propiedad en la Historia del Pensamiento Político.pdf,Hayek - Historia Economica y Pensamiento Politico.pdf,82.3, Rothbard - Historia del Pensamiento Económico II.pdf,78.0
D:\Documentos\Acracia\Biblioteca Acracia\  😬 Libros FALTANTES\ Unión Editorial\Colección La Antorcha\leo-strauss-sobre-cristianismo-liberalismo-y-economia-1.jpg,leo-strauss-sobre-cristianismo-liberalismo-y-economia-1.jpg,title,leo strauss sobre cristianismo liberalismo y economia 1,review,77.8,partial,D:\Documentos\Acracia\Biblioteca Acracia\      😱 NUEVO 2026\🗓️ 2023-2024\ Nuevo 2024\ Enero-Junio\Marzo - Abril\Quispe - Liberalismo.pdf,Quispe - Liberalismo.pdf,Observaciones sobre Kant y el _liberalismo.pdf,67.4,Economía familiar.pdf,66.7
D:\Documentos\Acracia\Biblioteca Acracia\  😬 Libros FALTANTES\ Unión Editorial\Colección La Antorcha\Organizaciones.jpg,Organizaciones.jpg,title,organizaciones,auto,100.0,token_set,D:\Documentos\Acracia\Biblioteca Acracia\    🤓 AUTORES\   CATEGORÍAS\  🌗 Ancaps-Voluntaristas\ Bryan Caplan\Artículos cortos\Caplan - Las organizaciones benéficas de inmigración deberían aprender a amar el mercado negro(1).pdf,Caplan - Las organizaciones benéficas de inmigración deberían aprender a amar el mercado negro(1).pdf,Caplan - Las organizaciones benéficas de inmigración deberían aprender a amar el mercado negro.pdf,100.0,Psicología de las organizaciones.pdf,100.0
D:\Documentos\Acracia\Biblioteca Acracia\  😬 Libros FALTANTES\ Unión Editorial\Colección La Antorcha\TURGOT.jpg,TURGOT.jpg,title,turgot,auto,100.0,token_set,"D:\Documentos\Acracia\Biblioteca Acracia\      😱 NUEVO 2026\🗓️ 2023-2024\ Nuevo 2023\Enero-Junio\Febrero\Turgot, el ultimo ilustrado - Paloma de la Nuez.pdf","Turgot, el ultimo ilustrado - Paloma de la Nuez.pdf", Gurgaon.pdf,66.7,Gurgaon.pdf,66.7
D:\Documentos\Acracia\Biblioteca Acracia\  😬 Libros FALTANTES\ Unión Editorial\CREADORES-DE-RIQUEZA.jpg,CREADORES-DE-RIQUEZA.jpg,title,creadores de riqueza,review,75.0,token_set,D:\Documentos\Acracia\Biblioteca Acracia\      😱 NUEVO 2026\🗓️ 2023-2024\ Nuevo 2024\ Enero-Junio\Enero\Briceño - Empresas ¿Creadores o Satisfactoras de Necesidades_.pdf,Briceño - Empresas ¿Creadores o Satisfactoras de Necesidades_.pdf,Prejuicios étnicos y diferencias de riqueza_ ¿lleva lo primero a lo segundo_.pdf,75.0,Lachmann - El Mercado y la Distribucion de la Riqueza.pdf,68.4
D:\Documentos\Acracia\Biblioteca Acracia\  😬 Libros FALTANTES\ Unión Editorial\Cristianismo y Economía de Mercado\51S2+DcRxFL._SY466_.jpg,51S2+DcRxFL._SY466_.jpg,title,51s2 dcrxfl sy466,no_match,40.0,partial,D:\Documentos\Acracia\Biblioteca Acracia\   👀 TEMAS\➕ TEMAS VARIOS\  🔫 Armas\Armas Curso - A.pdf,Armas Curso - A.pdf,downs_cap-1-2-3-y-7.pdf,38.9,Las sagas nórdicas.pdf,37.0
D:\Documentos\Acracia\Biblioteca Acracia\  😬 Libros FALTANTES\ Unión Editorial\Cristianismo y Economía de Mercado\CRIMEN DE ESTADO.jpg,CRIMEN DE ESTADO.jpg,title,crimen de estado,auto,93.7,token_set+overlap,D:\Documentos\Acracia\Biblioteca Acracia\   👀 TEMAS\➕ TEMAS VARIOS\ 🪖 Guerra y Terrorismo\ Charles Tilly - Guerra y Construcción del Estado como Crimen Organizado.pdf, Charles Tilly - Guerra y Construcción del Estado como Crimen Organizado.pdf,Bastos - La acción colectiva en ausencia de Estado.pdf,82.8,Lucha no violenta contra Golpes de Estado.pdf,78.6
D:\Documentos\Acracia\Biblioteca Acracia\  😬 Libros FALTANTES\ Unión Editorial\Cristianismo y Economía de Mercado\Globalización y generación de riqueza.png,Globalización y generación de riqueza.png,title,globalizacion y generacion de riqueza,no_match,69.2,token_set,D:\Documentos\Acracia\Biblioteca Acracia\   👀 TEMAS\➕ TEMAS VARIOS\🏚️ Pobreza\Artículos cortos\Riqueza y Pobreza.pdf,Riqueza y Pobreza.pdf,Hayek - La Desnacionalización del Dinero.pdf,64.0,El Orden Espontáneo de la Globalización.pdf,63.2
D:\Documentos\Acracia\Biblioteca Acracia\  😬 Libros FALTANTES\ Unión Editorial\Cristianismo y Economía de Mercado\Los Ricos ante la Opinión Pública - Rainer Zitelmann.jpg,Los Ricos ante la Opinión Pública - Rainer Zitelmann.jpg,title,los ricos ante la opinion publica rainer zitelmann,review,76.1,token_set+overlap,"D:\Documentos\Acracia\Biblioteca Acracia\      😱 NUEVO 2026\🗓️ 2023-2024\ Nuevo 2024\Kaiser y Zitelmann - El Odio a los Ricos_ Igualitarismo, decadencia económica y percepción pública.pdf","Kaiser y Zitelmann - El Odio a los Ricos_ Igualitarismo, decadencia económica y percepción pública.pdf", Hazlitt - Los Errores de la Nueva Economía.pdf,57.8,"Rothbard - El reino viene, la política del milenio.pdf",57.7
D:\Documentos\Acracia\Biblioteca Acracia\  😬 Libros FALTANTES\ Unión Editorial\Cristianismo y Economía de Mercado\Un-liberal-cristiano.jpg,Un-liberal-cristiano.jpg,title,un liberal cristiano,no_match,68.8,partial,D:\Documentos\Acracia\Biblioteca Acracia\      😱 NUEVO 2026\ 🗓️ NUEVO 2025\  📅 MESES 2025\   Febrero\Constitución Libertaria.pdf,Constitución Libertaria.pdf,Adriá - ¿Qué es el Liberalismo_.pdf,68.8,Rothbard - Confesiones de un liberal de derecha.pdf,66.7
D:\Documentos\Acracia\Biblioteca Acracia\  😬 Libros FALTANTES\ Unión Editorial\Cuadernos Liberales\EL MISTERIO DEL DINERO.jpeg,EL MISTERIO DEL DINERO.jpeg,title,el misterio del dinero,review,77.4,partial,D:\Documentos\Acracia\Biblioteca Acracia\   👀 TEMAS\   💱 ECONOMÍA\Menger - El Dinero.pdf,Menger - El Dinero.pdf,Mises - La Teoria del Dinero y del Credito.pdf,77.3,Mises - La Teoria del Dinero y del Crédito.pdf,77.3
D:\Documentos\Acracia\Biblioteca Acracia\  😬 Libros FALTANTES\ Unión Editorial\Cuadernos Liberales\EL PAPA FRANCISCO. LA SOCIEDAD ABIERTA Y LA DOCTRINA SOCIAL DE LA IGLESIA.jpg,EL PAPA FRANCISCO. LA SOCIEDAD ABIERTA Y LA DOCTRINA SOCIAL DE LA IGLESIA.jpg,title,el papa francisco la sociedad abierta y la doctrina social de la iglesia,no_match,70.7,token_set+overlap,D:\Documentos\Acracia\Biblioteca Acracia\    🤓 AUTORES\   CATEGORÍAS\  🌗 Ancaps-Voluntaristas\ Jeffrey Tucker\J. Tucker - Francisco olvida el legado libertario de la Iglesia.pdf,J. Tucker - Francisco olvida el legado libertario de la Iglesia.pdf,Minsky - La Sociedad de la Mente.pdf,68.3,Bylund - La elección de la sociedad_ asistencia social general o igualdad.pdf,67.2
D:\Documentos\Acracia\Biblioteca Acracia\  😬 Libros FALTANTES\ Unión Editorial\Cuadernos Liberales\Espana-y-la-decada-perdida.jpg,Espana-y-la-decada-perdida.jpg,title,espana y la decada perdida,review,83.1,token_set+overlap,D:\Documentos\Acracia\Biblioteca Acracia\   👀 TEMAS\   💱 ECONOMÍA\➕ Más\La Decada Perdida de Occidente Un Manifiesto Contra la Gran Recesion.pdf,La Decada Perdida de Occidente Un Manifiesto Contra la Gran Recesion.pdf,Mises - La Pérdida y la Ganancia Empresarial.pdf,63.2,Riggenbach - Anarquismo y terrorismo en la década de 1890.pdf,60.9
D:\Documentos\Acracia\Biblioteca Acracia\  😬 Libros FALTANTES\ Unión Editorial\Cuadernos Liberales\LA UNIÓN EUROPEA EN LA ENCRUCIJADA.jpg,LA UNIÓN EUROPEA EN LA ENCRUCIJADA.jpg,title,la union europea en la encrucijada,review,84.2,partial,D:\Documentos\Acracia\Biblioteca Acracia\      😱 NUEVO 2026\ 🗓️ NUEVO 2025\  📅 MESES 2025\Agosto\Europa-en-la-encrucijada-digital.pdf,Europa-en-la-encrucijada-digital.pdf,La Union Europea en Defensa de la Incompetencia.pdf,80.4,Huerta - La japonización de la Unión Europea.pdf,72.6
D:\Documentos\Acracia\Biblioteca Acracia\  😬 Libros FALTANTES\ Unión Editorial\Cuadernos Liberales\La-batalla-contra-la-pobreza-y-la-desigualdad.jpg,La-batalla-contra-la-pobreza-y-la-desigualdad.jpg,title,la batalla contra la pobreza y la desigualdad,no_match,69.5,token_set+overlap,D:\Documentos\Acracia\Biblioteca Acracia\      😱 NUEVO 2026\ 🗓️ NUEVO 2025\➕ Varios\La trinchera de las letras- La batalla cultural contra la libertad y el conocimiento (Juan Soto Ivars).pdf,La trinchera de las letras- La batalla cultural contra la libertad y el conocimiento (Juan Soto Ivars).pdf,"La pobreza del estatismo. Anarquismo contra marxismo, un debate (1981) – Nikolai Bukharin, Luigi Fabbri, Rudolf Rocker y Albert Meltzer.pdf",69.5,Riqueza y Pobreza.pdf,69.2
D:\Documentos\Acracia\Biblioteca Acracia\  😬 Libros FALTANTES\ Unión Editorial\Cuadernos Liberales\La-Escuela-Austriaca-en-los-negocios.jpg,La-Escuela-Austriaca-en-los-negocios.jpg,title,la escuela austriaca en los negocios,auto,100.0,token_set+overlap,D:\Documentos\Acracia\Biblioteca Acracia\      😱 NUEVO 2026\🗓️ 2023-2024\ Nuevo 2023\ Julio-Diciembre\ Noviembre\Escuela Austriaca.pdf,Escuela Austriaca.pdf,Escuela Austriaca.pdf,100.0,La Escuela Austriaca_.pdf,100.0
D:\Documentos\Acracia\Biblioteca Acracia\  😬 Libros FALTANTES\ Unión Editorial\Cuadernos Liberales\La-revolucion-capitalista-de-China.jpg,La-revolucion-capitalista-de-China.jpg,title,la revolucion capitalista de china,review,81.0,partial,D:\Documentos\Acracia\Biblioteca Acracia\   👀 TEMAS\ 👥 SOCIEDAD\Descentralización\La Revolución Blockchain.pdf,La Revolución Blockchain.pdf,Anarquistas en la Revolución China – Arif Dirlik.pdf,76.5,El-mito-de-la-Revolucion-Industrial.pdf,69.6
D:\Documentos\Acracia\Biblioteca Acracia\  😬 Libros FALTANTES\ Unión Editorial\Cuadernos Liberales\sxhfdxh.jpg,sxhfdxh.jpg,title,sxhfdxh,no_match,50.0,partial,D:\Documentos\Acracia\Biblioteca Acracia\   👀 TEMAS\   💱 ECONOMÍA\ 🏛️ Intervencionismo\Crisis y ciclos\En inglés\Schiff - Crash Proof.pdf,Schiff - Crash Proof.pdf, Kokesh - Freedom.pdf,42.9,Butler D. Shaffer.pdf,42.9
D:\Documentos\Acracia\Biblioteca Acracia\  😬 Libros FALTANTES\ Unión Editorial\Cuadernos Liberales\¿ES LA INFLACIÓN LA PRÓXIMA AMENAZA_.jpg,¿ES LA INFLACIÓN LA PRÓXIMA AMENAZA_.jpg,title,es la inflacion la proxima amenaza,auto,100.0,token_set,D:\Documentos\Acracia\Biblioteca Acracia\    🤓 AUTORES\   CATEGORÍAS\  🌗 Ancaps-Voluntaristas\José Hernández Cabrera\Inflación.pdf,Inflación.pdf, Rojas - La Inflación como Delito.pdf,68.1,La financiación privada de carreteras.pdf,61.8
D:\Documentos\Acracia\Biblioteca Acracia\  😬 Libros FALTANTES\ Unión Editorial\Derecho y Libertad\_ Individuo y Sociedad - Ricardo M. Rojas.jpg,_ Individuo y Sociedad - Ricardo M. Rojas.jpg,title,individuo y sociedad ricardo m rojas,auto,100.0,token_set+overlap,D:\Documentos\Acracia\Biblioteca Acracia\   👀 TEMAS\ 👥 SOCIEDAD\Rojas - Individuo y Sociedad.pdf,Rojas - Individuo y Sociedad.pdf,El Amanecer (Ricardo Manuel Rojas).pdf,73.2,"Montse - Hombre, Mercado y Sociedad Civil.pdf",67.6
D:\Documentos\Acracia\Biblioteca Acracia\  😬 Libros FALTANTES\ Unión Editorial\Derecho y Libertad\JUSTICIA A LA VENTA DESCUBRE EL PRECIO DE LA CORRUPCIÓN.jpg,JUSTICIA A LA VENTA DESCUBRE EL PRECIO DE LA CORRUPCIÓN.jpg,title,justicia a la venta descubre el precio de la corrupcion,no_match,66.7,partial,D:\Documentos\Acracia\Biblioteca Acracia\   👀 TEMAS\  🧑‍⚖️ DERECHO y JUSTICIA\Capella - Justicia.pdf,Capella - Justicia.pdf,La Desobediencia Civil como recurso de la Sociedad Civil para el Alcance de la Justicia.pdf,61.3,La Escuela de Chicago en Chile_ Una Perspectiva Histórica.pdf,61.1
D:\Documentos\Acracia\Biblioteca Acracia\  😬 Libros FALTANTES\ Unión Editorial\Derecho y Libertad\LA SUPRESIÓN DE LA PROPIEDAD COMO CRIMEN DE LESA HUMANIDAD. EL CASO VENEZUELA.jpg,LA SUPRESIÓN DE LA PROPIEDAD COMO CRIMEN DE LESA HUMANIDAD. EL CASO VENEZUELA.jpg,title,la supresion de la propiedad como crimen de lesa humanidad el caso venezuela,no_match,70.6,token_set,D:\Documentos\Acracia\Biblioteca Acracia\   👀 TEMAS\  🧑‍⚖️ DERECHO y JUSTICIA\  Propiedad\Autopropiedad\Propiedad de uno mismo.pdf,Propiedad de uno mismo.pdf,Molinari - Defensa de La Propiedad.pdf,70.0,Capella - Derecho de Propiedad.pdf,67.9
D:\Documentos\Acracia\Biblioteca Acracia\  😬 Libros FALTANTES\ Unión Editorial\Derecho y Libertad\la-decision-judicial-y-la-certidumbre-juridica.jpg,la-decision-judicial-y-la-certidumbre-juridica.jpg,title,la decision judicial y la certidumbre juridica,no_match,58.8,partial,D:\Documentos\Acracia\Biblioteca Acracia\  Briceño - Sistema judicial_ ¿Garantía de justicia_.pdf,  Briceño - Sistema judicial_ ¿Garantía de justicia_.pdf, Ley y justicia en la sociedad celta irlandesa.pdf,56.8,Capella - Filosofía Moral y Jurídica.pdf,56.2
D:\Documentos\Acracia\Biblioteca Acracia\  😬 Libros FALTANTES\ Unión Editorial\EL-PODER-FISCAL.jpg,EL-PODER-FISCAL.jpg,title,el poder fiscal,review,76.9,partial,"D:\Documentos\Acracia\Biblioteca Acracia\      😱 NUEVO 2026\🗓️ 2023-2024\ Nuevo 2023\Enero-Junio\Febrero\El poder, el estado, la liberta - Angelo Panebianco.pdf","El poder, el estado, la liberta - Angelo Panebianco.pdf",Capital erótico El poder de fascinar a .pdf,73.3,El Estado mínimo frente a las inmunidades_del poder_ Una concepción jurídica desde la _Escuela Austriaca (José María Pernas Alonso).pdf,69.6
D:\Documentos\Acracia\Biblioteca Acracia\  😬 Libros FALTANTES\ Unión Editorial\Empresa Familiar\EMPRESAS-FAMILIARES.jpg,EMPRESAS-FAMILIARES.jpg,title,empresas familiares,no_match,70.6,partial,D:\Documentos\Acracia\Biblioteca Acracia\➕ MÁS\👦 Infantiles\Economía familiar.pdf,Economía familiar.pdf,Briceño - Empresas ¿Creadores o Satisfactoras de Necesidades_.pdf,68.4,Rothbard - La era Progresista y la Familia.pdf,64.3
D:\Documentos\Acracia\Biblioteca Acracia\  😬 Libros FALTANTES\ Unión Editorial\Empresa Familiar\la-educacion-econommica-de-las-empresas-familiars1-95c3.png,la-educacion-econommica-de-las-empresas-familiars1-95c3.png,title,la educacion econommica de las empresas familiars1 95c3,review,82.4,partial,D:\Documentos\Acracia\Biblioteca Acracia\   👀 TEMAS\➕ TEMAS VARIOS\  🏫 Educación\Artículos\LA EDUCACIÓN ESTATAL.pdf,LA EDUCACIÓN ESTATAL.pdf,Historia Económica de la Empresarialidad.PDF,75.0,Bylund - La teoría económica de la empresa.pdf,74.4
D:\Documentos\Acracia\Biblioteca Acracia\  😬 Libros FALTANTES\ Unión Editorial\Empresa Familiar\la-importancia-del-empresario-familiar-en-la-riqueza-de.png,la-importancia-del-empresario-familiar-en-la-riqueza-de.png,title,la importancia del empresario familiar en la riqueza de,no_match,71.6,token_set,D:\Documentos\Acracia\Biblioteca Acracia\    🤓 AUTORES\   CATEGORÍAS\  🌗 Ancaps-Voluntaristas\Daniel Carreiro\¿Quién es el principal enemigo de la familia_.pdf,¿Quién es el principal enemigo de la familia_.pdf,Riqueza y Pobreza.pdf,66.7,Historia Económica de la Empresarialidad.PDF,64.9
D:\Documentos\Acracia\Biblioteca Acracia\  😬 Libros FALTANTES\ Unión Editorial\Empresa Familiar\Lecturas-para-una-teoria-economica.jpg,Lecturas-para-una-teoria-economica.jpg,title,lecturas para una teoria economica,review,82.0,partial+overlap,D:\Documentos\Acracia\Biblioteca Acracia\   👀 TEMAS\   💱 ECONOMÍA\  😃 Economía Inicial\Artículos\Bylund - Cómo pensar la teoría económica.pdf,Bylund - Cómo pensar la teoría económica.pdf,Crítica de la teoría económica neoclásica.pdf,75.9,La teoría económica neoclásica y los instrumentos de política ambiental.pdf,75.7
D:\Documentos\Acracia\Biblioteca Acracia\  😬 Libros FALTANTES\ Unión Editorial\Empresa Familiar\Teoría económica de la empresa.jpg,Teoría económica de la empresa.jpg,title,teoria economica de la empresa,auto,100.0,token_set+overlap,D:\Documentos\Acracia\Biblioteca Acracia\    🤓 AUTORES\   CATEGORÍAS\  🌗 Ancaps-Voluntaristas\Per L. Bylund\Artículos cortos\Bylund - La teoría económica de la empresa.pdf,Bylund - La teoría económica de la empresa.pdf,Historia Económica de la Empresarialidad.PDF,96.7,Crítica de la teoría económica neoclásica.pdf,88.6
D:\Documentos\Acracia\Biblioteca Acracia\  😬 Libros FALTANTES\ Unión Editorial\filosofixxa-para-filoxxsofos.jpg,filosofixxa-para-filoxxsofos.jpg,title,filosofixxa para filoxxsofos,no_match,63.2,partial,D:\Documentos\Acracia\Biblioteca Acracia\➕ MÁS\👦 Infantiles\Economía para Niños.pdf,Economía para Niños.pdf,Finanzas para Ninos.pdf,63.2,FINANZAS PARA NIÑOS.pdf,63.2
D:\Documentos\Acracia\Biblioteca Acracia\  😬 Libros FALTANTES\ Unión Editorial\IMG_20250415_154341.jpg,IMG_20250415_154341.jpg,camera,img 20250415 154341,skip_camera,0,none,,,,,,
D:\Documentos\Acracia\Biblioteca Acracia\  😬 Libros FALTANTES\ Unión Editorial\IMG_20250416_162447.jpg,IMG_20250416_162447.jpg,camera,img 20250416 162447,skip_camera,0,none,,,,,,
D:\Documentos\Acracia\Biblioteca Acracia\  😬 Libros FALTANTES\ Unión Editorial\La sabiduría de Henry Hazlitt.jpg,La sabiduría de Henry Hazlitt.jpg,title,la sabiduria de henry hazlitt,review,88.2,partial+overlap,D:\Documentos\Acracia\Biblioteca Acracia\    🤓 AUTORES\   CATEGORÍAS\  🌗 Ancaps-Voluntaristas\ Lew Rockwell\Rockwell - Una biografía de Henry Hazlitt.pdf,Rockwell - Una biografía de Henry Hazlitt.pdf,Deist - El libro olvidado de Henry Hazlitt sobre la fuerza de voluntad.pdf,83.2,Deist - La grandeza (aparentemente simple) de Henry Hazlitt.pdf,83.2
D:\Documentos\Acracia\Biblioteca Acracia\  😬 Libros FALTANTES\ Unión Editorial\La-familia-en-la-actualidad-1.jpg,La-familia-en-la-actualidad-1.jpg,title,la familia en la actualidad 1,no_match,72.4,partial,"D:\Documentos\Acracia\Biblioteca Acracia\   👀 TEMAS\➕ TEMAS VARIOS\👨‍👩‍👧‍👦 Familia\La formación de la familia, la fertilidad y el fracaso_ una reseña de la literatura sobre el aumento de los precios y su impacto en la institución de la familia.pdf","La formación de la familia, la fertilidad y el fracaso_ una reseña de la literatura sobre el aumento de los precios y su impacto en la institución de la familia.pdf",Gordon - Jefferson sobre la familia y la libertad.pdf,71.7,"Cómo detectar mentiras  Una guía para utilizar en el trabajo, la política y la familia 55 (Paul Ekman).pdf",66.7
D:\Documentos\Acracia\Biblioteca Acracia\  😬 Libros FALTANTES\ Unión Editorial\la-libertad-de-emision-del-dinero-bancario.jpg,la-libertad-de-emision-del-dinero-bancario.jpg,title,la libertad de emision del dinero bancario,review,81.5,partial,D:\Documentos\Acracia\Biblioteca Acracia\   👀 TEMAS\    💛 LIBERTAD\Capella - Libertad.pdf,Capella - Libertad.pdf,Libertad de la acción.pdf,80.0,Sobre la Libertad de Kant.pdf,75.0
D:\Documentos\Acracia\Biblioteca Acracia\  😬 Libros FALTANTES\ Unión Editorial\la-teoria-austriaca-del-valor-el-capital-y-el-interes.jpg,la-teoria-austriaca-del-valor-el-capital-y-el-interes.jpg,title,la teoria austriaca del valor el capital y el interes,review,84.9,partial+overlap,D:\Documentos\Acracia\Biblioteca Acracia\   👀 TEMAS\   💱 ECONOMÍA\➕ Más\Economía Avanzada\Bawerk - Capital e Interés.pdf,Bawerk - Capital e Interés.pdf, Hayek - Teoría Pura del Capital.pdf,80.6,Rothbard - La Teoría Austriaca del Dinero.pdf,80.2
D:\Documentos\Acracia\Biblioteca Acracia\  😬 Libros FALTANTES\ Unión Editorial\Laissez-Faire\Adam-Smith-Resumido.jpg,Adam-Smith-Resumido.jpg,title,adam smith resumido,review,78.4,token_set+overlap,D:\Documentos\Acracia\Biblioteca Acracia\    🤓 AUTORES\   CATEGORÍAS\  🌗 Ancaps-Voluntaristas\  Jesús Huerta de Soto\Artículos\Artículos cortos\Huerta - Premio Adam Smith.pdf,Huerta - Premio Adam Smith.pdf, Adam Smith_ La riqueza de las naciones y la teoría de los sentimientos morales.pdf,78.3,Adam Smith - La mano invisible.pdf,77.3
D:\Documentos\Acracia\Biblioteca Acracia\  😬 Libros FALTANTES\ Unión Editorial\Laissez-Faire\El-rostro-humano-del-capitalismo-global.jpg,El-rostro-humano-del-capitalismo-global.jpg,title,el rostro humano del capitalismo global,auto,100.0,token_set,D:\Documentos\Acracia\Biblioteca Acracia\    🤓 AUTORES\   CATEGORÍAS\  🌗 Ancaps-Voluntaristas\José Hernández Cabrera\Capitalismo.pdf,Capitalismo.pdf,MAÑANA EL CAPITALISMO.pdf,85.7,Norberg - En defensa del Capitalismo Global.pdf,82.8
D:\Documentos\Acracia\Biblioteca Acracia\  😬 Libros FALTANTES\ Unión Editorial\Laissez-Faire\La-amenaza-de-huelga.jpg,La-amenaza-de-huelga.jpg,title,la amenaza de huelga,review,80.0,partial,D:\Documentos\Acracia\Biblioteca Acracia\      😱 NUEVO 2026\🗓️ 2023-2024\ Nuevo 2024\ Julio-Diciembre\Octubre\No sólo es Soros La amenaza del globalismo totalitario en tiempos del coronavirus (Juan Antonio de Castro).pdf,No sólo es Soros La amenaza del globalismo totalitario en tiempos del coronavirus (Juan Antonio de Castro).pdf,Rothbard - La amenaza del culto espacial.pdf,80.0,Psicologia De La Amenaza Politica Y El Miedo (Lira Kornfeld Elizabeth).pdf,78.8
D:\Documentos\Acracia\Biblioteca Acracia\  😬 Libros FALTANTES\ Unión Editorial\Laissez-Faire\la-contratacion-colectiva.jpg,la-contratacion-colectiva.jpg,title,la contratacion colectiva,review,81.8,partial,D:\Documentos\Acracia\Biblioteca Acracia\   👀 TEMAS\   💱 ECONOMÍA\ 📚 Escuelas\ Public Choice\La Logica de la Accion Colectiva.pdf,La Logica de la Accion Colectiva.pdf,Olson Marcur - La Logica De La Accion Colectiva.pdf,81.8,Caplan - La lógica de la acción colectiva.pdf,81.8
D:\Documentos\Acracia\Biblioteca Acracia\  😬 Libros FALTANTES\ Unión Editorial\Laissez-Faire\PRINCIPIOS-LIBERALES.jpg,PRINCIPIOS-LIBERALES.jpg,title,principios liberales,review,85.0,partial,D:\Documentos\Acracia\Biblioteca Acracia\    🤓 AUTORES\   CATEGORÍAS\  🌗 Ancaps-Voluntaristas\  Jesús Huerta de Soto\Huerta - Los Principios de Liberalismo.pdf,Huerta - Los Principios de Liberalismo.pdf,Principios generales de una sociedad libre para fortalecer el orden espontáneo del mercado.pdf,85.0, Principios basicos de la Escuel - Gabriel J. Zanotti.pdf,82.4
D:\Documentos\Acracia\Biblioteca Acracia\  😬 Libros FALTANTES\ Unión Editorial\lecciones-breves-de-una-crisis-economica-2007-2014.jpg,lecciones-breves-de-una-crisis-economica-2007-2014.jpg,title,lecciones breves de una crisis economica 2007 2014,no_match,73.5,partial+overlap,D:\Documentos\Acracia\Biblioteca Acracia\    🤓 AUTORES\   CATEGORÍAS\  🌗 Ancaps-Voluntaristas\Antony P. Mueller\Artículos cortos\Mueller - Rothbard explica cómo recuperarse de una crisis económica.pdf,Mueller - Rothbard explica cómo recuperarse de una crisis económica.pdf,Mises - Las Causas de la Crisis Economica.pdf,73.2,Block - Trump puede asegurar una recuperación económica en forma de V atendiendo a las lecciones de 1921.pdf,72.4
D:\Documentos\Acracia\Biblioteca Acracia\  😬 Libros FALTANTES\ Unión Editorial\Monografías\Bienestar-para-todos.jpg,Bienestar-para-todos.jpg,title,bienestar para todos,review,75.0,partial,D:\Documentos\Acracia\Biblioteca Acracia\    🤓 AUTORES\   CATEGORÍAS\  🌗 Ancaps-Voluntaristas\  Murray Rothbard\ Ensayos\Rothbard - Origenes del Estado del Bienestar en Estados Unidos.pdf,Rothbard - Origenes del Estado del Bienestar en Estados Unidos.pdf,Economía para todos - Roberto Cachanosky(1).pdf,71.8,Economía para todos - Roberto Cachanosky.pdf,71.8
D:\Documentos\Acracia\Biblioteca Acracia\  😬 Libros FALTANTES\ Unión Editorial\Monografías\Cartas-de-un-culpable-liberal.jpg,Cartas-de-un-culpable-liberal.jpg,title,cartas de un culpable liberal,no_match,64.0,partial,D:\Documentos\Acracia\Biblioteca Acracia\    🤓 AUTORES\   CATEGORÍAS\  🌗 Ancaps-Voluntaristas\ Lew Rockwell\Rockwell - La Crisis de la Libertad.pdf,Rockwell - La Crisis de la Libertad.pdf,Las categorías de la libertad en Kant.pdf,63.2,Tucu - De la Libertad a los Liberales.pdf,62.5
D:\Documentos\Acracia\Biblioteca Acracia\  😬 Libros FALTANTES\ Unión Editorial\Monografías\CONTRA-EL-INTERVENCIONISMO.jpg,CONTRA-EL-INTERVENCIONISMO.jpg,title,contra el intervencionismo,auto,100.0,token_set,D:\Documentos\Acracia\Biblioteca Acracia\      😱 NUEVO 2026\🗓️ 2023-2024\ Nuevo 2023\Enero-Junio\Junio\El Intervencionismo.pdf,El Intervencionismo.pdf,Mises - Critica del Intervencionismo.pdf,89.8,La trampa del intervencionismo_ Por qué fracasa la política económica de nuestro tiempo (Resumen de Crítica del intervencionismo).pdf,89.8
D:\Documentos\Acracia\Biblioteca Acracia\  😬 Libros FALTANTES\ Unión Editorial\Monografías\Desde-la-Libertad.jpg,Desde-la-Libertad.jpg,title,desde la libertad,auto,100.0,token_set+overlap,D:\Documentos\Acracia\Biblioteca Acracia\   👀 TEMAS\ 🏰 HISTORIA\Artículos\Matthews - Lecciones de libertad económica desde la antigua Grecia.pdf,Matthews - Lecciones de libertad económica desde la antigua Grecia.pdf,KANT Y EL PROBLEMA DE LA LIBERTAD.pdf,90.3,"Kant, el Filósofo de la Libertad_.pdf",90.3
D:\Documentos\Acracia\Biblioteca Acracia\  😬 Libros FALTANTES\ Unión Editorial\Monografías\Escritos-liberales.jpg,Escritos-liberales.jpg,title,escritos liberales,review,82.4,partial,D:\Documentos\Acracia\Biblioteca Acracia\   👀 TEMAS\   🏛️ ESTATISMO\ Tipos de Estatismos\👮‍♂️ Minarquismo\Giacomini - El Fracaso de las Constituciones Liberales.pdf,Giacomini - El Fracaso de las Constituciones Liberales.pdf,Tucu - De la Libertad a los Liberales.pdf,80.0,Panfletos liberales III (Carlos Rodríguez Braun).pdf,77.8
D:\Documentos\Acracia\Biblioteca Acracia\  😬 Libros FALTANTES\ Unión Editorial\Monografías\etica-clasicos.jpg,etica-clasicos.jpg,title,etica clasicos,no_match,72.7,token_set,"D:\Documentos\Acracia\Biblioteca Acracia\    🤓 AUTORES\   CATEGORÍAS\  🌗 Ancaps-Voluntaristas\Ryan McMaken\McMaken - Los liberales clásicos franceses secesionistas, Molinari y Dunoyer.pdf","McMaken - Los liberales clásicos franceses secesionistas, Molinari y Dunoyer.pdf", Capella - Ética.pdf,66.7,Marias_Escolastica.pdf,64.3
D:\Documentos\Acracia\Biblioteca Acracia\  😬 Libros FALTANTES\ Unión Editorial\Monografías\etica-economica.jpg,etica-economica.jpg,title,etica economica,review,88.9,partial,D:\Documentos\Acracia\Biblioteca Acracia\    🤓 AUTORES\   CATEGORÍAS\  🌗 Ancaps-Voluntaristas\  Jesús Huerta de Soto\Artículos\Huerta - Método y Crisis en la Ciencia Económica.pdf,Huerta - Método y Crisis en la Ciencia Económica.pdf,Herejías Económicas.pdf,86.7,Los Fundamentos de La Ciencia Económica - Faustino Ballvé.pdf,86.7
D:\Documentos\Acracia\Biblioteca Acracia\  😬 Libros FALTANTES\ Unión Editorial\Monografías\JUSTICIA A LA VENTA DESCUBRE EL PRECIO DE LA CORRUPCIÓN.jpg,JUSTICIA A LA VENTA DESCUBRE EL PRECIO DE LA CORRUPCIÓN.jpg,title,justicia a la venta descubre el precio de la corrupcion,no_match,66.7,partial,D:\Documentos\Acracia\Biblioteca Acracia\   👀 TEMAS\  🧑‍⚖️ DERECHO y JUSTICIA\Capella - Justicia.pdf,Capella - Justicia.pdf,La Desobediencia Civil como recurso de la Sociedad Civil para el Alcance de la Justicia.pdf,61.3,La Escuela de Chicago en Chile_ Una Perspectiva Histórica.pdf,61.1
D:\Documentos\Acracia\Biblioteca Acracia\  😬 Libros FALTANTES\ Unión Editorial\Monografías\POBREZA-Y-MERCADO.jpg,POBREZA-Y-MERCADO.jpg,title,pobreza y mercado,review,78.6,partial,D:\Documentos\Acracia\Biblioteca Acracia\      😱 NUEVO 2026\ 🗓️ NUEVO 2025\➕ Varios\KEVIN CARSON Y EL LIBRE MERCADO.pdf,KEVIN CARSON Y EL LIBRE MERCADO.pdf,Batalha - Ecologismo y Libre Mercado.pdf,78.6,Riqueza y Pobreza.pdf,70.6
D:\Documentos\Acracia\Biblioteca Acracia\  😬 Libros FALTANTES\ Unión Editorial\Nueva Biblioteca de la Libertad\61tJ6cfLDyL._SY466_.jpg,61tJ6cfLDyL._SY466_.jpg,title,61tj6cfldyl sy466,no_match,45.5,partial,D:\Documentos\Acracia\Biblioteca Acracia\   👀 TEMAS\➕ TEMAS VARIOS\  🔫 Armas\Impresión de Armas\ Cody Wilson.pdf, Cody Wilson.pdf,J.Ch.Say-Listy.pdf,42.9, Roy Childs.pdf,40.0
D:\Documentos\Acracia\Biblioteca Acracia\  😬 Libros FALTANTES\ Unión Editorial\Nueva Biblioteca de la Libertad\_EL-VERDADERO-LINCOLN.jpg,_EL-VERDADERO-LINCOLN.jpg,title,el verdadero lincoln,review,85.7,partial,D:\Documentos\Acracia\Biblioteca Acracia\      😱 NUEVO 2026\🗓️ 2023-2024\ Nuevo 2023\ Julio-Diciembre\Agosto\El Verdadero Liberalismo.pdf,El Verdadero Liberalismo.pdf,Caplan - La defensa del «verdadero X».pdf,76.5,Rothbard - El verdadero agresor.pdf,75.0
D:\Documentos\Acracia\Biblioteca Acracia\  😬 Libros FALTANTES\ Unión Editorial\Nueva Biblioteca de la Libertad\_La Educación y el Estado - E.G. West.jpg,_La Educación y el Estado - E.G. West.jpg,title,la educacion y el estado e g west,auto,100.0,token_set+overlap,D:\Documentos\Acracia\Biblioteca Acracia\   👀 TEMAS\➕ TEMAS VARIOS\  🏫 Educación\Artículos\Reseña de La Educación y El estado de E.G. West - Óscar Timón.pdf,Reseña de La Educación y El estado de E.G. West - Óscar Timón.pdf,El caso infundado de la educación estatal - E. G. West.pdf,88.2,LA EDUCACIÓN ESTATAL.pdf,81.1
D:\Documentos\Acracia\Biblioteca Acracia\  😬 Libros FALTANTES\ Unión Editorial\Nueva Biblioteca de la Libertad\_La soberanía del individuo - Pierre Lemieux.jpg,_La soberanía del individuo - Pierre Lemieux.jpg,title,la soberania del individuo pierre lemieux,no_match,73.9,partial,D:\Documentos\Acracia\Biblioteca Acracia\      😱 NUEVO 2026\🗓️ 2023-2024\ Nuevo 2024\ Enero-Junio\Junio\El individuo libertario.pdf,El individuo libertario.pdf,Lemieux - El Sentimiento Individualista.pdf,66.7,Bylund - Cómo la soberanía del consumidor y el emprendimiento trabajan juntos.pdf,65.9
D:\Documentos\Acracia\Biblioteca Acracia\  😬 Libros FALTANTES\ Unión Editorial\Nueva Biblioteca de la Libertad\_maxxs-allaxx-de-la-oferta-y-la-demanda.jpg,_maxxs-allaxx-de-la-oferta-y-la-demanda.jpg,title,maxxs allaxx de la oferta y la demanda,no_match,63.8,partial,D:\Documentos\Acracia\Biblioteca Acracia\    🤓 AUTORES\   CATEGORÍAS\  🌗 Ancaps-Voluntaristas\  Murray Rothbard\ Ensayos\Artículos cortos\Rothbard - Más allá del ser y el deber ser.pdf,Rothbard - Más allá del ser y el deber ser.pdf, Karsten y Beckman - Mas Alla de La Democracia.pdf,63.5, Alanis - La Fuerza y el Saber.pdf,63.0
D:\Documentos\Acracia\Biblioteca Acracia\  😬 Libros FALTANTES\ Unión Editorial\Nueva Biblioteca de la Libertad\CONDUCTA-HUMANA-Y-SOCIEDAD-CIVIL.jpg,CONDUCTA-HUMANA-Y-SOCIEDAD-CIVIL.jpg,title,conducta humana y sociedad civil,review,79.5,partial+overlap,D:\Documentos\Acracia\Biblioteca Acracia\   👀 TEMAS\   🏛️ ESTATISMO\ Tipos de Estatismos\ 🪤 Socialismo\Artículos\Ebeling - Socialistas contra Sociedad Civil.pdf,Ebeling - Socialistas contra Sociedad Civil.pdf,McElroy - El eje feminista de género-nueva izquierda-marxista ataca a toda la sociedad civil.pdf,79.5,"Manual de Blockchain_ Cadena de bloques y tecnología. Herramienta para la transparencia y el fortalecimiento institucional para sector público, privado y sociedad civil.pdf",76.0
D:\Documentos\Acracia\Biblioteca Acracia\  😬 Libros FALTANTES\ Unión Editorial\Nueva Biblioteca de la Libertad\EL DESAFÍO DE HAYEK.jpg,EL DESAFÍO DE HAYEK.jpg,title,el desafio de hayek,review,80.0,partial,D:\Documentos\Acracia\Biblioteca Acracia\    🤓 AUTORES\   CATEGORÍAS\  🌗 Ancaps-Voluntaristas\  Hans-Hermann Hoppe\Hoppe\Hoppe - El mito de Hayek.pdf,Hoppe - El mito de Hayek.pdf,Hayek - El orden de la libertad.pdf,73.3,Hayek - Estudios sobre el Abuso de la Razón.pdf,73.3
D:\Documentos\Acracia\Biblioteca Acracia\  😬 Libros FALTANTES\ Unión Editorial\Nueva Biblioteca de la Libertad\EL-IDEAL-CULTURAL-DEL-LIBERALISMO.jpg,EL-IDEAL-CULTURAL-DEL-LIBERALISMO.jpg,title,el ideal cultural del liberalismo,review,81.2,partial,D:\Documentos\Acracia\Biblioteca Acracia\      😱 NUEVO 2026\🗓️ 2023-2024\ Nuevo 2024\ Enero-Junio\Marzo - Abril\Quispe - Liberalismo.pdf,Quispe - Liberalismo.pdf,Rockwell - El futuro del libertarismo.pdf,79.4,Hoppe - El Futuro del Liberalismo_ Exhortación por un Nuevo Radicalismo.pdf,78.1
D:\Documentos\Acracia\Biblioteca Acracia\  😬 Libros FALTANTES\ Unión Editorial\Nueva Biblioteca de la Libertad\EL-NEW-DEAL-DEL-COMERCIO-GLOBAL.jpg,EL-NEW-DEAL-DEL-COMERCIO-GLOBAL.jpg,title,el new deal del comercio global,no_match,69.2,token_set+overlap,"D:\Documentos\Acracia\Biblioteca Acracia\   👀 TEMAS\➕ TEMAS VARIOS\ 🪖 Guerra y Terrorismo\Rothbard - El New Deal y la Guerra Fría, El vínculo de la dominación del Estado.pdf","Rothbard - El New Deal y la Guerra Fría, El vínculo de la dominación del Estado.pdf",Norberg - En defensa del Capitalismo Global.pdf,63.9,La crisis de 1930 y las Políticas del New Deal.pdf,63.7
"D:\Documentos\Acracia\Biblioteca Acracia\  😬 Libros FALTANTES\ Unión Editorial\Nueva Biblioteca de la Libertad\Escuela Austríaca en los Negocios_ Teoría del Caos, Pensa, Pensatiemo no Lineal y la Perspectiva Ética.png","Escuela Austríaca en los Negocios_ Teoría del Caos, Pensa, Pensatiemo no Lineal y la Perspectiva Ética.png",title,escuela austriaca en los negocios teoria del caos pensa pensatiemo no lineal y la perspectiva etica,auto,100.0,token_set+overlap,D:\Documentos\Acracia\Biblioteca Acracia\      😱 NUEVO 2026\🗓️ 2023-2024\ Nuevo 2023\ Julio-Diciembre\ Noviembre\Escuela Austriaca.pdf,Escuela Austriaca.pdf,Escuela Austriaca y La Etica.pdf,100.0,Escuela Austriaca.pdf,100.0
D:\Documentos\Acracia\Biblioteca Acracia\  😬 Libros FALTANTES\ Unión Editorial\Nueva Biblioteca de la Libertad\estudios-de-politica-economica.jpg,estudios-de-politica-economica.jpg,title,estudios de politica economica,auto,100.0,token_set,D:\Documentos\Acracia\Biblioteca Acracia\    🤓 AUTORES\   CATEGORÍAS\  🌗 Ancaps-Voluntaristas\José Hernández Cabrera\Política.pdf,Política.pdf,Huerta - Estudios de Economía Política.pdf,91.9,Una introducción al argumento budista a favor de la libertad política y económica (Aaron Ross Powell).pdf,86.4
D:\Documentos\Acracia\Biblioteca Acracia\  😬 Libros FALTANTES\ Unión Editorial\Nueva Biblioteca de la Libertad\FUNDAMENTOS-DE-LA-BANCA-CENTRAL-Y-DE-LA-LIBERTAD-BANCARIA.jpg,FUNDAMENTOS-DE-LA-BANCA-CENTRAL-Y-DE-LA-LIBERTAD-BANCARIA.jpg,title,fundamentos de la banca central y de la libertad bancaria,auto,100.0,token_set+overlap,D:\Documentos\Acracia\Biblioteca Acracia\      😱 NUEVO 2026\ 🗓️ NUEVO 2025\  📅 MESES 2025\Agosto\Banca central.pdf,Banca central.pdf,Hayek - Los Fundamentos de la Libertad.pdf,87.9,Libertad de la acción.pdf,80.0
D:\Documentos\Acracia\Biblioteca Acracia\  😬 Libros FALTANTES\ Unión Editorial\Nueva Biblioteca de la Libertad\la-agricultura-y-el-estado.jpg,la-agricultura-y-el-estado.jpg,title,la agricultura y el estado,no_match,70.0,token_set,"D:\Documentos\Acracia\Biblioteca Acracia\      😱 NUEVO 2026\ 🗓️ NUEVO 2025\  📅 MESES 2025\ Junio\Kant, Utilitarismo\IMMANUEL KANT, LA ILUSTRACIÓN, _EL INDIVIDUO Y EL ESTADO._EXAMEN Y CRÍTICA.pdf","IMMANUEL KANT, LA ILUSTRACIÓN, _EL INDIVIDUO Y EL ESTADO._EXAMEN Y CRÍTICA.pdf",Bretone - El Estado y el futuro de la esclavitud.pdf,70.0,Hayek - Sobre el Estado y la Evolución Estatal.pdf,70.0
D:\Documentos\Acracia\Biblioteca Acracia\  😬 Libros FALTANTES\ Unión Editorial\Nueva Biblioteca de la Libertad\la-economia-del-tiempo-y-de-la-ignorancia.jpg,la-economia-del-tiempo-y-de-la-ignorancia.jpg,title,la economia del tiempo y de la ignorancia,review,75.7,partial,D:\Documentos\Acracia\Biblioteca Acracia\   👀 TEMAS\   💱 ECONOMÍA\ 📚 Escuelas\ Neoclásica\La Economía Neoclásica.pdf,La Economía Neoclásica.pdf,Leeson - El Gran Circo de la Economía.pdf,68.5,Montaldo - El Nazismo y la Economía.pdf,67.6
D:\Documentos\Acracia\Biblioteca Acracia\  😬 Libros FALTANTES\ Unión Editorial\Nueva Biblioteca de la Libertad\la-fuerza-economica-de-la-libertad.jpg,la-fuerza-economica-de-la-libertad.jpg,title,la fuerza economica de la libertad,auto,91.3,token_set+overlap,D:\Documentos\Acracia\Biblioteca Acracia\    🤓 AUTORES\   CATEGORÍAS\  🌗 Ancaps-Voluntaristas\  Walter Block\Escritos varios\Block - Ecologismo y libertad económica_ La defensa de los derechos de propiedad privada.pdf,Block - Ecologismo y libertad económica_ La defensa de los derechos de propiedad privada.pdf,Una introducción al argumento budista a favor de la libertad política y económica (Aaron Ross Powell).pdf,91.3,Landa - La libertad económica como símbolo de anarquía.pdf,91.3
D:\Documentos\Acracia\Biblioteca Acracia\  😬 Libros FALTANTES\ Unión Editorial\Nueva Biblioteca de la Libertad\la-teoria-de-la-economia.jpg,la-teoria-de-la-economia.jpg,title,la teoria de la economia,auto,100.0,token_set+overlap,D:\Documentos\Acracia\Biblioteca Acracia\    🤓 AUTORES\   CATEGORÍAS\  🌗 Ancaps-Voluntaristas\ Robert P. Murphy\Murphy - LA TEORÍA LABORAL DEL VALOR_ UNA CRÍTICA A LOS ESTUDIOS DE CARSON SOBRE ECONOMÍA  POLÍTICA MUTUALISTA.pdf,Murphy - LA TEORÍA LABORAL DEL VALOR_ UNA CRÍTICA A LOS ESTUDIOS DE CARSON SOBRE ECONOMÍA  POLÍTICA MUTUALISTA.pdf,Teoría austriaca_ de los ciclos económicos_y la economía venezolana.pdf,100.0,Principios Modernos de Economía del Desarrollo. Teoría y práctica (Víctor I. Espinosa).pdf,96.3
D:\Documentos\Acracia\Biblioteca Acracia\  😬 Libros FALTANTES\ Unión Editorial\Nueva Biblioteca de la Libertad\las-raices-del-capitalismo-1.jpg,las-raices-del-capitalismo-1.jpg,title,las raices del capitalismo 1,auto,100.0,token_set,D:\Documentos\Acracia\Biblioteca Acracia\    🤓 AUTORES\   CATEGORÍAS\  🌗 Ancaps-Voluntaristas\José Hernández Cabrera\Capitalismo.pdf,Capitalismo.pdf,"Ensayos económicos los orígenes del capitalismo moderno (David Hume, Javier Ugarte Pérez).pdf",82.1,El origen del capitalismo de amigos latinoamericano actual.pdf,81.5
D:\Documentos\Acracia\Biblioteca Acracia\  😬 Libros FALTANTES\ Unión Editorial\Nueva Biblioteca de la Libertad\Liberalismo-contra-liberalismo.jpg,Liberalismo-contra-liberalismo.jpg,title,liberalismo contra liberalismo,review,75.9,token_set,"D:\Documentos\Acracia\Biblioteca Acracia\      😱 NUEVO 2026\ 🗓️ NUEVO 2025\  📅 MESES 2025\ Junio\Kant, Utilitarismo\Contradicciones y posibilidades del liberalismo _utilitarista como ideología moderna.pdf",Contradicciones y posibilidades del liberalismo _utilitarista como ideología moderna.pdf,ENCRUCIJADA POLÍTICA_ KANT ENTRE_EL LIBERALISMO Y EL REPUBLICANISMO_(PEDRO MEZA HERNÁNDEZ).pdf,75.9,J_S_Mill_utilitarismo_y_liberalismo.pdf,75.9
D:\Documentos\Acracia\Biblioteca Acracia\  😬 Libros FALTANTES\ Unión Editorial\Nueva Biblioteca de la Libertad\liberalismo-y-estatismo-en-el-siglo-de-oro-espanol.jpg,liberalismo-y-estatismo-en-el-siglo-de-oro-espanol.jpg,title,liberalismo y estatismo en el siglo de oro espanol,review,75.9,token_set,D:\Documentos\Acracia\Biblioteca Acracia\      😱 NUEVO 2026\🗓️ 2023-2024\ Nuevo 2024\ Enero-Junio\Marzo - Abril\Quispe - Liberalismo.pdf,Quispe - Liberalismo.pdf, Giacomini - Liberalismo Siglo XXI.pdf,74.8,El Verdadero Liberalismo.pdf,73.7
D:\Documentos\Acracia\Biblioteca Acracia\  😬 Libros FALTANTES\ Unión Editorial\Nueva Biblioteca de la Libertad\Libro Faltante.webp,Libro Faltante.webp,title,libro faltante,no_match,64.3,partial,"D:\Documentos\Acracia\Biblioteca Acracia\    🤓 AUTORES\   CATEGORÍAS\  🌗 Ancaps-Voluntaristas\  Murray Rothbard\ Sobre Rothbard\Essential Rothbard, resumen del libro (Francisco Ibero).pdf","Essential Rothbard, resumen del libro (Francisco Ibero).pdf",El Libro Negro de la Nueva Derecha Infiltración Atlantista & Batalla Cultural.pdf,64.0,El libro negro del ecologismo.pdf,64.0
D:\Documentos\Acracia\Biblioteca Acracia\  😬 Libros FALTANTES\ Unión Editorial\Nueva Biblioteca de la Libertad\plan-accioxxn-y-mercado.jpg,plan-accioxxn-y-mercado.jpg,title,plan accioxxn y mercado,no_match,66.7,partial,D:\Documentos\Acracia\Biblioteca Acracia\      😱 NUEVO 2026\🗓️ 2023-2024\ Nuevo 2023\Enero-Junio\Junio\Gregg - Un Análisis Moral y Económico de la Economía de Mercado.pdf,Gregg - Un Análisis Moral y Económico de la Economía de Mercado.pdf, Rothbard - Poder y Mercado.pdf,63.2,La Logica de la Accion Colectiva.pdf,61.9
D:\Documentos\Acracia\Biblioteca Acracia\  😬 Libros FALTANTES\110 notas en libertad educativa_.jpg,110 notas en libertad educativa_.jpg,title,110 notas en libertad educativa,review,82.4,partial,D:\Documentos\Acracia\Biblioteca Acracia\   👀 TEMAS\  🧑‍⚖️ DERECHO y JUSTICIA\  Propiedad\NAP\Libertad negativa.pdf,Libertad negativa.pdf,Moneda y libertad.pdf,70.6,Capella - Libertad.pdf,68.8
D:\Documentos\Acracia\Biblioteca Acracia\  😬 Libros FALTANTES\9788472099562D-267x431.jpg,9788472099562D-267x431.jpg,title,9788472099562d 267x431,no_match,66.7,partial,D:\Documentos\Acracia\Biblioteca Acracia\   👀 TEMAS\ 🏰 HISTORIA\Ⓐ Ejemplos de Anarquismo_\z. MÁS\Somalia\21_2_7.pdf,21_2_7.pdf,3727820.pdf,57.1,4047555.pdf,42.9
D:\Documentos\Acracia\Biblioteca Acracia\  😬 Libros FALTANTES\9788472099593D.jpg,9788472099593D.jpg,title,9788472099593d,no_match,57.1,partial,D:\Documentos\Acracia\Biblioteca Acracia\      😱 NUEVO 2026\ 🗓️ NUEVO 2025\  📅 MESES 2025\ Junio\3727820.pdf,3727820.pdf,IN MEMORIAM M.N. ROTHBARD (1926-1995).pdf,45.5,4047555.pdf,42.9
D:\Documentos\Acracia\Biblioteca Acracia\  😬 Libros FALTANTES\Achaques y manias de la Sociología Moderna.jpg,Achaques y manias de la Sociología Moderna.jpg,title,achaques y manias de la sociologia moderna,no_match,70.0,token_set,D:\Documentos\Acracia\Biblioteca Acracia\      😱 NUEVO 2026\🗓️ 2023-2024\ Nuevo 2024\ Julio-Diciembre\Octubre\Anarquismo y la psicología de la libertad.pdf,Anarquismo y la psicología de la libertad.pdf,Skousen - La Formación de la Teoria Económica Moderna.pdf,61.9,Breve Historia de la Mitología Celta.pdf,59.4
D:\Documentos\Acracia\Biblioteca Acracia\  😬 Libros FALTANTES\Afrolibertarismo en construcción a través de la visión libertaria.jpg,Afrolibertarismo en construcción a través de la visión libertaria.jpg,title,afrolibertarismo en construccion a traves de la vision libertaria,review,78.9,partial,D:\Documentos\Acracia\Biblioteca Acracia\      😱 NUEVO 2026\ 🗓️ NUEVO 2025\  📅 MESES 2025\   Febrero\Constitución Libertaria.pdf,Constitución Libertaria.pdf,Cook - Moral Libertaria.pdf,70.6, Sandh - Caballo de Libertaria.pdf,65.0
D:\Documentos\Acracia\Biblioteca Acracia\  😬 Libros FALTANTES\Agorismo_ Hacia una sociedad anarquista de mercado_.jpg,Agorismo_ Hacia una sociedad anarquista de mercado_.jpg,title,agorismo hacia una sociedad anarquista de mercado,review,78.2,partial+overlap,D:\Documentos\Acracia\Biblioteca Acracia\   👀 TEMAS\ 🗝️ ESTRATEGIA\Giacomini - Hacia una Sociedad Libre.pdf,Giacomini - Hacia una Sociedad Libre.pdf,Anarquismo de Mercado FAQ (C4SS).pdf,74.5,Poder Dual y Agorismo para una Sociedad Libre.pdf,72.5
D:\Documentos\Acracia\Biblioteca Acracia\  😬 Libros FALTANTES\AnarcoDigital.jpg,AnarcoDigital.jpg,title,anarcodigital,review,76.9,partial,D:\Documentos\Acracia\Biblioteca Acracia\   👀 TEMAS\    💛 LIBERTAD\ 🌗 Anarco-Capitalismo\Artículos\Anarcocapitalismo.pdf,Anarcocapitalismo.pdf,Anarcocapitalismo Slide.pdf,76.9,Anarcocapitalismo ¿Qué es_.pdf,76.9
D:\Documentos\Acracia\Biblioteca Acracia\  😬 Libros FALTANTES\anarkia-G.jpg,anarkia-G.jpg,title,anarkia g,review,77.8,partial,D:\Documentos\Acracia\Biblioteca Acracia\Land - Anarquía fría.pdf,Land - Anarquía fría.pdf,Anarko-Kapitalizm.pdf,75.0,Puydt - Panarquía.pdf,70.6
"D:\Documentos\Acracia\Biblioteca Acracia\  😬 Libros FALTANTES\Anarquismo Individualista. Anarcocapitalismo, Anarquismo Egoista, Anarquistas Individualistas, Criptoanarquismo, Ilegalismo.jpg","Anarquismo Individualista. Anarcocapitalismo, Anarquismo Egoista, Anarquistas Individualistas, Criptoanarquismo, Ilegalismo.jpg",title,anarquismo individualista anarcocapitalismo anarquismo egoista anarquistas individualistas criptoanarquismo ilegalismo,auto,100.0,token_set,D:\Documentos\Acracia\Biblioteca Acracia\   👀 TEMAS\    💛 LIBERTAD\ 🌗 Anarco-Capitalismo\Artículos\Anarcocapitalismo.pdf,Anarcocapitalismo.pdf,Iain McKay - Anarcocapitalismo y anarquismo.pdf,85.2,Anarcocapitalismo Slide.pdf,85.0
D:\Documentos\Acracia\Biblioteca Acracia\  😬 Libros FALTANTES\Aspectos negativos de la intervención económica_.jpg,Aspectos negativos de la intervención económica_.jpg,title,aspectos negativos de la intervencion economica,no_match,73.3,partial,D:\Documentos\Acracia\Biblioteca Acracia\      😱 NUEVO 2026\🗓️ 2023-2024\ Nuevo 2023\ Julio-Diciembre\ Septiembre\Mises - Los objetivos inmediatos de la educación económica.pdf,Mises - Los objetivos inmediatos de la educación económica.pdf,Los Fundamentos de La Ciencia Económica - Faustino Ballvé.pdf,69.8, Zanotti - Nueva Introdución a la Escuela Austriaca de Economía.pdf,63.6
D:\Documentos\Acracia\Biblioteca Acracia\  😬 Libros FALTANTES\Capitalismo - Jeannette von Wolfersoorff.jpg,Capitalismo - Jeannette von Wolfersoorff.jpg,title,capitalismo jeannette von wolfersoorff,auto,100.0,token_set,D:\Documentos\Acracia\Biblioteca Acracia\    🤓 AUTORES\   CATEGORÍAS\  🌗 Ancaps-Voluntaristas\José Hernández Cabrera\Capitalismo.pdf,Capitalismo.pdf,Capitalismo de Amigos.pdf,77.8,Capitalismo de Amigos.pdf,77.8
D:\Documentos\Acracia\Biblioteca Acracia\  😬 Libros FALTANTES\Colecti-Victimismo.jpg,Colecti-Victimismo.jpg,title,colecti victimismo,no_match,66.7,partial,D:\Documentos\Acracia\Biblioteca Acracia\   👀 TEMAS\ 🏰 HISTORIA\Rothbard - Colectivismo Bélico.pdf,Rothbard - Colectivismo Bélico.pdf,Capitalismo.pdf,63.2,Libertarismo - Victoria Camps.pdf,55.6
D:\Documentos\Acracia\Biblioteca Acracia\  😬 Libros FALTANTES\Contra el Sistema - Isaac Álvarez Casanova.jpg,Contra el Sistema - Isaac Álvarez Casanova.jpg,title,contra el sistema isaac alvarez casanova,no_match,69.8,partial,D:\Documentos\Acracia\Biblioteca Acracia\   👀 TEMAS\ 🗝️ ESTRATEGIA\Casasola - Fuera del Sistema.pdf,Casasola - Fuera del Sistema.pdf,Bawerk - La conclusión del sistema marxiano.pdf,60.3,El Engaño Populista - Axel Kaiser & Glória Álvarez.pdf,60.0
D:\Documentos\Acracia\Biblioteca Acracia\  😬 Libros FALTANTES\Cripto Steven Levy.jpg,Cripto Steven Levy.jpg,title,cripto steven levy,review,84.0,partial+overlap,D:\Documentos\Acracia\Biblioteca Acracia\      😱 NUEVO 2026\ 🗓️ NUEVO 2025\  📅 MESES 2025\ Junio\Crypto_ How the Code Rebels Beat the Government — saving privacy in the digital age (Steven Levy).pdf,Crypto_ How the Code Rebels Beat the Government — saving privacy in the digital age (Steven Levy).pdf, Abundancia_ El futuro es mejor de lo que piensas (Peter Diamandis y Steven Kotler.pdf,62.5, Hayek y la revolución Cripto_Orden espontáneo en defensa de la propiedad privada_(Luciano Niccoló Pagani).pdf,61.1
D:\Documentos\Acracia\Biblioteca Acracia\  😬 Libros FALTANTES\Criptodivisas_.jpg,Criptodivisas_.jpg,title,criptodivisas,auto,100.0,token_set,D:\Documentos\Acracia\Biblioteca Acracia\   👀 TEMAS\➕ TEMAS VARIOS\ 🤖 Tecnología\Blockchain y Criptomonedas\Spitznagel - Por qué las criptodivisas nunca serán refugios seguros.pdf,Spitznagel - Por qué las criptodivisas nunca serán refugios seguros.pdf,Criptomonedas para dummies.pdf,69.2,Anarquia-de-las-criptomonedas.pdf,69.2
D:\Documentos\Acracia\Biblioteca Acracia\  😬 Libros FALTANTES\Criptomoneda y soberanía.jpg,Criptomoneda y soberanía.jpg,title,criptomoneda y soberania,no_match,74.4,partial,"D:\Documentos\Acracia\Biblioteca Acracia\   👀 TEMAS\➕ TEMAS VARIOS\ 🤖 Tecnología\Blockchain y Criptomonedas\Todo Sobre la Criptomoneda Cardano ADA ( Criptomonedas desde Cero, Blockchain, Bitcoin, Invertir en Criptomonedas, Ganar....pdf","Todo Sobre la Criptomoneda Cardano ADA ( Criptomonedas desde Cero, Blockchain, Bitcoin, Invertir en Criptomonedas, Ganar....pdf",Criptomonedas para dummies.pdf,71.4,Anarquia-de-las-criptomonedas.pdf,70.3
D:\Documentos\Acracia\Biblioteca Acracia\  😬 Libros FALTANTES\Crítica al Anarcocapitalismo_.jpg,Crítica al Anarcocapitalismo_.jpg,title,critica al anarcocapitalismo,auto,100.0,token_set,D:\Documentos\Acracia\Biblioteca Acracia\   👀 TEMAS\    💛 LIBERTAD\ 🌗 Anarco-Capitalismo\Artículos\Anarcocapitalismo.pdf,Anarcocapitalismo.pdf,"Caplan - El equilibrio loco, de la democracia al anarcocapitalismo.pdf",92.3,Murillo - El Movimiento Libertario en EEUU- de los Mártires de Chicago al anarcocapitalismo.pdf,89.3
D:\Documentos\Acracia\Biblioteca Acracia\  😬 Libros FALTANTES\Cómo la IA transformará nuestro futuro_.jpg,Cómo la IA transformará nuestro futuro_.jpg,title,como la ia transformara nuestro futuro,no_match,61.5,token_set+overlap,D:\Documentos\Acracia\Biblioteca Acracia\   👀 TEMAS\   💱 ECONOMÍA\ 🏛️ Intervencionismo\Dinero y Bancos\Dinero Libre\Grass - Dinero_ cómo su pasado predice su futuro.pdf,Grass - Dinero_ cómo su pasado predice su futuro.pdf,Bylund - Cómo pensar la intervención monetaria.pdf,56.1,Terminar con la Tiranía.pdf,55.7
D:\Documentos\Acracia\Biblioteca Acracia\  😬 Libros FALTANTES\Cómo los países salen de la pobreza_.jpg,Cómo los países salen de la pobreza_.jpg,title,como los paises salen de la pobreza,review,79.0,token_set+overlap,D:\Documentos\Acracia\Biblioteca Acracia\    🤓 AUTORES\   CATEGORÍAS\  🌗 Ancaps-Voluntaristas\Antony P. Mueller\Artículos cortos\Mueller - Cómo caen los países en la trampa de la asistencia social.pdf,Mueller - Cómo caen los países en la trampa de la asistencia social.pdf,Hazlitt - El problema de la pobreza.pdf,69.0,Hazlitt - La cura de la pobreza.pdf,68.1
D:\Documentos\Acracia\Biblioteca Acracia\  😬 Libros FALTANTES\De Viena a Madrid.jpg,De Viena a Madrid.jpg,title,de viena a madrid,no_match,69.2,token_set,D:\Documentos\Acracia\Biblioteca Acracia\    🤓 AUTORES\   CATEGORÍAS\ 🇪🇸 Hispanos\🇪🇸 Españoles\La Escuela Austriaca de Madrid en el Contexto de las Escuelas Económicas.pdf,La Escuela Austriaca de Madrid en el Contexto de las Escuelas Económicas.pdf,La Escuela Austriaca de Madrid.pdf,69.2,Guia de Armas.pdf,60.0
D:\Documentos\Acracia\Biblioteca Acracia\  😬 Libros FALTANTES\Decifrando los autoritarismos en america latina.jpg,Decifrando los autoritarismos en america latina.jpg,title,decifrando los autoritarismos en america latina,no_match,72.1,partial,D:\Documentos\Acracia\Biblioteca Acracia\      😱 NUEVO 2026\ 🗓️ NUEVO 2025\➕ Varios\De frente contra el autoritarismo .pdf,De frente contra el autoritarismo .pdf,Hess - Dear America.pdf,70.6, Rothbard - Libertarismo en la América Colonial.pdf,68.5
D:\Documentos\Acracia\Biblioteca Acracia\  😬 Libros FALTANTES\Deusto\Ellos los Fascistas - Javier Rogrigo.jpg,Ellos los Fascistas - Javier Rogrigo.jpg,title,ellos los fascistas javier rogrigo,no_match,64.7,partial,D:\Documentos\Acracia\Biblioteca Acracia\      😱 NUEVO 2026\ 🗓️ NUEVO 2025\  📅 MESES 2025\ Junio\Economía de los no economistas (Carlos Rodríguez Braun).pdf,Economía de los no economistas (Carlos Rodríguez Braun).pdf, Thornton - La Maldición de los Rascacielos.pdf,56.8,Block - Los belicistas no son libertarios.pdf,53.7
D:\Documentos\Acracia\Biblioteca Acracia\  😬 Libros FALTANTES\Deusto\La verdad sobre el Neoliberalismo.jpg,La verdad sobre el Neoliberalismo.jpg,title,la verdad sobre el neoliberalismo,auto,91.1,partial+overlap,D:\Documentos\Acracia\Biblioteca Acracia\   👀 TEMAS\    💛 LIBERTAD\   🛡️Libertarismo\Artículos\Rothbard - Mito y Verdad sobre el Libertarismo.pdf,Rothbard - Mito y Verdad sobre el Libertarismo.pdf,El Verdadero Liberalismo.pdf,78.0,Gordon - Laurence Vance sobre el libertarismo.pdf,75.4
D:\Documentos\Acracia\Biblioteca Acracia\  😬 Libros FALTANTES\Deusto\Mitos Progres - Michael Huemer.jpg,Mitos Progres - Michael Huemer.jpg,title,mitos progres michael huemer,auto,100.0,token_set+overlap,D:\Documentos\Acracia\Biblioteca Acracia\    🤓 AUTORES\   CATEGORÍAS\  🌗 Ancaps-Voluntaristas\  Michael Huemer\   Michael Huemer.pdf,   Michael Huemer.pdf, Huemer - Mitos Progres_ Por qué tantas ideas del progresismo actual se aceptan como verdades sagradas y adónde nos están llevando.pdf,89.3,Caplan - El problema de la autoridad política por Michael Huemer.pdf,84.9
D:\Documentos\Acracia\Biblioteca Acracia\  😬 Libros FALTANTES\Deusto\Todo lo que necesitas saber sobre.jpg,Todo lo que necesitas saber sobre.jpg,title,todo lo que necesitas saber sobre,auto,99.8,token_set+overlap,D:\Documentos\Acracia\Biblioteca Acracia\    🤓 AUTORES\   CATEGORÍAS\  🌗 Ancaps-Voluntaristas\Robert Wenzel\Wenzel - Lo que necesitas saber sobre la jurisprudencia de Amy Coney Barrett.pdf,Wenzel - Lo que necesitas saber sobre la jurisprudencia de Amy Coney Barrett.pdf, Hazlitt - Lo que debemos saber sobre la Inflación.pdf,78.7,50 cosas que hay que saber sobre ética.pdf,74.7
D:\Documentos\Acracia\Biblioteca Acracia\  😬 Libros FALTANTES\Dueños o inquilinos_.jpg,Dueños o inquilinos_.jpg,title,duenos o inquilinos,no_match,57.9,partial,D:\Documentos\Acracia\Biblioteca Acracia\   👀 TEMAS\  🧑‍⚖️ DERECHO y JUSTICIA\Filosofías Jurídicas\ Estoppel\Kinsella - Cómo nos volvemos dueños de nosotros mismos.pdf,Kinsella - Cómo nos volvemos dueños de nosotros mismos.pdf,Economía para Niños.pdf,55.6,Hume - Ensayos políticos.pdf,55.6
D:\Documentos\Acracia\Biblioteca Acracia\  😬 Libros FALTANTES\Educación como problema.jpg,Educación como problema.jpg,title,educacion como problema,no_match,71.4,partial,D:\Documentos\Acracia\Biblioteca Acracia\      😱 NUEVO 2026\🗓️ 2023-2024\ Nuevo 2023\ Julio-Diciembre\ Septiembre\Mises - Los objetivos inmediatos de la educación económica.pdf,Mises - Los objetivos inmediatos de la educación económica.pdf,Briceño - Refutación problema Gettier.pdf,69.6,LA EDUCACIÓN ESTATAL.pdf,66.7
D:\Documentos\Acracia\Biblioteca Acracia\  😬 Libros FALTANTES\El Camino de la servidumbre a la libertad_.jpg,El Camino de la servidumbre a la libertad_.jpg,title,el camino de la servidumbre a la libertad,auto,91.5,token_set+overlap,D:\Documentos\Acracia\Biblioteca Acracia\   👀 TEMAS\ 👥 SOCIEDAD\Hayek - Camino de Servidumbre.pdf,Hayek - Camino de Servidumbre.pdf,Capella - Libertad.pdf,82.8,Libertad de la acción.pdf,80.0
D:\Documentos\Acracia\Biblioteca Acracia\  😬 Libros FALTANTES\El capitalismo liberado.jpg,El capitalismo liberado.jpg,title,el capitalismo liberado,auto,100.0,token_set,D:\Documentos\Acracia\Biblioteca Acracia\    🤓 AUTORES\   CATEGORÍAS\  🌗 Ancaps-Voluntaristas\José Hernández Cabrera\Capitalismo.pdf,Capitalismo.pdf,MAÑANA EL CAPITALISMO.pdf,80.0,El origen del capitalismo de amigos latinoamericano actual.pdf,78.3
D:\Documentos\Acracia\Biblioteca Acracia\  😬 Libros FALTANTES\El comunismo neoliberal_.jpg,El comunismo neoliberal_.jpg,title,el comunismo neoliberal,review,82.6,partial,D:\Documentos\Acracia\Biblioteca Acracia\      😱 NUEVO 2026\🗓️ 2023-2024\ Nuevo 2023\ Julio-Diciembre\Agosto\Wepfer - El Comunismo y El Ciber-Comunismo ¿Son posibles_.pdf,Wepfer - El Comunismo y El Ciber-Comunismo ¿Son posibles_.pdf,Rothbard - El mito del comunismo monolítico.pdf,73.9, Klein - Comunitarismo Libertario.pdf,73.9
D:\Documentos\Acracia\Biblioteca Acracia\  😬 Libros FALTANTES\El Diario Henry David Thoreau.jpg,El Diario Henry David Thoreau.jpg,title,el diario henry david thoreau,no_match,66.7,partial,D:\Documentos\Acracia\Biblioteca Acracia\    🤓 AUTORES\   CATEGORÍAS\  🌗 Ancaps-Voluntaristas\ David Friedman\   David Friedman.pdf,   David Friedman.pdf,Menger - El Origen del Dinero.pdf,60.7,"Yo, el lápiz - Leonard Edward Read.pdf",59.6
D:\Documentos\Acracia\Biblioteca Acracia\  😬 Libros FALTANTES\El futuro anárquico y el anarcocapitalismo_.jpg,El futuro anárquico y el anarcocapitalismo_.jpg,title,el futuro anarquico y el anarcocapitalismo,auto,100.0,token_set,D:\Documentos\Acracia\Biblioteca Acracia\   👀 TEMAS\    💛 LIBERTAD\ 🌗 Anarco-Capitalismo\Artículos\Anarcocapitalismo.pdf,Anarcocapitalismo.pdf,El Equipo-A y el anarcocapitalismo.pdf,87.1,Anarcocapitalismo Slide.pdf,85.0
D:\Documentos\Acracia\Biblioteca Acracia\  😬 Libros FALTANTES\El lapiz milagroso.jpg,El lapiz milagroso.jpg,title,el lapiz milagroso,no_match,66.7,partial,"D:\Documentos\Acracia\Biblioteca Acracia\   👀 TEMAS\   💱 ECONOMÍA\  😃 Economía Inicial\Yo, el lápiz - Leonard Edward Read.pdf","Yo, el lápiz - Leonard Edward Read.pdf","Salermo - El nieto de «Yo, el lápiz».pdf",61.5,El Tigre Celta.pdf,56.2
D:\Documentos\Acracia\Biblioteca Acracia\  😬 Libros FALTANTES\El libro negro del indigenismo_.jpg,El libro negro del indigenismo_.jpg,title,el libro negro del indigenismo,review,85.6,partial+overlap,D:\Documentos\Acracia\Biblioteca Acracia\      😱 NUEVO 2026\ 🗓️ NUEVO 2025\➕ Varios\El libro negro del ecologismo.pdf,El libro negro del ecologismo.pdf,El Libro Negro de la Nueva Derecha Infiltración Atlantista & Batalla Cultural.pdf,81.8,El Libro de Satoshi.pdf,66.7
D:\Documentos\Acracia\Biblioteca Acracia\  😬 Libros FALTANTES\El origen del Poder en occidente.gif,El origen del Poder en occidente.gif,title,el origen del poder en occidente,no_match,74.5,token_set,D:\Documentos\Acracia\Biblioteca Acracia\   👀 TEMAS\   💱 ECONOMÍA\ 💹 Capitalismo y Libre Mercado\ Capitalismo\Escritos varios\Hernando de Soto - Por qué el Capitalismo triunfa en Occidente y Fracasa en el resto del mundo.pdf,Hernando de Soto - Por qué el Capitalismo triunfa en Occidente y Fracasa en el resto del mundo.pdf,Menger - El Origen del Dinero.pdf,73.9,El problema del poder en la obra de Etienne de la Boetie.pdf,66.7
D:\Documentos\Acracia\Biblioteca Acracia\  😬 Libros FALTANTES\El Poder de la Destrucción Creativa.jpg,El Poder de la Destrucción Creativa.jpg,title,el poder de la destruccion creativa,review,80.7,partial+overlap,D:\Documentos\Acracia\Biblioteca Acracia\      😱 NUEVO 2026\ 🗓️ NUEVO 2025\  📅 MESES 2025\   Marzo\McCraw - Joseph Schumpeter_ Innovación y Destrucción Creativa_.pdf,McCraw - Joseph Schumpeter_ Innovación y Destrucción Creativa_.pdf,Mueller - La TMM califica como el equivalente financiero a las armas de destrucción masiva.pdf,72.7,Capital erótico El poder de fascinar a .pdf,66.7
D:\Documentos\Acracia\Biblioteca Acracia\  😬 Libros FALTANTES\El surgimiento de la libertad moderna_.jpg,El surgimiento de la libertad moderna_.jpg,title,el surgimiento de la libertad moderna,auto,91.9,token_set+overlap,D:\Documentos\Acracia\Biblioteca Acracia\      😱 NUEVO 2026\🗓️ 2023-2024\ Nuevo 2024\ Enero-Junio\Febrero\Bookchin - La ecología de la libertad. El surgimiento y la disolución de la jerarquía.pdf,Bookchin - La ecología de la libertad. El surgimiento y la disolución de la jerarquía.pdf,Rothbard - El New Deal y el surgimiento de la Vieja Derecha.pdf,81.7,Libertad de la acción.pdf,80.0
D:\Documentos\Acracia\Biblioteca Acracia\  😬 Libros FALTANTES\En defensa del optimismo.jpg,En defensa del optimismo.jpg,title,en defensa del optimismo,review,84.0,token_set,D:\Documentos\Acracia\Biblioteca Acracia\      😱 NUEVO 2026\🗓️ 2023-2024\ Nuevo 2023\Enero-Junio\Junio\En Defensa del Capitalismo.pdf,En Defensa del Capitalismo.pdf,Rothbard - En defensa del «apriorismo extremo».pdf,83.3,Norberg - En defensa del Capitalismo Global.pdf,79.2
D:\Documentos\Acracia\Biblioteca Acracia\  😬 Libros FALTANTES\En Defensa del Trabajo.gif,En Defensa del Trabajo.gif,title,en defensa del trabajo,review,85.0,partial,D:\Documentos\Acracia\Biblioteca Acracia\   👀 TEMAS\    💛 LIBERTAD\ 🌗 Anarco-Capitalismo\Artículos\En defensa del anarquismo racional.pdf,En defensa del anarquismo racional.pdf,En Defensa del Capitalismo.pdf,82.1,Entrevista a Israel Kirzner - En Defensa del Mercado.pdf,81.8
D:\Documentos\Acracia\Biblioteca Acracia\  😬 Libros FALTANTES\En Inglés\A gold new deal.jpg,A gold new deal.jpg,title,a gold new deal,review,84.0,partial+overlap,D:\Documentos\Acracia\Biblioteca Acracia\    🤓 AUTORES\   CATEGORÍAS\  🌗 Ancaps-Voluntaristas\  Murray Rothbard\ Ensayos\Rothbard - El New Deal y el surgimiento de la Vieja Derecha.pdf,Rothbard - El New Deal y el surgimiento de la Vieja Derecha.pdf,La crisis de 1930 y las Políticas del New Deal.pdf,84.0,"Rothbard - El New Deal y la Guerra Fría, El vínculo de la dominación del Estado.pdf",84.0
D:\Documentos\Acracia\Biblioteca Acracia\  😬 Libros FALTANTES\En Inglés\Abolishing the State_ Embracing Freedom Market.jpg,Abolishing the State_ Embracing Freedom Market.jpg,title,abolishing the state embracing freedom market,review,82.4,partial,D:\Documentos\Acracia\Biblioteca Acracia\   👀 TEMAS\➕ TEMAS VARIOS\ 🤖 Tecnología\Blockchain y Criptomonedas\‘HACKING THE STATE’.pdf,‘HACKING THE STATE’.pdf, Kokesh - Freedom.pdf,66.7,"The New Approach to Freedom Together with Essays on the Separation of Money and State (E. C. Riegel, Spencer Heath MacCallum) (Z-Library).pdf",58.8
D:\Documentos\Acracia\Biblioteca Acracia\  😬 Libros FALTANTES\En Inglés\Act of Sedition_ A definitive refutation of Statism.jpg,Act of Sedition_ A definitive refutation of Statism.jpg,title,act of sedition a definitive refutation of statism,no_match,53.8,token_set,D:\Documentos\Acracia\Biblioteca Acracia\   👀 TEMAS\ 🏰 HISTORIA\Ⓐ Ejemplos de Anarquismo_\z. MÁS\Anarquía Internacional\Anarchy (international relations).pdf,Anarchy (international relations).pdf,Bastos - Privatización de los Servicios de Inteligencia.pdf,53.6,Giacomini - Educación Estatal_ el más aceitado mecanismo de dominación (1).pdf,51.7
D:\Documentos\Acracia\Biblioteca Acracia\  😬 Libros FALTANTES\En Inglés\Agorism_ Philosophy of Peaceful Revolution_.jpg,Agorism_ Philosophy of Peaceful Revolution_.jpg,title,agorism philosophy of peaceful revolution,no_match,66.7,partial,D:\Documentos\Acracia\Biblioteca Acracia\      😱 NUEVO 2026\ 🗓️ NUEVO 2025\  📅 MESES 2025\   Marzo\Lao Zi Philosophy of Liberal Government.pdf,Lao Zi Philosophy of Liberal Government.pdf,Childs - The Permanent Revolution_ Liberty Against Power.pdf,58.3,Venezuela_ la Revolución como espectáculo.pdf,54.3
"D:\Documentos\Acracia\Biblioteca Acracia\  😬 Libros FALTANTES\En Inglés\AI Anarchy, inc_.jpg","AI Anarchy, inc_.jpg",title,ai anarchy inc,review,78.6,partial,D:\Documentos\Acracia\Biblioteca Acracia\    🤓 AUTORES\   CATEGORÍAS\  🌗 Ancaps-Voluntaristas\Gerard Casey\Casey - Libertarian Anarchy Against the State.pdf,Casey - Libertarian Anarchy Against the State.pdf," Anarchy, Blockchain and Utopia_ _A theory of political-socioeconomic _systems organised using Blockchain.pdf",72.7,Anarchy Status Updates and Utopia.pdf,72.7
D:\Documentos\Acracia\Biblioteca Acracia\  😬 Libros FALTANTES\En Inglés\Anarchy Exposed.jpg,Anarchy Exposed.jpg,title,anarchy exposed,review,75.0,partial,D:\Documentos\Acracia\Biblioteca Acracia\      😱 NUEVO 2026\ 🗓️ NUEVO 2025\  📅 MESES 2025\ Junio\Criptoanarquismo\Anarchy Status Updates and Utopia.pdf,Anarchy Status Updates and Utopia.pdf," Anarchy, Blockchain and Utopia_ _A theory of political-socioeconomic _systems organised using Blockchain.pdf",69.6,Crypto-Anarchy Decentralized Finance Global Changes.pdf,66.7
D:\Documentos\Acracia\Biblioteca Acracia\  😬 Libros FALTANTES\En Inglés\Dignity & Decency.jpg,Dignity & Decency.jpg,title,dignity and decency,no_match,58.1,partial,D:\Documentos\Acracia\Biblioteca Acracia\      😱 NUEVO 2026\ 🗓️ NUEVO 2025\  📅 MESES 2025\Agosto\Ideas & Debate.pdf,Ideas & Debate.pdf,Sandh - Anarco-Divergencia.pdf,52.6,"Liberty, Games and Contracts.pdf",52.2
D:\Documentos\Acracia\Biblioteca Acracia\  😬 Libros FALTANTES\En Inglés\Enviromental Ethics.jpg,Enviromental Ethics.jpg,title,enviromental ethics,review,85.7,partial,D:\Documentos\Acracia\Biblioteca Acracia\   👀 TEMAS\➕ TEMAS VARIOS\ 🌱 Medio Ambiente\En inglés\Environmentalism.pdf,Environmentalism.pdf,Block - Free Enterprise Environmentalism .pdf,80.0, Kaiser - Parásitos Mentales.pdf,62.5
D:\Documentos\Acracia\Biblioteca Acracia\  😬 Libros FALTANTES\En Inglés\Explorations in The Theory of Anarchy.jpg,Explorations in The Theory of Anarchy.jpg,title,explorations in the theory of anarchy,no_match,68.1,partial,D:\Documentos\Acracia\Biblioteca Acracia\   👀 TEMAS\   💱 ECONOMÍA\ 🏛️ Intervencionismo\Dinero y Bancos\Dinero Libre\En inglés\The Theory of Free Banking.pdf,The Theory of Free Banking.pdf," Anarchy, Blockchain and Utopia_ _A theory of political-socioeconomic _systems organised using Blockchain.pdf",67.0,The Routledge Handbook of Anarchy.pdf,66.7
D:\Documentos\Acracia\Biblioteca Acracia\  😬 Libros FALTANTES\En Inglés\Freedom and Security Scott McPherson.jpg,Freedom and Security Scott McPherson.jpg,title,freedom and security scott mcpherson,no_match,66.7,partial,D:\Documentos\Acracia\Biblioteca Acracia\    🤓 AUTORES\   CATEGORÍAS\  🌗 Ancaps-Voluntaristas\z. ➕ LIBERTARIOS\Adam Kokesh\ Kokesh - Freedom.pdf, Kokesh - Freedom.pdf,Security scenarios_ 3D printed firearms.pdf,62.2," The CIA, Terrorism, and the Cold War The Evil of the National Security State (Jacob Hornberger).pdf",61.1
D:\Documentos\Acracia\Biblioteca Acracia\  😬 Libros FALTANTES\En Inglés\G1EhwuOWkAA6v6j.jpeg,G1EhwuOWkAA6v6j.jpeg,title,g1ehwuowkaa6v6j,no_match,40.0,partial,D:\Documentos\Acracia\Biblioteca Acracia\    🤓 AUTORES\   CATEGORÍAS\  🌗 Ancaps-Voluntaristas\ Lew Rockwell\ Lew Rockwell.pdf, Lew Rockwell.pdf,Gurgaon - Wikipedia.pdf,38.5,Derecho natural.pdf,38.5
D:\Documentos\Acracia\Biblioteca Acracia\  😬 Libros FALTANTES\En Inglés\IMG_20250415_153913.jpg,IMG_20250415_153913.jpg,camera,img 20250415 153913,skip_camera,0,none,,,,,,
D:\Documentos\Acracia\Biblioteca Acracia\  😬 Libros FALTANTES\En Inglés\IMG_20250416_162656.jpg,IMG_20250416_162656.jpg,camera,img 20250416 162656,skip_camera,0,none,,,,,,
D:\Documentos\Acracia\Biblioteca Acracia\  😬 Libros FALTANTES\En Inglés\IMG_20250610_094836.jpg,IMG_20250610_094836.jpg,camera,img 20250610 094836,skip_camera,0,none,,,,,,
D:\Documentos\Acracia\Biblioteca Acracia\  😬 Libros FALTANTES\En Inglés\IMG_20250610_094903.jpg,IMG_20250610_094903.jpg,camera,img 20250610 094903,skip_camera,0,none,,,,,,
D:\Documentos\Acracia\Biblioteca Acracia\  😬 Libros FALTANTES\En Inglés\IMG_20250610_095110.jpg,IMG_20250610_095110.jpg,camera,img 20250610 095110,skip_camera,0,none,,,,,,
D:\Documentos\Acracia\Biblioteca Acracia\  😬 Libros FALTANTES\En Inglés\IMG_20250610_100119.jpg,IMG_20250610_100119.jpg,camera,img 20250610 100119,skip_camera,0,none,,,,,,
D:\Documentos\Acracia\Biblioteca Acracia\  😬 Libros FALTANTES\En Inglés\IMG_20250610_100618.jpg,IMG_20250610_100618.jpg,camera,img 20250610 100618,skip_camera,0,none,,,,,,
D:\Documentos\Acracia\Biblioteca Acracia\  😬 Libros FALTANTES\En Inglés\IMG_20250610_100725.jpg,IMG_20250610_100725.jpg,camera,img 20250610 100725,skip_camera,0,none,,,,,,
D:\Documentos\Acracia\Biblioteca Acracia\  😬 Libros FALTANTES\En Inglés\IMG_20250610_100842.jpg,IMG_20250610_100842.jpg,camera,img 20250610 100842,skip_camera,0,none,,,,,,
D:\Documentos\Acracia\Biblioteca Acracia\  😬 Libros FALTANTES\En Inglés\IMG_20250610_115540.jpg,IMG_20250610_115540.jpg,camera,img 20250610 115540,skip_camera,0,none,,,,,,
D:\Documentos\Acracia\Biblioteca Acracia\  😬 Libros FALTANTES\En Inglés\IMG_20250610_115623.jpg,IMG_20250610_115623.jpg,camera,img 20250610 115623,skip_camera,0,none,,,,,,
D:\Documentos\Acracia\Biblioteca Acracia\  😬 Libros FALTANTES\En Inglés\IMG_20250610_115703.jpg,IMG_20250610_115703.jpg,camera,img 20250610 115703,skip_camera,0,none,,,,,,
D:\Documentos\Acracia\Biblioteca Acracia\  😬 Libros FALTANTES\En Inglés\IMG_20250610_115757.jpg,IMG_20250610_115757.jpg,camera,img 20250610 115757,skip_camera,0,none,,,,,,
D:\Documentos\Acracia\Biblioteca Acracia\  😬 Libros FALTANTES\En Inglés\IMG_20250610_115957.jpg,IMG_20250610_115957.jpg,camera,img 20250610 115957,skip_camera,0,none,,,,,,
D:\Documentos\Acracia\Biblioteca Acracia\  😬 Libros FALTANTES\En Inglés\IMG_20250610_120638.jpg,IMG_20250610_120638.jpg,camera,img 20250610 120638,skip_camera,0,none,,,,,,
D:\Documentos\Acracia\Biblioteca Acracia\  😬 Libros FALTANTES\En Inglés\IMG_20250610_120736.jpg,IMG_20250610_120736.jpg,camera,img 20250610 120736,skip_camera,0,none,,,,,,
D:\Documentos\Acracia\Biblioteca Acracia\  😬 Libros FALTANTES\En Inglés\IMG_20250610_121208.jpg,IMG_20250610_121208.jpg,camera,img 20250610 121208,skip_camera,0,none,,,,,,
D:\Documentos\Acracia\Biblioteca Acracia\  😬 Libros FALTANTES\En Inglés\IMG_20250610_121311.jpg,IMG_20250610_121311.jpg,camera,img 20250610 121311,skip_camera,0,none,,,,,,
D:\Documentos\Acracia\Biblioteca Acracia\  😬 Libros FALTANTES\En Inglés\IMG_20250610_122018.jpg,IMG_20250610_122018.jpg,camera,img 20250610 122018,skip_camera,0,none,,,,,,
D:\Documentos\Acracia\Biblioteca Acracia\  😬 Libros FALTANTES\En Inglés\IMG_20250610_122548.jpg,IMG_20250610_122548.jpg,camera,img 20250610 122548,skip_camera,0,none,,,,,,
D:\Documentos\Acracia\Biblioteca Acracia\  😬 Libros FALTANTES\En Inglés\IMG_20250610_122723.jpg,IMG_20250610_122723.jpg,camera,img 20250610 122723,skip_camera,0,none,,,,,,
D:\Documentos\Acracia\Biblioteca Acracia\  😬 Libros FALTANTES\En Inglés\IMG_20250610_122843.jpg,IMG_20250610_122843.jpg,camera,img 20250610 122843,skip_camera,0,none,,,,,,
D:\Documentos\Acracia\Biblioteca Acracia\  😬 Libros FALTANTES\En Inglés\IMG_20250610_122950.jpg,IMG_20250610_122950.jpg,camera,img 20250610 122950,skip_camera,0,none,,,,,,
D:\Documentos\Acracia\Biblioteca Acracia\  😬 Libros FALTANTES\En Inglés\IMG_20250610_124238.jpg,IMG_20250610_124238.jpg,camera,img 20250610 124238,skip_camera,0,none,,,,,,
D:\Documentos\Acracia\Biblioteca Acracia\  😬 Libros FALTANTES\En Inglés\IMG_20250610_124334.jpg,IMG_20250610_124334.jpg,camera,img 20250610 124334,skip_camera,0,none,,,,,,
D:\Documentos\Acracia\Biblioteca Acracia\  😬 Libros FALTANTES\En Inglés\IMG_20250610_124614.jpg,IMG_20250610_124614.jpg,camera,img 20250610 124614,skip_camera,0,none,,,,,,
D:\Documentos\Acracia\Biblioteca Acracia\  😬 Libros FALTANTES\En Inglés\IMG_20250610_124921.jpg,IMG_20250610_124921.jpg,camera,img 20250610 124921,skip_camera,0,none,,,,,,
D:\Documentos\Acracia\Biblioteca Acracia\  😬 Libros FALTANTES\En Inglés\IMG_20250610_125000.jpg,IMG_20250610_125000.jpg,camera,img 20250610 125000,skip_camera,0,none,,,,,,
D:\Documentos\Acracia\Biblioteca Acracia\  😬 Libros FALTANTES\En Inglés\IMG_20250610_125034.jpg,IMG_20250610_125034.jpg,camera,img 20250610 125034,skip_camera,0,none,,,,,,
D:\Documentos\Acracia\Biblioteca Acracia\  😬 Libros FALTANTES\En Inglés\IMG_20250610_125119.jpg,IMG_20250610_125119.jpg,camera,img 20250610 125119,skip_camera,0,none,,,,,,
D:\Documentos\Acracia\Biblioteca Acracia\  😬 Libros FALTANTES\En Inglés\IMG_20250610_125239.jpg,IMG_20250610_125239.jpg,camera,img 20250610 125239,skip_camera,0,none,,,,,,
D:\Documentos\Acracia\Biblioteca Acracia\  😬 Libros FALTANTES\En Inglés\IMG_20250610_125342.jpg,IMG_20250610_125342.jpg,camera,img 20250610 125342,skip_camera,0,none,,,,,,
D:\Documentos\Acracia\Biblioteca Acracia\  😬 Libros FALTANTES\En Inglés\IMG_20250610_125420.jpg,IMG_20250610_125420.jpg,camera,img 20250610 125420,skip_camera,0,none,,,,,,
D:\Documentos\Acracia\Biblioteca Acracia\  😬 Libros FALTANTES\En Inglés\IMG_20250610_125508.jpg,IMG_20250610_125508.jpg,camera,img 20250610 125508,skip_camera,0,none,,,,,,
D:\Documentos\Acracia\Biblioteca Acracia\  😬 Libros FALTANTES\En Inglés\IMG_20250610_140523.png,IMG_20250610_140523.png,camera,img 20250610 140523,skip_camera,0,none,,,,,,
D:\Documentos\Acracia\Biblioteca Acracia\  😬 Libros FALTANTES\En Inglés\IMG_20250610_140531.jpg,IMG_20250610_140531.jpg,camera,img 20250610 140531,skip_camera,0,none,,,,,,
D:\Documentos\Acracia\Biblioteca Acracia\  😬 Libros FALTANTES\En Inglés\IMG_20250610_140543.jpg,IMG_20250610_140543.jpg,camera,img 20250610 140543,skip_camera,0,none,,,,,,
D:\Documentos\Acracia\Biblioteca Acracia\  😬 Libros FALTANTES\En Inglés\IMG_20250610_140603.png,IMG_20250610_140603.png,camera,img 20250610 140603,skip_camera,0,none,,,,,,
D:\Documentos\Acracia\Biblioteca Acracia\  😬 Libros FALTANTES\En Inglés\IMG_20250610_140653.jpg,IMG_20250610_140653.jpg,camera,img 20250610 140653,skip_camera,0,none,,,,,,
D:\Documentos\Acracia\Biblioteca Acracia\  😬 Libros FALTANTES\En Inglés\IMG_20250610_141236.jpg,IMG_20250610_141236.jpg,camera,img 20250610 141236,skip_camera,0,none,,,,,,
D:\Documentos\Acracia\Biblioteca Acracia\  😬 Libros FALTANTES\En Inglés\IMG_20250610_141311.jpg,IMG_20250610_141311.jpg,camera,img 20250610 141311,skip_camera,0,none,,,,,,
D:\Documentos\Acracia\Biblioteca Acracia\  😬 Libros FALTANTES\En Inglés\IMG_20250610_141531.jpg,IMG_20250610_141531.jpg,camera,img 20250610 141531,skip_camera,0,none,,,,,,
D:\Documentos\Acracia\Biblioteca Acracia\  😬 Libros FALTANTES\En Inglés\IMG_20250610_141626.jpg,IMG_20250610_141626.jpg,camera,img 20250610 141626,skip_camera,0,none,,,,,,
D:\Documentos\Acracia\Biblioteca Acracia\  😬 Libros FALTANTES\En Inglés\IMG_20250610_141653.jpg,IMG_20250610_141653.jpg,camera,img 20250610 141653,skip_camera,0,none,,,,,,
D:\Documentos\Acracia\Biblioteca Acracia\  😬 Libros FALTANTES\En Inglés\IMG_20250610_141714.jpg,IMG_20250610_141714.jpg,camera,img 20250610 141714,skip_camera,0,none,,,,,,
D:\Documentos\Acracia\Biblioteca Acracia\  😬 Libros FALTANTES\En Inglés\IMG_20250610_141803.jpg,IMG_20250610_141803.jpg,camera,img 20250610 141803,skip_camera,0,none,,,,,,
D:\Documentos\Acracia\Biblioteca Acracia\  😬 Libros FALTANTES\En Inglés\IMG_20250610_142508.jpg,IMG_20250610_142508.jpg,camera,img 20250610 142508,skip_camera,0,none,,,,,,
D:\Documentos\Acracia\Biblioteca Acracia\  😬 Libros FALTANTES\En Inglés\IMG_20250610_143057.jpg,IMG_20250610_143057.jpg,camera,img 20250610 143057,skip_camera,0,none,,,,,,
D:\Documentos\Acracia\Biblioteca Acracia\  😬 Libros FALTANTES\En Inglés\IMG_20250610_143242.jpg,IMG_20250610_143242.jpg,camera,img 20250610 143242,skip_camera,0,none,,,,,,
D:\Documentos\Acracia\Biblioteca Acracia\  😬 Libros FALTANTES\En Inglés\IMG_20250610_143400.jpg,IMG_20250610_143400.jpg,camera,img 20250610 143400,skip_camera,0,none,,,,,,
D:\Documentos\Acracia\Biblioteca Acracia\  😬 Libros FALTANTES\En Inglés\IMG_20250610_143809.jpg,IMG_20250610_143809.jpg,camera,img 20250610 143809,skip_camera,0,none,,,,,,
D:\Documentos\Acracia\Biblioteca Acracia\  😬 Libros FALTANTES\En Inglés\IMG_20250610_143836.jpg,IMG_20250610_143836.jpg,camera,img 20250610 143836,skip_camera,0,none,,,,,,
D:\Documentos\Acracia\Biblioteca Acracia\  😬 Libros FALTANTES\En Inglés\IMG_20250610_144232.jpg,IMG_20250610_144232.jpg,camera,img 20250610 144232,skip_camera,0,none,,,,,,
D:\Documentos\Acracia\Biblioteca Acracia\  😬 Libros FALTANTES\En Inglés\IMG_20250610_152532.jpg,IMG_20250610_152532.jpg,camera,img 20250610 152532,skip_camera,0,none,,,,,,
D:\Documentos\Acracia\Biblioteca Acracia\  😬 Libros FALTANTES\En Inglés\IMG_20250610_152606.jpg,IMG_20250610_152606.jpg,camera,img 20250610 152606,skip_camera,0,none,,,,,,
D:\Documentos\Acracia\Biblioteca Acracia\  😬 Libros FALTANTES\En Inglés\IMG_20250610_160647.jpg,IMG_20250610_160647.jpg,camera,img 20250610 160647,skip_camera,0,none,,,,,,
D:\Documentos\Acracia\Biblioteca Acracia\  😬 Libros FALTANTES\En Inglés\IMG_20250610_192707.jpg,IMG_20250610_192707.jpg,camera,img 20250610 192707,skip_camera,0,none,,,,,,
D:\Documentos\Acracia\Biblioteca Acracia\  😬 Libros FALTANTES\En Inglés\IMG_20250707_180045.jpg,IMG_20250707_180045.jpg,camera,img 20250707 180045,skip_camera,0,none,,,,,,
D:\Documentos\Acracia\Biblioteca Acracia\  😬 Libros FALTANTES\En Inglés\IMG_20250707_180126.jpg,IMG_20250707_180126.jpg,camera,img 20250707 180126,skip_camera,0,none,,,,,,
D:\Documentos\Acracia\Biblioteca Acracia\  😬 Libros FALTANTES\En Inglés\IMG_20250707_180142.jpg,IMG_20250707_180142.jpg,camera,img 20250707 180142,skip_camera,0,none,,,,,,
D:\Documentos\Acracia\Biblioteca Acracia\  😬 Libros FALTANTES\En Inglés\IMG_20250707_180205.jpg,IMG_20250707_180205.jpg,camera,img 20250707 180205,skip_camera,0,none,,,,,,
D:\Documentos\Acracia\Biblioteca Acracia\  😬 Libros FALTANTES\En Inglés\IMG_20250707_180253.jpg,IMG_20250707_180253.jpg,camera,img 20250707 180253,skip_camera,0,none,,,,,,
D:\Documentos\Acracia\Biblioteca Acracia\  😬 Libros FALTANTES\En Inglés\IMG_20250707_180309.jpg,IMG_20250707_180309.jpg,camera,img 20250707 180309,skip_camera,0,none,,,,,,
D:\Documentos\Acracia\Biblioteca Acracia\  😬 Libros FALTANTES\En Inglés\IMG_20250707_180335.jpg,IMG_20250707_180335.jpg,camera,img 20250707 180335,skip_camera,0,none,,,,,,
D:\Documentos\Acracia\Biblioteca Acracia\  😬 Libros FALTANTES\En Inglés\IMG_20250707_180402.jpg,IMG_20250707_180402.jpg,camera,img 20250707 180402,skip_camera,0,none,,,,,,
D:\Documentos\Acracia\Biblioteca Acracia\  😬 Libros FALTANTES\En Inglés\IMG_20250707_180422.jpg,IMG_20250707_180422.jpg,camera,img 20250707 180422,skip_camera,0,none,,,,,,
D:\Documentos\Acracia\Biblioteca Acracia\  😬 Libros FALTANTES\En Inglés\IMG_20250707_180458.jpg,IMG_20250707_180458.jpg,camera,img 20250707 180458,skip_camera,0,none,,,,,,
D:\Documentos\Acracia\Biblioteca Acracia\  😬 Libros FALTANTES\En Inglés\IMG_20250707_180523.jpg,IMG_20250707_180523.jpg,camera,img 20250707 180523,skip_camera,0,none,,,,,,
D:\Documentos\Acracia\Biblioteca Acracia\  😬 Libros FALTANTES\En Inglés\IMG_20250707_180538.jpg,IMG_20250707_180538.jpg,camera,img 20250707 180538,skip_camera,0,none,,,,,,
D:\Documentos\Acracia\Biblioteca Acracia\  😬 Libros FALTANTES\En Inglés\IMG_20250707_180611.jpg,IMG_20250707_180611.jpg,camera,img 20250707 180611,skip_camera,0,none,,,,,,
D:\Documentos\Acracia\Biblioteca Acracia\  😬 Libros FALTANTES\En Inglés\IMG_20250707_180643.jpg,IMG_20250707_180643.jpg,camera,img 20250707 180643,skip_camera,0,none,,,,,,
D:\Documentos\Acracia\Biblioteca Acracia\  😬 Libros FALTANTES\En Inglés\IMG_20250707_181028.jpg,IMG_20250707_181028.jpg,camera,img 20250707 181028,skip_camera,0,none,,,,,,
D:\Documentos\Acracia\Biblioteca Acracia\  😬 Libros FALTANTES\En Inglés\IMG_20250707_181107.jpg,IMG_20250707_181107.jpg,camera,img 20250707 181107,skip_camera,0,none,,,,,,
D:\Documentos\Acracia\Biblioteca Acracia\  😬 Libros FALTANTES\En Inglés\IMG_20250707_181127.jpg,IMG_20250707_181127.jpg,camera,img 20250707 181127,skip_camera,0,none,,,,,,
D:\Documentos\Acracia\Biblioteca Acracia\  😬 Libros FALTANTES\En Inglés\IMG_20250707_181217.jpg,IMG_20250707_181217.jpg,camera,img 20250707 181217,skip_camera,0,none,,,,,,
D:\Documentos\Acracia\Biblioteca Acracia\  😬 Libros FALTANTES\En Inglés\IMG_20250707_181248.jpg,IMG_20250707_181248.jpg,camera,img 20250707 181248,skip_camera,0,none,,,,,,
D:\Documentos\Acracia\Biblioteca Acracia\  😬 Libros FALTANTES\En Inglés\IMG_20250707_181310.jpg,IMG_20250707_181310.jpg,camera,img 20250707 181310,skip_camera,0,none,,,,,,
D:\Documentos\Acracia\Biblioteca Acracia\  😬 Libros FALTANTES\En Inglés\IMG_20250707_220703.jpg,IMG_20250707_220703.jpg,camera,img 20250707 220703,skip_camera,0,none,,,,,,
D:\Documentos\Acracia\Biblioteca Acracia\  😬 Libros FALTANTES\En Inglés\IMG_20250707_220718.jpg,IMG_20250707_220718.jpg,camera,img 20250707 220718,skip_camera,0,none,,,,,,
D:\Documentos\Acracia\Biblioteca Acracia\  😬 Libros FALTANTES\En Inglés\IMG_20250707_220739.jpg,IMG_20250707_220739.jpg,camera,img 20250707 220739,skip_camera,0,none,,,,,,
D:\Documentos\Acracia\Biblioteca Acracia\  😬 Libros FALTANTES\En Inglés\IMG_20250707_220757.jpg,IMG_20250707_220757.jpg,camera,img 20250707 220757,skip_camera,0,none,,,,,,
D:\Documentos\Acracia\Biblioteca Acracia\  😬 Libros FALTANTES\En Inglés\IMG_20250707_221039.jpg,IMG_20250707_221039.jpg,camera,img 20250707 221039,skip_camera,0,none,,,,,,
D:\Documentos\Acracia\Biblioteca Acracia\  😬 Libros FALTANTES\En Inglés\IMG_20250707_221213.jpg,IMG_20250707_221213.jpg,camera,img 20250707 221213,skip_camera,0,none,,,,,,
D:\Documentos\Acracia\Biblioteca Acracia\  😬 Libros FALTANTES\En Inglés\IMG_20250707_221230.jpg,IMG_20250707_221230.jpg,camera,img 20250707 221230,skip_camera,0,none,,,,,,
D:\Documentos\Acracia\Biblioteca Acracia\  😬 Libros FALTANTES\En Inglés\IMG_20250708_162130.jpg,IMG_20250708_162130.jpg,camera,img 20250708 162130,skip_camera,0,none,,,,,,
D:\Documentos\Acracia\Biblioteca Acracia\  😬 Libros FALTANTES\En Inglés\IMG_20250708_162243.jpg,IMG_20250708_162243.jpg,camera,img 20250708 162243,skip_camera,0,none,,,,,,
D:\Documentos\Acracia\Biblioteca Acracia\  😬 Libros FALTANTES\En Inglés\IMG_20250708_162436.jpg,IMG_20250708_162436.jpg,camera,img 20250708 162436,skip_camera,0,none,,,,,,
D:\Documentos\Acracia\Biblioteca Acracia\  😬 Libros FALTANTES\En Inglés\IMG_20250708_162457.jpg,IMG_20250708_162457.jpg,camera,img 20250708 162457,skip_camera,0,none,,,,,,
D:\Documentos\Acracia\Biblioteca Acracia\  😬 Libros FALTANTES\En Inglés\IMG_20250708_232834.jpg,IMG_20250708_232834.jpg,camera,img 20250708 232834,skip_camera,0,none,,,,,,
D:\Documentos\Acracia\Biblioteca Acracia\  😬 Libros FALTANTES\En Inglés\IMG_20250708_232856.jpg,IMG_20250708_232856.jpg,camera,img 20250708 232856,skip_camera,0,none,,,,,,
D:\Documentos\Acracia\Biblioteca Acracia\  😬 Libros FALTANTES\En Inglés\IMG_20250708_232923.jpg,IMG_20250708_232923.jpg,camera,img 20250708 232923,skip_camera,0,none,,,,,,
D:\Documentos\Acracia\Biblioteca Acracia\  😬 Libros FALTANTES\En Inglés\IMG_20250708_232951.jpg,IMG_20250708_232951.jpg,camera,img 20250708 232951,skip_camera,0,none,,,,,,
D:\Documentos\Acracia\Biblioteca Acracia\  😬 Libros FALTANTES\En Inglés\IMG_20250708_233010.jpg,IMG_20250708_233010.jpg,camera,img 20250708 233010,skip_camera,0,none,,,,,,
D:\Documentos\Acracia\Biblioteca Acracia\  😬 Libros FALTANTES\En Inglés\IMG_20250708_233037.jpg,IMG_20250708_233037.jpg,camera,img 20250708 233037,skip_camera,0,none,,,,,,
D:\Documentos\Acracia\Biblioteca Acracia\  😬 Libros FALTANTES\En Inglés\IMG_20250708_233053.jpg,IMG_20250708_233053.jpg,camera,img 20250708 233053,skip_camera,0,none,,,,,,
D:\Documentos\Acracia\Biblioteca Acracia\  😬 Libros FALTANTES\En Inglés\IMG_20250708_233107.jpg,IMG_20250708_233107.jpg,camera,img 20250708 233107,skip_camera,0,none,,,,,,
D:\Documentos\Acracia\Biblioteca Acracia\  😬 Libros FALTANTES\En Inglés\IMG_20250922_130610.jpg,IMG_20250922_130610.jpg,camera,img 20250922 130610,skip_camera,0,none,,,,,,
D:\Documentos\Acracia\Biblioteca Acracia\  😬 Libros FALTANTES\En Inglés\IMG_20250922_130813.jpg,IMG_20250922_130813.jpg,camera,img 20250922 130813,skip_camera,0,none,,,,,,
D:\Documentos\Acracia\Biblioteca Acracia\  😬 Libros FALTANTES\En Inglés\IMG_20250922_130918.jpg,IMG_20250922_130918.jpg,camera,img 20250922 130918,skip_camera,0,none,,,,,,
D:\Documentos\Acracia\Biblioteca Acracia\  😬 Libros FALTANTES\En Inglés\IMG_20250922_131447.jpg,IMG_20250922_131447.jpg,camera,img 20250922 131447,skip_camera,0,none,,,,,,
D:\Documentos\Acracia\Biblioteca Acracia\  😬 Libros FALTANTES\En Inglés\IMG_20250923_132604.jpg,IMG_20250923_132604.jpg,camera,img 20250923 132604,skip_camera,0,none,,,,,,
D:\Documentos\Acracia\Biblioteca Acracia\  😬 Libros FALTANTES\En Inglés\IMG_20250923_132616.jpg,IMG_20250923_132616.jpg,camera,img 20250923 132616,skip_camera,0,none,,,,,,
D:\Documentos\Acracia\Biblioteca Acracia\  😬 Libros FALTANTES\En Inglés\IMG_20250923_132638.jpg,IMG_20250923_132638.jpg,camera,img 20250923 132638,skip_camera,0,none,,,,,,
D:\Documentos\Acracia\Biblioteca Acracia\  😬 Libros FALTANTES\En Inglés\IMG_20250923_132710.jpg,IMG_20250923_132710.jpg,camera,img 20250923 132710,skip_camera,0,none,,,,,,
D:\Documentos\Acracia\Biblioteca Acracia\  😬 Libros FALTANTES\En Inglés\IMG_20250923_132728.jpg,IMG_20250923_132728.jpg,camera,img 20250923 132728,skip_camera,0,none,,,,,,
D:\Documentos\Acracia\Biblioteca Acracia\  😬 Libros FALTANTES\En Inglés\IMG_20250923_132751.jpg,IMG_20250923_132751.jpg,camera,img 20250923 132751,skip_camera,0,none,,,,,,
D:\Documentos\Acracia\Biblioteca Acracia\  😬 Libros FALTANTES\En Inglés\IMG_20250923_132806.jpg,IMG_20250923_132806.jpg,camera,img 20250923 132806,skip_camera,0,none,,,,,,
D:\Documentos\Acracia\Biblioteca Acracia\  😬 Libros FALTANTES\En Inglés\IMG_20250923_132824.jpg,IMG_20250923_132824.jpg,camera,img 20250923 132824,skip_camera,0,none,,,,,,
D:\Documentos\Acracia\Biblioteca Acracia\  😬 Libros FALTANTES\En Inglés\IMG_20250923_132843.jpg,IMG_20250923_132843.jpg,camera,img 20250923 132843,skip_camera,0,none,,,,,,
D:\Documentos\Acracia\Biblioteca Acracia\  😬 Libros FALTANTES\En Inglés\IMG_20250923_132903.jpg,IMG_20250923_132903.jpg,camera,img 20250923 132903,skip_camera,0,none,,,,,,
D:\Documentos\Acracia\Biblioteca Acracia\  😬 Libros FALTANTES\En Inglés\Jesus and The Abolitionists.jpg,Jesus and The Abolitionists.jpg,title,jesus and the abolitionists,no_match,65.0,token_set,D:\Documentos\Acracia\Biblioteca Acracia\   👀 TEMAS\   🏛️ ESTATISMO\  Statism and the Economy (Jesús Huerta de Soto).pdf,  Statism and the Economy (Jesús Huerta de Soto).pdf,Deist - The Imposers and the.pdf,61.2,Cowen & Sutter - The Costs of Cooperation.pdf,58.8
D:\Documentos\Acracia\Biblioteca Acracia\  😬 Libros FALTANTES\En Inglés\Libertarianism Brochure.jpg,Libertarianism Brochure.jpg,title,libertarianism brochure,review,85.7,partial,D:\Documentos\Acracia\Biblioteca Acracia\   👀 TEMAS\    💛 LIBERTAD\   🛡️Libertarismo\  Libertarismo.pdf,  Libertarismo.pdf,Libertarismo.pdf,85.7,Green Libertarianism.pdf,82.4
D:\Documentos\Acracia\Biblioteca Acracia\  😬 Libros FALTANTES\En Inglés\Liberty for Real Dialogues.jpg,Liberty for Real Dialogues.jpg,title,liberty for real dialogues,no_match,63.5,token_set+overlap,D:\Documentos\Acracia\Biblioteca Acracia\    🤓 AUTORES\   CATEGORÍAS\  🌗 Ancaps-Voluntaristas\J. C. Lester\J.C Lester - Arguments for Liberty A Libertarian Miscellany .pdf,J.C Lester - Arguments for Liberty A Libertarian Miscellany .pdf,Libertario en 30 días.pdf,63.4,2022 Liberty Rating.pdf,60.0
D:\Documentos\Acracia\Biblioteca Acracia\  😬 Libros FALTANTES\En Inglés\Manifiesto of The Free Humans.jpg,Manifiesto of The Free Humans.jpg,title,manifiesto of the free humans,no_match,72.4,partial,D:\Documentos\Acracia\Biblioteca Acracia\      😱 NUEVO 2026\ 🗓️ NUEVO 2025\The Sovereign Manifesto How To Be Free in an Unfree World.pdf,The Sovereign Manifesto How To Be Free in an Unfree World.pdf,El Manifiesto Libertario - Resumen.pdf,62.1,The Theory of Free Banking.pdf,61.8
D:\Documentos\Acracia\Biblioteca Acracia\  😬 Libros FALTANTES\En Inglés\Marx & Satan.jpg,Marx & Satan.jpg,title,marx and satan,no_match,62.1,token_set,D:\Documentos\Acracia\Biblioteca Acracia\   👀 TEMAS\   💱 ECONOMÍA\Rallo - Anti-Marx.pdf,Rallo - Anti-Marx.pdf,Ayn Rand - El Manantial.pdf,57.1,Rothbard - Marx y la Alienación.pdf,57.1
D:\Documentos\Acracia\Biblioteca Acracia\  😬 Libros FALTANTES\En Inglés\Money Talks.jpg,Money Talks.jpg,title,money talks,no_match,72.7,partial,"D:\Documentos\Acracia\Biblioteca Acracia\    🤓 AUTORES\   CATEGORÍAS\  🌗 Ancaps-Voluntaristas\Spencer McCallum\The New Approach to Freedom Together with Essays on the Separation of Money and State (E. C. Riegel, Spencer Heath MacCallum) (Z-Library).pdf","The New Approach to Freedom Together with Essays on the Separation of Money and State (E. C. Riegel, Spencer Heath MacCallum) (Z-Library).pdf",Stringham - No Booze_ You May Lose_ Why Drinkers Earn More Money Than Nondrinkers.pdf,72.7,Gordon - Reseña_ Understanding Money Mechanics.pdf,63.6
"D:\Documentos\Acracia\Biblioteca Acracia\  😬 Libros FALTANTES\En Inglés\National-Anarchism, Heroes & Villains.jpg","National-Anarchism, Heroes & Villains.jpg",title,national anarchism heroes and villains,review,81.8,token_set,D:\Documentos\Acracia\Biblioteca Acracia\   👀 TEMAS\➕ TEMAS VARIOS\ 🌱 Medio Ambiente\En inglés\Eco-Anarchism.pdf,Eco-Anarchism.pdf,Anarchy (international relations).pdf,69.6,Hobbes y la anarquía internacional.pdf,61.1
D:\Documentos\Acracia\Biblioteca Acracia\  😬 Libros FALTANTES\En Inglés\Panorama of a State.jpg,Panorama of a State.jpg,title,panorama of a state,no_match,64.9,partial,D:\Documentos\Acracia\Biblioteca Acracia\   👀 TEMAS\➕ TEMAS VARIOS\ 🤖 Tecnología\Blockchain y Criptomonedas\Hügli - Las monedas digitales están cambiando el panorama monetario.pdf,Hügli - Las monedas digitales están cambiando el panorama monetario.pdf,"Examining the Armed Citizen the Historic Struggle Between Man and the State for the Control of Small Arms (Markel, Paul).pdf",59.3,"The New Approach to Freedom Together with Essays on the Separation of Money and State (E. C. Riegel, Spencer Heath MacCallum) (Z-Library).pdf",59.3
D:\Documentos\Acracia\Biblioteca Acracia\  😬 Libros FALTANTES\En Inglés\Principles of the Liberalism.jpg,Principles of the Liberalism.jpg,title,principles of the liberalism,review,80.0,partial,D:\Documentos\Acracia\Biblioteca Acracia\      😱 NUEVO 2026\🗓️ 2023-2024\ Nuevo 2024\ Enero-Junio\Marzo - Abril\Quispe - Liberalismo.pdf,Quispe - Liberalismo.pdf,Huerta - Los Principios de Liberalismo.pdf,79.2,Libertario de Principios.pdf,65.4
D:\Documentos\Acracia\Biblioteca Acracia\  😬 Libros FALTANTES\En Inglés\Screenshot_2025-07-07-18-09-14-829_com.android.chrome.jpg,Screenshot_2025-07-07-18-09-14-829_com.android.chrome.jpg,camera,screenshot 2025 07 07 18 09 14 829 com android chrome,skip_camera,0,none,,,,,,
D:\Documentos\Acracia\Biblioteca Acracia\  😬 Libros FALTANTES\En Inglés\Taxation is Theft.jpg,Taxation is Theft.jpg,title,taxation is theft,no_match,53.3,partial,D:\Documentos\Acracia\Biblioteca Acracia\   👀 TEMAS\ 🏰 HISTORIA\Ⓐ Ejemplos de Anarquismo_\z. MÁS\Christiania\Christiania and the right to the city.pdf,Christiania and the right to the city.pdf,‘HACKING THE STATE’.pdf,52.9,Anti-Estatismo – Voline.pdf,51.9
D:\Documentos\Acracia\Biblioteca Acracia\  😬 Libros FALTANTES\En Inglés\The Essentials of Formal Axiology.jpg,The Essentials of Formal Axiology.jpg,title,the essentials of formal axiology,review,78.8,partial,D:\Documentos\Acracia\Biblioteca Acracia\    🤓 AUTORES\   CATEGORÍAS\  🌗 Ancaps-Voluntaristas\ David Gordon\Gordon - The Essential.pdf,Gordon - The Essential.pdf,The Economics of the Baby Shortage.pdf,57.1,Marty - Ideologías.pdf,57.1
D:\Documentos\Acracia\Biblioteca Acracia\  😬 Libros FALTANTES\En Inglés\The Future is Descentralized and Open Source.jpg,The Future is Descentralized and Open Source.jpg,title,the future is descentralized and open source,no_match,64.5,partial,D:\Documentos\Acracia\Biblioteca Acracia\      😱 NUEVO 2026\ 🗓️ NUEVO 2025\  📅 MESES 2025\ Junio\Criptoanarquismo\Decentralized Social Life Theory.pdf,Decentralized Social Life Theory.pdf,Hoppe - Descentralizada y neutral.pdf,61.3,Kokesh - The Future of Freedom.pdf,60.5
D:\Documentos\Acracia\Biblioteca Acracia\  😬 Libros FALTANTES\En Inglés\Valuemetrics.jpg,Valuemetrics.jpg,title,valuemetrics,no_match,63.6,partial,D:\Documentos\Acracia\Biblioteca Acracia\   👀 TEMAS\ 👥 SOCIEDAD\Capella - Memética.pdf,Capella - Memética.pdf,   Michael Huemer.pdf,63.6,Hess - Dear America.pdf,63.2
D:\Documentos\Acracia\Biblioteca Acracia\  😬 Libros FALTANTES\Equidad de Libre Mercado - John Tomasi.jpg,Equidad de Libre Mercado - John Tomasi.jpg,title,equidad de libre mercado john tomasi,review,84.0,token_set+overlap,D:\Documentos\Acracia\Biblioteca Acracia\      😱 NUEVO 2026\🗓️ 2023-2024\ Nuevo 2024\ Julio-Diciembre\Octubre\Caminos de libre mercado.pdf,Caminos de libre mercado.pdf,Rothbard - Libre Mercado.pdf,78.3,Rothbard - Libre Mercado.pdf,78.3
D:\Documentos\Acracia\Biblioteca Acracia\  😬 Libros FALTANTES\Escuela austriaca de economía para principiantes_.jpg,Escuela austriaca de economía para principiantes_.jpg,title,escuela austriaca de economia para principiantes,auto,100.0,token_set+overlap,D:\Documentos\Acracia\Biblioteca Acracia\      😱 NUEVO 2026\🗓️ 2023-2024\ Nuevo 2023\ Julio-Diciembre\ Noviembre\Escuela Austriaca.pdf,Escuela Austriaca.pdf, La Escuela Austriaca de Economía Para Principiantes.pdf,100.0,Escuela Austriaca de Economía.pdf,100.0
D:\Documentos\Acracia\Biblioteca Acracia\  😬 Libros FALTANTES\Escuelas Anarquistas.webp,Escuelas Anarquistas.webp,title,escuelas anarquistas,review,85.0,partial,D:\Documentos\Acracia\Biblioteca Acracia\      😱 NUEVO 2026\🗓️ 2023-2024\ Nuevo 2024\ Enero-Junio\Febrero\ Semillas anarquistas bajo la nieve. El pensamiento libertario de izquierda y los escritores británicos desde William Morris hasta Colin Ward (2006) – David Goodway.pdf, Semillas anarquistas bajo la nieve. El pensamiento libertario de izquierda y los escritores británicos desde William Morris hasta Colin Ward (2006) – David Goodway.pdf,Ciudadelas y condominios como modelo para comunidades anarquistas.pdf,82.4,McMaken - ¿Quiénes son los verdaderos anarquistas_.pdf,78.8
D:\Documentos\Acracia\Biblioteca Acracia\  😬 Libros FALTANTES\Explorando los principios del capitalismo_.jpg,Explorando los principios del capitalismo_.jpg,title,explorando los principios del capitalismo,auto,100.0,token_set,D:\Documentos\Acracia\Biblioteca Acracia\    🤓 AUTORES\   CATEGORÍAS\  🌗 Ancaps-Voluntaristas\José Hernández Cabrera\Capitalismo.pdf,Capitalismo.pdf,MAÑANA EL CAPITALISMO.pdf,81.1,En Defensa del Capitalismo.pdf,79.1
D:\Documentos\Acracia\Biblioteca Acracia\  😬 Libros FALTANTES\Extinción_.jpg,Extinción_.jpg,title,extincion,review,80.0,partial,D:\Documentos\Acracia\Biblioteca Acracia\    🤓 AUTORES\   CATEGORÍAS\  🌗 Ancaps-Voluntaristas\José Hernández Cabrera\Inflación.pdf,Inflación.pdf,Edición 2 - Mayo 2023.pdf,75.0,Capella - Cognición.pdf,71.4
D:\Documentos\Acracia\Biblioteca Acracia\  😬 Libros FALTANTES\F. A. Hayek Dos ensayos sobre economía y moral.jpg,F. A. Hayek Dos ensayos sobre economía y moral.jpg,title,f a hayek dos ensayos sobre economia y moral,review,76.2,token_set+overlap,D:\Documentos\Acracia\Biblioteca Acracia\    🤓 AUTORES\   CATEGORÍAS\  🌗 Ancaps-Voluntaristas\  Jesús Huerta de Soto\Artículos\Artículos cortos\Huerta - Hayek y la moral.pdf,Huerta - Hayek y la moral.pdf,Huerta - Hayek y la moral.pdf,76.2,Huerta - Ensayos de Economía Política.pdf,70.7
D:\Documentos\Acracia\Biblioteca Acracia\  😬 Libros FALTANTES\Filosofía\Ethical Intuitionism and Its Critics - Grant C. Sterling.jpg,Ethical Intuitionism and Its Critics - Grant C. Sterling.jpg,title,ethical intuitionism and its critics grant c sterling,no_match,63.6,partial,D:\Documentos\Acracia\Biblioteca Acracia\     ✍️ EDITORIAL Acraci\ 🔡 Traducciones\Lake - El Intuicionismo en la Ética.pdf,Lake - El Intuicionismo en la Ética.pdf,Mises - Critica del Intervencionismo.pdf,59.3,Huemer - Resumen de Ética Intuicionista.pdf,57.6
D:\Documentos\Acracia\Biblioteca Acracia\  😬 Libros FALTANTES\Filosofía\G. E. Moore_s Intuitionism. A highly implausible meta-ethical position - Mark Costello.jpg,G. E. Moore_s Intuitionism. A highly implausible meta-ethical position - Mark Costello.jpg,title,g e moore s intuitionism a highly implausible meta ethical position mark costello,no_match,61.3,partial,D:\Documentos\Acracia\Biblioteca Acracia\     ✍️ EDITORIAL Acraci\ 🔡 Traducciones\Lake - El Intuicionismo en la Ética.pdf,Lake - El Intuicionismo en la Ética.pdf,Huemer - Resumen de Ética Intuicionista.pdf,54.0, Huemer - Defensa de un Intuicionista Modesto.pdf,52.2
"D:\Documentos\Acracia\Biblioteca Acracia\  😬 Libros FALTANTES\Filosofía\Los presupuestos de la falacia naturalista, una revisión crítica.jpg","Los presupuestos de la falacia naturalista, una revisión crítica.jpg",title,los presupuestos de la falacia naturalista una revision critica,no_match,71.0,token_set,D:\Documentos\Acracia\Biblioteca Acracia\      😱 NUEVO 2026\ 🗓️ NUEVO 2025\  📅 MESES 2025\Septiembre\CRITICA A LOS PLIB (1).pdf,CRITICA A LOS PLIB (1).pdf,¿Ha sido derrotada la teoría clásica del Derecho natural por el argumento de la falacia naturalista_.pdf,70.0,Bastos - La Propuesta de la Renta Básica de Ciudadania. Crítica.pdf,65.0
D:\Documentos\Acracia\Biblioteca Acracia\  😬 Libros FALTANTES\Filosofía\The New Intuitionism.jpg,The New Intuitionism.jpg,title,the new intuitionism,review,76.9,partial,D:\Documentos\Acracia\Biblioteca Acracia\     ✍️ EDITORIAL Acraci\🖼️ Diseños\ Huemer - Intuicionismo Libertario.pdf, Huemer - Intuicionismo Libertario.pdf,Lake - El Intuicionismo en la Ética.pdf,75.0,Lake - Metafísica Intuicionista.pdf,64.7
D:\Documentos\Acracia\Biblioteca Acracia\  😬 Libros FALTANTES\fpp\Breve historia de la libertad - David Schmidtz y Jason Brennan.webp,Breve historia de la libertad - David Schmidtz y Jason Brennan.webp,title,breve historia de la libertad david schmidtz y jason brennan,review,85.2,partial+overlap,D:\Documentos\Acracia\Biblioteca Acracia\   👀 TEMAS\ 🏰 HISTORIA\Ⓐ Ejemplos de Anarquismo_\Irlanda Celta\Breve Historia de la Mitología Celta.pdf,Breve Historia de la Mitología Celta.pdf,Capella - Libertad.pdf,81.2,Libertad de la acción.pdf,80.0
D:\Documentos\Acracia\Biblioteca Acracia\  😬 Libros FALTANTES\fpp\El mito del Estado emprendedor - Deirdre McCloskey y Alberto Mingardi.png,El mito del Estado emprendedor - Deirdre McCloskey y Alberto Mingardi.png,title,el mito del estado emprendedor deirdre mccloskey y alberto mingardi,auto,100.0,token_set+overlap,D:\Documentos\Acracia\Biblioteca Acracia\   👀 TEMAS\   🏛️ ESTATISMO\¿El Estado Emprendedor-.pdf,¿El Estado Emprendedor-.pdf,Mitos y Realidades Estado Emprendedor.pdf,81.6, El mito del Estado (Ernst Cassirer).pdf,81.2
D:\Documentos\Acracia\Biblioteca Acracia\  😬 Libros FALTANTES\fpp\La filosofía de la violencia - Jorge Millas.png,La filosofía de la violencia - Jorge Millas.png,title,la filosofia de la violencia jorge millas,no_match,71.6,partial,D:\Documentos\Acracia\Biblioteca Acracia\   👀 TEMAS\   💱 ECONOMÍA\ 📚 Escuelas\ Escuela Austriaca\ La Filosofía de la Escuela Austriaca - Raimondo Cubbedu.pdf, La Filosofía de la Escuela Austriaca - Raimondo Cubbedu.pdf, LeFevre - La Filosofia de la Propiedad.pdf,70.2,¿Es la filosofía de Kant individualista_.pdf,69.7
D:\Documentos\Acracia\Biblioteca Acracia\  😬 Libros FALTANTES\fpp\Por qué esta bien querer ser rico.jpg,Por qué esta bien querer ser rico.jpg,title,por que esta bien querer ser rico,no_match,68.5,token_set+overlap,D:\Documentos\Acracia\Biblioteca Acracia\   👀 TEMAS\   🏛️ ESTATISMO\ Tipos de Estatismos\ 🪤 Socialismo\Artículos\Por qué deje de ser de izquierda.pdf,Por qué deje de ser de izquierda.pdf,J. Tucker - Por qué todo está más sucio.pdf,62.0,Huemer - Por qué la gente es irracional con la política.pdf,60.6
D:\Documentos\Acracia\Biblioteca Acracia\  😬 Libros FALTANTES\Fronteras abiertas - Bryan Caplan.jpg,Fronteras abiertas - Bryan Caplan.jpg,title,fronteras abiertas bryan caplan,auto,100.0,token_set+overlap,D:\Documentos\Acracia\Biblioteca Acracia\    🤓 AUTORES\   CATEGORÍAS\  🌗 Ancaps-Voluntaristas\ Bryan Caplan\ Bryan Caplan.pdf, Bryan Caplan.pdf,Caplan - Las pandemias y las fronteras abiertas.pdf,95.3,Caplan - Las pandemias y las fronteras abiertas.pdf,95.3
D:\Documentos\Acracia\Biblioteca Acracia\  😬 Libros FALTANTES\Fundamentos de la banca central y de la libertad bancaria_.jpg,Fundamentos de la banca central y de la libertad bancaria_.jpg,title,fundamentos de la banca central y de la libertad bancaria,auto,100.0,token_set+overlap,D:\Documentos\Acracia\Biblioteca Acracia\      😱 NUEVO 2026\ 🗓️ NUEVO 2025\  📅 MESES 2025\Agosto\Banca central.pdf,Banca central.pdf,Hayek - Los Fundamentos de la Libertad.pdf,87.9,Libertad de la acción.pdf,80.0
D:\Documentos\Acracia\Biblioteca Acracia\  😬 Libros FALTANTES\G1YtaaWXwAAzZHk.jpeg,G1YtaaWXwAAzZHk.jpeg,title,g1ytaawxwaazzhk,no_match,50.0,partial,D:\Documentos\Acracia\Biblioteca Acracia\   👀 TEMAS\ 🏰 HISTORIA\Ⓐ Ejemplos de Anarquismo_\z. MÁS\Acadia\Acadia.pdf,Acadia.pdf,Rothbard - La Estafa Afgana.pdf,38.5, Bryan Caplan.pdf,36.4
D:\Documentos\Acracia\Biblioteca Acracia\  😬 Libros FALTANTES\Greguerias Liberales.jpg,Greguerias Liberales.jpg,title,greguerias liberales,review,75.0,partial,D:\Documentos\Acracia\Biblioteca Acracia\   👀 TEMAS\   🏛️ ESTATISMO\ Tipos de Estatismos\👮‍♂️ Minarquismo\Giacomini - El Fracaso de las Constituciones Liberales.pdf,Giacomini - El Fracaso de las Constituciones Liberales.pdf,Tucu - De la Libertad a los Liberales.pdf,71.0,Ni la anarquía ni la minarquía son necesariamente liberales.pdf,71.0
D:\Documentos\Acracia\Biblioteca Acracia\  😬 Libros FALTANTES\Guerra y construcción del Estado en Colombia_.jpg,Guerra y construcción del Estado en Colombia_.jpg,title,guerra y construccion del estado en colombia,auto,90.2,token_set+overlap,D:\Documentos\Acracia\Biblioteca Acracia\   👀 TEMAS\➕ TEMAS VARIOS\ 🪖 Guerra y Terrorismo\ Charles Tilly - Guerra y Construcción del Estado como Crimen Organizado.pdf, Charles Tilly - Guerra y Construcción del Estado como Crimen Organizado.pdf,"Rothbard - Guerra, paz y Estado.pdf",73.8, Guerra_ Deconstrucción Económica (Presentación).pdf,72.0
"D:\Documentos\Acracia\Biblioteca Acracia\  😬 Libros FALTANTES\Humanos, máquinas y política.jpg","Humanos, máquinas y política.jpg",title,humanos maquinas y politica,auto,100.0,token_set,D:\Documentos\Acracia\Biblioteca Acracia\    🤓 AUTORES\   CATEGORÍAS\  🌗 Ancaps-Voluntaristas\José Hernández Cabrera\Política.pdf,Política.pdf,Huerta - Ensayos de Economía Política.pdf,68.3,"Hoppe - Economía, Filosofía y Política.pdf",68.2
D:\Documentos\Acracia\Biblioteca Acracia\  😬 Libros FALTANTES\Ideario anarquista.jpg,Ideario anarquista.jpg,title,ideario anarquista,review,83.9,partial,D:\Documentos\Acracia\Biblioteca Acracia\      😱 NUEVO 2026\ 🗓️ NUEVO 2025\  📅 MESES 2025\ Junio\La filosofia helenistica en la historiografia anarquista.pdf,La filosofia helenistica en la historiografia anarquista.pdf, Stringham y Zywicki - Hayekianismo Anarquista.pdf,83.3,"No soy un hombre, ¡soy dinamita! Friedrich Nietzsche y la tradición anarquista.pdf",82.4
D:\Documentos\Acracia\Biblioteca Acracia\  😬 Libros FALTANTES\IMG_20250610_101040.jpg,IMG_20250610_101040.jpg,camera,img 20250610 101040,skip_camera,0,none,,,,,,
D:\Documentos\Acracia\Biblioteca Acracia\  😬 Libros FALTANTES\IMG_20250610_143507.jpg,IMG_20250610_143507.jpg,camera,img 20250610 143507,skip_camera,0,none,,,,,,
D:\Documentos\Acracia\Biblioteca Acracia\  😬 Libros FALTANTES\IMG_20250707_220624.jpg,IMG_20250707_220624.jpg,camera,img 20250707 220624,skip_camera,0,none,,,,,,
D:\Documentos\Acracia\Biblioteca Acracia\  😬 Libros FALTANTES\IMG_20250707_221001.jpg,IMG_20250707_221001.jpg,camera,img 20250707 221001,skip_camera,0,none,,,,,,
D:\Documentos\Acracia\Biblioteca Acracia\  😬 Libros FALTANTES\IMG_20250707_221025.jpg,IMG_20250707_221025.jpg,camera,img 20250707 221025,skip_camera,0,none,,,,,,
D:\Documentos\Acracia\Biblioteca Acracia\  😬 Libros FALTANTES\IMG_20250707_221112.jpg,IMG_20250707_221112.jpg,camera,img 20250707 221112,skip_camera,0,none,,,,,,
D:\Documentos\Acracia\Biblioteca Acracia\  😬 Libros FALTANTES\IMG_20250707_221134.jpg,IMG_20250707_221134.jpg,camera,img 20250707 221134,skip_camera,0,none,,,,,,
D:\Documentos\Acracia\Biblioteca Acracia\  😬 Libros FALTANTES\IMG_20250707_221153.jpg,IMG_20250707_221153.jpg,camera,img 20250707 221153,skip_camera,0,none,,,,,,
D:\Documentos\Acracia\Biblioteca Acracia\  😬 Libros FALTANTES\IMG_20250708_161621.jpg,IMG_20250708_161621.jpg,camera,img 20250708 161621,skip_camera,0,none,,,,,,
D:\Documentos\Acracia\Biblioteca Acracia\  😬 Libros FALTANTES\IMG_20250708_162544.jpg,IMG_20250708_162544.jpg,camera,img 20250708 162544,skip_camera,0,none,,,,,,
D:\Documentos\Acracia\Biblioteca Acracia\  😬 Libros FALTANTES\IMG_20250922_130401.jpg,IMG_20250922_130401.jpg,camera,img 20250922 130401,skip_camera,0,none,,,,,,
D:\Documentos\Acracia\Biblioteca Acracia\  😬 Libros FALTANTES\IMG_20250922_130827.jpg,IMG_20250922_130827.jpg,camera,img 20250922 130827,skip_camera,0,none,,,,,,
D:\Documentos\Acracia\Biblioteca Acracia\  😬 Libros FALTANTES\IMG_20250922_130901.jpg,IMG_20250922_130901.jpg,camera,img 20250922 130901,skip_camera,0,none,,,,,,
D:\Documentos\Acracia\Biblioteca Acracia\  😬 Libros FALTANTES\IMG_20250922_131229.jpg,IMG_20250922_131229.jpg,camera,img 20250922 131229,skip_camera,0,none,,,,,,
D:\Documentos\Acracia\Biblioteca Acracia\  😬 Libros FALTANTES\IMG_20250922_131243.jpg,IMG_20250922_131243.jpg,camera,img 20250922 131243,skip_camera,0,none,,,,,,
D:\Documentos\Acracia\Biblioteca Acracia\  😬 Libros FALTANTES\IMG_20250922_131313.jpg,IMG_20250922_131313.jpg,camera,img 20250922 131313,skip_camera,0,none,,,,,,
D:\Documentos\Acracia\Biblioteca Acracia\  😬 Libros FALTANTES\IMG_20250922_131331.jpg,IMG_20250922_131331.jpg,camera,img 20250922 131331,skip_camera,0,none,,,,,,
D:\Documentos\Acracia\Biblioteca Acracia\  😬 Libros FALTANTES\IMG_20250922_131405.jpg,IMG_20250922_131405.jpg,camera,img 20250922 131405,skip_camera,0,none,,,,,,
D:\Documentos\Acracia\Biblioteca Acracia\  😬 Libros FALTANTES\IMG_20250922_131426.jpg,IMG_20250922_131426.jpg,camera,img 20250922 131426,skip_camera,0,none,,,,,,
D:\Documentos\Acracia\Biblioteca Acracia\  😬 Libros FALTANTES\IMG_20250922_131512.jpg,IMG_20250922_131512.jpg,camera,img 20250922 131512,skip_camera,0,none,,,,,,
D:\Documentos\Acracia\Biblioteca Acracia\  😬 Libros FALTANTES\IMG_20251002_184507.jpg,IMG_20251002_184507.jpg,camera,img 20251002 184507,skip_camera,0,none,,,,,,
D:\Documentos\Acracia\Biblioteca Acracia\  😬 Libros FALTANTES\Imperialismo Clases sociales_.jpg,Imperialismo Clases sociales_.jpg,title,imperialismo clases sociales,auto,100.0,token_set+overlap,D:\Documentos\Acracia\Biblioteca Acracia\      😱 NUEVO 2026\ 🗓️ NUEVO 2025\  📅 MESES 2025\   Marzo\Schumpeter - Imperialismo Clases Sociales.pdf,Schumpeter - Imperialismo Clases Sociales.pdf,"Schumpeter - Capitalismo, Socialismo y Socialismo.PDF",67.9,Quispe - Liberalismo.pdf,66.7
D:\Documentos\Acracia\Biblioteca Acracia\  😬 Libros FALTANTES\Inmigración y emprendimiento_.jpg,Inmigración y emprendimiento_.jpg,title,inmigracion y emprendimiento,review,80.8,partial,D:\Documentos\Acracia\Biblioteca Acracia\    🤓 AUTORES\   CATEGORÍAS\  🌗 Ancaps-Voluntaristas\Per L. Bylund\Bylund - Cómo pensar la producción y el emprendimiento.pdf,Bylund - Cómo pensar la producción y el emprendimiento.pdf,Bylund - No hay que mezclar política y emprendimiento.pdf,80.0,Bylund - Cómo la soberanía del consumidor y el emprendimiento trabajan juntos.pdf,75.0
D:\Documentos\Acracia\Biblioteca Acracia\  😬 Libros FALTANTES\INNISFREE\ _Capitalismo Espacial - Walter Block.png__300x0.jpg, _Capitalismo Espacial - Walter Block.png__300x0.jpg,title,capitalismo espacial walter block png 300x0,auto,100.0,token_set,D:\Documentos\Acracia\Biblioteca Acracia\    🤓 AUTORES\   CATEGORÍAS\  🌗 Ancaps-Voluntaristas\José Hernández Cabrera\Capitalismo.pdf,Capitalismo.pdf,Block y Lothian - Capitalismo Espacial.pdf,89.9,Capitalismo de Amigos.pdf,80.0
D:\Documentos\Acracia\Biblioteca Acracia\  😬 Libros FALTANTES\INNISFREE\ _Caplan - Razones Egoístas para Tener Hijos.jpg, _Caplan - Razones Egoístas para Tener Hijos.jpg,title,caplan razones egoistas para tener hijos,review,75.9,partial+overlap,D:\Documentos\Acracia\Biblioteca Acracia\    🤓 AUTORES\   CATEGORÍAS\  🌗 Ancaps-Voluntaristas\ Bryan Caplan\Caplan - Razones para No se un economista Austriaco.pdf,Caplan - Razones para No se un economista Austriaco.pdf, Bryan Caplan.pdf,66.7, Caplan - FAQ sobre Teoría Anarquista.pdf,61.3
D:\Documentos\Acracia\Biblioteca Acracia\  😬 Libros FALTANTES\INNISFREE\ _Defendiendo lo Indefendible III.webp, _Defendiendo lo Indefendible III.webp,title,defendiendo lo indefendible iii,auto,100.0,partial+overlap,D:\Documentos\Acracia\Biblioteca Acracia\   👀 TEMAS\    💛 LIBERTAD\   🛡️Libertarismo\Block - Defendiendo lo Indefendible II.pdf,Block - Defendiendo lo Indefendible II.pdf,Block - Defendiendo lo indefendible I.pdf,100.0,Block - Defendiendo lo Indefendible II.pdf,100.0
D:\Documentos\Acracia\Biblioteca Acracia\  😬 Libros FALTANTES\INNISFREE\ _Feminimo Individualista.png, _Feminimo Individualista.png,title,feminimo individualista,auto,95.7,partial,D:\Documentos\Acracia\Biblioteca Acracia\    🤓 AUTORES\   CATEGORÍAS\  🌗 Ancaps-Voluntaristas\ Wendy McElroy\McElroy - Preguntas y respuestas frecuentes sobre feminismo individualista (feminismo libertario).pdf,McElroy - Preguntas y respuestas frecuentes sobre feminismo individualista (feminismo libertario).pdf,Lemieux - El Sentimiento Individualista.pdf,86.4,¿Es la filosofía de Kant individualista_.pdf,80.0
D:\Documentos\Acracia\Biblioteca Acracia\  😬 Libros FALTANTES\INNISFREE\ _Individualismo y Orden Económico - Hayek.jpg, _Individualismo y Orden Económico - Hayek.jpg,title,individualismo y orden economico hayek,no_match,67.7,partial,D:\Documentos\Acracia\Biblioteca Acracia\    🤓 AUTORES\   CATEGORÍAS\  🌗 Ancaps-Voluntaristas\ Jörg Guido Hülsmann\Hülsman - Cómo usar el individualismo metodológico.pdf,Hülsman - Cómo usar el individualismo metodológico.pdf,"Hoppe - Banca, Estados nacionales y política internacional_ una reconstrucción sociológica del orden económico actual.pdf",67.2,Hayek - La Teoría del Ciclo Económico.pdf,67.0
D:\Documentos\Acracia\Biblioteca Acracia\  😬 Libros FALTANTES\INNISFREE\ _La Colonización de Mar - Patri Friedman.png, _La Colonización de Mar - Patri Friedman.png,title,la colonizacion de mar patri friedman,auto,100.0,token_set+overlap,D:\Documentos\Acracia\Biblioteca Acracia\    🤓 AUTORES\   CATEGORÍAS\  🌗 Ancaps-Voluntaristas\Patri Friedman\ Patri Friedman.pdf, Patri Friedman.pdf,   David Friedman.pdf,83.3,Colonización de Islandia.pdf,76.9
D:\Documentos\Acracia\Biblioteca Acracia\  😬 Libros FALTANTES\INNISFREE\ _Libertad Individual (Benjamin Tucker).jpg, _Libertad Individual (Benjamin Tucker).jpg,title,libertad individual benjamin tucker,review,77.4,partial,D:\Documentos\Acracia\Biblioteca Acracia\   👀 TEMAS\  🧑‍⚖️ DERECHO y JUSTICIA\  Propiedad\NAP\Libertad negativa.pdf,Libertad negativa.pdf,"Libertad, Individualidad y Progreso - Por José Benegas.pdf",72.7,Libertad y Prensa.pdf,71.4
D:\Documentos\Acracia\Biblioteca Acracia\  😬 Libros FALTANTES\INNISFREE\ _Una Bella Anarquía - Jeffrey Tucker.jpg, _Una Bella Anarquía - Jeffrey Tucker.jpg,title,una bella anarquia jeffrey tucker,auto,100.0,token_set+overlap,D:\Documentos\Acracia\Biblioteca Acracia\    🤓 AUTORES\   CATEGORÍAS\  🌗 Ancaps-Voluntaristas\ Jeffrey Tucker\  Jeffrey Tucker.pdf,  Jeffrey Tucker.pdf,Land - Anarquía fría.pdf,77.8,Caplan - La Anarquía.pdf,72.2
D:\Documentos\Acracia\Biblioteca Acracia\  😬 Libros FALTANTES\INNISFREE\ Manual Libertario - José Luis Montesinos.jpg, Manual Libertario - José Luis Montesinos.jpg,title,manual libertario jose luis montesinos,no_match,71.4,partial,D:\Documentos\Acracia\Biblioteca Acracia\   👀 TEMAS\    💛 LIBERTAD\Libertario en 30 días.pdf,Libertario en 30 días.pdf, Freiman - Utilitarismo Libertario.pdf,66.7,Valenzuela - El Vaquero Libertario.pdf,65.3
D:\Documentos\Acracia\Biblioteca Acracia\  😬 Libros FALTANTES\INNISFREE\Capitalismo para Niños - Karl Hess.jpg,Capitalismo para Niños - Karl Hess.jpg,title,capitalismo para ninos karl hess,auto,100.0,token_set+overlap,D:\Documentos\Acracia\Biblioteca Acracia\    🤓 AUTORES\   CATEGORÍAS\  🌗 Ancaps-Voluntaristas\ Karl Hess\ Karl Hess.pdf, Karl Hess.pdf,Capitalismo.pdf,100.0,Capitalismo de Amigos.pdf,74.3
D:\Documentos\Acracia\Biblioteca Acracia\  😬 Libros FALTANTES\INNISFREE\El Estado contra los Negros.jpg,El Estado contra los Negros.jpg,title,el estado contra los negros,review,89.1,token_set+overlap,"D:\Documentos\Acracia\Biblioteca Acracia\    🤓 AUTORES\   CATEGORÍAS\  🌗 Ancaps-Voluntaristas\Stefan Molyneux\Molyneux - El Estado, invalidado. Cuatro argumentos contra los gobiernos.pdf","Molyneux - El Estado, invalidado. Cuatro argumentos contra los gobiernos.pdf",Rallo - El Estado contra el Derecho.pdf,85.5,J. Tucker - El Estado contra el pueblo en la era digital.pdf,81.8
D:\Documentos\Acracia\Biblioteca Acracia\  😬 Libros FALTANTES\INNISFREE\el Mito del Socialismo Nórdido.webp,el Mito del Socialismo Nórdido.webp,title,el mito del socialismo nordido,no_match,72.3,token_set,D:\Documentos\Acracia\Biblioteca Acracia\    🤓 AUTORES\   CATEGORÍAS\  🌗 Ancaps-Voluntaristas\  Hans-Hermann Hoppe\Hoppe\Hoppe - El socialismo del conservadurismo.pdf,Hoppe - El socialismo del conservadurismo.pdf,Rothbard - El Final del Socialismo y el Debate del Cálculo Reexaminado.pdf,72.3,Bagus - Los llamados a la planificación central en el pánico del COVID-19 son como los llamados al «socialismo de guerra» de antaño.pdf,72.3
D:\Documentos\Acracia\Biblioteca Acracia\  😬 Libros FALTANTES\INNISFREE\Escuela Neutral.webp,Escuela Neutral.webp,title,escuela neutral,review,80.0,partial,D:\Documentos\Acracia\Biblioteca Acracia\      😱 NUEVO 2026\🗓️ 2023-2024\ Nuevo 2023\ Julio-Diciembre\ Noviembre\Escuela Austriaca.pdf,Escuela Austriaca.pdf,Escuela Austriaca.pdf,80.0,La Escuela Austriaca_.pdf,80.0
D:\Documentos\Acracia\Biblioteca Acracia\  😬 Libros FALTANTES\INNISFREE\fd8000_84b9c991c6bc4441a394ded6b45bb204~mv2.webp,fd8000_84b9c991c6bc4441a394ded6b45bb204~mv2.webp,title,fd8000 84b9c991c6bc4441a394ded6b45bb204 mv2,no_match,29.1,partial,D:\Documentos\Acracia\Biblioteca Acracia\      😱 NUEVO 2026\ 🗓️ NUEVO 2025\  📅 MESES 2025\ Junio\Escuela Austriaca\F.A. HAYEK 1899-1992_ALBUM BIOGRÁFICO.pdf,F.A. HAYEK 1899-1992_ALBUM BIOGRÁFICO.pdf,Gustave de Molinari (1819-1912) (Gabriel Calzada).pdf,27.3,"Briceño - Secesión, el Estado de Mil Cabezas.pdf",26.2
D:\Documentos\Acracia\Biblioteca Acracia\  😬 Libros FALTANTES\INNISFREE\Juego de Tronos. Anarquía versus Monarquía.jpg,Juego de Tronos. Anarquía versus Monarquía.jpg,title,juego de tronos anarquia versus monarquia,no_match,66.7,partial,D:\Documentos\Acracia\Biblioteca Acracia\Land - Anarquía fría.pdf,Land - Anarquía fría.pdf,Newdick - Anarquía y teoría de juegos.pdf,63.2,Caplan - La Anarquía.pdf,61.5
D:\Documentos\Acracia\Biblioteca Acracia\  😬 Libros FALTANTES\INNISFREE\Las antinomias entre el individuo y la sociedad — Georges Palante.jpg,Las antinomias entre el individuo y la sociedad — Georges Palante.jpg,title,las antinomias entre el individuo y la sociedad georges palante,auto,91.0,token_set+overlap,D:\Documentos\Acracia\Biblioteca Acracia\   👀 TEMAS\ 👥 SOCIEDAD\Rojas - Individuo y Sociedad.pdf,Rojas - Individuo y Sociedad.pdf,Minsky - La Sociedad de la Mente.pdf,71.2,El individuo libertario.pdf,69.6
D:\Documentos\Acracia\Biblioteca Acracia\  😬 Libros FALTANTES\INNISFREE\Libertad o Confinamiento.webp,Libertad o Confinamiento.webp,title,libertad o confinamiento,review,78.3,partial,D:\Documentos\Acracia\Biblioteca Acracia\    🤓 AUTORES\   CATEGORÍAS\  🌗 Ancaps-Voluntaristas\  Hans-Hermann Hoppe\Entrevistas\¡Hoppe sobre los confinamientos!.pdf,¡Hoppe sobre los confinamientos!.pdf,Libertad y Prensa.pdf,71.4, Hoppe - Libertad o Socialismo.pdf,71.1
D:\Documentos\Acracia\Biblioteca Acracia\  😬 Libros FALTANTES\INNISFREE\Paraísos fiscales e infiernos tributarios — Martín Litwak.webp,Paraísos fiscales e infiernos tributarios — Martín Litwak.webp,title,paraisos fiscales e infiernos tributarios martin litwak,auto,100.0,token_set+overlap,D:\Documentos\Acracia\Biblioteca Acracia\   👀 TEMAS\   💱 ECONOMÍA\➕ Más\Martín Litwak - Paraísos fiscales e infiernos tributarios una mirada.pdf,Martín Litwak - Paraísos fiscales e infiernos tributarios una mirada.pdf,Litwak - Paraísos fiscales e infiernos tributarios- Una mirada diferente sobre las jurisdicciones offshore y la competencia fiscal....pdf,100.0,Mueller - Los índices de precios no son medidas precisas de inflación.pdf,53.8
D:\Documentos\Acracia\Biblioteca Acracia\  😬 Libros FALTANTES\INNISFREE\Protocolo Malatesta.jpg,Protocolo Malatesta.jpg,title,protocolo malatesta,review,78.8,partial,D:\Documentos\Acracia\Biblioteca Acracia\      😱 NUEVO 2026\🗓️ 2023-2024\ Nuevo 2023\ Julio-Diciembre\  Diciembre\Comunismo e individualismo (Errico Malatesta).pdf,Comunismo e individualismo (Errico Malatesta).pdf,Antiestatismo.pdf,63.2,Economía Doméstica.pdf,56.2
D:\Documentos\Acracia\Biblioteca Acracia\  😬 Libros FALTANTES\Instituciones Industriales - Spencer.jpg,Instituciones Industriales - Spencer.jpg,title,instituciones industriales spencer,no_match,72.0,partial,D:\Documentos\Acracia\Biblioteca Acracia\      😱 NUEVO 2026\🗓️ 2023-2024\ Nuevo 2023\Enero-Junio\Junio\Herbert Spencer ---.pdf,Herbert Spencer ---.pdf,Justicia en la red_ el caso del bitcoin y las nuevas instituciones financieras.pdf,71.2,Anarquismo e instituciones_ Sistemas de gobierno y leyes compatibles -o no- con la soberanía individual.pdf,67.6
D:\Documentos\Acracia\Biblioteca Acracia\  😬 Libros FALTANTES\Introducción al autoestrangulamiento del Estado del bienestar_.jpg,Introducción al autoestrangulamiento del Estado del bienestar_.jpg,title,introduccion al autoestrangulamiento del estado del bienestar,review,85.6,token_set+overlap,D:\Documentos\Acracia\Biblioteca Acracia\   👀 TEMAS\   🏛️ ESTATISMO\ El Autoestrangulamiento del Estado - Marcos G. D.pdf, El Autoestrangulamiento del Estado - Marcos G. D.pdf,Huerta - Perspectivas del Estado de Bienestar.pdf,76.7,Introducción a la Escuela Austriaca_.pdf,73.3
D:\Documentos\Acracia\Biblioteca Acracia\  😬 Libros FALTANTES\La amenaza de huelga_.jpg,La amenaza de huelga_.jpg,title,la amenaza de huelga,review,80.0,partial,D:\Documentos\Acracia\Biblioteca Acracia\      😱 NUEVO 2026\🗓️ 2023-2024\ Nuevo 2024\ Julio-Diciembre\Octubre\No sólo es Soros La amenaza del globalismo totalitario en tiempos del coronavirus (Juan Antonio de Castro).pdf,No sólo es Soros La amenaza del globalismo totalitario en tiempos del coronavirus (Juan Antonio de Castro).pdf,Rothbard - La amenaza del culto espacial.pdf,80.0,Psicologia De La Amenaza Politica Y El Miedo (Lira Kornfeld Elizabeth).pdf,78.8
D:\Documentos\Acracia\Biblioteca Acracia\  😬 Libros FALTANTES\La batalla cultural_.jpg,La batalla cultural_.jpg,title,la batalla cultural,auto,100.0,token_set+overlap,D:\Documentos\Acracia\Biblioteca Acracia\      😱 NUEVO 2026\ 🗓️ NUEVO 2025\➕ Varios\El Libro Negro de la Nueva Derecha Infiltración Atlantista & Batalla Cultural.pdf,El Libro Negro de la Nueva Derecha Infiltración Atlantista & Batalla Cultural.pdf,La trinchera de las letras- La batalla cultural contra la libertad y el conocimiento (Juan Soto Ivars).pdf,100.0,Mueller - ¿Es el marxismo cultural la nueva ideología principal de Estados Unidos_.pdf,73.3
D:\Documentos\Acracia\Biblioteca Acracia\  😬 Libros FALTANTES\La crisis del colectivismo.jpg,La crisis del colectivismo.jpg,title,la crisis del colectivismo,no_match,73.1,partial,D:\Documentos\Acracia\Biblioteca Acracia\    🤓 AUTORES\   CATEGORÍAS\  🌗 Ancaps-Voluntaristas\ Jörg Guido Hülsmann\Artículos cortos\Hülsman - Lo que la crisis del COVID-19 significa para Europa y la eurozona.pdf,Hülsman - Lo que la crisis del COVID-19 significa para Europa y la eurozona.pdf,Bagus - La crisis del COVID-19 está llevando a la UE al borde del precipicio.pdf,73.1,Bagus - ¿Se ha acabado la crisis del euro_.pdf,72.7
D:\Documentos\Acracia\Biblioteca Acracia\  😬 Libros FALTANTES\La era Milei - Philipp Bagus.jpg,La era Milei - Philipp Bagus.jpg,title,la era milei philipp bagus,no_match,67.2,token_set+overlap,D:\Documentos\Acracia\Biblioteca Acracia\    🤓 AUTORES\   CATEGORÍAS\  🌗 Ancaps-Voluntaristas\Philipp Bagus\Artículos cortos\Bagus - La Reserva Federal ahora quiere aún más inflación. El viejo «objetivo del 2 por ciento» no era suficiente_.pdf,Bagus - La Reserva Federal ahora quiere aún más inflación. El viejo «objetivo del 2 por ciento» no era suficiente_.pdf,Bagus - El mito de la austeridad.pdf,60.7,Bagus - La Calidad del Dinero.pdf,56.6
D:\Documentos\Acracia\Biblioteca Acracia\  😬 Libros FALTANTES\La era Milei Philip Bagus.jpg,La era Milei Philip Bagus.jpg,title,la era milei philip bagus,no_match,68.9,token_set+overlap,D:\Documentos\Acracia\Biblioteca Acracia\    🤓 AUTORES\   CATEGORÍAS\  🌗 Ancaps-Voluntaristas\Philipp Bagus\Artículos cortos\Bagus - La Reserva Federal ahora quiere aún más inflación. El viejo «objetivo del 2 por ciento» no era suficiente_.pdf,Bagus - La Reserva Federal ahora quiere aún más inflación. El viejo «objetivo del 2 por ciento» no era suficiente_.pdf,Bagus - El mito de la austeridad.pdf,61.8,Bagus - La Calidad del Dinero.pdf,57.7
D:\Documentos\Acracia\Biblioteca Acracia\  😬 Libros FALTANTES\La Escuela Austriaca de Economía para Principiantes_.jpg,La Escuela Austriaca de Economía para Principiantes_.jpg,title,la escuela austriaca de economia para principiantes,auto,100.0,token_set+overlap,D:\Documentos\Acracia\Biblioteca Acracia\      😱 NUEVO 2026\🗓️ 2023-2024\ Nuevo 2023\ Julio-Diciembre\ Noviembre\Escuela Austriaca.pdf,Escuela Austriaca.pdf, La Escuela Austriaca de Economía Para Principiantes.pdf,100.0,Escuela Austriaca de Economía.pdf,100.0
"D:\Documentos\Acracia\Biblioteca Acracia\  😬 Libros FALTANTES\LA EVOLUCIÓN DE LA ECONOMÍA, Modelos de economía y tipos de mercado.jpg","LA EVOLUCIÓN DE LA ECONOMÍA, Modelos de economía y tipos de mercado.jpg",title,la evolucion de la economia modelos de economia y tipos de mercado,review,82.8,partial,D:\Documentos\Acracia\Biblioteca Acracia\   👀 TEMAS\➕ TEMAS VARIOS\Capella - Evolución.pdf,Capella - Evolución.pdf,La Escuela Austriaca de Economía y la Economía Social de Mercado_.pdf,74.8,Gregg - Un Análisis Moral y Económico de la Economía de Mercado.pdf,73.3
D:\Documentos\Acracia\Biblioteca Acracia\  😬 Libros FALTANTES\La innovación em Silicon Valley.jpg,La innovación em Silicon Valley.jpg,title,la innovacion em silicon valley,no_match,67.7,partial,"D:\Documentos\Acracia\Biblioteca Acracia\   👀 TEMAS\  🧑‍⚖️ DERECHO y JUSTICIA\ Propiedad Intelectual\Bylund - La propiedad intelectual, la innovación debe estar al servicio de los consumidores, no de los productores.pdf","Bylund - La propiedad intelectual, la innovación debe estar al servicio de los consumidores, no de los productores.pdf",Rothbard - Innovación y el Estado.pdf,65.3,Bylund - Por qué el número de empresas no es importante para la innovación.pdf,59.1
D:\Documentos\Acracia\Biblioteca Acracia\  😬 Libros FALTANTES\La ley de hierro de la oligarquía_.jpg,La ley de hierro de la oligarquía_.jpg,title,la ley de hierro de la oligarquia,auto,100.0,token_set+overlap,D:\Documentos\Acracia\Biblioteca Acracia\ Dalmacio - La ley de hierro de la oligarquía.pdf, Dalmacio - La ley de hierro de la oligarquía.pdf,La Ley d eHierro de la Oligarquía.pdf,100.0,El Arte de La Politica.pdf,65.1
"D:\Documentos\Acracia\Biblioteca Acracia\  😬 Libros FALTANTES\La libertad, liberal o libertaria.jpg","La libertad, liberal o libertaria.jpg",title,la libertad liberal o libertaria,review,81.5,partial,D:\Documentos\Acracia\Biblioteca Acracia\   👀 TEMAS\    💛 LIBERTAD\Capella - Libertad.pdf,Capella - Libertad.pdf,Diario de libertad_ Los viajes - Laura Libertaria.pdf,78.5,Cook - Moral Libertaria.pdf,76.5
D:\Documentos\Acracia\Biblioteca Acracia\  😬 Libros FALTANTES\La singularidad tecnológica_.jpg,La singularidad tecnológica_.jpg,title,la singularidad tecnologica,auto,100.0,token_set+overlap,D:\Documentos\Acracia\Biblioteca Acracia\   👀 TEMAS\➕ TEMAS VARIOS\ 🤖 Tecnología\Futurismo\Artículos\La singularidad tecnológica y el desafio posthumano.pdf,La singularidad tecnológica y el desafio posthumano.pdf,La singularidad tecnológica y el sueño transhumanista.pdf,100.0,La Singularidad Tecnológica y la inteligencia artificial_.pdf,100.0
D:\Documentos\Acracia\Biblioteca Acracia\  😬 Libros FALTANTES\La sociedad degenerada_.jpg,La sociedad degenerada_.jpg,title,la sociedad degenerada,no_match,72.7,partial,D:\Documentos\Acracia\Biblioteca Acracia\      😱 NUEVO 2026\🗓️ 2023-2024\ Nuevo 2023\Enero-Junio\Junio\Minsky - La Sociedad de la Mente.pdf,Minsky - La Sociedad de la Mente.pdf,El Liberalismo y la Sociedad Libre en el Siglo XXI (Brad Lips).pdf,72.7,Hoppe - La Idea de una Sociedad de Derecho Privado.pdf,68.2
"D:\Documentos\Acracia\Biblioteca Acracia\  😬 Libros FALTANTES\La Teoria Austriaca del Valor, el Capital y el Interes.jpg","La Teoria Austriaca del Valor, el Capital y el Interes.jpg",title,la teoria austriaca del valor el capital y el interes,review,84.9,partial+overlap,D:\Documentos\Acracia\Biblioteca Acracia\   👀 TEMAS\   💱 ECONOMÍA\➕ Más\Economía Avanzada\Bawerk - Capital e Interés.pdf,Bawerk - Capital e Interés.pdf, Hayek - Teoría Pura del Capital.pdf,80.6,Rothbard - La Teoría Austriaca del Dinero.pdf,80.2
D:\Documentos\Acracia\Biblioteca Acracia\  😬 Libros FALTANTES\La teoría de la economía_.jpg,La teoría de la economía_.jpg,title,la teoria de la economia,auto,100.0,token_set+overlap,D:\Documentos\Acracia\Biblioteca Acracia\    🤓 AUTORES\   CATEGORÍAS\  🌗 Ancaps-Voluntaristas\ Robert P. Murphy\Murphy - LA TEORÍA LABORAL DEL VALOR_ UNA CRÍTICA A LOS ESTUDIOS DE CARSON SOBRE ECONOMÍA  POLÍTICA MUTUALISTA.pdf,Murphy - LA TEORÍA LABORAL DEL VALOR_ UNA CRÍTICA A LOS ESTUDIOS DE CARSON SOBRE ECONOMÍA  POLÍTICA MUTUALISTA.pdf,Teoría austriaca_ de los ciclos económicos_y la economía venezolana.pdf,100.0,Principios Modernos de Economía del Desarrollo. Teoría y práctica (Víctor I. Espinosa).pdf,96.3
D:\Documentos\Acracia\Biblioteca Acracia\  😬 Libros FALTANTES\La Teoría Interválica en Economía.jpg,La Teoría Interválica en Economía.jpg,title,la teoria intervalica en economia,no_match,74.6,token_set+overlap,D:\Documentos\Acracia\Biblioteca Acracia\    🤓 AUTORES\   CATEGORÍAS\  🌗 Ancaps-Voluntaristas\  Murray Rothbard\ Ensayos\Artículos cortos\Rothbard - Teoría del caos_ Destruyendo la economía matemática desde dentro.pdf,Rothbard - Teoría del caos_ Destruyendo la economía matemática desde dentro.pdf,Murphy - LA TEORÍA LABORAL DEL VALOR_ UNA CRÍTICA A LOS ESTUDIOS DE CARSON SOBRE ECONOMÍA  POLÍTICA MUTUALISTA.pdf,74.6,Teoría austriaca_ de los ciclos económicos_y la economía venezolana.pdf,74.6
D:\Documentos\Acracia\Biblioteca Acracia\  😬 Libros FALTANTES\La Tiranía de los Imbéciles - Carlos Prallong.jpg,La Tiranía de los Imbéciles - Carlos Prallong.jpg,title,la tirania de los imbeciles carlos prallong,no_match,62.5,partial,D:\Documentos\Acracia\Biblioteca Acracia\   👀 TEMAS\   💱 ECONOMÍA\ 💹 Capitalismo y Libre Mercado\Teoría de Clubes\Teoria_de_los_clubes_Reporte_L_4.pdf,Teoria_de_los_clubes_Reporte_L_4.pdf,La-Oportunidad-Comercial-de-Crear-.pdf,62.5,Teoría de los Ciclos Económicos_ La Perspectiva Austriaca.pdf,61.8
D:\Documentos\Acracia\Biblioteca Acracia\  😬 Libros FALTANTES\Liberalismo en debate.jpg,Liberalismo en debate.jpg,title,liberalismo en debate,review,81.0,partial,D:\Documentos\Acracia\Biblioteca Acracia\    🤓 AUTORES\   CATEGORÍAS\  🌗 Ancaps-Voluntaristas\ Anthony de Jasay\Jasay - Liberalismo en sentido amplio y en sentido estricto.pdf,Jasay - Liberalismo en sentido amplio y en sentido estricto.pdf,El Liberalismo Sin Adjetivos.pdf,81.0,Liberalismo y republicanismo _en la concepción kantiana_de «ciudadanía».pdf,80.0
D:\Documentos\Acracia\Biblioteca Acracia\  😬 Libros FALTANTES\Liberalismo para la Generación Z.jpg,Liberalismo para la Generación Z.jpg,title,liberalismo para la generacion z,review,75.9,token_set,D:\Documentos\Acracia\Biblioteca Acracia\      😱 NUEVO 2026\🗓️ 2023-2024\ Nuevo 2024\ Enero-Junio\Marzo - Abril\Quispe - Liberalismo.pdf,Quispe - Liberalismo.pdf,"Liberalismo, Libertarismo y Profanación.pdf",69.0,"Pandemias, infección y libertarismo.pdf",66.7
D:\Documentos\Acracia\Biblioteca Acracia\  😬 Libros FALTANTES\Libertarianismo & Anarcocapitalismo_.jpg,Libertarianismo & Anarcocapitalismo_.jpg,title,libertarianismo and anarcocapitalismo,auto,100.0,token_set,D:\Documentos\Acracia\Biblioteca Acracia\   👀 TEMAS\    💛 LIBERTAD\ 🌗 Anarco-Capitalismo\Artículos\Anarcocapitalismo.pdf,Anarcocapitalismo.pdf,J.M.Oliver - El Nuevo Libertarianismo Anarcocapitalista.PDF,88.6,Anarcocapitalismo Slide.pdf,85.0
D:\Documentos\Acracia\Biblioteca Acracia\  😬 Libros FALTANTES\Los Argumentos de la Libertad.webp,Los Argumentos de la Libertad.webp,title,los argumentos de la libertad,review,86.3,partial,D:\Documentos\Acracia\Biblioteca Acracia\   👀 TEMAS\ 👥 SOCIEDAD\Conservadurismo\Hayek - Los Fundamentos de la Libertad.pdf,Hayek - Los Fundamentos de la Libertad.pdf,Libertad de la acción.pdf,80.0,Los Pensadores de La Libertad de Locke A Nozick-Mariano Grondona.pdf,79.3
D:\Documentos\Acracia\Biblioteca Acracia\  😬 Libros FALTANTES\Los límites del Keynesianismo.jpg,Los límites del Keynesianismo.jpg,title,los limites del keynesianismo,no_match,72.3,partial,D:\Documentos\Acracia\Biblioteca Acracia\   👀 TEMAS\➕ TEMAS VARIOS\⚛️ Ciencias\ Psicología\Teoría de Señales\Los límites del costo de las señales costosas.pdf,Los límites del costo de las señales costosas.pdf,Fernando Claro - Los limites morales del mercado.pdf,68.2, Humboldt - Límites Del Estado.pdf,66.7
D:\Documentos\Acracia\Biblioteca Acracia\  😬 Libros FALTANTES\Los Mellizos Tuttle en Español_.jpg,Los Mellizos Tuttle en Español_.jpg,title,los mellizos tuttle en espanol,no_match,63.6,token_set,D:\Documentos\Acracia\Biblioteca Acracia\   👀 TEMAS\  🧑‍⚖️ DERECHO y JUSTICIA\   General\Los Derechos Fundamentales_ Su limitación y suspensión en el ordenamiento español.pdf,Los Derechos Fundamentales_ Su limitación y suspensión en el ordenamiento español.pdf,Holmes - Commow Law Español.pdf,57.9,Rothbard - Mercantilismo en España.pdf,57.8
D:\Documentos\Acracia\Biblioteca Acracia\  😬 Libros FALTANTES\Manifiesto del Movimiento Nacional-Anarquista.webp,Manifiesto del Movimiento Nacional-Anarquista.webp,title,manifiesto del movimiento nacional anarquista,no_match,71.8,partial,D:\Documentos\Acracia\Biblioteca Acracia\   👀 TEMAS\    💛 LIBERTAD\   Ⓐ Anarquismo\Artículos\Profundamente anarquista.pdf,Profundamente anarquista.pdf,Malice - El Manual Anarquista.pdf,71.7,En defensa del anarquismo racional.pdf,68.4
D:\Documentos\Acracia\Biblioteca Acracia\  😬 Libros FALTANTES\Manual de desobediencia civil_ como la lucha no-violenta será decisiva en este siglo.jpg,Manual de desobediencia civil_ como la lucha no-violenta será decisiva en este siglo.jpg,title,manual de desobediencia civil como la lucha no violenta sera decisiva en este siglo,auto,100.0,token_set+overlap,D:\Documentos\Acracia\Biblioteca Acracia\      😱 NUEVO 2026\ 🗓️ NUEVO 2025\  📅 MESES 2025\ Junio\Desobediencia Civil\DESOBEDIENCIA-CIVIL.pdf,DESOBEDIENCIA-CIVIL.pdf,La desobediencia civil.pdf,100.0,La desobediencia civil_.pdf,100.0
D:\Documentos\Acracia\Biblioteca Acracia\  😬 Libros FALTANTES\Más\Adam Smith_ 300 años_.jpg,Adam Smith_ 300 años_.jpg,title,adam smith 300 anos,review,85.1,partial+overlap,D:\Documentos\Acracia\Biblioteca Acracia\   👀 TEMAS\   💱 ECONOMÍA\  😃 Economía Inicial\Adam Smith - La mano invisible.pdf,Adam Smith - La mano invisible.pdf, Adam Smith_ La riqueza de las naciones y la teoría de los sentimientos morales.pdf,79.0,Huerta - Premio Adam Smith.pdf,73.0
D:\Documentos\Acracia\Biblioteca Acracia\  😬 Libros FALTANTES\Más\Adam Smith_ El hombre y sus obras.jpg,Adam Smith_ El hombre y sus obras.jpg,title,adam smith el hombre y sus obras,review,80.0,partial,"D:\Documentos\Acracia\Biblioteca Acracia\    🤓 AUTORES\   CATEGORÍAS\  🌗 Ancaps-Voluntaristas\ Lew Rockwell\Rockwell & Woods - Murray N. Rothbard, el hombre y su obra.pdf","Rockwell & Woods - Murray N. Rothbard, el hombre y su obra.pdf",Epicuro - Obras.pdf,66.7,Como Adam Smith Puede Cambiar tu Vida.pdf,66.5
D:\Documentos\Acracia\Biblioteca Acracia\  😬 Libros FALTANTES\Más\Al rescate de un liberalismo perdido_.jpg,Al rescate de un liberalismo perdido_.jpg,title,al rescate de un liberalismo perdido,review,75.9,token_set,D:\Documentos\Acracia\Biblioteca Acracia\      😱 NUEVO 2026\🗓️ 2023-2024\ Nuevo 2024\ Enero-Junio\Marzo - Abril\Quispe - Liberalismo.pdf,Quispe - Liberalismo.pdf,Adriá - ¿Qué es el Liberalismo_.pdf,66.7,El Liberalismo Sin Adjetivos.pdf,66.7
D:\Documentos\Acracia\Biblioteca Acracia\  😬 Libros FALTANTES\Más\Análisis Económico del Derecho - Martín Krause.jpg,Análisis Económico del Derecho - Martín Krause.jpg,title,analisis economico del derecho martin krause,auto,91.0,partial+overlap,"D:\Documentos\Acracia\Biblioteca Acracia\   👀 TEMAS\  🧑‍⚖️ DERECHO y JUSTICIA\Análisis Económico del Derecho Privado - R.M. Rojas, Schenone, Stordeur (h).pdf","Análisis Económico del Derecho Privado - R.M. Rojas, Schenone, Stordeur (h).pdf",Schumpeter - Historia del Análisis Económico_.pdf,73.8,Gregg - Un Análisis Moral y Económico de la Economía de Mercado.pdf,72.2
D:\Documentos\Acracia\Biblioteca Acracia\  😬 Libros FALTANTES\Más\Apología del Liberalismo Económico.webp,Apología del Liberalismo Económico.webp,title,apologia del liberalismo economico,review,77.8,partial,D:\Documentos\Acracia\Biblioteca Acracia\      😱 NUEVO 2026\🗓️ 2023-2024\ Nuevo 2024\ Enero-Junio\Marzo - Abril\Quispe - Liberalismo.pdf,Quispe - Liberalismo.pdf,Batalha - Libertarismo y Economía.pdf,74.1,Hayek - La Teoría del Ciclo Económico.pdf,72.4
D:\Documentos\Acracia\Biblioteca Acracia\  😬 Libros FALTANTES\Más\Bases liberales para un gobierno liberal.jpg,Bases liberales para un gobierno liberal.jpg,title,bases liberales para un gobierno liberal,no_match,64.3,partial,D:\Documentos\Acracia\Biblioteca Acracia\    🤓 AUTORES\   CATEGORÍAS\  🌗 Ancaps-Voluntaristas\  Miguel Anxo Bastos\Escritos varios\Bastos - Lecturas para el verano.pdf,Bastos - Lecturas para el verano.pdf,Tucu - De la Libertad a los Liberales.pdf,61.3,Los intercambios y el dinero desde una perspectiva Liberal.pdf,61.2
D:\Documentos\Acracia\Biblioteca Acracia\  😬 Libros FALTANTES\Más\Camino Libertario y Anarquista.jpg,Camino Libertario y Anarquista.jpg,title,camino libertario y anarquista,review,76.4,token_sort,D:\Documentos\Acracia\Biblioteca Acracia\      😱 NUEVO 2026\🗓️ 2023-2024\ Nuevo 2024\ Enero-Junio\Junio\ Casey - Anarquia Libertaria.pdf, Casey - Anarquia Libertaria.pdf,Libertario en 30 días.pdf,66.7,Giacomini - Libertad y Aborto.pdf,66.7
D:\Documentos\Acracia\Biblioteca Acracia\  😬 Libros FALTANTES\Más\CIUDAD-CENTRAL.jpg,CIUDAD-CENTRAL.jpg,title,ciudad central,review,78.3,partial,D:\Documentos\Acracia\Biblioteca Acracia\      😱 NUEVO 2026\ 🗓️ NUEVO 2025\  📅 MESES 2025\Agosto\Banca central.pdf,Banca central.pdf,Rothbard - El Caso Contra el Banco Central.pdf,75.0,"Ciudad chárter - Wikipedia, la enciclopedia libre.pdf",75.0
D:\Documentos\Acracia\Biblioteca Acracia\  😬 Libros FALTANTES\Más\CONTRA LA IZQUIERDA.jpg,CONTRA LA IZQUIERDA.jpg,title,contra la izquierda,auto,100.0,token_set+overlap,D:\Documentos\Acracia\Biblioteca Acracia\      😱 NUEVO 2026\🗓️ 2023-2024\ Nuevo 2024\ Enero-Junio\Enero\Contra la manipulación de la izquierda (Javier Giral Palasí).pdf,Contra la manipulación de la izquierda (Javier Giral Palasí).pdf,Hoppe - Prefacio a Contra la izquierda de Rockwell.pdf,100.0, Rockwell - Contra la Izquierda.pdf,100.0
D:\Documentos\Acracia\Biblioteca Acracia\  😬 Libros FALTANTES\Más\Del Microcosmos al Macrocosmos.jpg,Del Microcosmos al Macrocosmos.jpg,title,del microcosmos al macrocosmos,no_match,56.1,token_set,D:\Documentos\Acracia\Biblioteca Acracia\   👀 TEMAS\   💱 ECONOMÍA\ 💹 Capitalismo y Libre Mercado\ Empresarialidad\Escritos varios\Mises - Los Datos del Mercado.pdf,Mises - Los Datos del Mercado.pdf,Carlos A. Sabino - El Fracaso del Intervencionismo.pdf,54.5,Woods - El miedo equivocado al «monopolio».pdf,53.3
D:\Documentos\Acracia\Biblioteca Acracia\  😬 Libros FALTANTES\Más\Del Objetivismo de Ayn Rand a los cómics de Steve Ditko.jpg,Del Objetivismo de Ayn Rand a los cómics de Steve Ditko.jpg,title,del objetivismo de ayn rand a los comics de steve ditko,review,76.7,token_set+overlap,D:\Documentos\Acracia\Biblioteca Acracia\  📖 NOVELAS\Ayn Rand - Himno.pdf,Ayn Rand - Himno.pdf,"Stephan Kinsella sobre la religión, el objetivismo y Ayn Rand.pdf",70.3,Huemer - El objetivismo moral.pdf,69.8
"D:\Documentos\Acracia\Biblioteca Acracia\  😬 Libros FALTANTES\Más\Dinero, codicia y Dios.jpg","Dinero, codicia y Dios.jpg",title,dinero codicia y dios,no_match,72.7,token_set,D:\Documentos\Acracia\Biblioteca Acracia\➕ MÁS\👦 Infantiles\Mi dinero y yo.pdf,Mi dinero y yo.pdf,"Block, Engelhardt y Herbener - ¿Puede coexistir una economía de dinero mercancía con una economía de dinero fiat_.pdf",61.9,Mises - La Teoria del Dinero y del Credito.pdf,58.5
D:\Documentos\Acracia\Biblioteca Acracia\  😬 Libros FALTANTES\Más\Divagaciones de un Liberal Solitario_.jpg,Divagaciones de un Liberal Solitario_.jpg,title,divagaciones de un liberal solitario,no_match,64.1,token_set,D:\Documentos\Acracia\Biblioteca Acracia\    🤓 AUTORES\   CATEGORÍAS\  🌗 Ancaps-Voluntaristas\  Murray Rothbard\ Ensayos\Rothbard - Confesiones de un liberal de derecha.pdf,Rothbard - Confesiones de un liberal de derecha.pdf,Diario de libertad_ Los viajes - Laura Libertaria.pdf,63.2,El individuo libertario.pdf,62.2
D:\Documentos\Acracia\Biblioteca Acracia\  😬 Libros FALTANTES\Más\Economía para cualquiera.jpg,Economía para cualquiera.jpg,title,economia para cualquiera,review,84.8,partial,D:\Documentos\Acracia\Biblioteca Acracia\➕ MÁS\👦 Infantiles\Economía para Niños.pdf,Economía para Niños.pdf,Economía familiar.pdf,75.9,Motosierra y confusión Cómo recuperar la economía para salir de la crisis (Mercedes DAlessandro).pdf,75.0
D:\Documentos\Acracia\Biblioteca Acracia\  😬 Libros FALTANTES\Más\Educación ¿Estatal o particular_.jpg,Educación ¿Estatal o particular_.jpg,title,educacion estatal o particular,auto,95.9,token_set+overlap,D:\Documentos\Acracia\Biblioteca Acracia\   👀 TEMAS\➕ TEMAS VARIOS\  🏫 Educación\Artículos\LA EDUCACIÓN ESTATAL.pdf,LA EDUCACIÓN ESTATAL.pdf,El caso infundado de la educación estatal - E. G. West.pdf,76.3,Giacomini - Educación Estatal_ el más aceitado mecanismo de dominación (1).pdf,76.3
D:\Documentos\Acracia\Biblioteca Acracia\  😬 Libros FALTANTES\Más\El Colapso de las Naciones Leopold Kohr.webp,El Colapso de las Naciones Leopold Kohr.webp,title,el colapso de las naciones leopold kohr,no_match,65.6,partial,D:\Documentos\Acracia\Biblioteca Acracia\   👀 TEMAS\   💱 ECONOMÍA\  😃 Economía Inicial\LA RIQUEZA DE LAS NACIONES (A. Smith).pdf,LA RIQUEZA DE LAS NACIONES (A. Smith).pdf, Adam Smith_ La riqueza de las naciones y la teoría de los sentimientos morales.pdf,64.1,La rebelión de las naciones Crisis del liberalismo y auge del conservadurismo popular (Francisco de Santibañes).pdf,63.8
D:\Documentos\Acracia\Biblioteca Acracia\  😬 Libros FALTANTES\Más\El futuro_.jpg,El futuro_.jpg,title,el futuro,auto,100.0,token_set,D:\Documentos\Acracia\Biblioteca Acracia\      😱 NUEVO 2026\Nefastus - El Arte de Ser Nefasto_ Una arqueología del error contada desde el futuro_.pdf,Nefastus - El Arte de Ser Nefasto_ Una arqueología del error contada desde el futuro_.pdf,Bretone - El Estado y el futuro de la esclavitud.pdf,100.0,Borders - El Futuro de la Gobernanza.pdf,100.0
D:\Documentos\Acracia\Biblioteca Acracia\  😬 Libros FALTANTES\Más\El lado oscuro de los libertarios.jpg,El lado oscuro de los libertarios.jpg,title,el lado oscuro de los libertarios,review,83.9,partial,D:\Documentos\Acracia\Biblioteca Acracia\   👀 TEMAS\    💛 LIBERTAD\   🛡️Libertarismo\Artículos\Borders - El ascenso de los libertarios.pdf,Borders - El ascenso de los libertarios.pdf,Rockwell - El futuro del libertarismo.pdf,73.0,J. Tucker - Los siete hábitos de los libertarios altamente efectivos.pdf,72.7
D:\Documentos\Acracia\Biblioteca Acracia\  😬 Libros FALTANTES\Más\El Liberalismo Mexicano.jpg,El Liberalismo Mexicano.jpg,title,el liberalismo mexicano,auto,100.0,token_set+overlap,D:\Documentos\Acracia\Biblioteca Acracia\      😱 NUEVO 2026\🗓️ 2023-2024\ Nuevo 2024\ Enero-Junio\Marzo - Abril\El mercantilismo mexicano versus el liberalismo inglés (Luis Ernesto Vázquez Medina).pdf,El mercantilismo mexicano versus el liberalismo inglés (Luis Ernesto Vázquez Medina).pdf,El Liberalismo Sin Adjetivos.pdf,82.9,El_liberalismo_radical_de_Jose_Victorino.pdf,81.8
D:\Documentos\Acracia\Biblioteca Acracia\  😬 Libros FALTANTES\Más\El liberalismo y los límites de la justicia_.jpg,El liberalismo y los límites de la justicia_.jpg,title,el liberalismo y los limites de la justicia,review,82.8,partial,D:\Documentos\Acracia\Biblioteca Acracia\   👀 TEMAS\  🧑‍⚖️ DERECHO y JUSTICIA\Capella - Justicia.pdf,Capella - Justicia.pdf,Quispe - Liberalismo.pdf,81.2,El Liberalismo Sin Adjetivos.pdf,75.0
D:\Documentos\Acracia\Biblioteca Acracia\  😬 Libros FALTANTES\Más\El modelo de la casa.jpg,El modelo de la casa.jpg,title,el modelo de la casa,no_match,70.6,partial,D:\Documentos\Acracia\Biblioteca Acracia\      😱 NUEVO 2026\El-mito-de-la-Revolucion-Industrial.pdf,El-mito-de-la-Revolucion-Industrial.pdf,Bagus - El mito de la austeridad.pdf,70.0,Woods - Cómo la Casa Blanca secuestró la capacidad de declarar la guerra.pdf,66.7
D:\Documentos\Acracia\Biblioteca Acracia\  😬 Libros FALTANTES\Más\El Retorno del Superhombre - Warren Orbaugh.jpg,El Retorno del Superhombre - Warren Orbaugh.jpg,title,el retorno del superhombre warren orbaugh,no_match,56.6,partial,D:\Documentos\Acracia\Biblioteca Acracia\   👀 TEMAS\  🧑‍⚖️ DERECHO y JUSTICIA\ D. Friedman - El Orden del Derecho.pdf, D. Friedman - El Orden del Derecho.pdf, Spencer - El Hombre Contra El Estado.pdf,55.6,Rothbard - El derecho a no declarar.pdf,54.1
D:\Documentos\Acracia\Biblioteca Acracia\  😬 Libros FALTANTES\Más\El telón de acero.jpg,El telón de acero.jpg,title,el telon de acero,no_match,68.8,partial,D:\Documentos\Acracia\Biblioteca Acracia\      😱 NUEVO 2026\🗓️ 2023-2024\ Nuevo 2023\Enero-Junio\Mayo\Sueños de Acero y Neon - Jordi Wild.pdf,Sueños de Acero y Neon - Jordi Wild.pdf,Hoppe - El mito de Hayek.pdf,66.7,El Arte de La Politica.pdf,66.7
D:\Documentos\Acracia\Biblioteca Acracia\  😬 Libros FALTANTES\Más\El-octubre-chileno.jpg,El-octubre-chileno.jpg,title,el octubre chileno,no_match,68.6,partial,D:\Documentos\Acracia\Biblioteca Acracia\   👀 TEMAS\ 🏰 HISTORIA\Países\🇱🇮 Liechtenstein\El Estado en El Tercer Milenio.pdf,El Estado en El Tercer Milenio.pdf,Teach Your Children Well.pdf,66.7,El Hombre en el Mundo (Choquenaira).pdf,66.7
D:\Documentos\Acracia\Biblioteca Acracia\  😬 Libros FALTANTES\Más\En el acuario de Facebook_.jpg,En el acuario de Facebook_.jpg,title,en el acuario de facebook,no_match,61.0,token_set,D:\Documentos\Acracia\Biblioteca Acracia\   👀 TEMAS\    💛 LIBERTAD\ 🌗 Anarco-Capitalismo\Artículos\En defensa del anarquismo racional.pdf,En defensa del anarquismo racional.pdf,El Arte de Educar en Familia.pdf,60.4, Carreiro - El Diccionario del Diablo.pdf,60.0
D:\Documentos\Acracia\Biblioteca Acracia\  😬 Libros FALTANTES\Más\Ensayos en homenaje a Martin Krause.jpg,Ensayos en homenaje a Martin Krause.jpg,title,ensayos en homenaje a martin krause,no_match,69.0,partial,D:\Documentos\Acracia\Biblioteca Acracia\    🤓 AUTORES\   CATEGORÍAS\  🌗 Ancaps-Voluntaristas\ Lew Rockwell\Artículos cortos\Rockwell - ¡En homenaje a Murray!.pdf,Rockwell - ¡En homenaje a Murray!.pdf,Un Homenaje Involuntario al Despotismo.pdf,57.5,Huerta - Ensayos de Economía Política.pdf,57.1
D:\Documentos\Acracia\Biblioteca Acracia\  😬 Libros FALTANTES\Más\IMG_20250415_154039.jpg,IMG_20250415_154039.jpg,camera,img 20250415 154039,skip_camera,0,none,,,,,,
D:\Documentos\Acracia\Biblioteca Acracia\  😬 Libros FALTANTES\Más\IMG_20250610_095039.jpg,IMG_20250610_095039.jpg,camera,img 20250610 095039,skip_camera,0,none,,,,,,
D:\Documentos\Acracia\Biblioteca Acracia\  😬 Libros FALTANTES\Más\IMG_20250610_122526.jpg,IMG_20250610_122526.jpg,camera,img 20250610 122526,skip_camera,0,none,,,,,,
D:\Documentos\Acracia\Biblioteca Acracia\  😬 Libros FALTANTES\Más\IMG_20250610_143911.jpg,IMG_20250610_143911.jpg,camera,img 20250610 143911,skip_camera,0,none,,,,,,
D:\Documentos\Acracia\Biblioteca Acracia\  😬 Libros FALTANTES\Más\IMG_20250610_161254.jpg,IMG_20250610_161254.jpg,camera,img 20250610 161254,skip_camera,0,none,,,,,,
D:\Documentos\Acracia\Biblioteca Acracia\  😬 Libros FALTANTES\Más\IMG_20250610_192636.jpg,IMG_20250610_192636.jpg,camera,img 20250610 192636,skip_camera,0,none,,,,,,
D:\Documentos\Acracia\Biblioteca Acracia\  😬 Libros FALTANTES\Más\IMG_20250610_192841.jpg,IMG_20250610_192841.jpg,camera,img 20250610 192841,skip_camera,0,none,,,,,,
D:\Documentos\Acracia\Biblioteca Acracia\  😬 Libros FALTANTES\Más\Ingeniería social.jpg,Ingeniería social.jpg,title,ingenieria social,auto,100.0,token_set+overlap,D:\Documentos\Acracia\Biblioteca Acracia\      😱 NUEVO 2026\🗓️ 2023-2024\ Nuevo 2024\ Julio-Diciembre\Octubre\Globalismo Ingeniería social y control total en el siglo XXI (Agustín Laje).pdf,Globalismo Ingeniería social y control total en el siglo XXI (Agustín Laje).pdf,Hoppe - El Socialismo de Ingeniería Social y Los Fundamentos del Análisis Económico.pdf,100.0,Ingenieria Del Software (Fuoc).pdf,78.6
D:\Documentos\Acracia\Biblioteca Acracia\  😬 Libros FALTANTES\Más\La Envidia Igualitaria - Gonzalo Fernandez de la Mora.jpg,La Envidia Igualitaria - Gonzalo Fernandez de la Mora.jpg,title,la envidia igualitaria gonzalo fernandez de la mora,no_match,64.3,partial,D:\Documentos\Acracia\Biblioteca Acracia\   👀 TEMAS\   💱 ECONOMÍA\ 🏛️ Intervencionismo\Dinero y Bancos\Oro\Rallo - La Grandeza del Patron Oro.pdf,Rallo - La Grandeza del Patron Oro.pdf,El Orden Espontáneo de la Globalización.pdf,57.5, Libertad Para Gente Inteligente- De la Cognición a la Acción (Juan I. Fernandez).pdf,56.2
D:\Documentos\Acracia\Biblioteca Acracia\  😬 Libros FALTANTES\Más\La Posverdad Socialista.jpg,La Posverdad Socialista.jpg,title,la posverdad socialista,review,81.8,partial,D:\Documentos\Acracia\Biblioteca Acracia\   👀 TEMAS\   🏛️ ESTATISMO\ Tipos de Estatismos\ 🪤 Socialismo\Marxismo\Artículos\Sammeroff - Por qué Marx nunca averiguó cómo distribuir bienes en una sociedad socialista.pdf,Sammeroff - Por qué Marx nunca averiguó cómo distribuir bienes en una sociedad socialista.pdf,Mises - El Cálculo Económico en la Comunidad Socialista.pdf,78.3,"Banks - ¿Quieres una sociedad socialista_ Primero, abandona tus esperanzas y sueños.pdf",78.3
D:\Documentos\Acracia\Biblioteca Acracia\  😬 Libros FALTANTES\Más\La-igualdad-liberal-3a-1.jpg,La-igualdad-liberal-3a-1.jpg,title,la igualdad liberal 3a 1,no_match,70.8,partial,"D:\Documentos\Acracia\Biblioteca Acracia\      😱 NUEVO 2026\🗓️ 2023-2024\ Nuevo 2023\ Julio-Diciembre\  Diciembre\Sulbaran - Criptomonedas, descentralización y una mirada liberal a la esclavitud postmoderna.pdf","Sulbaran - Criptomonedas, descentralización y una mirada liberal a la esclavitud postmoderna.pdf",La Tirania de la Igualdad - Axel Kaiser.pdf,68.1,Salermo - El abandono de la escuela liberal francesa en la economía angloamericana_ una crítica de las explicaciones recibidas.pdf,66.7
D:\Documentos\Acracia\Biblioteca Acracia\  😬 Libros FALTANTES\Más\la-libertad-de-emision-del-dinero-bancario.jpg,la-libertad-de-emision-del-dinero-bancario.jpg,title,la libertad de emision del dinero bancario,review,81.5,partial,D:\Documentos\Acracia\Biblioteca Acracia\   👀 TEMAS\    💛 LIBERTAD\Capella - Libertad.pdf,Capella - Libertad.pdf,Libertad de la acción.pdf,80.0,Sobre la Libertad de Kant.pdf,75.0
D:\Documentos\Acracia\Biblioteca Acracia\  😬 Libros FALTANTES\Más\Las Oligarquías Reinantes - Alberto Benegas Lynch.jpg,Las Oligarquías Reinantes - Alberto Benegas Lynch.jpg,title,las oligarquias reinantes alberto benegas lynch,no_match,68.9,token_set+overlap,D:\Documentos\Acracia\Biblioteca Acracia\   👀 TEMAS\➕ TEMAS VARIOS\  🏫 Educación\Alberto Benegas Lynch (h.) - La educación en una sociedad libre.pdf,Alberto Benegas Lynch (h.) - La educación en una sociedad libre.pdf,"Hoppe - Sobre la teoría y la historia. Una respuesta a Benegas Lynch, (h).pdf",68.4,"Alberto Benegas Lynch - Liberalismo, estatismo y democracia.pdf",68.1
D:\Documentos\Acracia\Biblioteca Acracia\  😬 Libros FALTANTES\Más\Las raíces totalitarias del fracaso argentino.jpg,Las raíces totalitarias del fracaso argentino.jpg,title,las raices totalitarias del fracaso argentino,no_match,61.7,token_set,"D:\Documentos\Acracia\Biblioteca Acracia\   👀 TEMAS\   🏛️ ESTATISMO\Briceño - Tecnocracia, totalitarismo de los expertos.pdf","Briceño - Tecnocracia, totalitarismo de los expertos.pdf",Rothbard - Las raíces de libre mercado y antigobierno de la Revolución americana.pdf,60.0,Giacomini - El Fracaso de las Constituciones Liberales.pdf,59.8
D:\Documentos\Acracia\Biblioteca Acracia\  😬 Libros FALTANTES\Más\Lecciones de historia del pensamiento político_.jpg,Lecciones de historia del pensamiento político_.jpg,title,lecciones de historia del pensamiento politico,auto,93.1,partial+overlap,D:\Documentos\Acracia\Biblioteca Acracia\   👀 TEMAS\  🧑‍⚖️ DERECHO y JUSTICIA\  Propiedad\Artículos\Carreiro - Libertad y Propiedad en la Historia del Pensamiento Político.pdf,Carreiro - Libertad y Propiedad en la Historia del Pensamiento Político.pdf,Hayek - Historia Economica y Pensamiento Politico.pdf,83.3,Las leyes económicas en la historia del pensamiento económico.pdf,80.7
D:\Documentos\Acracia\Biblioteca Acracia\  😬 Libros FALTANTES\Más\Liberalismo e inteligencia artificial_.jpg,Liberalismo e inteligencia artificial_.jpg,title,liberalismo e inteligencia artificial,review,87.8,partial+overlap,D:\Documentos\Acracia\Biblioteca Acracia\    🤓 AUTORES\   CATEGORÍAS\  🌗 Ancaps-Voluntaristas\Robert Wenzel\Wenzel - Thiel sobre inteligencia artificial y economía austriaca.pdf,Wenzel - Thiel sobre inteligencia artificial y economía austriaca.pdf,La Singularidad Tecnológica y la inteligencia artificial_.pdf,86.5,Quispe - Liberalismo.pdf,75.9
D:\Documentos\Acracia\Biblioteca Acracia\  😬 Libros FALTANTES\Más\Liberalismo vs. Socialismo_.jpg,Liberalismo vs. Socialismo_.jpg,title,liberalismo vs socialismo,auto,97.6,token_set+overlap,D:\Documentos\Acracia\Biblioteca Acracia\      😱 NUEVO 2026\🗓️ 2023-2024\ Nuevo 2023\Enero-Junio\Enero\Enero (3)\El Socialismo ha Muerto y el Liberalismo está Naciendo - Jose Maria Mendez.pdf,El Socialismo ha Muerto y el Liberalismo está Naciendo - Jose Maria Mendez.pdf,"Schumpeter - Capitalismo, Socialismo y Socialismo.PDF",84.4, Hoppe - Libertad o Socialismo.pdf,78.3
D:\Documentos\Acracia\Biblioteca Acracia\  😬 Libros FALTANTES\Más\Liberalismo-para-padres.jpg,Liberalismo-para-padres.jpg,title,liberalismo para padres,review,76.9,partial,"D:\Documentos\Acracia\Biblioteca Acracia\      😱 NUEVO 2026\ 🗓️ NUEVO 2025\  📅 MESES 2025\ Junio\Kant, Utilitarismo\Liberalismo y republicanismo _en la concepción kantiana_de «ciudadanía».pdf",Liberalismo y republicanismo _en la concepción kantiana_de «ciudadanía».pdf,Quispe - Liberalismo.pdf,75.9,Adriá - ¿Qué es el Liberalismo_.pdf,72.0
D:\Documentos\Acracia\Biblioteca Acracia\  😬 Libros FALTANTES\Más\Liberté manifeste.jpg,Liberté manifeste.jpg,title,liberte manifeste,review,75.0,partial,D:\Documentos\Acracia\Biblioteca Acracia\      😱 NUEVO 2026\🗓️ 2023-2024\ Nuevo 2023\ Julio-Diciembre\  Diciembre\BREVE MANIFIESTO LIBERTARIO.pdf,BREVE MANIFIESTO LIBERTARIO.pdf, Rothbard - El Manifiesto Libertario.pdf,70.6,El Manifiesto Libertario - Resumen.pdf,69.0
D:\Documentos\Acracia\Biblioteca Acracia\  😬 Libros FALTANTES\Más\Libro Faltante.png,Libro Faltante.png,title,libro faltante,no_match,64.3,partial,"D:\Documentos\Acracia\Biblioteca Acracia\    🤓 AUTORES\   CATEGORÍAS\  🌗 Ancaps-Voluntaristas\  Murray Rothbard\ Sobre Rothbard\Essential Rothbard, resumen del libro (Francisco Ibero).pdf","Essential Rothbard, resumen del libro (Francisco Ibero).pdf",El Libro Negro de la Nueva Derecha Infiltración Atlantista & Batalla Cultural.pdf,64.0,El libro negro del ecologismo.pdf,64.0
D:\Documentos\Acracia\Biblioteca Acracia\  😬 Libros FALTANTES\Más\Lo que todavía no se vé_.jpg,Lo que todavía no se vé_.jpg,title,lo que todavia no se ve,review,78.9,token_set,D:\Documentos\Acracia\Biblioteca Acracia\    🤓 AUTORES\   CATEGORÍAS\  🌗 Ancaps-Voluntaristas\ Tomas E. Woods\Woods - Lo que se ve y lo que no se ve del covid-19.pdf,Woods - Lo que se ve y lo que no se ve del covid-19.pdf,Frédéric Bastiat - Lo que se ve y lo que no se ve.pdf,78.9,Bylund - Cómo la economía moderna ha perdido su camino_ todo se trata de lo que «no se ha visto».pdf,68.6
D:\Documentos\Acracia\Biblioteca Acracia\  😬 Libros FALTANTES\Más\Los Aparatos Estatales nos Aplastan.jpg,Los Aparatos Estatales nos Aplastan.jpg,title,los aparatos estatales nos aplastan,no_match,61.5,token_set,D:\Documentos\Acracia\Biblioteca Acracia\   👀 TEMAS\ 🏰 HISTORIA\Ⓐ Ejemplos de Anarquismo_\Anarquía en los Estados Unidos.pdf,Anarquía en los Estados Unidos.pdf,Jasay - No existen los derechos naturales.pdf,59.5,Los aranceles son un ataque a los derechos naturales.pdf,57.8
D:\Documentos\Acracia\Biblioteca Acracia\  😬 Libros FALTANTES\Más\Los Liberales somos Progresivos.jpg,Los Liberales somos Progresivos.jpg,title,los liberales somos progresivos,no_match,67.7,partial,"D:\Documentos\Acracia\Biblioteca Acracia\    🤓 AUTORES\   CATEGORÍAS\  🌗 Ancaps-Voluntaristas\Ryan McMaken\McMaken - Los liberales clásicos franceses secesionistas, Molinari y Dunoyer.pdf","McMaken - Los liberales clásicos franceses secesionistas, Molinari y Dunoyer.pdf",Rocker - Las Corrientes Liberales en los Estados.pdf,66.7,Progreso real versus los progresistas.pdf,65.6
D:\Documentos\Acracia\Biblioteca Acracia\  😬 Libros FALTANTES\Más\Manual de la perfecta libertaria.jpg,Manual de la perfecta libertaria.jpg,title,manual de la perfecta libertaria,no_match,71.9,partial,D:\Documentos\Acracia\Biblioteca Acracia\    🤓 AUTORES\   CATEGORÍAS\  🌗 Ancaps-Voluntaristas\  Stephan Kinsella\Kinsella - Nuevas direcciones racionalistas en la teoría libertaria de los derechos.pdf,Kinsella - Nuevas direcciones racionalistas en la teoría libertaria de los derechos.pdf,Carreiro - La Violencia Asocial en la Teoría de  Clases Libertaria.pdf,70.4,Los Hermanos de la Costa_ PiraterÍa Libertaria en el Caribe (Bernardo Fuster).pdf,66.7
D:\Documentos\Acracia\Biblioteca Acracia\  😬 Libros FALTANTES\Más\Marxismo y socialismo libertario.jpg,Marxismo y socialismo libertario.jpg,title,marxismo y socialismo libertario,review,87.6,token_set+overlap,"D:\Documentos\Acracia\Biblioteca Acracia\      😱 NUEVO 2026\🗓️ 2023-2024\ Nuevo 2024\ Enero-Junio\Febrero\Socialismo Libertario – La política en negro y rojo (2012) – Editado por Alex Prichard, Ruth Kinna, Saku Pinta, David Berry.pdf","Socialismo Libertario – La política en negro y rojo (2012) – Editado por Alex Prichard, Ruth Kinna, Saku Pinta, David Berry.pdf",Bakunin Y El Socialismo Libertario (Cappelletti Angel).pdf,87.6, Mack - Iusnaturalismo Libertario.pdf,77.6
D:\Documentos\Acracia\Biblioteca Acracia\  😬 Libros FALTANTES\Más\Moral y capitalismo_.jpg,Moral y capitalismo_.jpg,title,moral y capitalismo,auto,100.0,token_set,D:\Documentos\Acracia\Biblioteca Acracia\    🤓 AUTORES\   CATEGORÍAS\  🌗 Ancaps-Voluntaristas\José Hernández Cabrera\Capitalismo.pdf,Capitalismo.pdf,"Rothbard - Memorandum sobre Catolicismo, Protestantismo y Capitalismo.pdf",91.4,Rothbard - Un Futuro de Paz y Capitalismo.pdf,85.7
D:\Documentos\Acracia\Biblioteca Acracia\  😬 Libros FALTANTES\Más\Nómada Capitalista.jpg,Nómada Capitalista.jpg,title,nomada capitalista,review,83.9,partial,"D:\Documentos\Acracia\Biblioteca Acracia\      😱 NUEVO 2026\ 🗓️ NUEVO 2025\  📅 MESES 2025\   Marzo\Schumpeter - Ciclos economicos_ Analisis teorico, historico y estadistico del proceso capitalista.pdf","Schumpeter - Ciclos economicos_ Analisis teorico, historico y estadistico del proceso capitalista.pdf",Huerta - Ética Capitalista.pdf,83.9,Capitalismo.pdf,81.8
D:\Documentos\Acracia\Biblioteca Acracia\  😬 Libros FALTANTES\Más\Objetivismo_ La Filosofía Benevolente - Warren Orbalich.jpg,Objetivismo_ La Filosofía Benevolente - Warren Orbalich.jpg,title,objetivismo la filosofia benevolente warren orbalich,no_match,65.3,partial,D:\Documentos\Acracia\Biblioteca Acracia\     ✍️ EDITORIAL Acraci\ 🔡 Traducciones\Badhwar - Objetivismo Libertario.pdf,Badhwar - Objetivismo Libertario.pdf,Huemer - El objetivismo moral.pdf,65.0,Gordon - La filosofía política de Ayn Rand.pdf,62.5
D:\Documentos\Acracia\Biblioteca Acracia\  😬 Libros FALTANTES\Más\Organizaciones exitosas_.jpg,Organizaciones exitosas_.jpg,title,organizaciones exitosas,review,78.3,partial,D:\Documentos\Acracia\Biblioteca Acracia\    🤓 AUTORES\   CATEGORÍAS\  🌗 Ancaps-Voluntaristas\ Bryan Caplan\Artículos cortos\Caplan - Las organizaciones benéficas de inmigración deberían aprender a amar el mercado negro(1).pdf,Caplan - Las organizaciones benéficas de inmigración deberían aprender a amar el mercado negro(1).pdf,Caplan - Las organizaciones benéficas de inmigración deberían aprender a amar el mercado negro.pdf,78.3,Psicología de las organizaciones.pdf,75.7
D:\Documentos\Acracia\Biblioteca Acracia\  😬 Libros FALTANTES\Más\Patear el Tablero.webp,Patear el Tablero.webp,title,patear el tablero,no_match,64.5,partial,D:\Documentos\Acracia\Biblioteca Acracia\     ✍️ EDITORIAL Acraci\🖼️ Diseños\Artículos varios\McElroy - El Aborto.pdf,McElroy - El Aborto.pdf,Boettke - Liberar el Mercado.pdf,62.5,Rothbard - El verdadero agresor.pdf,58.8
D:\Documentos\Acracia\Biblioteca Acracia\  😬 Libros FALTANTES\Más\Proceso al liberalismo.jpg,Proceso al liberalismo.jpg,title,proceso al liberalismo,review,82.1,partial,D:\Documentos\Acracia\Biblioteca Acracia\     ✍️ EDITORIAL Acraci\🖼️ Diseños\Adriá - ¿Qué es el Liberalismo_.pdf,Adriá - ¿Qué es el Liberalismo_.pdf,Quispe - Liberalismo.pdf,80.0,Viglioco - Epicuro y El Liberalismo.pdf,78.0
D:\Documentos\Acracia\Biblioteca Acracia\  😬 Libros FALTANTES\Más\Qué significa ser conservador_.jpg,Qué significa ser conservador_.jpg,title,que significa ser conservador,review,79.9,token_set+overlap,D:\Documentos\Acracia\Biblioteca Acracia\   👀 TEMAS\    💛 LIBERTAD\ 🌗 Anarco-Capitalismo\Artículos\Kinsella - Lo que significa ser anarcocapitalista(1).pdf,Kinsella - Lo que significa ser anarcocapitalista(1).pdf,Kinsella - Lo que Significa ser Anarcocapitalista.pdf,79.9,Roger Scruton - Como ser conservador.pdf,76.0
D:\Documentos\Acracia\Biblioteca Acracia\  😬 Libros FALTANTES\Más\relatos-polixxticamente-incorrectos.jpg,relatos-polixxticamente-incorrectos.jpg,title,relatos polixxticamente incorrectos,review,87.0,partial,D:\Documentos\Acracia\Biblioteca Acracia\      😱 NUEVO 2026\🗓️ 2023-2024\ Nuevo 2023\Enero-Junio\Enero\Enero (3)\ENSAYOS POLITICAMENTE INCORRECT - Oscar Ramos del Cano.pdf,ENSAYOS POLITICAMENTE INCORRECT - Oscar Ramos del Cano.pdf,Diccionario políticamente incorrecto (Carlos Rodríguez Braun).pdf,80.0,Gordon - Reseña_ La guía políticamente incorrecta a la economía.pdf,77.1
D:\Documentos\Acracia\Biblioteca Acracia\  😬 Libros FALTANTES\Más\Rumbo a la Libertad - Alvaro Vargas Llosa.jpg,Rumbo a la Libertad - Alvaro Vargas Llosa.jpg,title,rumbo a la libertad alvaro vargas llosa,review,76.5,partial,D:\Documentos\Acracia\Biblioteca Acracia\   👀 TEMAS\   💱 ECONOMÍA\ 🏛️ Intervencionismo\Dinero y Bancos\Moneda y libertad.pdf,Moneda y libertad.pdf,Capella - Libertad.pdf,75.0,Libertad negativa.pdf,70.6
D:\Documentos\Acracia\Biblioteca Acracia\  😬 Libros FALTANTES\Más\Screenshot_2023-06-14-00-25-22-680_com.instagram.android.jpg,Screenshot_2023-06-14-00-25-22-680_com.instagram.android.jpg,camera,screenshot 2023 06 14 00 25 22 680 com instagram android,skip_camera,0,none,,,,,,
D:\Documentos\Acracia\Biblioteca Acracia\  😬 Libros FALTANTES\Más\Sentido Común y Liberalismo Filosófico.jpg,Sentido Común y Liberalismo Filosófico.jpg,title,sentido comun y liberalismo filosofico,review,75.9,token_set,D:\Documentos\Acracia\Biblioteca Acracia\      😱 NUEVO 2026\🗓️ 2023-2024\ Nuevo 2024\ Enero-Junio\Marzo - Abril\Quispe - Liberalismo.pdf,Quispe - Liberalismo.pdf,Jasay - Liberalismo en sentido amplio y en sentido estricto.pdf,75.2, Giacomini - Liberalismo Siglo XXI.pdf,68.9
D:\Documentos\Acracia\Biblioteca Acracia\  😬 Libros FALTANTES\Más\Teoría de genero_.jpg,Teoría de genero_.jpg,title,teoria de genero,review,82.8,partial,D:\Documentos\Acracia\Biblioteca Acracia\   👀 TEMAS\➕ TEMAS VARIOS\⚛️ Ciencias\ Psicología\Teoría de Señales\ Teoría de señales.pdf, Teoría de señales.pdf,Newdick - Anarquía y teoría de juegos.pdf,75.0, Adam Smith_ La riqueza de las naciones y la teoría de los sentimientos morales.pdf,72.0
D:\Documentos\Acracia\Biblioteca Acracia\  😬 Libros FALTANTES\Más\Teoría económica subjetiva solidaria.jpg,Teoría económica subjetiva solidaria.jpg,title,teoria economica subjetiva solidaria,review,77.0,partial+overlap,D:\Documentos\Acracia\Biblioteca Acracia\   👀 TEMAS\   💱 ECONOMÍA\ 📚 Escuelas\ Neoclásica\Crítica de la teoría económica neoclásica.pdf,Crítica de la teoría económica neoclásica.pdf,Skousen - La Formación de la Teoria Económica Moderna.pdf,74.0,Bylund - La teoría económica de la empresa.pdf,73.7
D:\Documentos\Acracia\Biblioteca Acracia\  😬 Libros FALTANTES\Más\Un modelo liberal.jpg,Un modelo liberal.jpg,title,un modelo liberal,no_match,74.1,token_set,D:\Documentos\Acracia\Biblioteca Acracia\    🤓 AUTORES\   CATEGORÍAS\  🌗 Ancaps-Voluntaristas\  Murray Rothbard\ Ensayos\Rothbard - Confesiones de un liberal de derecha.pdf,Rothbard - Confesiones de un liberal de derecha.pdf,Gebel - Ciudades privadas_ ¿Un modelo para una sociedad verdaderamente libre_.pdf,70.6,Rothbard - La Rebelión del Whisky ¿Un modelo para nuestro tiempo_.pdf,70.6
D:\Documentos\Acracia\Biblioteca Acracia\  😬 Libros FALTANTES\Más\Vacas sagradas en la mira.jpg,Vacas sagradas en la mira.jpg,title,vacas sagradas en la mira,no_match,65.3,partial,D:\Documentos\Acracia\Biblioteca Acracia\    🤓 AUTORES\   CATEGORÍAS\  🌗 Ancaps-Voluntaristas\z. ➕ LIBERTARIOS\Colin Rivas\Rivas - La patraña atómica más grande de la historia.pdf,Rivas - La patraña atómica más grande de la historia.pdf,Srinivasan - El Estado en la Red.pdf,60.0,_Islas_ en una isla_ la Islandia medieval.pdf,57.1
D:\Documentos\Acracia\Biblioteca Acracia\  😬 Libros FALTANTES\O verdadeiro localismo.jpg,O verdadeiro localismo.jpg,title,o verdadeiro localismo,review,81.8,partial,D:\Documentos\Acracia\Biblioteca Acracia\      😱 NUEVO 2026\🗓️ 2023-2024\ Nuevo 2023\ Julio-Diciembre\Agosto\El Verdadero Liberalismo.pdf,El Verdadero Liberalismo.pdf,Rothbard - El verdadero agresor.pdf,70.0,McMaken - ¿Quiénes son los verdaderos anarquistas_.pdf,68.2
D:\Documentos\Acracia\Biblioteca Acracia\  😬 Libros FALTANTES\Otros Idiomas\81ft8kPcMNS._SY466_.jpg,81ft8kPcMNS._SY466_.jpg,title,81ft8kpcmns sy466,no_match,41.7,partial,D:\Documentos\Acracia\Biblioteca Acracia\   👀 TEMAS\   💱 ECONOMÍA\ 🏛️ Intervencionismo\Crisis y ciclos\J.Ch.Say-Listy.pdf,J.Ch.Say-Listy.pdf,Naciones y Nacionalismo desde 1780.pdf,37.0,Contrato social refutaciones.pdf,37.0
D:\Documentos\Acracia\Biblioteca Acracia\  😬 Libros FALTANTES\Otros Idiomas\Alemán\61-v2FD1P0L._SY425_.jpg,61-v2FD1P0L._SY425_.jpg,title,61 v2fd1p0l sy425,no_match,54.5,partial,D:\Documentos\Acracia\Biblioteca Acracia\   👀 TEMAS\ 🏰 HISTORIA\Ⓐ Ejemplos de Anarquismo_\z. MÁS\Somalia\21_2_7.pdf,21_2_7.pdf,ELG_10 3-25.pdf,47.6,downs_cap-1-2-3-y-7.pdf,38.5
D:\Documentos\Acracia\Biblioteca Acracia\  😬 Libros FALTANTES\Otros Idiomas\Alemán\81s-1mOKIjS._SY466_.jpg,81s-1mOKIjS._SY466_.jpg,title,81s 1mokijs sy466,no_match,45.5,partial,D:\Documentos\Acracia\Biblioteca Acracia\   👀 TEMAS\   💱 ECONOMÍA\ 🏛️ Intervencionismo\Crisis y ciclos\J.Ch.Say-Listy.pdf,J.Ch.Say-Listy.pdf,Economics for Kids.pdf,44.4, Hoppe - Mises Vs. Keynes.pdf,42.4
D:\Documentos\Acracia\Biblioteca Acracia\  😬 Libros FALTANTES\Otros Idiomas\Alemán\Agoristische Klassentheorie.jpg,Agoristische Klassentheorie.jpg,title,agoristische klassentheorie,no_match,54.2,token_set,D:\Documentos\Acracia\Biblioteca Acracia\    🤓 AUTORES\   CATEGORÍAS\  🌗 Ancaps-Voluntaristas\  Michael Huemer\Artículos\Huemer - Las teorías conspirativas.pdf,Huemer - Las teorías conspirativas.pdf,Cook - The Case Against The State.pdf,51.9,Mises - Teoria e Historia [pasajes].pdf,51.7
"D:\Documentos\Acracia\Biblioteca Acracia\  😬 Libros FALTANTES\Otros Idiomas\Alemán\Anti-Politik, Eine Sammlung agoristischer Texte.jpg","Anti-Politik, Eine Sammlung agoristischer Texte.jpg",title,anti politik eine sammlung agoristischer texte,no_match,68.4,partial,D:\Documentos\Acracia\Biblioteca Acracia\      😱 NUEVO 2026\🗓️ 2023-2024\ Nuevo 2023\ Anti-Politica - Mayweather.pdf, Anti-Politica - Mayweather.pdf,Rallo - Anti-Anti-Rallo.pdf,57.1,Teoria analítica de la política.pdf,52.4
D:\Documentos\Acracia\Biblioteca Acracia\  😬 Libros FALTANTES\Otros Idiomas\Alemán\Bakunin und Mises in eine Front.jpg,Bakunin und Mises in eine Front.jpg,title,bakunin und mises in eine front,no_match,58.2,partial,D:\Documentos\Acracia\Biblioteca Acracia\   👀 TEMAS\➕ TEMAS VARIOS\ ✈️ Inmigración\Caplan - Mises y las fronteras abiertas.pdf,Caplan - Mises y las fronteras abiertas.pdf,Mises - Gobierno Omnipotente.pdf,57.8,Leeson - Anarquía Sin Límites.pdf,55.2
D:\Documentos\Acracia\Biblioteca Acracia\  😬 Libros FALTANTES\Otros Idiomas\Alemán\Ein liberales Manifest. Sieben Prinzipien und einige Klarstellungen.jpg,Ein liberales Manifest. Sieben Prinzipien und einige Klarstellungen.jpg,title,ein liberales manifest sieben prinzipien und einige klarstellungen,no_match,59.4,partial,D:\Documentos\Acracia\Biblioteca Acracia\      😱 NUEVO 2026\🗓️ 2023-2024\ Nuevo 2023\ Julio-Diciembre\  Diciembre\El Manifiesto Libertario - Resumen.pdf,El Manifiesto Libertario - Resumen.pdf,Kant y Rawls_ ¿liberales e individualistas_.pdf,53.1,Rothbard - Los principios del liberalismo en la Inglaterra del siglo XVII.pdf,51.1
"D:\Documentos\Acracia\Biblioteca Acracia\  😬 Libros FALTANTES\Otros Idiomas\Alemán\Frei statt Staat. Selbsteigentum, Ethik und die Verfassung der Privatrechtsgesellschaft.jpg","Frei statt Staat. Selbsteigentum, Ethik und die Verfassung der Privatrechtsgesellschaft.jpg",title,frei statt staat selbsteigentum ethik und die verfassung der privatrechtsgesellschaft,no_match,45.4,token_sort,D:\Documentos\Acracia\Biblioteca Acracia\      😱 NUEVO 2026\ 🗓️ NUEVO 2025\➕ Varios\La revolución Santanera_ El Proyecto Libertario de Panamá (Mauro Zúñiga Saavedra).pdf,La revolución Santanera_ El Proyecto Libertario de Panamá (Mauro Zúñiga Saavedra).pdf,Hacia una Teoría de la Estrategia a favor de la Libertad - Rothbard.pdf,45.3,Deist - Por qué Rothbard fue tendencia en Twitter este fin de semana.pdf,45.0
"D:\Documentos\Acracia\Biblioteca Acracia\  😬 Libros FALTANTES\Otros Idiomas\Alemán\Gegen Politik, Über die Regierung und die geordnete Anarchie.jpg","Gegen Politik, Über die Regierung und die geordnete Anarchie.jpg",title,gegen politik uber die regierung und die geordnete anarchie,no_match,54.2,token_set,D:\Documentos\Acracia\Biblioteca Acracia\      😱 NUEVO 2026\🗓️ 2023-2024\ Nuevo 2024\ Julio-Diciembre\Octubre\Anarquía y orden. Ensayos sobre política (Herbert Read).pdf,Anarquía y orden. Ensayos sobre política (Herbert Read).pdf, Resumen de Principios de Economía Política de Carl Menger.pdf,53.4,Cowen - Rejoiner to David Friedman on the Economics of Anarchy.pdf,51.7
"D:\Documentos\Acracia\Biblioteca Acracia\  😬 Libros FALTANTES\Otros Idiomas\Alemán\Handeln und Erkennen, zur Kritik des Empirismus am Beispiel der Philosophie David Humes.jpg","Handeln und Erkennen, zur Kritik des Empirismus am Beispiel der Philosophie David Humes.jpg",title,handeln und erkennen zur kritik des empirismus am beispiel der philosophie david humes,no_match,56.0,partial,D:\Documentos\Acracia\Biblioteca Acracia\    🤓 AUTORES\   CATEGORÍAS\  🌗 Ancaps-Voluntaristas\ David Friedman\   David Friedman.pdf,   David Friedman.pdf,Cómplices o enemigos_ 2 modelos de sociedad en el discurso de Étenne de la Boetie.pdf,49.4,"Ensayos económicos los orígenes del capitalismo moderno (David Hume, Javier Ugarte Pérez).pdf",47.7
"D:\Documentos\Acracia\Biblioteca Acracia\  😬 Libros FALTANTES\Otros Idiomas\Alemán\Ludwig von Mises - Ein Lexikon, Von A wie Anarchismus bis Z wie Zwang.jpg","Ludwig von Mises - Ein Lexikon, Von A wie Anarchismus bis Z wie Zwang.jpg",title,ludwig von mises ein lexikon von a wie anarchismus bis z wie zwang,no_match,71.4,partial+overlap,D:\Documentos\Acracia\Biblioteca Acracia\    🤓 AUTORES\   CATEGORÍAS\  🌗 Ancaps-Voluntaristas\  Murray Rothbard\ Ensayos\Artículos cortos\Rothbard - Ludwig von Mises (1881–1973).pdf,Rothbard - Ludwig von Mises (1881–1973).pdf,Rothbard - Ludwig von Mises 1881–1973.pdf,71.4,Salermo - Ludwig von Mises como racionalista social.pdf,65.2
"D:\Documentos\Acracia\Biblioteca Acracia\  😬 Libros FALTANTES\Otros Idiomas\Alemán\Manifest der neuen Libertären, Und die Geschichte der Bewegung in den USA.jpg","Manifest der neuen Libertären, Und die Geschichte der Bewegung in den USA.jpg",title,manifest der neuen libertaren und die geschichte der bewegung in den usa,no_match,55.2,token_set,D:\Documentos\Acracia\Biblioteca Acracia\      😱 NUEVO 2026\🗓️ 2023-2024\ Nuevo 2023\Enero-Junio\Enero\Enero (3)\Gritos Libertarios _ Gritos de - Manuel Enrique TUA AGUILAR.pdf,Gritos Libertarios _ Gritos de - Manuel Enrique TUA AGUILAR.pdf,Lo que no es el libertarismo (Edward Feser).pdf,53.7,Raphaël - Una creciente revolución libertaria en Brasil.pdf,53.0
D:\Documentos\Acracia\Biblioteca Acracia\  😬 Libros FALTANTES\Otros Idiomas\Alemán\Über den Demokratischen Undergang and die Wege aus der Ausweglosigkeit - Hoppe.jpg,Über den Demokratischen Undergang and die Wege aus der Ausweglosigkeit - Hoppe.jpg,title,uber den demokratischen undergang and die wege aus der ausweglosigkeit hoppe,no_match,49.6,partial,D:\Documentos\Acracia\Biblioteca Acracia\   👀 TEMAS\ 👥 SOCIEDAD\Descentralización\Borders - After Collapse_ The End of America and the Rebirth of Her Ideals.pdf,Borders - After Collapse_ The End of America and the Rebirth of Her Ideals.pdf,Selgin - Mere quibbles_ Bagus and Howden’s critique of the theory of free banking.pdf,49.0,Reseña de Monarquía democracia y Orden natural de Hoppe.pdf,48.5
D:\Documentos\Acracia\Biblioteca Acracia\  😬 Libros FALTANTES\Otros Idiomas\Francés\De l_instruction obligatoire.jpg,De l_instruction obligatoire.jpg,title,de l instruction obligatoire,no_match,64.3,partial,D:\Documentos\Acracia\Biblioteca Acracia\      😱 NUEVO 2026\ 🗓️ NUEVO 2025\Weapons of Mass Instruction - A Schoolteachers Journey through the Dark World of Compulsory Schooling (John Taylor Gatto).pdf,Weapons of Mass Instruction - A Schoolteachers Journey through the Dark World of Compulsory Schooling (John Taylor Gatto).pdf,Tobat - Disrupción.pdf,63.6,La Teoría Evolutiva de las Instituciones.pdf,62.5
D:\Documentos\Acracia\Biblioteca Acracia\  😬 Libros FALTANTES\Otros Idiomas\Francés\Du réveil des consciences à la résistance civile.jpg,Du réveil des consciences à la résistance civile.jpg,title,du reveil des consciences a la resistance civile,no_match,63.2,partial,D:\Documentos\Acracia\Biblioteca Acracia\      😱 NUEVO 2026\ 🗓️ NUEVO 2025\  📅 MESES 2025\ Junio\Desobediencia Civil\Las cosas por su nombre_ ¿Objeción de conciencia o _desobediencia civil_.pdf,Las cosas por su nombre_ ¿Objeción de conciencia o _desobediencia civil_.pdf, Casey - Las Principales Contribuciones de la Escolástica a la Economía.pdf,54.2,Casey - Las Principales Contribuciones de la Escolástica a la Economía.pdf,54.2
D:\Documentos\Acracia\Biblioteca Acracia\  😬 Libros FALTANTES\Otros Idiomas\Francés\Esquisse de l’organisation politique et économique de la société future.jpg,Esquisse de l’organisation politique et économique de la société future.jpg,title,esquisse de l organisation politique et economique de la societe future,no_match,58.0,partial,D:\Documentos\Acracia\Biblioteca Acracia\    🤓 AUTORES\   CATEGORÍAS\  🌗 Ancaps-Voluntaristas\  Jesús Huerta de Soto\Huerta - Estudios de Economía Política.pdf,Huerta - Estudios de Economía Política.pdf,Huerta - Nuevos Estudios de Economía Política.pdf,57.7,Escuela hispana de Economía [Protohistoria de.pdf,57.4
D:\Documentos\Acracia\Biblioteca Acracia\  😬 Libros FALTANTES\Otros Idiomas\Francés\L_avenir anarchique et l_anarcho-capitalisme - Le monde néogandhien - Ravikumar Kurup.jpg,L_avenir anarchique et l_anarcho-capitalisme - Le monde néogandhien - Ravikumar Kurup.jpg,title,l avenir anarchique et l anarcho capitalisme le monde neogandhien ravikumar kurup,review,75.8,partial,D:\Documentos\Acracia\Biblioteca Acracia\   👀 TEMAS\    💛 LIBERTAD\ 🌗 Anarco-Capitalismo\Artículos\Morán - ¿Qué es el anarcocapitalismo_.pdf,Morán - ¿Qué es el anarcocapitalismo_.pdf,Anarcho-Naturism.pdf,68.8,Gordon - ¿Es incoherente el anarcocapitalismo_.pdf,66.7
"D:\Documentos\Acracia\Biblioteca Acracia\  😬 Libros FALTANTES\Otros Idiomas\Francés\La Grande Fiction, Partie II.jpg","La Grande Fiction, Partie II.jpg",title,la grande fiction partie ii,review,80.0,partial,D:\Documentos\Acracia\Biblioteca Acracia\   👀 TEMAS\   🏛️ ESTATISMO\ La Gran Ficción - Hoppe.pdf, La Gran Ficción - Hoppe.pdf,La-Historia-de-los-Impuestos-PARTE-II.pdf,63.0,La-Historia-de-los-Impuestos-PARTE-II.pdf,63.0
D:\Documentos\Acracia\Biblioteca Acracia\  😬 Libros FALTANTES\Otros Idiomas\Francés\Les soirées de la rue Saint-Lazare_ entretiens sur les lois économiques et la défense de la propriété - Gustave de Molinari.jpg,Les soirées de la rue Saint-Lazare_ entretiens sur les lois économiques et la défense de la propriété - Gustave de Molinari.jpg,title,les soirees de la rue saint lazare entretiens sur les lois economiques et la defense de la propriete gustave de molinari,auto,100.0,token_set+overlap,D:\Documentos\Acracia\Biblioteca Acracia\    🤓 AUTORES\   CATEGORÍAS\  🌗 Ancaps-Voluntaristas\  Gustave de Molinari\ Gustave de Molinari.pdf, Gustave de Molinari.pdf,Galles - Recordando a Gustave de Molinari.pdf,75.4,Molinari - Las veladas de la calle Saint-Lazare. Cap 11.pdf,74.4
"D:\Documentos\Acracia\Biblioteca Acracia\  😬 Libros FALTANTES\Otros Idiomas\Francés\Libres d_Images, Aphorismes de Liberté mis en images.jpg","Libres d_Images, Aphorismes de Liberté mis en images.jpg",title,libres d images aphorismes de liberte mis en images,no_match,62.2,partial,"D:\Documentos\Acracia\Biblioteca Acracia\      😱 NUEVO 2026\ 🗓️ NUEVO 2025\  📅 MESES 2025\ Junio\Kant, Utilitarismo\Las categorías de la libertad en Kant.pdf",Las categorías de la libertad en Kant.pdf,Borders - El ascenso de los libertarios.pdf,57.5,Van - Los argumentos a favor del liberalismo de libre mercado en África.pdf,56.8
D:\Documentos\Acracia\Biblioteca Acracia\  😬 Libros FALTANTES\Otros Idiomas\Francés\Oeuvres complètes de Gustave de Molinari_ Volume 1.jpg,Oeuvres complètes de Gustave de Molinari_ Volume 1.jpg,title,oeuvres completes de gustave de molinari volume 1,auto,100.0,token_set+overlap,D:\Documentos\Acracia\Biblioteca Acracia\    🤓 AUTORES\   CATEGORÍAS\  🌗 Ancaps-Voluntaristas\  Gustave de Molinari\ Gustave de Molinari.pdf, Gustave de Molinari.pdf,Los luditas progresistas y las últimas palabras de Gustave de Molinari (Louis Rouanet).pdf,71.3,Galles - Recordando a Gustave de Molinari.pdf,70.7
D:\Documentos\Acracia\Biblioteca Acracia\  😬 Libros FALTANTES\Otros Idiomas\Holandes\De staat voorbij.jpg,De staat voorbij.jpg,title,de staat voorbij,no_match,57.1,token_set,D:\Documentos\Acracia\Biblioteca Acracia\    🤓 AUTORES\   CATEGORÍAS\  🌗 Ancaps-Voluntaristas\  Gustave de Molinari\ Gustave de Molinari.pdf, Gustave de Molinari.pdf,Anti-Estatismo – Voline.pdf,56.2, República de Cospaia.pdf,55.6
D:\Documentos\Acracia\Biblioteca Acracia\  😬 Libros FALTANTES\Otros Idiomas\IMG_20250610_152642.jpg,IMG_20250610_152642.jpg,camera,img 20250610 152642,skip_camera,0,none,,,,,,
D:\Documentos\Acracia\Biblioteca Acracia\  😬 Libros FALTANTES\Otros Idiomas\IMG_20250610_160818.jpg,IMG_20250610_160818.jpg,camera,img 20250610 160818,skip_camera,0,none,,,,,,
D:\Documentos\Acracia\Biblioteca Acracia\  😬 Libros FALTANTES\Otros Idiomas\IMG_20250610_161235.jpg,IMG_20250610_161235.jpg,camera,img 20250610 161235,skip_camera,0,none,,,,,,
D:\Documentos\Acracia\Biblioteca Acracia\  😬 Libros FALTANTES\Otros Idiomas\Italiano\50 classici del pensiero liberale e libertario.jpg,50 classici del pensiero liberale e libertario.jpg,title,50 classici del pensiero liberale e libertario,no_match,70.3,partial,D:\Documentos\Acracia\Biblioteca Acracia\      😱 NUEVO 2026\🗓️ 2023-2024\ Nuevo 2024\ Enero-Junio\Junio\El individuo libertario.pdf,El individuo libertario.pdf,Libertario en 30 días.pdf,64.5,Caldas - Liberland_ Utopía Libertaria.pdf,64.3
D:\Documentos\Acracia\Biblioteca Acracia\  😬 Libros FALTANTES\Otros Idiomas\Italiano\Abbasso lo Stato e la Democrazia.jpg,Abbasso lo Stato e la Democrazia.jpg,title,abbasso lo stato e la democrazia,no_match,71.4,partial,D:\Documentos\Acracia\Biblioteca Acracia\    🤓 AUTORES\   CATEGORÍAS\  🌗 Ancaps-Voluntaristas\  Hans-Hermann Hoppe\Hoppe\Hoppe - Abajo la democracia.pdf,Hoppe - Abajo la democracia.pdf,Bovard - ¿Los mitos de la democracia condenarán la libertad_.pdf,68.8,Briceño - La Fantasía de la Democracia.pdf,67.9
"D:\Documentos\Acracia\Biblioteca Acracia\  😬 Libros FALTANTES\Otros Idiomas\Italiano\Addio vecchie monete, è l’ora di Bitcoin.jpg","Addio vecchie monete, è l’ora di Bitcoin.jpg",title,addio vecchie monete e l ora di bitcoin,no_match,72.7,partial,D:\Documentos\Acracia\Biblioteca Acracia\      😱 NUEVO 2026\🗓️ 2023-2024\ Nuevo 2024\ Enero-Junio\Junio\Huemer - Bitcoin.pdf,Huemer - Bitcoin.pdf,Masterin Bitcoin.pdf,72.0,El patron Bitcoin - Saifedean Ammous.pdf,54.8
D:\Documentos\Acracia\Biblioteca Acracia\  😬 Libros FALTANTES\Otros Idiomas\Italiano\Anthony de Jasay (Classici contemporanei Vol. 3).jpg,Anthony de Jasay (Classici contemporanei Vol. 3).jpg,title,anthony de jasay classici contemporanei vol 3,auto,100.0,token_set+overlap,D:\Documentos\Acracia\Biblioteca Acracia\    🤓 AUTORES\   CATEGORÍAS\  🌗 Ancaps-Voluntaristas\ Anthony de Jasay\Anthony de Jasay.pdf,Anthony de Jasay.pdf,"Anthony de Jasay, QEPD — Alberto Mingardi.pdf",69.6,Jasay - La Antinomia del Contractualismo.pdf,57.8
D:\Documentos\Acracia\Biblioteca Acracia\  😬 Libros FALTANTES\Otros Idiomas\Italiano\Collettivismo e libertà economica.webp,Collettivismo e libertà economica.webp,title,collettivismo e liberta economica,review,82.5,partial,D:\Documentos\Acracia\Biblioteca Acracia\   👀 TEMAS\➕ TEMAS VARIOS\ 🌱 Medio Ambiente\Sub-Temas\Contaminación\Block - Ecologismo y Libertad Económica.pdf,Block - Ecologismo y Libertad Económica.pdf,Descentralización y Libertad Económica.pdf,75.9,Block - Guerra económica.pdf,75.7
D:\Documentos\Acracia\Biblioteca Acracia\  😬 Libros FALTANTES\Otros Idiomas\Italiano\DAVID BOAZ – LIBERTARISMO.jpg,DAVID BOAZ – LIBERTARISMO.jpg,title,david boaz libertarismo,auto,100.0,token_set,D:\Documentos\Acracia\Biblioteca Acracia\   👀 TEMAS\    💛 LIBERTAD\   🛡️Libertarismo\  Libertarismo.pdf,  Libertarismo.pdf,Libertarismo.pdf,100.0,Libertarismo(1).pdf,92.3
D:\Documentos\Acracia\Biblioteca Acracia\  😬 Libros FALTANTES\Otros Idiomas\Italiano\Duos Pontes.jpg,Duos Pontes.jpg,title,duos pontes,no_match,60.0,partial,D:\Documentos\Acracia\Biblioteca Acracia\   👀 TEMAS\   💱 ECONOMÍA\ 💹 Capitalismo y Libre Mercado\  Libre Mercado\Artículos\Orden espontáneo.pdf,Orden espontáneo.pdf,3D-PRINTED-FIREARMS-1.pdf,60.0,¿Existen los Derechos Naturales_.pdf,54.5
D:\Documentos\Acracia\Biblioteca Acracia\  😬 Libros FALTANTES\Otros Idiomas\Italiano\Etica Hacker e Anarco-Capitalismo.jpg,Etica Hacker e Anarco-Capitalismo.jpg,title,etica hacker e anarco capitalismo,auto,100.0,token_set,D:\Documentos\Acracia\Biblioteca Acracia\    🤓 AUTORES\   CATEGORÍAS\  🌗 Ancaps-Voluntaristas\José Hernández Cabrera\Capitalismo.pdf,Capitalismo.pdf, Vernaglione - El Anarco-Capitalismo.pdf,86.1,El_Colapso_Demográfico_desde_la_Perspectiva_del_Anarco_Capitalismo.pdf,84.6
D:\Documentos\Acracia\Biblioteca Acracia\  😬 Libros FALTANTES\Otros Idiomas\Italiano\GUGLIELMO PIOMBINI – L’EPOPEA LIBERTARIA DEL FAR WEST - Guglielmo Piombini.jpg,GUGLIELMO PIOMBINI – L’EPOPEA LIBERTARIA DEL FAR WEST - Guglielmo Piombini.jpg,title,guglielmo piombini l epopea libertaria del far west guglielmo piombini,no_match,66.7,partial,D:\Documentos\Acracia\Biblioteca Acracia\     ✍️ EDITORIAL Acraci\ 🔡 Traducciones\✂️ Extractos\Cook - Moral Libertaria.pdf,Cook - Moral Libertaria.pdf,Constitución Libertaria.pdf,60.9,Huemer - Política libertaria de pandemia.pdf,60.5
D:\Documentos\Acracia\Biblioteca Acracia\  😬 Libros FALTANTES\Otros Idiomas\Italiano\Il diritto come pretesa individuale.jpg,Il diritto come pretesa individuale.jpg,title,il diritto come pretesa individuale,no_match,63.2,partial,D:\Documentos\Acracia\Biblioteca Acracia\      😱 NUEVO 2026\🗓️ 2023-2024\ Nuevo 2024\ Enero-Junio\Junio\El individuo libertario.pdf,El individuo libertario.pdf,Comunismo e individualismo (Errico Malatesta).pdf,61.5,Rothbard - El dinero y el individuo.pdf,58.5
D:\Documentos\Acracia\Biblioteca Acracia\  😬 Libros FALTANTES\Otros Idiomas\Italiano\Il diritto come pretesa.jpg,Il diritto come pretesa.jpg,title,il diritto come pretesa,no_match,53.3,partial,D:\Documentos\Acracia\Biblioteca Acracia\   👀 TEMAS\   💱 ECONOMÍA\➕ Más\ Grandes Tratados\Mises - La Teoria del Dinero y del Credito.pdf,Mises - La Teoria del Dinero y del Credito.pdf,Mises - La Teoria del Dinero y del Crédito.pdf,53.3,Hazlitt - La cura de la pobreza.pdf,53.1
D:\Documentos\Acracia\Biblioteca Acracia\  😬 Libros FALTANTES\Otros Idiomas\Italiano\Il federalismo libertario.jpg,Il federalismo libertario.jpg,title,il federalismo libertario,review,87.0,partial,D:\Documentos\Acracia\Biblioteca Acracia\     ✍️ EDITORIAL Acraci\ 🔡 Traducciones\Sciabarra - Crisis del Dualismo Libertario.pdf,Sciabarra - Crisis del Dualismo Libertario.pdf, Brennan - Pluralismo Libertario.pdf,84.4,El liberalismo libertario – masonerialibertaria.pdf,84.0
D:\Documentos\Acracia\Biblioteca Acracia\  😬 Libros FALTANTES\Otros Idiomas\Italiano\Il pensiero libertario contemporaneo.jpg,Il pensiero libertario contemporaneo.jpg,title,il pensiero libertario contemporaneo,review,84.5,partial,"D:\Documentos\Acracia\Biblioteca Acracia\      😱 NUEVO 2026\ 🗓️ NUEVO 2025\  📅 MESES 2025\ Junio\Kant, Utilitarismo\Kant y el Pensamiento Liberal Contemporáneo.pdf",Kant y el Pensamiento Liberal Contemporáneo.pdf,El individuo libertario.pdf,71.1,LeBar - Eudemonismo Libertario.pdf,68.0
"D:\Documentos\Acracia\Biblioteca Acracia\  😬 Libros FALTANTES\Otros Idiomas\Italiano\La libertà del lavoro. Scritti su concorrenza, sciopero e serrata.jpg","La libertà del lavoro. Scritti su concorrenza, sciopero e serrata.jpg",title,la liberta del lavoro scritti su concorrenza sciopero e serrata,no_match,59.5,token_sort,"D:\Documentos\Acracia\Biblioteca Acracia\      😱 NUEVO 2026\ 🗓️ NUEVO 2025\  📅 MESES 2025\ Junio\Kant, Utilitarismo\El concepto de libertad en la Crítica de la razón práctica.pdf",El concepto de libertad en la Crítica de la razón práctica.pdf,Salermo - Una conspiración de silencio sobre la escuela liberal francesa.pdf,57.1, Kinsella - Una Teoría Libertaria del Contrato.pdf,56.6
D:\Documentos\Acracia\Biblioteca Acracia\  😬 Libros FALTANTES\Otros Idiomas\Italiano\La Libertà necessaria. Vademecum del libertario liberato.jpg,La Libertà necessaria. Vademecum del libertario liberato.jpg,title,la liberta necessaria vademecum del libertario liberato,no_match,71.0,partial,D:\Documentos\Acracia\Biblioteca Acracia\     ✍️ EDITORIAL Acraci\👥 Comunidad\Tucu - De la Libertad a los Liberales.pdf,Tucu - De la Libertad a los Liberales.pdf,Libertario de Principios.pdf,65.1,Libertario en 30 días.pdf,65.0
D:\Documentos\Acracia\Biblioteca Acracia\  😬 Libros FALTANTES\Otros Idiomas\Italiano\La teoria politica di Bruno Leoni.jpg,La teoria politica di Bruno Leoni.jpg,title,la teoria politica di bruno leoni,auto,100.0,token_set,D:\Documentos\Acracia\Biblioteca Acracia\    🤓 AUTORES\   CATEGORÍAS\  🌗 Ancaps-Voluntaristas\José Hernández Cabrera\Política.pdf,Política.pdf,La teoría política del individualismo posesivo. De Hobbes a Locke (C. B. Macpherson) (Z-Library).pdf,81.8,Teoria analítica de la política.pdf,77.5
D:\Documentos\Acracia\Biblioteca Acracia\  😬 Libros FALTANTES\Otros Idiomas\Italiano\Lezioni di dottrina dello stato.jpg,Lezioni di dottrina dello stato.jpg,title,lezioni di dottrina dello stato,no_match,65.3,partial,D:\Documentos\Acracia\Biblioteca Acracia\   👀 TEMAS\  🧑‍⚖️ DERECHO y JUSTICIA\Filosofías Jurídicas\ Estoppel\Doctrina de los actos propios.pdf,Doctrina de los actos propios.pdf,Hoppe - Reflexiones sobre el origen del Estado.pdf,60.4,Casey - Deslegitimación del Estado.pdf,59.3
"D:\Documentos\Acracia\Biblioteca Acracia\  😬 Libros FALTANTES\Otros Idiomas\Italiano\Libero commercio, Cos’è e come ci rende tutti più ricchi.jpg","Libero commercio, Cos’è e come ci rende tutti più ricchi.jpg",title,libero commercio cos e e come ci rende tutti piu ricchi,no_match,54.0,partial,"D:\Documentos\Acracia\Biblioteca Acracia\   👀 TEMAS\ 🏰 HISTORIA\Países\🇺🇸 EE.UU. historia\Rothbard - Comerciar con el enemigo, una tradición americana.pdf","Rothbard - Comerciar con el enemigo, una tradición americana.pdf",Pernas - Camino de Libertad_ Cómo suprimir la coacción estatal.pdf,52.6,Huerta - La Naturaleza del Comercio de Richard Cantillon.pdf,51.4
D:\Documentos\Acracia\Biblioteca Acracia\  😬 Libros FALTANTES\Otros Idiomas\Italiano\LiLibIt.net. Utopia di un cybermovimento liberale e libertario.jpg,LiLibIt.net. Utopia di un cybermovimento liberale e libertario.jpg,title,lilibit net utopia di un cybermovimento liberale e libertario,no_match,70.3,partial,D:\Documentos\Acracia\Biblioteca Acracia\      😱 NUEVO 2026\🗓️ 2023-2024\ Nuevo 2024\ Enero-Junio\Junio\El individuo libertario.pdf,El individuo libertario.pdf,BREVE MANIFIESTO LIBERTARIO.pdf,69.6,Deist - Por un nuevo libertario.pdf,65.1
"D:\Documentos\Acracia\Biblioteca Acracia\  😬 Libros FALTANTES\Otros Idiomas\Italiano\Lo Stato (Mercato, Diritto e Libertà).jpg","Lo Stato (Mercato, Diritto e Libertà).jpg",title,lo stato mercato diritto e liberta,no_match,60.6,partial,D:\Documentos\Acracia\Biblioteca Acracia\      😱 NUEVO 2026\ 🗓️ NUEVO 2025\  📅 MESES 2025\   Enero\Constitución Territorial Libertaria de los Mexicanos.pdf,Constitución Territorial Libertaria de los Mexicanos.pdf, Constitución Territorial Libertaria de los Mexicanos.pdf,60.6,Mises - Los Datos del Mercado.pdf,60.5
D:\Documentos\Acracia\Biblioteca Acracia\  😬 Libros FALTANTES\Otros Idiomas\Italiano\Murray N. Rothbard (Classici contemporanei Vol. 5).jpg,Murray N. Rothbard (Classici contemporanei Vol. 5).jpg,title,murray n rothbard classici contemporanei vol 5,auto,100.0,token_set+overlap,D:\Documentos\Acracia\Biblioteca Acracia\    🤓 AUTORES\   CATEGORÍAS\  🌗 Ancaps-Voluntaristas\  Murray Rothbard\  Murray Rothbard.pdf,  Murray Rothbard.pdf,Gordon - QEPD Murray Rothbard.pdf,75.4,Gordon - El gran Murray Rothbard.pdf,70.7
"D:\Documentos\Acracia\Biblioteca Acracia\  😬 Libros FALTANTES\Otros Idiomas\Italiano\Opere complete. III, Lezioni di filosofia del diritto e di dottrina dello Stato.jpg","Opere complete. III, Lezioni di filosofia del diritto e di dottrina dello Stato.jpg",title,opere complete iii lezioni di filosofia del diritto e di dottrina dello stato,no_match,70.0,partial,D:\Documentos\Acracia\Biblioteca Acracia\   👀 TEMAS\  🧑‍⚖️ DERECHO y JUSTICIA\Leoni - Lecciones de Filosofía del Derecho.pdf,Leoni - Lecciones de Filosofía del Derecho.pdf,SANTO TOMÁS DE AQUINO EN LA FILOSOFÍA DEL DERECHO.pdf,58.3,"Lecciones de filosofía moral (Miriam M. S. de Madureira, Maximiliano Martínez).pdf",56.5
D:\Documentos\Acracia\Biblioteca Acracia\  😬 Libros FALTANTES\Otros Idiomas\Italiano\Per un liberalismo integrale.jpg,Per un liberalismo integrale.jpg,title,per un liberalismo integrale,review,77.8,partial,D:\Documentos\Acracia\Biblioteca Acracia\      😱 NUEVO 2026\🗓️ 2023-2024\ Nuevo 2024\ Enero-Junio\Marzo - Abril\Quispe - Liberalismo.pdf,Quispe - Liberalismo.pdf,El Liberalismo Sin Adjetivos.pdf,70.8,Adriá - ¿Qué es el Liberalismo_.pdf,69.1
D:\Documentos\Acracia\Biblioteca Acracia\  😬 Libros FALTANTES\Otros Idiomas\Italiano\Per un Libertarismo vincente. Strategie politiche e culturali.jpg,Per un Libertarismo vincente. Strategie politiche e culturali.jpg,title,per un libertarismo vincente strategie politiche e culturali,auto,100.0,token_set,D:\Documentos\Acracia\Biblioteca Acracia\   👀 TEMAS\    💛 LIBERTAD\   🛡️Libertarismo\  Libertarismo.pdf,  Libertarismo.pdf,Libertarismo.pdf,100.0,Libertarismo(1).pdf,92.9
D:\Documentos\Acracia\Biblioteca Acracia\  😬 Libros FALTANTES\Otros Idiomas\Italiano\Sciopero e serrata.jpg,Sciopero e serrata.jpg,title,sciopero e serrata,no_match,61.1,partial,D:\Documentos\Acracia\Biblioteca Acracia\  📖 NOVELAS\El Islote (Joel Serrano).pdf,El Islote (Joel Serrano).pdf,Kosanke - Escape from Utopia.pdf,54.5,Sistemas de Disparo.pdf,54.1
D:\Documentos\Acracia\Biblioteca Acracia\  😬 Libros FALTANTES\Otros Idiomas\Italiano\Scritti di scienza politica e teoria del diritto.jpg,Scritti di scienza politica e teoria del diritto.jpg,title,scritti di scienza politica e teoria del diritto,auto,100.0,token_set,D:\Documentos\Acracia\Biblioteca Acracia\    🤓 AUTORES\   CATEGORÍAS\  🌗 Ancaps-Voluntaristas\José Hernández Cabrera\Política.pdf,Política.pdf,Teoria analítica de la política.pdf,69.2,Mises - La Teoria del Dinero y del Credito.pdf,63.3
D:\Documentos\Acracia\Biblioteca Acracia\  😬 Libros FALTANTES\Otros Idiomas\Italiano\Une réponse juive à l_anarcho-capitalisme_ Judéo-économie - Richard Sitbon.jpg,Une réponse juive à l_anarcho-capitalisme_ Judéo-économie - Richard Sitbon.jpg,title,une reponse juive a l anarcho capitalisme judeo economie richard sitbon,review,75.8,partial,D:\Documentos\Acracia\Biblioteca Acracia\   👀 TEMAS\    💛 LIBERTAD\ 🌗 Anarco-Capitalismo\Artículos\Morán - ¿Qué es el anarcocapitalismo_.pdf,Morán - ¿Qué es el anarcocapitalismo_.pdf, Vernaglione - El Anarco-Capitalismo.pdf,72.7,Anarcho-Naturism.pdf,68.8
"D:\Documentos\Acracia\Biblioteca Acracia\  😬 Libros FALTANTES\Otros Idiomas\Italiano\Éclairs de Liberté, Recueil.jpg","Éclairs de Liberté, Recueil.jpg",title,eclairs de liberte recueil,no_match,69.6,partial,D:\Documentos\Acracia\Biblioteca Acracia\      😱 NUEVO 2026\🗓️ 2023-2024\ Nuevo 2024\ Julio-Diciembre\Octubre\Caminos de libre mercado.pdf,Caminos de libre mercado.pdf,Rockwell - La Crisis de la Libertad.pdf,64.3,Rockwell - Libertad de asociación.pdf,63.2
D:\Documentos\Acracia\Biblioteca Acracia\  😬 Libros FALTANTES\Otros Idiomas\Libertá e instituzioni nella cittá volontaria.jpg,Libertá e instituzioni nella cittá volontaria.jpg,title,liberta e instituzioni nella citta volontaria,no_match,70.8,partial,D:\Documentos\Acracia\Biblioteca Acracia\   👀 TEMAS\ 🏰 HISTORIA\Ⓐ Ejemplos de Anarquismo_\z. MÁS\ Liberland\Liberland-constitution-cs.pdf,Liberland-constitution-cs.pdf,"Rothbard - El Estado como institución voluntaria, una crítica.pdf",66.0,Constitución Libertaria.pdf,61.8
D:\Documentos\Acracia\Biblioteca Acracia\  😬 Libros FALTANTES\Otros Idiomas\Portugués\O Manifesto Libertário.jpg,O Manifesto Libertário.jpg,title,o manifesto libertario,auto,95.5,partial,D:\Documentos\Acracia\Biblioteca Acracia\      😱 NUEVO 2026\🗓️ 2023-2024\ Nuevo 2023\ Julio-Diciembre\  Diciembre\BREVE MANIFIESTO LIBERTARIO.pdf,BREVE MANIFIESTO LIBERTARIO.pdf, Rothbard - El Manifiesto Libertario.pdf,95.5,El Manifiesto Libertario - Resumen.pdf,95.5
"D:\Documentos\Acracia\Biblioteca Acracia\  😬 Libros FALTANTES\Otros Idiomas\Red Teaming, théorie des jeux, panpsychisme et perception quantique - Ravikumar Kurup.jpg","Red Teaming, théorie des jeux, panpsychisme et perception quantique - Ravikumar Kurup.jpg",title,red teaming theorie des jeux panpsychisme et perception quantique ravikumar kurup,no_match,48.2,partial,D:\Documentos\Acracia\Biblioteca Acracia\   👀 TEMAS\➕ TEMAS VARIOS\ ✈️ Inmigración\Errores en el razonamiento de Hoppe sobre la inmigración.PDF,Errores en el razonamiento de Hoppe sobre la inmigración.PDF,Apuntes Sobre Teoria de la Renta en la Interpretacion Crítica de Marx_ Los Fisiocratas.pdf,45.8,Krause - Descentralización_ las limitaciones del paradigma predominante.pdf,45.6
"D:\Documentos\Acracia\Biblioteca Acracia\  😬 Libros FALTANTES\Otros Idiomas\Turco\Murray Rothbard, Liberteryen Gelenekte ve Siyaset Felsefesindeki Yeri.jpg","Murray Rothbard, Liberteryen Gelenekte ve Siyaset Felsefesindeki Yeri.jpg",title,murray rothbard liberteryen gelenekte ve siyaset felsefesindeki yeri,auto,100.0,token_set+overlap,D:\Documentos\Acracia\Biblioteca Acracia\    🤓 AUTORES\   CATEGORÍAS\  🌗 Ancaps-Voluntaristas\  Murray Rothbard\  Murray Rothbard.pdf,  Murray Rothbard.pdf,Gordon - QEPD Murray Rothbard.pdf,75.4,Gordon - El gran Murray Rothbard.pdf,70.7
"D:\Documentos\Acracia\Biblioteca Acracia\  😬 Libros FALTANTES\Pequeños estados, grandes posibilidades_.jpg","Pequeños estados, grandes posibilidades_.jpg",title,pequenos estados grandes posibilidades,no_match,69.7,token_sort,D:\Documentos\Acracia\Biblioteca Acracia\Bastos - Lo Pequeño es Posible.pdf,Bastos - Lo Pequeño es Posible.pdf,Anarquía en los Estados Unidos.pdf,66.7,Deist - Las posibilidades para una secesión suave en América.pdf,65.6
D:\Documentos\Acracia\Biblioteca Acracia\  😬 Libros FALTANTES\Por qué está bien querer ser rico.jpg,Por qué está bien querer ser rico.jpg,title,por que esta bien querer ser rico,no_match,68.5,token_set+overlap,D:\Documentos\Acracia\Biblioteca Acracia\   👀 TEMAS\   🏛️ ESTATISMO\ Tipos de Estatismos\ 🪤 Socialismo\Artículos\Por qué deje de ser de izquierda.pdf,Por qué deje de ser de izquierda.pdf,J. Tucker - Por qué todo está más sucio.pdf,62.0,Huemer - Por qué la gente es irracional con la política.pdf,60.6
D:\Documentos\Acracia\Biblioteca Acracia\  😬 Libros FALTANTES\Proudhon Federalismo y Mutualismo Anarquistas.jpg,Proudhon Federalismo y Mutualismo Anarquistas.jpg,title,proudhon federalismo y mutualismo anarquistas,no_match,66.7,partial,D:\Documentos\Acracia\Biblioteca Acracia\   👀 TEMAS\    💛 LIBERTAD\Malice - El Manual Anarquista.pdf,Malice - El Manual Anarquista.pdf,Anarquismo Judaismo Y Masoneria (Federico Rivanera Carlés).pdf,61.4,Rothbard - ¿Son «anarquistas» los libertarios_.pdf,61.2
D:\Documentos\Acracia\Biblioteca Acracia\  😬 Libros FALTANTES\Proyecto de Estado Demarquía y Monarquía_.jpg,Proyecto de Estado Demarquía y Monarquía_.jpg,title,proyecto de estado demarquia y monarquia,no_match,66.1,token_set+overlap,D:\Documentos\Acracia\Biblioteca Acracia\     ✍️ EDITORIAL Acraci\ 🔡 Traducciones\S. Pierre - Proyecto Estado Libre de New Hampshire (Guía).pdf,S. Pierre - Proyecto Estado Libre de New Hampshire (Guía).pdf,La supresión de los poderes del Estado_Un proyecto libertario desde la Escuela Austriaca_(José María Pernas Alonso).pdf,66.1,Reseña de Monarquía democracia y Orden natural de Hoppe.pdf,63.0
D:\Documentos\Acracia\Biblioteca Acracia\  😬 Libros FALTANTES\Radiografía del Progre Woke.jpg,Radiografía del Progre Woke.jpg,title,radiografia del progre woke,no_match,56.0,partial,D:\Documentos\Acracia\Biblioteca Acracia\   👀 TEMAS\➕ TEMAS VARIOS\ 🤖 Tecnología\Software Libre\Más sobre Software Libre\Ingenieria Del Software (Fuoc).pdf,Ingenieria Del Software (Fuoc).pdf,"Briceño - Estado-Mafia, ¿Degradación o Esencia del Estado_.pdf",55.6,El_liberalismo_radical_de_Jose_Victorino.pdf,55.6
D:\Documentos\Acracia\Biblioteca Acracia\  😬 Libros FALTANTES\Secretos a Voces.jpg,Secretos a Voces.jpg,title,secretos a voces,no_match,62.5,partial,D:\Documentos\Acracia\Biblioteca Acracia\   👀 TEMAS\ 🗝️ ESTRATEGIA\Molyneux - Retos Sociales del Anarquismo.pdf,Molyneux - Retos Sociales del Anarquismo.pdf,Derecho a poseer armas.pdf,62.1, Kaiser - Parásitos Mentales.pdf,53.3
D:\Documentos\Acracia\Biblioteca Acracia\  😬 Libros FALTANTES\Spencer - Instituciones Sociales.png,Spencer - Instituciones Sociales.png,title,spencer instituciones sociales,no_match,70.2,partial,D:\Documentos\Acracia\Biblioteca Acracia\      😱 NUEVO 2026\ 🗓️ NUEVO 2025\  📅 MESES 2025\ Junio\Criptoanarquismo\Justicia en la red_ el caso del bitcoin y las nuevas instituciones financieras.pdf,Justicia en la red_ el caso del bitcoin y las nuevas instituciones financieras.pdf,Anarquismo e instituciones_ Sistemas de gobierno y leyes compatibles -o no- con la soberanía individual.pdf,70.0,La Teoría Evolutiva de las Instituciones.pdf,66.7
D:\Documentos\Acracia\Biblioteca Acracia\  😬 Libros FALTANTES\Teoría del Estado en tiempos de la cuarta revolución industrial_.jpg,Teoría del Estado en tiempos de la cuarta revolución industrial_.jpg,title,teoria del estado en tiempos de la cuarta revolucion industrial,auto,91.1,token_set+overlap,D:\Documentos\Acracia\Biblioteca Acracia\      😱 NUEVO 2026\El-mito-de-la-Revolucion-Industrial.pdf,El-mito-de-la-Revolucion-Industrial.pdf, Teoría de señales.pdf,80.0,McElroy - Redimiendo la Revolución Industrial.pdf,77.2
D:\Documentos\Acracia\Biblioteca Acracia\  😬 Libros FALTANTES\Transhumanismo y ciudades de quince minutos_.jpg,Transhumanismo y ciudades de quince minutos_.jpg,title,transhumanismo y ciudades de quince minutos,no_match,69.2,partial,D:\Documentos\Acracia\Biblioteca Acracia\   👀 TEMAS\➕ TEMAS VARIOS\ 🤖 Tecnología\Futurismo\Artículos\El transhumanismo de Ray Kurzweil.pdf,El transhumanismo de Ray Kurzweil.pdf, Gillis - Anarco-Transhumanismo.pdf,66.7,Singularidad tecnológica y transhumanismo.pdf,66.7
D:\Documentos\Acracia\Biblioteca Acracia\  😬 Libros FALTANTES\Un anarquista de derechas (Luis Antonio de Villenas).jpeg,Un anarquista de derechas (Luis Antonio de Villenas).jpeg,title,un anarquista de derechas luis antonio de villenas,no_match,70.3,partial,D:\Documentos\Acracia\Biblioteca Acracia\   👀 TEMAS\    💛 LIBERTAD\   Ⓐ Anarquismo\Artículos\Profundamente anarquista.pdf,Profundamente anarquista.pdf,La república anarquista de Cospaia.pdf,62.7,Guía de Acción Directa No-Violenta.pdf,61.7
D:\Documentos\Acracia\Biblioteca Acracia\  😬 Libros FALTANTES\Un libertario quasi cristiano.jpg,Un libertario quasi cristiano.jpg,title,un libertario quasi cristiano,no_match,69.0,token_set,D:\Documentos\Acracia\Biblioteca Acracia\   👀 TEMAS\    💛 LIBERTAD\   🛡️Libertarismo\Artículos\Deist - Por un nuevo libertario.pdf,Deist - Por un nuevo libertario.pdf,Libertario en 30 días.pdf,66.7,Libertarismo Y Justicia Social.pdf,65.5
D:\Documentos\Acracia\Biblioteca Acracia\  😬 Libros FALTANTES\Un mundo contaminado - José Benegas_.jpg,Un mundo contaminado - José Benegas_.jpg,title,un mundo contaminado jose benegas,review,75.4,partial+overlap,D:\Documentos\Acracia\Biblioteca Acracia\      😱 NUEVO 2026\🗓️ 2023-2024\ Nuevo 2023\Enero-Junio\Enero\Enero (2)\Seamos Libres - Jose Benegas.pdf,Seamos Libres - Jose Benegas.pdf,Milei- Todas las respuestas a las preguntas que suscita (José Benegas).pdf,71.9,10 ideas falsas que favorecen al despotismo (José Benegas).pdf,70.7
D:\Documentos\Acracia\Biblioteca Acracia\  😬 Libros FALTANTES\Una Evolución al Nacional Anarquismo.webp,Una Evolución al Nacional Anarquismo.webp,title,una evolucion al nacional anarquismo,review,75.7,token_set,"D:\Documentos\Acracia\Biblioteca Acracia\   👀 TEMAS\    💛 LIBERTAD\   Ⓐ Anarquismo\Anarquismo, una Historia.pdf","Anarquismo, una Historia.pdf","Anarquismo, una Historia.pdf",75.7,Capella - Evolución.pdf,73.3
D:\Documentos\Acracia\Biblioteca Acracia\  😬 Libros FALTANTES\Una reflexión sobre el anarquismo gitano - Rafael Buhigas.gif,Una reflexión sobre el anarquismo gitano - Rafael Buhigas.gif,title,una reflexion sobre el anarquismo gitano rafael buhigas,review,75.7,token_set,"D:\Documentos\Acracia\Biblioteca Acracia\   👀 TEMAS\    💛 LIBERTAD\   Ⓐ Anarquismo\Anarquismo, una Historia.pdf","Anarquismo, una Historia.pdf","Anarquismo, una Historia.pdf",75.7,Orton - ¿Qué es anarquismo_.pdf,73.9
D:\Documentos\Acracia\Biblioteca Acracia\  😬 Libros FALTANTES\Utopia Salvaje - Darcy Ribeiro.jpg,Utopia Salvaje - Darcy Ribeiro.jpg,title,utopia salvaje darcy ribeiro,no_match,59.3,partial,D:\Documentos\Acracia\Biblioteca Acracia\   👀 TEMAS\➕ TEMAS VARIOS\⚛️ Ciencias\ Psicología\Teoría de Señales\ Teoría de señales.pdf, Teoría de señales.pdf,El no tan salvaje oeste.pdf,57.9,Anarchy Status Updates and Utopia.pdf,55.7
D:\Documentos\Acracia\Biblioteca Acracia\  😬 Libros FALTANTES\¿Anarquismo Gitano_.jpg,¿Anarquismo Gitano_.jpg,title,anarquismo gitano,review,82.8,partial,"D:\Documentos\Acracia\Biblioteca Acracia\      😱 NUEVO 2026\🗓️ 2023-2024\ Nuevo 2023\ Julio-Diciembre\Agosto\Anarquismo Africano - A história de um movimento (MBAH, SAM I. E. IGARIWEY).pdf","Anarquismo Africano - A história de um movimento (MBAH, SAM I. E. IGARIWEY).pdf","Anarquismo, una Historia.pdf",80.0,"Anarquismo, una Historia.pdf",80.0
