status,title_score,author_score,cover_file,cover_title,cover_author,pdf_file,pdf_title,pdf_author,pdf_rel_path,cover_rel_path,cover_abs,pdf_abs,cover_confidence,alt2_pdf,alt2_title_score,alt3_pdf,alt3_title_score
no_match,0.0,," EL MERCADO AGREDIDO, LA ANTIECONOMÍA DE LA MAFIA INSTITUCIONALIZADA.jpg",EL MERCADO AGREDIDO,SYDNEY D'AGVILO,,,,," EL MERCADO AGREDIDO, LA ANTIECONOMÍA DE LA MAFIA INSTITUCIONALIZADA.jpg","D:\Documentos\Acracia\Biblioteca Acracia\  😬 Libros FALTANTES\ EL MERCADO AGREDIDO, LA ANTIECONOMÍA DE LA MAFIA INSTITUCIONALIZADA.jpg",,0.9,,,,
no_match,0.0,, EL MODUS OPERANDI DEL ESTADO ORGANIZADO.jpg,Mafiæstado,SYDNEY D'AGVILO,,,,, EL MODUS OPERANDI DEL ESTADO ORGANIZADO.jpg,D:\Documentos\Acracia\Biblioteca Acracia\  😬 Libros FALTANTES\ EL MODUS OPERANDI DEL ESTADO ORGANIZADO.jpg,,0.9,,,,
auto,100.0,100.0, La singularidad está más cerca_.jpg,La singularidad está más cerca,Ray Kurzweil, 2025. La singularidad está más cerca (Ray Kurzweil).pdf,La singularidad está más cerca,Ray Kurzweil,      😱 NUEVO 2026\ 2025. La singularidad está más cerca (Ray Kurzweil).pdf, La singularidad está más cerca_.jpg,D:\Documentos\Acracia\Biblioteca Acracia\  😬 Libros FALTANTES\ La singularidad está más cerca_.jpg,D:\Documentos\Acracia\Biblioteca Acracia\      😱 NUEVO 2026\ 2025. La singularidad está más cerca (Ray Kurzweil).pdf,0.9,,,,
no_match,0.0,,"Democracia, Justicia y Socialismo.jpg","DEMOCRACIA, JUSTICIA Y SOCIALISMO",Friedrich A. Hayek,,,,," Unión Editorial\_Hayek\Democracia, Justicia y Socialismo.jpg","D:\Documentos\Acracia\Biblioteca Acracia\  😬 Libros FALTANTES\ Unión Editorial\_Hayek\Democracia, Justicia y Socialismo.jpg",,0.9,,,,
no_match,0.0,,Ensayos de Teoría Monetaria.jpg,Ensayos de teoría monetaria I,F.A. Hayek,,,,, Unión Editorial\_Hayek\Ensayos de Teoría Monetaria.jpg,D:\Documentos\Acracia\Biblioteca Acracia\  😬 Libros FALTANTES\ Unión Editorial\_Hayek\Ensayos de Teoría Monetaria.jpg,,0.9,,,,
no_match,0.0,,Hayek Su contribución al pensamiento político y económico de nuestro tiempo - Eamonn Butler.jpg,Hayek,Eamonn Butler,,,,, Unión Editorial\_Hayek\Hayek Su contribución al pensamiento político y económico de nuestro tiempo - Eamonn Butler.jpg,D:\Documentos\Acracia\Biblioteca Acracia\  😬 Libros FALTANTES\ Unión Editorial\_Hayek\Hayek Su contribución al pensamiento político y económico de nuestro tiempo - Eamonn Butler.jpg,,0.9,,,,
no_match,0.0,,Las Vicisitudes del Liberalismo.jpg,LAS VICISITUDES DEL LIBERALISMO,F.A. HAYEK,,,,, Unión Editorial\_Hayek\Las Vicisitudes del Liberalismo.jpg,D:\Documentos\Acracia\Biblioteca Acracia\  😬 Libros FALTANTES\ Unión Editorial\_Hayek\Las Vicisitudes del Liberalismo.jpg,,1.0,,,,
no_match,0.0,,Socialismo y Guerra - Hayek.jpg,SOCIALISMO Y GUERRA,F.A. HAYEK,,,,, Unión Editorial\_Hayek\Socialismo y Guerra - Hayek.jpg,D:\Documentos\Acracia\Biblioteca Acracia\  😬 Libros FALTANTES\ Unión Editorial\_Hayek\Socialismo y Guerra - Hayek.jpg,,1.0,,,,
no_match,0.0,,_Tráfico y Consumo de Drogas.jpg,TRÁFICO Y CONSUMO DE DROGAS,Ronald Hamowy (ed.),,,,, Unión Editorial\_Tráfico y Consumo de Drogas.jpg,D:\Documentos\Acracia\Biblioteca Acracia\  😬 Libros FALTANTES\ Unión Editorial\_Tráfico y Consumo de Drogas.jpg,,0.9,,,,
no_match,0.0,,Adiós al Estado-Nación.jpg,ADIOS AL ESTADO-NACIÓN,JUAN PINA,,,,, Unión Editorial\Adiós al Estado-Nación.jpg,D:\Documentos\Acracia\Biblioteca Acracia\  😬 Libros FALTANTES\ Unión Editorial\Adiós al Estado-Nación.jpg,,0.9,,,,
no_match,0.0,,BORGES Y LA ECONOMÍA.jpg,Borges,Martín Krause,,,,, Unión Editorial\Atlas Libertas\BORGES Y LA ECONOMÍA.jpg,D:\Documentos\Acracia\Biblioteca Acracia\  😬 Libros FALTANTES\ Unión Editorial\Atlas Libertas\BORGES Y LA ECONOMÍA.jpg,,0.9,,,,
no_match,0.0,,El-Consorcio.jpg,EL CONSORCIO,Ricardo M. Rojas,,,,, Unión Editorial\Atlas Libertas\El-Consorcio.jpg,D:\Documentos\Acracia\Biblioteca Acracia\  😬 Libros FALTANTES\ Unión Editorial\Atlas Libertas\El-Consorcio.jpg,,1.0,,,,
no_match,0.0,,_La teoría de la Explotación - Bawerk.jpg,La teoría de la explotación,Eugen von Böhm-Bawerk; Joaquín Reig Albiol,,,,, Unión Editorial\Biblioteca Austriaca\_La teoría de la Explotación - Bawerk.jpg,D:\Documentos\Acracia\Biblioteca Acracia\  😬 Libros FALTANTES\ Unión Editorial\Biblioteca Austriaca\_La teoría de la Explotación - Bawerk.jpg,,0.9,,,,
no_match,0.0,,"_Valor, capital e interés - Bawerk.jpg","Valor, capital, interés",Eugen von Böhm-Bawerk; José Antonio de Aguirre,,,,," Unión Editorial\Biblioteca Austriaca\_Valor, capital e interés - Bawerk.jpg","D:\Documentos\Acracia\Biblioteca Acracia\  😬 Libros FALTANTES\ Unión Editorial\Biblioteca Austriaca\_Valor, capital e interés - Bawerk.jpg",,0.9,,,,
no_match,0.0,,Antropología filosófica cristiana y economía de mercado.jpg,Antropología filosófica cristiana y economía de mercado,Gabriel J. Zanotti,,,,, Unión Editorial\Biblioteca Austriaca\Antropología filosófica cristiana y economía de mercado.jpg,D:\Documentos\Acracia\Biblioteca Acracia\  😬 Libros FALTANTES\ Unión Editorial\Biblioteca Austriaca\Antropología filosófica cristiana y economía de mercado.jpg,,0.9,,,,
no_match,0.0,,Conocimiento Vs. Información - Gabriel Zanotti.jpg,Conocimiento versus Información,Gabriel J. Zanotti,,,,, Unión Editorial\Biblioteca Austriaca\Conocimiento Vs. Información - Gabriel Zanotti.jpg,D:\Documentos\Acracia\Biblioteca Acracia\  😬 Libros FALTANTES\ Unión Editorial\Biblioteca Austriaca\Conocimiento Vs. Información - Gabriel Zanotti.jpg,,0.9,,,,
no_match,81.7,28.6,El fin de la economía - Sergio Ricossa.jpg,El fin de la economía,Sergio Riccosa,Leeson - El Gran Circo de la Economía.pdf,El gran circo de la economía,Peter T. Leeson,    🤓 AUTORES\   CATEGORÍAS\  🌗 Ancaps-Voluntaristas\ Peter T. Leeson\Leeson - El Gran Circo de la Economía.pdf, Unión Editorial\Biblioteca Austriaca\El fin de la economía - Sergio Ricossa.jpg,D:\Documentos\Acracia\Biblioteca Acracia\  😬 Libros FALTANTES\ Unión Editorial\Biblioteca Austriaca\El fin de la economía - Sergio Ricossa.jpg,D:\Documentos\Acracia\Biblioteca Acracia\    🤓 AUTORES\   CATEGORÍAS\  🌗 Ancaps-Voluntaristas\ Peter T. Leeson\Leeson - El Gran Circo de la Economía.pdf,0.9,,,,
no_match,0.0,,El orden sin plan - Lorenzo Infantino.jpg,El orden sin plan,Lorenzo Infantino,,,,, Unión Editorial\Biblioteca Austriaca\El orden sin plan - Lorenzo Infantino.jpg,D:\Documentos\Acracia\Biblioteca Acracia\  😬 Libros FALTANTES\ Unión Editorial\Biblioteca Austriaca\El orden sin plan - Lorenzo Infantino.jpg,,0.9,,,,
no_match,0.0,,Ignorancia y Libertad - Lorenzo Infantino.jpg,Ignorancia y libertad,Lorenzo Infantino,,,,, Unión Editorial\Biblioteca Austriaca\Ignorancia y Libertad - Lorenzo Infantino.jpg,D:\Documentos\Acracia\Biblioteca Acracia\  😬 Libros FALTANTES\ Unión Editorial\Biblioteca Austriaca\Ignorancia y Libertad - Lorenzo Infantino.jpg,,1.0,,,,
no_match,0.0,,Karl Popper_ Revisión de su legdo.jpg,Karl R. Popper: Revisión de su legado,Wenceslao J. González,,,,, Unión Editorial\Biblioteca Austriaca\Karl Popper_ Revisión de su legdo.jpg,D:\Documentos\Acracia\Biblioteca Acracia\  😬 Libros FALTANTES\ Unión Editorial\Biblioteca Austriaca\Karl Popper_ Revisión de su legdo.jpg,,0.9,,,,
no_match,81.7,,la escuela austriaca desde adentro ..jpg,La Escuela Austriaca desde adentro,Adrián O. Ravier,Escuela Austriaca.pdf,Escuela austriaca,,   👀 TEMAS\   💱 ECONOMÍA\ 📚 Escuelas\ Escuela Austriaca\Artículos\Escuela Austriaca.pdf, Unión Editorial\Biblioteca Austriaca\la escuela austriaca desde adentro ..jpg,D:\Documentos\Acracia\Biblioteca Acracia\  😬 Libros FALTANTES\ Unión Editorial\Biblioteca Austriaca\la escuela austriaca desde adentro ..jpg,D:\Documentos\Acracia\Biblioteca Acracia\   👀 TEMAS\   💱 ECONOMÍA\ 📚 Escuelas\ Escuela Austriaca\Artículos\Escuela Austriaca.pdf,0.9, Huerta - La Escuela Austríaca Mercado y creatividad empresarial.pdf,85.7,,
no_match,81.7,,la escuela austriaca desde adentro.jpg,La Escuela Austriaca desde adentro,Adrián O. Ravier,Escuela Austriaca.pdf,Escuela austriaca,,   👀 TEMAS\   💱 ECONOMÍA\ 📚 Escuelas\ Escuela Austriaca\Artículos\Escuela Austriaca.pdf, Unión Editorial\Biblioteca Austriaca\la escuela austriaca desde adentro.jpg,D:\Documentos\Acracia\Biblioteca Acracia\  😬 Libros FALTANTES\ Unión Editorial\Biblioteca Austriaca\la escuela austriaca desde adentro.jpg,D:\Documentos\Acracia\Biblioteca Acracia\   👀 TEMAS\   💱 ECONOMÍA\ 📚 Escuelas\ Escuela Austriaca\Artículos\Escuela Austriaca.pdf,0.9, Huerta - La Escuela Austríaca Mercado y creatividad empresarial.pdf,85.7,,
no_match,0.0,,La globalización como orden espontáneo - Adrián Ravier.jpg,La globalización como orden espontáneo,Adrián O. Ravier,,,,, Unión Editorial\Biblioteca Austriaca\La globalización como orden espontáneo - Adrián Ravier.jpg,D:\Documentos\Acracia\Biblioteca Acracia\  😬 Libros FALTANTES\ Unión Editorial\Biblioteca Austriaca\La globalización como orden espontáneo - Adrián Ravier.jpg,,0.9,,,,
no_match,0.0,,La Viena de Popper - Dario Antiseri.jpg,La Viena de Popper,Dario Antiseri,,,,, Unión Editorial\Biblioteca Austriaca\La Viena de Popper - Dario Antiseri.jpg,D:\Documentos\Acracia\Biblioteca Acracia\  😬 Libros FALTANTES\ Unión Editorial\Biblioteca Austriaca\La Viena de Popper - Dario Antiseri.jpg,,0.9,,,,
no_match,86.0,,ATLAS-DEL-LIBERALISMO.jpg,ATLAS DEL LIBERALISMO,Raimondo Cubeddu,El_liberalismo_radical_de_Jose_Victorino.pdf,El liberalismo,,      😱 NUEVO 2026\🗓️ 2023-2024\ Nuevo 2023\ Julio-Diciembre\ Noviembre\El_liberalismo_radical_de_Jose_Victorino.pdf, Unión Editorial\Biblioteca de la Libertad\ATLAS-DEL-LIBERALISMO.jpg,D:\Documentos\Acracia\Biblioteca Acracia\  😬 Libros FALTANTES\ Unión Editorial\Biblioteca de la Libertad\ATLAS-DEL-LIBERALISMO.jpg,D:\Documentos\Acracia\Biblioteca Acracia\      😱 NUEVO 2026\🗓️ 2023-2024\ Nuevo 2023\ Julio-Diciembre\ Noviembre\El_liberalismo_radical_de_Jose_Victorino.pdf,0.9,Quispe - Liberalismo.pdf,82.8,,
no_match,0.0,,Cinco pensadores liberales - Julio H. Cole.jpg,CINCO PENSADORES LIBERALES,Julio H. Cole,,,,, Unión Editorial\Biblioteca de la Libertad\Cinco pensadores liberales - Julio H. Cole.jpg,D:\Documentos\Acracia\Biblioteca Acracia\  😬 Libros FALTANTES\ Unión Editorial\Biblioteca de la Libertad\Cinco pensadores liberales - Julio H. Cole.jpg,,0.9,,,,
no_match,0.0,,Debates-economicos-en-tiempos-de-crisis.jpg,Debates económicos en tiempos de crisis,Ángel Soto; Paulo Roberto de Almeida; Carolina Cerrano; Sebastián Edwards; Fabián Herrera; Carlos Newland; José A. Sánchez Román,,,,, Unión Editorial\Biblioteca de la Libertad\Debates-economicos-en-tiempos-de-crisis.jpg,D:\Documentos\Acracia\Biblioteca Acracia\  😬 Libros FALTANTES\ Unión Editorial\Biblioteca de la Libertad\Debates-economicos-en-tiempos-de-crisis.jpg,,0.9,,,,
no_match,97.8,19.5,DESARROLLO-Y-CALIDAD-DE-VIDA.jpg,DESARROLLO,CARLOS SABINO; Manuel F. Ayau Córdoba,Conceptos avanzados en desarrollo de software libre (Varios).pdf,en desarrollo,Varios,   👀 TEMAS\➕ TEMAS VARIOS\ 🤖 Tecnología\Software Libre\Conceptos avanzados en desarrollo de software libre (Varios).pdf, Unión Editorial\Biblioteca de la Libertad\DESARROLLO-Y-CALIDAD-DE-VIDA.jpg,D:\Documentos\Acracia\Biblioteca Acracia\  😬 Libros FALTANTES\ Unión Editorial\Biblioteca de la Libertad\DESARROLLO-Y-CALIDAD-DE-VIDA.jpg,D:\Documentos\Acracia\Biblioteca Acracia\   👀 TEMAS\➕ TEMAS VARIOS\ 🤖 Tecnología\Software Libre\Conceptos avanzados en desarrollo de software libre (Varios).pdf,0.9,,,,
no_match,85.5,,El liberalismo económico en 10 en principios.jpg,EL LIBERALISMO ECONÓMICO,Iván Carrino; Gloria Álvarez,El_liberalismo_radical_de_Jose_Victorino.pdf,El liberalismo,,      😱 NUEVO 2026\🗓️ 2023-2024\ Nuevo 2023\ Julio-Diciembre\ Noviembre\El_liberalismo_radical_de_Jose_Victorino.pdf, Unión Editorial\Biblioteca de la Libertad\El liberalismo económico en 10 en principios.jpg,D:\Documentos\Acracia\Biblioteca Acracia\  😬 Libros FALTANTES\ Unión Editorial\Biblioteca de la Libertad\El liberalismo económico en 10 en principios.jpg,D:\Documentos\Acracia\Biblioteca Acracia\      😱 NUEVO 2026\🗓️ 2023-2024\ Nuevo 2023\ Julio-Diciembre\ Noviembre\El_liberalismo_radical_de_Jose_Victorino.pdf,0.9,Tullock - Imperialismo Económico.pdf,84.2,,
no_match,0.0,,EL-GENIO-DE-OCCIDENTE.jpg,EL GENIO DE OCCIDENTE,LOUIS ROUGIER; Presentación de F.A. Hayek,,,,, Unión Editorial\Biblioteca de la Libertad\EL-GENIO-DE-OCCIDENTE.jpg,D:\Documentos\Acracia\Biblioteca Acracia\  😬 Libros FALTANTES\ Unión Editorial\Biblioteca de la Libertad\EL-GENIO-DE-OCCIDENTE.jpg,,0.9,,,,
no_match,0.0,,EN DESEQUILIBRIO.jpeg,EN DESEQUILIBRIO,IVO A. SARJANOVIC,,,,, Unión Editorial\Biblioteca de la Libertad\EN DESEQUILIBRIO.jpeg,D:\Documentos\Acracia\Biblioteca Acracia\  😬 Libros FALTANTES\ Unión Editorial\Biblioteca de la Libertad\EN DESEQUILIBRIO.jpeg,,1.0,,,,
no_match,0.0,,LA FIGURA EMPRESARIAL EN EL PENSAMIENTO ECONÓMICO 2A. EDICIÓN.jpg,LA FIGURA EMPRESARIAL EN EL PENSAMIENTO ECONÓMICO,MARÍA CLARA D. PÉREZ VILA,,,,, Unión Editorial\Biblioteca de la Libertad\LA FIGURA EMPRESARIAL EN EL PENSAMIENTO ECONÓMICO 2A. EDICIÓN.jpg,D:\Documentos\Acracia\Biblioteca Acracia\  😬 Libros FALTANTES\ Unión Editorial\Biblioteca de la Libertad\LA FIGURA EMPRESARIAL EN EL PENSAMIENTO ECONÓMICO 2A. EDICIÓN.jpg,,0.9,,,,
no_match,0.0,,La Inteligencia del Dinero.jpg,LA INTELIGENCIA DEL DINERO,ALBERTO MINGARDI,,,,, Unión Editorial\Biblioteca de la Libertad\La Inteligencia del Dinero.jpg,D:\Documentos\Acracia\Biblioteca Acracia\  😬 Libros FALTANTES\ Unión Editorial\Biblioteca de la Libertad\La Inteligencia del Dinero.jpg,,0.9,,,,
no_match,0.0,,La Libre Empresa - Francisco Pérez de Anton.jpg,LA LIBRE EMPRESA,FRANCISCO PÉREZ DE ANTÓN,,,,, Unión Editorial\Biblioteca de la Libertad\La Libre Empresa - Francisco Pérez de Anton.jpg,D:\Documentos\Acracia\Biblioteca Acracia\  😬 Libros FALTANTES\ Unión Editorial\Biblioteca de la Libertad\La Libre Empresa - Francisco Pérez de Anton.jpg,,0.9,,,,
no_match,82.4,27.3,La metodología del análisis económico.jpg,LA METODOLOGÍA DEL ANÁLISIS ECONÓMICO,Julio H. Cole,Schumpeter - Historia del Análisis Económico_.pdf,Historia del Análisis Económico,Schumpeter,      😱 NUEVO 2026\ 🗓️ NUEVO 2025\  📅 MESES 2025\   Marzo\Schumpeter - Historia del Análisis Económico_.pdf, Unión Editorial\Biblioteca de la Libertad\La metodología del análisis económico.jpg,D:\Documentos\Acracia\Biblioteca Acracia\  😬 Libros FALTANTES\ Unión Editorial\Biblioteca de la Libertad\La metodología del análisis económico.jpg,D:\Documentos\Acracia\Biblioteca Acracia\      😱 NUEVO 2026\ 🗓️ NUEVO 2025\  📅 MESES 2025\   Marzo\Schumpeter - Historia del Análisis Económico_.pdf,0.9,,,,
no_match,0.0,,Sentido Liberal - Héctor Ñaupari.jpg,SENTIDO LIBERAL,HÉCTOR NAUPARI,,,,, Unión Editorial\Biblioteca de la Libertad\Sentido Liberal - Héctor Ñaupari.jpg,D:\Documentos\Acracia\Biblioteca Acracia\  😬 Libros FALTANTES\ Unión Editorial\Biblioteca de la Libertad\Sentido Liberal - Héctor Ñaupari.jpg,,0.9,,,,
no_match,0.0,,_ensayos-de-teoria-economica-volumen-i.jpg,Ensayos de teoría económica,Eugen von Böhm-Bawerk,,,,, Unión Editorial\Clásicos de la Libertad\_ensayos-de-teoria-economica-volumen-i.jpg,D:\Documentos\Acracia\Biblioteca Acracia\  😬 Libros FALTANTES\ Unión Editorial\Clásicos de la Libertad\_ensayos-de-teoria-economica-volumen-i.jpg,,0.9,,,,
no_match,0.0,,Guia-de-la-Libertad-para-principiantes.jpg,GUÍA DE LA LIBERTAD PARA PRINCIPIANTES,RICHARD WELLINGS (Ed.),,,,, Unión Editorial\Colección Avance\Guia-de-la-Libertad-para-principiantes.jpg,D:\Documentos\Acracia\Biblioteca Acracia\  😬 Libros FALTANTES\ Unión Editorial\Colección Avance\Guia-de-la-Libertad-para-principiantes.jpg,,0.9,,,,
no_match,0.0,,71RQGIcbh-L._SY466_.jpg,LA DEMOCRACIA INDIVIDUALISTA,YVES GUYOT,,,,, Unión Editorial\Colección La Antorcha\71RQGIcbh-L._SY466_.jpg,D:\Documentos\Acracia\Biblioteca Acracia\  😬 Libros FALTANTES\ Unión Editorial\Colección La Antorcha\71RQGIcbh-L._SY466_.jpg,,0.9,,,,
no_match,0.0,,como-se-razona-en-filosofia.jpg,CÓMO SE RAZONA EN FILOSOFÍA,DARIO ANTISERI,,,,, Unión Editorial\Colección La Antorcha\como-se-razona-en-filosofia.jpg,D:\Documentos\Acracia\Biblioteca Acracia\  😬 Libros FALTANTES\ Unión Editorial\Colección La Antorcha\como-se-razona-en-filosofia.jpg,,0.9,,,,
no_match,86.2,19.0,El-amanecer-de-la-libertad.jpg,EL AMANECER DE LA LIBERTAD,CARLOS SABINO,MacGyver - El Amanecer de la Libertad_ La Sociedad Post-Estatista.pdf,El Amanecer de la Libertad_ La Sociedad Post-Estatista,MacGyver,     ✍️ EDITORIAL Acraci\👥 Comunidad\MacGyver - El Amanecer de la Libertad_ La Sociedad Post-Estatista.pdf, Unión Editorial\Colección La Antorcha\El-amanecer-de-la-libertad.jpg,D:\Documentos\Acracia\Biblioteca Acracia\  😬 Libros FALTANTES\ Unión Editorial\Colección La Antorcha\El-amanecer-de-la-libertad.jpg,D:\Documentos\Acracia\Biblioteca Acracia\     ✍️ EDITORIAL Acraci\👥 Comunidad\MacGyver - El Amanecer de la Libertad_ La Sociedad Post-Estatista.pdf,0.9,,,,
no_match,83.1,,EL-ESTADO-MODERNO-2.jpg,EL ESTADO MODERNO,Nicola Matteucci,El Estado en El Tercer Milenio.pdf,El Estado,,   👀 TEMAS\ 🏰 HISTORIA\Países\🇱🇮 Liechtenstein\El Estado en El Tercer Milenio.pdf, Unión Editorial\Colección La Antorcha\EL-ESTADO-MODERNO-2.jpg,D:\Documentos\Acracia\Biblioteca Acracia\  😬 Libros FALTANTES\ Unión Editorial\Colección La Antorcha\EL-ESTADO-MODERNO-2.jpg,D:\Documentos\Acracia\Biblioteca Acracia\   👀 TEMAS\ 🏰 HISTORIA\Países\🇱🇮 Liechtenstein\El Estado en El Tercer Milenio.pdf,0.9,Jasay - El Estado La Logica del Poder Politico.pdf,83.1,,
no_match,0.0,,lecciones-de-historia-del-pensamiento-politico-volumen-ii.jpg,Lecciones de historia del pensamiento político,MICHAEL OAKESHOTT; Francisco Javier López Atanes,,,,, Unión Editorial\Colección La Antorcha\lecciones-de-historia-del-pensamiento-politico-volumen-ii.jpg,D:\Documentos\Acracia\Biblioteca Acracia\  😬 Libros FALTANTES\ Unión Editorial\Colección La Antorcha\lecciones-de-historia-del-pensamiento-politico-volumen-ii.jpg,,0.9,,,,
no_match,0.0,,leo-strauss-sobre-cristianismo-liberalismo-y-economia-1.jpg,"Leo Strauss sobre Cristianismo, Liberalismo y Economía",Raimondo Cubeddu,,,,, Unión Editorial\Colección La Antorcha\leo-strauss-sobre-cristianismo-liberalismo-y-economia-1.jpg,D:\Documentos\Acracia\Biblioteca Acracia\  😬 Libros FALTANTES\ Unión Editorial\Colección La Antorcha\leo-strauss-sobre-cristianismo-liberalismo-y-economia-1.jpg,,0.9,,,,
no_match,0.0,,Organizaciones.jpg,ORGANIZACIONES,ANTONIO COCOZZA,,,,, Unión Editorial\Colección La Antorcha\Organizaciones.jpg,D:\Documentos\Acracia\Biblioteca Acracia\  😬 Libros FALTANTES\ Unión Editorial\Colección La Antorcha\Organizaciones.jpg,,0.9,,,,
review,85.8,100.0,TURGOT.jpg,"Turgot, el último ilustrado",Paloma de la Nuez,"Turgot, el ultimo ilustrado - Paloma de la Nuez.pdf","Turgot, el último ilustrado (La Antorcha) (Spanish Edition)",Paloma de la Nuez,"      😱 NUEVO 2026\🗓️ 2023-2024\ Nuevo 2023\Enero-Junio\Febrero\Turgot, el ultimo ilustrado - Paloma de la Nuez.pdf", Unión Editorial\Colección La Antorcha\TURGOT.jpg,D:\Documentos\Acracia\Biblioteca Acracia\  😬 Libros FALTANTES\ Unión Editorial\Colección La Antorcha\TURGOT.jpg,"D:\Documentos\Acracia\Biblioteca Acracia\      😱 NUEVO 2026\🗓️ 2023-2024\ Nuevo 2023\Enero-Junio\Febrero\Turgot, el ultimo ilustrado - Paloma de la Nuez.pdf",0.9,,,,
no_match,0.0,,CREADORES-DE-RIQUEZA.jpg,Creadores de riqueza,Alejandro Gómez,,,,, Unión Editorial\CREADORES-DE-RIQUEZA.jpg,D:\Documentos\Acracia\Biblioteca Acracia\  😬 Libros FALTANTES\ Unión Editorial\CREADORES-DE-RIQUEZA.jpg,,0.9,,,,
no_match,0.0,,51S2+DcRxFL._SY466_.jpg,África es así,José-Ramón Ferrandis Muñoz,,,,, Unión Editorial\Cristianismo y Economía de Mercado\51S2+DcRxFL._SY466_.jpg,D:\Documentos\Acracia\Biblioteca Acracia\  😬 Libros FALTANTES\ Unión Editorial\Cristianismo y Economía de Mercado\51S2+DcRxFL._SY466_.jpg,,0.9,,,,
no_match,0.0,,CRIMEN DE ESTADO.jpg,CRIMEN DE ESTADO,JOSÉ-RAMÓN FERRANDIS MUÑOZ,,,,, Unión Editorial\Cristianismo y Economía de Mercado\CRIMEN DE ESTADO.jpg,D:\Documentos\Acracia\Biblioteca Acracia\  😬 Libros FALTANTES\ Unión Editorial\Cristianismo y Economía de Mercado\CRIMEN DE ESTADO.jpg,,0.9,,,,
no_match,0.0,,Globalización y generación de riqueza.png,GLOBALIZACIÓN Y GENERACIÓN DE RIQUEZA,JOSÉ-RAMÓN FERRANDIS MUÑOZ,,,,, Unión Editorial\Cristianismo y Economía de Mercado\Globalización y generación de riqueza.png,D:\Documentos\Acracia\Biblioteca Acracia\  😬 Libros FALTANTES\ Unión Editorial\Cristianismo y Economía de Mercado\Globalización y generación de riqueza.png,,0.9,,,,
no_match,0.0,,Los Ricos ante la Opinión Pública - Rainer Zitelmann.jpg,LOS RICOS ANTE LA OPINIÓN PÚBLICA,Rainer Zitelmann,,,,, Unión Editorial\Cristianismo y Economía de Mercado\Los Ricos ante la Opinión Pública - Rainer Zitelmann.jpg,D:\Documentos\Acracia\Biblioteca Acracia\  😬 Libros FALTANTES\ Unión Editorial\Cristianismo y Economía de Mercado\Los Ricos ante la Opinión Pública - Rainer Zitelmann.jpg,,0.9,,,,
no_match,0.0,,Un-liberal-cristiano.jpg,UN LIBERAL CRISTIANO,RAFAEL TERMES,,,,, Unión Editorial\Cristianismo y Economía de Mercado\Un-liberal-cristiano.jpg,D:\Documentos\Acracia\Biblioteca Acracia\  😬 Libros FALTANTES\ Unión Editorial\Cristianismo y Economía de Mercado\Un-liberal-cristiano.jpg,,0.9,,,,
no_match,0.0,,EL MISTERIO DEL DINERO.jpeg,El misterio del dinero,José Antonio de Aguirre,,,,, Unión Editorial\Cuadernos Liberales\EL MISTERIO DEL DINERO.jpeg,D:\Documentos\Acracia\Biblioteca Acracia\  😬 Libros FALTANTES\ Unión Editorial\Cuadernos Liberales\EL MISTERIO DEL DINERO.jpeg,,0.9,,,,
no_match,0.0,,EL PAPA FRANCISCO. LA SOCIEDAD ABIERTA Y LA DOCTRINA SOCIAL DE LA IGLESIA.jpg,"EL PAPA FRANCISCO, LA SOCIEDAD ABIERTA Y LA DOCTRINA SOCIAL DE LA IGLESIA",Lorenzo Infantino,,,,, Unión Editorial\Cuadernos Liberales\EL PAPA FRANCISCO. LA SOCIEDAD ABIERTA Y LA DOCTRINA SOCIAL DE LA IGLESIA.jpg,D:\Documentos\Acracia\Biblioteca Acracia\  😬 Libros FALTANTES\ Unión Editorial\Cuadernos Liberales\EL PAPA FRANCISCO. LA SOCIEDAD ABIERTA Y LA DOCTRINA SOCIAL DE LA IGLESIA.jpg,,0.9,,,,
no_match,0.0,,Espana-y-la-decada-perdida.jpg,España,José Antonio de Aguirre,,,,, Unión Editorial\Cuadernos Liberales\Espana-y-la-decada-perdida.jpg,D:\Documentos\Acracia\Biblioteca Acracia\  😬 Libros FALTANTES\ Unión Editorial\Cuadernos Liberales\Espana-y-la-decada-perdida.jpg,,0.9,,,,
no_match,0.0,,LA UNIÓN EUROPEA EN LA ENCRUCIJADA.jpg,La Unión Europea en la encrucijada,Juergen B. Donges,,,,, Unión Editorial\Cuadernos Liberales\LA UNIÓN EUROPEA EN LA ENCRUCIJADA.jpg,D:\Documentos\Acracia\Biblioteca Acracia\  😬 Libros FALTANTES\ Unión Editorial\Cuadernos Liberales\LA UNIÓN EUROPEA EN LA ENCRUCIJADA.jpg,,0.9,,,,
no_match,0.0,,La-batalla-contra-la-pobreza-y-la-desigualdad.jpg,LA BATALLA CONTRA LA POBREZA Y LA DESIGUALDAD,José Antonio de Aguirre,,,,, Unión Editorial\Cuadernos Liberales\La-batalla-contra-la-pobreza-y-la-desigualdad.jpg,D:\Documentos\Acracia\Biblioteca Acracia\  😬 Libros FALTANTES\ Unión Editorial\Cuadernos Liberales\La-batalla-contra-la-pobreza-y-la-desigualdad.jpg,,0.9,,,,
no_match,80.3,,La-Escuela-Austriaca-en-los-negocios.jpg,LA ESCUELA AUSTRIACA EN LOS NEGOCIOS,Alberto Benegas Lynch (h); Adrián Ravier,Escuela Austriaca.pdf,Escuela austriaca,,   👀 TEMAS\   💱 ECONOMÍA\ 📚 Escuelas\ Escuela Austriaca\Artículos\Escuela Austriaca.pdf, Unión Editorial\Cuadernos Liberales\La-Escuela-Austriaca-en-los-negocios.jpg,D:\Documentos\Acracia\Biblioteca Acracia\  😬 Libros FALTANTES\ Unión Editorial\Cuadernos Liberales\La-Escuela-Austriaca-en-los-negocios.jpg,D:\Documentos\Acracia\Biblioteca Acracia\   👀 TEMAS\   💱 ECONOMÍA\ 📚 Escuelas\ Escuela Austriaca\Artículos\Escuela Austriaca.pdf,0.9, Huerta - La Escuela Austríaca Mercado y creatividad empresarial.pdf,84.3,,
no_match,0.0,,La-revolucion-capitalista-de-China.jpg,La revolución capitalista de China,José Antonio de Aguirre,,,,, Unión Editorial\Cuadernos Liberales\La-revolucion-capitalista-de-China.jpg,D:\Documentos\Acracia\Biblioteca Acracia\  😬 Libros FALTANTES\ Unión Editorial\Cuadernos Liberales\La-revolucion-capitalista-de-China.jpg,,0.9,,,,
no_match,0.0,,sxhfdxh.jpg,Cinco manifiestos liberales,José María Méndez,,,,, Unión Editorial\Cuadernos Liberales\sxhfdxh.jpg,D:\Documentos\Acracia\Biblioteca Acracia\  😬 Libros FALTANTES\ Unión Editorial\Cuadernos Liberales\sxhfdxh.jpg,,0.9,,,,
no_match,0.0,,¿ES LA INFLACIÓN LA PRÓXIMA AMENAZA_.jpg,¿Es la inflación la próxima amenaza?,Juan Castañeda Fernández; Tim Congdon,,,,, Unión Editorial\Cuadernos Liberales\¿ES LA INFLACIÓN LA PRÓXIMA AMENAZA_.jpg,D:\Documentos\Acracia\Biblioteca Acracia\  😬 Libros FALTANTES\ Unión Editorial\Cuadernos Liberales\¿ES LA INFLACIÓN LA PRÓXIMA AMENAZA_.jpg,,0.9,,,,
no_match,100.0,50.0,_ Individuo y Sociedad - Ricardo M. Rojas.jpg,INDIVIDUO Y SOCIEDAD,RICARDO M. ROJAS,Rojas - Individuo y Sociedad.pdf,Individuo y sociedad.,Rojas,   👀 TEMAS\ 👥 SOCIEDAD\Rojas - Individuo y Sociedad.pdf, Unión Editorial\Derecho y Libertad\_ Individuo y Sociedad - Ricardo M. Rojas.jpg,D:\Documentos\Acracia\Biblioteca Acracia\  😬 Libros FALTANTES\ Unión Editorial\Derecho y Libertad\_ Individuo y Sociedad - Ricardo M. Rojas.jpg,D:\Documentos\Acracia\Biblioteca Acracia\   👀 TEMAS\ 👥 SOCIEDAD\Rojas - Individuo y Sociedad.pdf,0.9,,,,
no_match,0.0,,JUSTICIA A LA VENTA DESCUBRE EL PRECIO DE LA CORRUPCIÓN.jpg,JUSTICIA A LA VENTA,PABLO SÁNCHEZ NASSIF,,,,, Unión Editorial\Derecho y Libertad\JUSTICIA A LA VENTA DESCUBRE EL PRECIO DE LA CORRUPCIÓN.jpg,D:\Documentos\Acracia\Biblioteca Acracia\  😬 Libros FALTANTES\ Unión Editorial\Derecho y Libertad\JUSTICIA A LA VENTA DESCUBRE EL PRECIO DE LA CORRUPCIÓN.jpg,,0.9,,,,
no_match,0.0,,LA SUPRESIÓN DE LA PROPIEDAD COMO CRIMEN DE LESA HUMANIDAD. EL CASO VENEZUELA.jpg,LA SUPRESIÓN DE LA PROPIEDAD COMO CRIMEN DE LESA HUMANIDAD,RICARDO M. ROJAS; ANDREA RONDÓN GARCÍA,,,,, Unión Editorial\Derecho y Libertad\LA SUPRESIÓN DE LA PROPIEDAD COMO CRIMEN DE LESA HUMANIDAD. EL CASO VENEZUELA.jpg,D:\Documentos\Acracia\Biblioteca Acracia\  😬 Libros FALTANTES\ Unión Editorial\Derecho y Libertad\LA SUPRESIÓN DE LA PROPIEDAD COMO CRIMEN DE LESA HUMANIDAD. EL CASO VENEZUELA.jpg,,0.9,,,,
no_match,0.0,,la-decision-judicial-y-la-certidumbre-juridica.jpg,LA DECISIÓN JUDICIAL Y LA CERTIDUMBRE JURÍDICA,RICARDO MANUEL ROJAS,,,,, Unión Editorial\Derecho y Libertad\la-decision-judicial-y-la-certidumbre-juridica.jpg,D:\Documentos\Acracia\Biblioteca Acracia\  😬 Libros FALTANTES\ Unión Editorial\Derecho y Libertad\la-decision-judicial-y-la-certidumbre-juridica.jpg,,1.0,,,,
no_match,0.0,,EL-PODER-FISCAL.jpg,El poder fiscal,Geoffrey Brennan; James M. Buchanan,,,,, Unión Editorial\EL-PODER-FISCAL.jpg,D:\Documentos\Acracia\Biblioteca Acracia\  😬 Libros FALTANTES\ Unión Editorial\EL-PODER-FISCAL.jpg,,1.0,,,,
no_match,0.0,,EMPRESAS-FAMILIARES.jpg,EMPRESAS FAMILIARES: LA PROFESIONALIZACIÓN DE LOS CONSEJEROS DE FAMILIA,FERNANDO NOGALES LOZANO,,,,, Unión Editorial\Empresa Familiar\EMPRESAS-FAMILIARES.jpg,D:\Documentos\Acracia\Biblioteca Acracia\  😬 Libros FALTANTES\ Unión Editorial\Empresa Familiar\EMPRESAS-FAMILIARES.jpg,,1.0,,,,
no_match,0.0,,la-educacion-econommica-de-las-empresas-familiars1-95c3.png,LA EDUCACIÓN ECONÓMICA DE LAS EMPRESAS FAMILIARES,FERNANDO NOGALES LOZANO,,,,, Unión Editorial\Empresa Familiar\la-educacion-econommica-de-las-empresas-familiars1-95c3.png,D:\Documentos\Acracia\Biblioteca Acracia\  😬 Libros FALTANTES\ Unión Editorial\Empresa Familiar\la-educacion-econommica-de-las-empresas-familiars1-95c3.png,,0.9,,,,
no_match,0.0,,la-importancia-del-empresario-familiar-en-la-riqueza-de.png,LA IMPORTANCIA DEL EMPRESARIO FAMILIAR EN LA RIQUEZA DE LOS PAÍSES,FERNANDO NOGALES LOZANO (Coordinador),,,,, Unión Editorial\Empresa Familiar\la-importancia-del-empresario-familiar-en-la-riqueza-de.png,D:\Documentos\Acracia\Biblioteca Acracia\  😬 Libros FALTANTES\ Unión Editorial\Empresa Familiar\la-importancia-del-empresario-familiar-en-la-riqueza-de.png,,0.9,,,,
no_match,0.0,,Lecturas-para-una-teoria-economica.jpg,Teoría económica de la empresa,ADRIÁN O. RAVIER; LEONARDO RAVIER,,,,, Unión Editorial\Empresa Familiar\Lecturas-para-una-teoria-economica.jpg,D:\Documentos\Acracia\Biblioteca Acracia\  😬 Libros FALTANTES\ Unión Editorial\Empresa Familiar\Lecturas-para-una-teoria-economica.jpg,,0.9,,,,
no_match,0.0,,Teoría económica de la empresa.jpg,Teoría económica de la empresa,Adrián O. Ravier; Leonardo Ravier,,,,, Unión Editorial\Empresa Familiar\Teoría económica de la empresa.jpg,D:\Documentos\Acracia\Biblioteca Acracia\  😬 Libros FALTANTES\ Unión Editorial\Empresa Familiar\Teoría económica de la empresa.jpg,,0.9,,,,
no_match,0.0,,filosofixxa-para-filoxxsofos.jpg,Filosofía para filósofos,Gabriel J. Zanotti,,,,, Unión Editorial\filosofixxa-para-filoxxsofos.jpg,D:\Documentos\Acracia\Biblioteca Acracia\  😬 Libros FALTANTES\ Unión Editorial\filosofixxa-para-filoxxsofos.jpg,,0.9,,,,
no_match,0.0,,IMG_20250415_154341.jpg,LA MÁQUINA FINANCIERA DEL EXPOLIO,Vicente Moreno; Alberto Romero,,,,, Unión Editorial\IMG_20250415_154341.jpg,D:\Documentos\Acracia\Biblioteca Acracia\  😬 Libros FALTANTES\ Unión Editorial\IMG_20250415_154341.jpg,,0.9,,,,
no_match,0.0,,IMG_20250416_162447.jpg,FUNDAMENTOS DE LA BANCA CENTRAL Y DE LA LIBERTAD BANCARIA,VERA C. SMITH,,,,, Unión Editorial\IMG_20250416_162447.jpg,D:\Documentos\Acracia\Biblioteca Acracia\  😬 Libros FALTANTES\ Unión Editorial\IMG_20250416_162447.jpg,,0.9,,,,
no_match,0.0,,La sabiduría de Henry Hazlitt.jpg,La sabiduría de,Henry Hazlitt,,,,, Unión Editorial\La sabiduría de Henry Hazlitt.jpg,D:\Documentos\Acracia\Biblioteca Acracia\  😬 Libros FALTANTES\ Unión Editorial\La sabiduría de Henry Hazlitt.jpg,,0.9,,,,
no_match,0.0,,La-familia-en-la-actualidad-1.jpg,"LA FAMILIA EN LA ACTUALIDAD, PROFECÍA DE UNA NUEVA HUMANIDAD",JUAN JOSÉ PÉREZ-SOBA DIEZ DEL CORRAL,,,,, Unión Editorial\La-familia-en-la-actualidad-1.jpg,D:\Documentos\Acracia\Biblioteca Acracia\  😬 Libros FALTANTES\ Unión Editorial\La-familia-en-la-actualidad-1.jpg,,0.9,,,,
no_match,0.0,,la-libertad-de-emision-del-dinero-bancario.jpg,LA LIBERTAD DE EMISIÓN DEL DINERO BANCARIO,GEORGE A. SELGIN,,,,, Unión Editorial\la-libertad-de-emision-del-dinero-bancario.jpg,D:\Documentos\Acracia\Biblioteca Acracia\  😬 Libros FALTANTES\ Unión Editorial\la-libertad-de-emision-del-dinero-bancario.jpg,,0.9,,,,
no_match,0.0,,la-teoria-austriaca-del-valor-el-capital-y-el-interes.jpg,"LA TEORÍA AUSTRIACA DEL VALOR, EL CAPITAL Y EL INTERÉS",Klaus H. Hennings,,,,, Unión Editorial\la-teoria-austriaca-del-valor-el-capital-y-el-interes.jpg,D:\Documentos\Acracia\Biblioteca Acracia\  😬 Libros FALTANTES\ Unión Editorial\la-teoria-austriaca-del-valor-el-capital-y-el-interes.jpg,,0.9,,,,
auto,100.0,,Adam-Smith-Resumido.jpg,Adam Smith: La riqueza de las naciones y La teoría de los sentimientos morales,Eamonn Butler, Adam Smith_ La riqueza de las naciones y la teoría de los sentimientos morales.pdf,Adam Smith_ La riqueza de las naciones y la teoría de los sentimientos morales,,      😱 NUEVO 2026\ 🗓️ NUEVO 2025\  📅 MESES 2025\Agosto\ Adam Smith_ La riqueza de las naciones y la teoría de los sentimientos morales.pdf, Unión Editorial\Laissez-Faire\Adam-Smith-Resumido.jpg,D:\Documentos\Acracia\Biblioteca Acracia\  😬 Libros FALTANTES\ Unión Editorial\Laissez-Faire\Adam-Smith-Resumido.jpg,D:\Documentos\Acracia\Biblioteca Acracia\      😱 NUEVO 2026\ 🗓️ NUEVO 2025\  📅 MESES 2025\Agosto\ Adam Smith_ La riqueza de las naciones y la teoría de los sentimientos morales.pdf,0.9,,,,
no_match,0.0,,El-rostro-humano-del-capitalismo-global.jpg,EL ROSTRO HUMANO DEL CAPITALISMO GLOBAL,Adrián O. Ravier,,,,, Unión Editorial\Laissez-Faire\El-rostro-humano-del-capitalismo-global.jpg,D:\Documentos\Acracia\Biblioteca Acracia\  😬 Libros FALTANTES\ Unión Editorial\Laissez-Faire\El-rostro-humano-del-capitalismo-global.jpg,,0.9,,,,
no_match,0.0,,La-amenaza-de-huelga.jpg,LA AMENAZA DE HUELGA,William H. Hutt,,,,, Unión Editorial\Laissez-Faire\La-amenaza-de-huelga.jpg,D:\Documentos\Acracia\Biblioteca Acracia\  😬 Libros FALTANTES\ Unión Editorial\Laissez-Faire\La-amenaza-de-huelga.jpg,,0.9,,,,
no_match,0.0,,la-contratacion-colectiva.jpg,LA CONTRATACIÓN COLECTIVA,William H. Hutt; Juan Pablo Maldonado Moreno,,,,, Unión Editorial\Laissez-Faire\la-contratacion-colectiva.jpg,D:\Documentos\Acracia\Biblioteca Acracia\  😬 Libros FALTANTES\ Unión Editorial\Laissez-Faire\la-contratacion-colectiva.jpg,,0.9,,,,
no_match,0.0,,PRINCIPIOS-LIBERALES.jpg,PRINCIPIOS LIBERALES,Dario Antiseri,,,,, Unión Editorial\Laissez-Faire\PRINCIPIOS-LIBERALES.jpg,D:\Documentos\Acracia\Biblioteca Acracia\  😬 Libros FALTANTES\ Unión Editorial\Laissez-Faire\PRINCIPIOS-LIBERALES.jpg,,0.9,,,,
no_match,0.0,,lecciones-breves-de-una-crisis-economica-2007-2014.jpg,Lecciones breves de una crisis económica,José Antonio de Aguirre,,,,, Unión Editorial\lecciones-breves-de-una-crisis-economica-2007-2014.jpg,D:\Documentos\Acracia\Biblioteca Acracia\  😬 Libros FALTANTES\ Unión Editorial\lecciones-breves-de-una-crisis-economica-2007-2014.jpg,,0.9,,,,
no_match,0.0,,Bienestar-para-todos.jpg,Bienestar para todos,Ludwig Erhard; Enrique Tierno Galván,,,,, Unión Editorial\Monografías\Bienestar-para-todos.jpg,D:\Documentos\Acracia\Biblioteca Acracia\  😬 Libros FALTANTES\ Unión Editorial\Monografías\Bienestar-para-todos.jpg,,0.9,,,,
no_match,0.0,,Cartas-de-un-culpable-liberal.jpg,Cartas de un «culpable» liberal,Álvaro Lodares Pérez; Bernardo Rabassa,,,,, Unión Editorial\Monografías\Cartas-de-un-culpable-liberal.jpg,D:\Documentos\Acracia\Biblioteca Acracia\  😬 Libros FALTANTES\ Unión Editorial\Monografías\Cartas-de-un-culpable-liberal.jpg,,0.9,,,,
no_match,0.0,,CONTRA-EL-INTERVENCIONISMO.jpg,Contra el intervencionismo,Álvaro Lodares Pérez,,,,, Unión Editorial\Monografías\CONTRA-EL-INTERVENCIONISMO.jpg,D:\Documentos\Acracia\Biblioteca Acracia\  😬 Libros FALTANTES\ Unión Editorial\Monografías\CONTRA-EL-INTERVENCIONISMO.jpg,,0.9,,,,
no_match,80.2,29.6,Desde-la-Libertad.jpg,Desde la Libertad,Álvaro Lodares Pérez,Capella - Libertad.pdf,Libertad,Capella,   👀 TEMAS\    💛 LIBERTAD\Capella - Libertad.pdf, Unión Editorial\Monografías\Desde-la-Libertad.jpg,D:\Documentos\Acracia\Biblioteca Acracia\  😬 Libros FALTANTES\ Unión Editorial\Monografías\Desde-la-Libertad.jpg,D:\Documentos\Acracia\Biblioteca Acracia\   👀 TEMAS\    💛 LIBERTAD\Capella - Libertad.pdf,0.9,,,,
no_match,0.0,,Escritos-liberales.jpg,Escritos liberales,Álvaro Ladares Pérez,,,,, Unión Editorial\Monografías\Escritos-liberales.jpg,D:\Documentos\Acracia\Biblioteca Acracia\  😬 Libros FALTANTES\ Unión Editorial\Monografías\Escritos-liberales.jpg,,0.9,,,,
no_match,100.0,30.0,etica-clasicos.jpg,ÉTICA,LEONARDO POLO, Capella - Ética.pdf,Ética,Capella,   👀 TEMAS\    💛 LIBERTAD\⚖️ Ética y Moral\ Capella - Ética.pdf, Unión Editorial\Monografías\etica-clasicos.jpg,D:\Documentos\Acracia\Biblioteca Acracia\  😬 Libros FALTANTES\ Unión Editorial\Monografías\etica-clasicos.jpg,D:\Documentos\Acracia\Biblioteca Acracia\   👀 TEMAS\    💛 LIBERTAD\⚖️ Ética y Moral\ Capella - Ética.pdf,0.9,,,,
no_match,87.2,0.0,etica-economica.jpg,Ética económica,Arthur F. Utz,Mises - Política Económica_ Seis Lecciones sobre el Capitalismo.pdf,POLITICA ECONOMICA,Mises,   👀 TEMAS\   💱 ECONOMÍA\  😃 Economía Inicial\Mises - Política Económica_ Seis Lecciones sobre el Capitalismo.pdf, Unión Editorial\Monografías\etica-economica.jpg,D:\Documentos\Acracia\Biblioteca Acracia\  😬 Libros FALTANTES\ Unión Editorial\Monografías\etica-economica.jpg,D:\Documentos\Acracia\Biblioteca Acracia\   👀 TEMAS\   💱 ECONOMÍA\  😃 Economía Inicial\Mises - Política Económica_ Seis Lecciones sobre el Capitalismo.pdf,0.9,,,,
no_match,0.0,,JUSTICIA A LA VENTA DESCUBRE EL PRECIO DE LA CORRUPCIÓN.jpg,Nación y nacionalismos,JOAN COSTA BOU,,,,, Unión Editorial\Monografías\JUSTICIA A LA VENTA DESCUBRE EL PRECIO DE LA CORRUPCIÓN.jpg,D:\Documentos\Acracia\Biblioteca Acracia\  😬 Libros FALTANTES\ Unión Editorial\Monografías\JUSTICIA A LA VENTA DESCUBRE EL PRECIO DE LA CORRUPCIÓN.jpg,,0.9,,,,
no_match,81.0,27.0,POBREZA-Y-MERCADO.jpg,Pobreza y mercado,Álvaro Lodares Pérez, Rothbard - Poder y Mercado.pdf,Poder y mercado,Murray N. Rothbard,    🤓 AUTORES\   CATEGORÍAS\  🌗 Ancaps-Voluntaristas\  Murray Rothbard\ Rothbard - Poder y Mercado.pdf, Unión Editorial\Monografías\POBREZA-Y-MERCADO.jpg,D:\Documentos\Acracia\Biblioteca Acracia\  😬 Libros FALTANTES\ Unión Editorial\Monografías\POBREZA-Y-MERCADO.jpg,D:\Documentos\Acracia\Biblioteca Acracia\    🤓 AUTORES\   CATEGORÍAS\  🌗 Ancaps-Voluntaristas\  Murray Rothbard\ Rothbard - Poder y Mercado.pdf,0.9,,,,
no_match,0.0,,61tJ6cfLDyL._SY466_.jpg,LA ECONOMÍA Y EL BIENESTAR PÚBLICO,BENJAMIN M. ANDERSON,,,,, Unión Editorial\Nueva Biblioteca de la Libertad\61tJ6cfLDyL._SY466_.jpg,D:\Documentos\Acracia\Biblioteca Acracia\  😬 Libros FALTANTES\ Unión Editorial\Nueva Biblioteca de la Libertad\61tJ6cfLDyL._SY466_.jpg,,0.9,,,,
no_match,0.0,,_EL-VERDADERO-LINCOLN.jpg,EL VERDADERO LINCOLN,THOMAS J. DILORENZO,,,,, Unión Editorial\Nueva Biblioteca de la Libertad\_EL-VERDADERO-LINCOLN.jpg,D:\Documentos\Acracia\Biblioteca Acracia\  😬 Libros FALTANTES\ Unión Editorial\Nueva Biblioteca de la Libertad\_EL-VERDADERO-LINCOLN.jpg,,0.9,,,,
no_match,95.5,,_La Educación y el Estado - E.G. West.jpg,LA EDUCACIÓN Y EL ESTADO,E. G. WEST,Reseña de La Educación y El estado de E.G. West - Óscar Timón.pdf,RESEÑA DE LA EDUCACIÓN Y EL ESTADO,,   👀 TEMAS\➕ TEMAS VARIOS\  🏫 Educación\Artículos\Reseña de La Educación y El estado de E.G. West - Óscar Timón.pdf, Unión Editorial\Nueva Biblioteca de la Libertad\_La Educación y el Estado - E.G. West.jpg,D:\Documentos\Acracia\Biblioteca Acracia\  😬 Libros FALTANTES\ Unión Editorial\Nueva Biblioteca de la Libertad\_La Educación y el Estado - E.G. West.jpg,D:\Documentos\Acracia\Biblioteca Acracia\   👀 TEMAS\➕ TEMAS VARIOS\  🏫 Educación\Artículos\Reseña de La Educación y El estado de E.G. West - Óscar Timón.pdf,0.9,,,,
no_match,0.0,,_La soberanía del individuo - Pierre Lemieux.jpg,LA SOBERANÍA DEL INDIVIDUO,PIERRE LEMIEUX,,,,, Unión Editorial\Nueva Biblioteca de la Libertad\_La soberanía del individuo - Pierre Lemieux.jpg,D:\Documentos\Acracia\Biblioteca Acracia\  😬 Libros FALTANTES\ Unión Editorial\Nueva Biblioteca de la Libertad\_La soberanía del individuo - Pierre Lemieux.jpg,,0.9,,,,
no_match,0.0,,_maxxs-allaxx-de-la-oferta-y-la-demanda.jpg,Más allá de la oferta y la demanda,Wilhelm Röpke,,,,, Unión Editorial\Nueva Biblioteca de la Libertad\_maxxs-allaxx-de-la-oferta-y-la-demanda.jpg,D:\Documentos\Acracia\Biblioteca Acracia\  😬 Libros FALTANTES\ Unión Editorial\Nueva Biblioteca de la Libertad\_maxxs-allaxx-de-la-oferta-y-la-demanda.jpg,,0.9,,,,
no_match,0.0,,CONDUCTA-HUMANA-Y-SOCIEDAD-CIVIL.jpg,CONDUCTA HUMANA Y SOCIEDAD CIVIL,FRANCISCO JAVIER LÓPEZ ATANES,,,,, Unión Editorial\Nueva Biblioteca de la Libertad\CONDUCTA-HUMANA-Y-SOCIEDAD-CIVIL.jpg,D:\Documentos\Acracia\Biblioteca Acracia\  😬 Libros FALTANTES\ Unión Editorial\Nueva Biblioteca de la Libertad\CONDUCTA-HUMANA-Y-SOCIEDAD-CIVIL.jpg,,0.9,,,,
no_match,0.0,,EL DESAFÍO DE HAYEK.jpg,El desafío de Hayek,Bruce Caldwell,,,,, Unión Editorial\Nueva Biblioteca de la Libertad\EL DESAFÍO DE HAYEK.jpg,D:\Documentos\Acracia\Biblioteca Acracia\  😬 Libros FALTANTES\ Unión Editorial\Nueva Biblioteca de la Libertad\EL DESAFÍO DE HAYEK.jpg,,0.9,,,,
no_match,0.0,,EL-IDEAL-CULTURAL-DEL-LIBERALISMO.jpg,EL IDEAL CULTURAL DEL LIBERALISMO,Andreas A. Böhmler,,,,, Unión Editorial\Nueva Biblioteca de la Libertad\EL-IDEAL-CULTURAL-DEL-LIBERALISMO.jpg,D:\Documentos\Acracia\Biblioteca Acracia\  😬 Libros FALTANTES\ Unión Editorial\Nueva Biblioteca de la Libertad\EL-IDEAL-CULTURAL-DEL-LIBERALISMO.jpg,,0.9,,,,
no_match,0.0,,EL-NEW-DEAL-DEL-COMERCIO-GLOBAL.jpg,EL NEW DEAL DEL COMERCIO GLOBAL,APARICIO CAICEDO,,,,, Unión Editorial\Nueva Biblioteca de la Libertad\EL-NEW-DEAL-DEL-COMERCIO-GLOBAL.jpg,D:\Documentos\Acracia\Biblioteca Acracia\  😬 Libros FALTANTES\ Unión Editorial\Nueva Biblioteca de la Libertad\EL-NEW-DEAL-DEL-COMERCIO-GLOBAL.jpg,,0.9,,,,
no_match,0.0,,"Escuela Austríaca en los Negocios_ Teoría del Caos, Pensa, Pensatiemo no Lineal y la Perspectiva Ética.png","ESCUELA AUSTRÍACA EN LOS NEGOCIOS: TEORÍA DEL CAOS, PENSAMIENTO NO LINEAL Y LA PERSPECTIVA ÉTICA",Alberto Benegas Lynch (h); Adrián Ravier,,,,," Unión Editorial\Nueva Biblioteca de la Libertad\Escuela Austríaca en los Negocios_ Teoría del Caos, Pensa, Pensatiemo no Lineal y la Perspectiva Ética.png","D:\Documentos\Acracia\Biblioteca Acracia\  😬 Libros FALTANTES\ Unión Editorial\Nueva Biblioteca de la Libertad\Escuela Austríaca en los Negocios_ Teoría del Caos, Pensa, Pensatiemo no Lineal y la Perspectiva Ética.png",,0.9,,,,
no_match,86.2,19.0,estudios-de-politica-economica.jpg,Estudios de política económica,Juergen B. Donges,Mises - Política Económica_ Seis Lecciones sobre el Capitalismo.pdf,POLITICA ECONOMICA,Mises,   👀 TEMAS\   💱 ECONOMÍA\  😃 Economía Inicial\Mises - Política Económica_ Seis Lecciones sobre el Capitalismo.pdf, Unión Editorial\Nueva Biblioteca de la Libertad\estudios-de-politica-economica.jpg,D:\Documentos\Acracia\Biblioteca Acracia\  😬 Libros FALTANTES\ Unión Editorial\Nueva Biblioteca de la Libertad\estudios-de-politica-economica.jpg,D:\Documentos\Acracia\Biblioteca Acracia\   👀 TEMAS\   💱 ECONOMÍA\  😃 Economía Inicial\Mises - Política Económica_ Seis Lecciones sobre el Capitalismo.pdf,0.9,Huerta - Nuevos Estudios de Economía Política.pdf,84.5,,
no_match,0.0,,FUNDAMENTOS-DE-LA-BANCA-CENTRAL-Y-DE-LA-LIBERTAD-BANCARIA.jpg,Fundamentos de la banca central y de la libertad bancaria,Vera C. Smith,,,,, Unión Editorial\Nueva Biblioteca de la Libertad\FUNDAMENTOS-DE-LA-BANCA-CENTRAL-Y-DE-LA-LIBERTAD-BANCARIA.jpg,D:\Documentos\Acracia\Biblioteca Acracia\  😬 Libros FALTANTES\ Unión Editorial\Nueva Biblioteca de la Libertad\FUNDAMENTOS-DE-LA-BANCA-CENTRAL-Y-DE-LA-LIBERTAD-BANCARIA.jpg,,0.9,,,,
no_match,0.0,,la-agricultura-y-el-estado.jpg,LA AGRICULTURA Y EL ESTADO,"E.C. PASOUR, JR.; RANDAL R. RUCKER",,,,, Unión Editorial\Nueva Biblioteca de la Libertad\la-agricultura-y-el-estado.jpg,D:\Documentos\Acracia\Biblioteca Acracia\  😬 Libros FALTANTES\ Unión Editorial\Nueva Biblioteca de la Libertad\la-agricultura-y-el-estado.jpg,,0.9,,,,
no_match,0.0,,la-economia-del-tiempo-y-de-la-ignorancia.jpg,LA ECONOMÍA DEL TIEMPO Y DE LA IGNORANCIA,"GERALD P. O'DRISCOLL, Jr.; MARIO J. RIZZO",,,,, Unión Editorial\Nueva Biblioteca de la Libertad\la-economia-del-tiempo-y-de-la-ignorancia.jpg,D:\Documentos\Acracia\Biblioteca Acracia\  😬 Libros FALTANTES\ Unión Editorial\Nueva Biblioteca de la Libertad\la-economia-del-tiempo-y-de-la-ignorancia.jpg,,1.0,,,,
no_match,0.0,,la-fuerza-economica-de-la-libertad.jpg,LA FUERZA ECONÓMICA DE LA LIBERTAD,JOSÉ JUAN FRANCH,,,,, Unión Editorial\Nueva Biblioteca de la Libertad\la-fuerza-economica-de-la-libertad.jpg,D:\Documentos\Acracia\Biblioteca Acracia\  😬 Libros FALTANTES\ Unión Editorial\Nueva Biblioteca de la Libertad\la-fuerza-economica-de-la-libertad.jpg,,0.9,,,,
no_match,80.1,,la-teoria-de-la-economia.jpg,LA TEORÍA DE LA ECONOMÍA,Wilhelm Röpke,Crítica de la teoría económica neoclásica.pdf,Crítica de la teoría económica,,   👀 TEMAS\   💱 ECONOMÍA\ 📚 Escuelas\ Neoclásica\Crítica de la teoría económica neoclásica.pdf, Unión Editorial\Nueva Biblioteca de la Libertad\la-teoria-de-la-economia.jpg,D:\Documentos\Acracia\Biblioteca Acracia\  😬 Libros FALTANTES\ Unión Editorial\Nueva Biblioteca de la Libertad\la-teoria-de-la-economia.jpg,D:\Documentos\Acracia\Biblioteca Acracia\   👀 TEMAS\   💱 ECONOMÍA\ 📚 Escuelas\ Neoclásica\Crítica de la teoría económica neoclásica.pdf,0.9,,,,
no_match,0.0,,las-raices-del-capitalismo-1.jpg,LAS RAÍCES DEL CAPITALISMO,John Chamberlain,,,,, Unión Editorial\Nueva Biblioteca de la Libertad\las-raices-del-capitalismo-1.jpg,D:\Documentos\Acracia\Biblioteca Acracia\  😬 Libros FALTANTES\ Unión Editorial\Nueva Biblioteca de la Libertad\las-raices-del-capitalismo-1.jpg,,1.0,,,,
no_match,0.0,,Liberalismo-contra-liberalismo.jpg,Liberalismo contra liberalismo,Javier Aranzadi del Cerro,,,,, Unión Editorial\Nueva Biblioteca de la Libertad\Liberalismo-contra-liberalismo.jpg,D:\Documentos\Acracia\Biblioteca Acracia\  😬 Libros FALTANTES\ Unión Editorial\Nueva Biblioteca de la Libertad\Liberalismo-contra-liberalismo.jpg,,0.9,,,,
no_match,0.0,,liberalismo-y-estatismo-en-el-siglo-de-oro-espanol.jpg,Liberalismo y estatismo en el siglo de oro español,Rogelio Fernández Delgado,,,,, Unión Editorial\Nueva Biblioteca de la Libertad\liberalismo-y-estatismo-en-el-siglo-de-oro-espanol.jpg,D:\Documentos\Acracia\Biblioteca Acracia\  😬 Libros FALTANTES\ Unión Editorial\Nueva Biblioteca de la Libertad\liberalismo-y-estatismo-en-el-siglo-de-oro-espanol.jpg,,0.9,,,,
no_match,100.0,28.6,Libro Faltante.webp,ECOLOGÍA DE MERCADO,TERRY L. ANDERSON; DONALD R. LEAL,Fred L. Smith - Ecologia de Mercado.pdf,Ecologia de Mercado,Fred L. Smith,   👀 TEMAS\   💱 ECONOMÍA\ 💹 Capitalismo y Libre Mercado\ Empresarialidad\Fred L. Smith - Ecologia de Mercado.pdf, Unión Editorial\Nueva Biblioteca de la Libertad\Libro Faltante.webp,D:\Documentos\Acracia\Biblioteca Acracia\  😬 Libros FALTANTES\ Unión Editorial\Nueva Biblioteca de la Libertad\Libro Faltante.webp,D:\Documentos\Acracia\Biblioteca Acracia\   👀 TEMAS\   💱 ECONOMÍA\ 💹 Capitalismo y Libre Mercado\ Empresarialidad\Fred L. Smith - Ecologia de Mercado.pdf,0.9, F. Smith - Ecología de Mercado.pdf,100.0,,
no_match,0.0,,plan-accioxxn-y-mercado.jpg,"PLAN, ACCIÓN Y MERCADO",ÁNGEL RODRÍGUEZ GARCÍA-BRAZALES,,,,, Unión Editorial\Nueva Biblioteca de la Libertad\plan-accioxxn-y-mercado.jpg,D:\Documentos\Acracia\Biblioteca Acracia\  😬 Libros FALTANTES\ Unión Editorial\Nueva Biblioteca de la Libertad\plan-accioxxn-y-mercado.jpg,,0.9,,,,
no_match,84.3,,110 notas en libertad educativa_.jpg,110 NOTAS,EDGARDO ZABLOTSKY; Alberto Benegas Lynch (h),Crítica Austriaca a La Teoría Estática Del «Pico De Hubbert».pdf,Notas,,      😱 NUEVO 2026\🗓️ 2023-2024\ Nuevo 2023\ Julio-Diciembre\ Septiembre\Crítica Austriaca a La Teoría Estática Del «Pico De Hubbert».pdf,110 notas en libertad educativa_.jpg,D:\Documentos\Acracia\Biblioteca Acracia\  😬 Libros FALTANTES\110 notas en libertad educativa_.jpg,D:\Documentos\Acracia\Biblioteca Acracia\      😱 NUEVO 2026\🗓️ 2023-2024\ Nuevo 2023\ Julio-Diciembre\ Septiembre\Crítica Austriaca a La Teoría Estática Del «Pico De Hubbert».pdf,0.9,,,,
no_match,0.0,,9788472099562D-267x431.jpg,ANARKHOS,Gustave de Molinari,,,,,9788472099562D-267x431.jpg,D:\Documentos\Acracia\Biblioteca Acracia\  😬 Libros FALTANTES\9788472099562D-267x431.jpg,,0.9,,,,
no_match,0.0,,9788472099593D.jpg,ANARKHOS,ANTONY P. MUELLER; Gilberto Ramírez Espinosa,,,,,9788472099593D.jpg,D:\Documentos\Acracia\Biblioteca Acracia\  😬 Libros FALTANTES\9788472099593D.jpg,,0.9,,,,
no_match,0.0,,Achaques y manias de la Sociología Moderna.jpg,Achaques y manías de la sociología moderna,Pitirim A. Sorokin,,,,,Achaques y manias de la Sociología Moderna.jpg,D:\Documentos\Acracia\Biblioteca Acracia\  😬 Libros FALTANTES\Achaques y manias de la Sociología Moderna.jpg,,0.9,,,,
no_match,0.0,,Afrolibertarismo en construcción a través de la visión libertaria.jpg,Afrolibertarismo en construcción,Armando Capito,,,,,Afrolibertarismo en construcción a través de la visión libertaria.jpg,D:\Documentos\Acracia\Biblioteca Acracia\  😬 Libros FALTANTES\Afrolibertarismo en construcción a través de la visión libertaria.jpg,,0.9,,,,
no_match,0.0,,Agorismo_ Hacia una sociedad anarquista de mercado_.jpg,AGORISMO,ERVIN TORRES AGUILAR,,,,,Agorismo_ Hacia una sociedad anarquista de mercado_.jpg,D:\Documentos\Acracia\Biblioteca Acracia\  😬 Libros FALTANTES\Agorismo_ Hacia una sociedad anarquista de mercado_.jpg,,0.9,,,,
no_match,0.0,,AnarcoDigital.jpg,AnarcoDigital,Luis Henrique de O. de Souza,,,,,AnarcoDigital.jpg,D:\Documentos\Acracia\Biblioteca Acracia\  😬 Libros FALTANTES\AnarcoDigital.jpg,,0.9,,,,
no_match,0.0,,anarkia-G.jpg,ANARKÍA,Simón Royo,,,,,anarkia-G.jpg,D:\Documentos\Acracia\Biblioteca Acracia\  😬 Libros FALTANTES\anarkia-G.jpg,,0.9,,,,
no_match,84.8,5.5,"Anarquismo Individualista. Anarcocapitalismo, Anarquismo Egoista, Anarquistas Individualistas, Criptoanarquismo, Ilegalismo.jpg",ANARQUISMO INDIVIDUALISTA,"ANARCOPATISMO, ANARQUISMO EGOÍSTA, ANARQUISTAS INDIVIDUALISTAS, CRIPTOANARQUISMO, ILEGALISMO, CRIPTOGRAFÍA ASIMÉTRICA, MAX STIRNER, ORDEN ESPONTÁNEO, JULES BONNOT, BITCOIN, WILLIAM GODWIN, ÉMILE ARMAND, PIERRE-JOSEPH PROUDHON",McElroy - Anarquismo individualista versus anarquismo comunista y libertarismo.pdf,Conferencia de 1981 sobre el anarquismo individualista.,McElroy,    🤓 AUTORES\   CATEGORÍAS\  🌗 Ancaps-Voluntaristas\ Wendy McElroy\McElroy - Anarquismo individualista versus anarquismo comunista y libertarismo.pdf,"Anarquismo Individualista. Anarcocapitalismo, Anarquismo Egoista, Anarquistas Individualistas, Criptoanarquismo, Ilegalismo.jpg","D:\Documentos\Acracia\Biblioteca Acracia\  😬 Libros FALTANTES\Anarquismo Individualista. Anarcocapitalismo, Anarquismo Egoista, Anarquistas Individualistas, Criptoanarquismo, Ilegalismo.jpg",D:\Documentos\Acracia\Biblioteca Acracia\    🤓 AUTORES\   CATEGORÍAS\  🌗 Ancaps-Voluntaristas\ Wendy McElroy\McElroy - Anarquismo individualista versus anarquismo comunista y libertarismo.pdf,0.7,,,,
no_match,0.0,,Aspectos negativos de la intervención económica_.jpg,Aspectos Negativos,Luis Correa Prieto,,,,,Aspectos negativos de la intervención económica_.jpg,D:\Documentos\Acracia\Biblioteca Acracia\  😬 Libros FALTANTES\Aspectos negativos de la intervención económica_.jpg,,0.9,,,,
no_match,100.0,30.8,Capitalismo - Jeannette von Wolfersoorff.jpg,CAPITALISMO,JEANNETTE VON WOLFERSDORFF,Arthur Seldon - Capitalismo.pdf,Capitalismo,Arthur Seldon,   👀 TEMAS\   💱 ECONOMÍA\ 💹 Capitalismo y Libre Mercado\ Capitalismo\Arthur Seldon - Capitalismo.pdf,Capitalismo - Jeannette von Wolfersoorff.jpg,D:\Documentos\Acracia\Biblioteca Acracia\  😬 Libros FALTANTES\Capitalismo - Jeannette von Wolfersoorff.jpg,D:\Documentos\Acracia\Biblioteca Acracia\   👀 TEMAS\   💱 ECONOMÍA\ 💹 Capitalismo y Libre Mercado\ Capitalismo\Arthur Seldon - Capitalismo.pdf,0.9,Bondone - Capitalismo y Moneda.pdf,91.7,Block y Lothian - Capitalismo Espacial.pdf,89.0
no_match,0.0,,Colecti-Victimismo.jpg,COLECTI-VICTIMISMO,CARLOS PRALLONG,,,,,Colecti-Victimismo.jpg,D:\Documentos\Acracia\Biblioteca Acracia\  😬 Libros FALTANTES\Colecti-Victimismo.jpg,,0.9,,,,
no_match,0.0,,Contra el Sistema - Isaac Álvarez Casanova.jpg,Contra el Sistema,Isaac Alvarez Casasola,,,,,Contra el Sistema - Isaac Álvarez Casanova.jpg,D:\Documentos\Acracia\Biblioteca Acracia\  😬 Libros FALTANTES\Contra el Sistema - Isaac Álvarez Casanova.jpg,,0.9,,,,
no_match,0.0,,Cripto Steven Levy.jpg,Cripto,Steven Levy,,,,,Cripto Steven Levy.jpg,D:\Documentos\Acracia\Biblioteca Acracia\  😬 Libros FALTANTES\Cripto Steven Levy.jpg,,0.9,,,,
no_match,0.0,,Criptodivisas_.jpg,CRIPTODIVISAS,JURAJ BEDNÁR,,,,,Criptodivisas_.jpg,D:\Documentos\Acracia\Biblioteca Acracia\  😬 Libros FALTANTES\Criptodivisas_.jpg,,0.9,,,,
no_match,0.0,,Criptomoneda y soberanía.jpg,Criptomoneda y soberanía,Alejandro Alessi; David Coronel; Tomás Pomar; Juan Emilio Rivera (comps.),,,,,Criptomoneda y soberanía.jpg,D:\Documentos\Acracia\Biblioteca Acracia\  😬 Libros FALTANTES\Criptomoneda y soberanía.jpg,,0.9,,,,
no_match,86.5,32.6,Crítica al Anarcocapitalismo_.jpg,Crítica al anarcocapitalismo,Ludovico Lalli,"Carreiro, Daniel - Introducción al Anarcocapitalismo.pdf",Intro al anarcocapitalismo,Melanie Rocio Giordano Cuevas,"   👀 TEMAS\    💛 LIBERTAD\ 🌗 Anarco-Capitalismo\Carreiro, Daniel - Introducción al Anarcocapitalismo.pdf",Crítica al Anarcocapitalismo_.jpg,D:\Documentos\Acracia\Biblioteca Acracia\  😬 Libros FALTANTES\Crítica al Anarcocapitalismo_.jpg,"D:\Documentos\Acracia\Biblioteca Acracia\   👀 TEMAS\    💛 LIBERTAD\ 🌗 Anarco-Capitalismo\Carreiro, Daniel - Introducción al Anarcocapitalismo.pdf",0.9,,,,
no_match,0.0,,Cómo la IA transformará nuestro futuro_.jpg,CÓMO LA IA TRANSFORMARÁ NUESTRO FUTURO,PEDRO URIA-RECIO,,,,,Cómo la IA transformará nuestro futuro_.jpg,D:\Documentos\Acracia\Biblioteca Acracia\  😬 Libros FALTANTES\Cómo la IA transformará nuestro futuro_.jpg,,0.9,,,,
no_match,0.0,,Cómo los países salen de la pobreza_.jpg,COMO LOS PAÍSES SALEN DE LA POBREZA,RAINER ZITELMANN,,,,,Cómo los países salen de la pobreza_.jpg,D:\Documentos\Acracia\Biblioteca Acracia\  😬 Libros FALTANTES\Cómo los países salen de la pobreza_.jpg,,0.9,,,,
no_match,0.0,,De Viena a Madrid.jpg,DE VIENA A MADRID,DAVID HOWDEN; PHILIPP BAGUS,,,,,De Viena a Madrid.jpg,D:\Documentos\Acracia\Biblioteca Acracia\  😬 Libros FALTANTES\De Viena a Madrid.jpg,,0.9,,,,
no_match,0.0,,Decifrando los autoritarismos en america latina.jpg,Descifrando,Miguel Ángel Martínez Meucci,,,,,Decifrando los autoritarismos en america latina.jpg,D:\Documentos\Acracia\Biblioteca Acracia\  😬 Libros FALTANTES\Decifrando los autoritarismos en america latina.jpg,,0.9,,,,
no_match,0.0,,Ellos los Fascistas - Javier Rogrigo.jpg,"Ellos, los fascistas",Javier Rodrigo; Maximiliano Fuentes,,,,,Deusto\Ellos los Fascistas - Javier Rogrigo.jpg,D:\Documentos\Acracia\Biblioteca Acracia\  😬 Libros FALTANTES\Deusto\Ellos los Fascistas - Javier Rogrigo.jpg,,0.9,,,,
no_match,0.0,,La verdad sobre el Neoliberalismo.jpg,LA VERDAD SOBRE EL NEOLIBERALISMO,ALBERTO MINGARDI,,,,,Deusto\La verdad sobre el Neoliberalismo.jpg,D:\Documentos\Acracia\Biblioteca Acracia\  😬 Libros FALTANTES\Deusto\La verdad sobre el Neoliberalismo.jpg,,0.9,,,,
no_match,100.0,50.0,Mitos Progres - Michael Huemer.jpg,MITOS PROGRES,MICHAEL HUEMER; PABLO MALO, Huemer - Mitos Progres_ Por qué tantas ideas del progresismo actual se aceptan como verdades sagradas y adónde nos están llevando.pdf,Mitos progres,Michael Huemer, Huemer - Mitos Progres_ Por qué tantas ideas del progresismo actual se aceptan como verdades sagradas y adónde nos están llevando.pdf,Deusto\Mitos Progres - Michael Huemer.jpg,D:\Documentos\Acracia\Biblioteca Acracia\  😬 Libros FALTANTES\Deusto\Mitos Progres - Michael Huemer.jpg,D:\Documentos\Acracia\Biblioteca Acracia\ Huemer - Mitos Progres_ Por qué tantas ideas del progresismo actual se aceptan como verdades sagradas y adónde nos están llevando.pdf,0.9,,,,
no_match,0.0,,Todo lo que necesitas saber sobre.jpg,TODO LO QUE NECESITAS SABER SOBRE,ANTONELLA MARTY,,,,,Deusto\Todo lo que necesitas saber sobre.jpg,D:\Documentos\Acracia\Biblioteca Acracia\  😬 Libros FALTANTES\Deusto\Todo lo que necesitas saber sobre.jpg,,0.9,,,,
no_match,0.0,,Dueños o inquilinos_.jpg,Dueños o inquilinos,Federico González Rouco,,,,,Dueños o inquilinos_.jpg,D:\Documentos\Acracia\Biblioteca Acracia\  😬 Libros FALTANTES\Dueños o inquilinos_.jpg,,0.9,,,,
no_match,100.0,,Educación como problema.jpg,EDUCACION,ANNIE SPOONER,Educación Financiera Infantil.pdf,Educación,,➕ MÁS\👦 Infantiles\Educación Financiera Infantil.pdf,Educación como problema.jpg,D:\Documentos\Acracia\Biblioteca Acracia\  😬 Libros FALTANTES\Educación como problema.jpg,D:\Documentos\Acracia\Biblioteca Acracia\➕ MÁS\👦 Infantiles\Educación Financiera Infantil.pdf,0.9,,,,
no_match,0.0,,El Camino de la servidumbre a la libertad_.jpg,EL camino,MARTÍN CARRANZA TORRES,,,,,El Camino de la servidumbre a la libertad_.jpg,D:\Documentos\Acracia\Biblioteca Acracia\  😬 Libros FALTANTES\El Camino de la servidumbre a la libertad_.jpg,,0.9,,,,
no_match,80.6,41.4,El capitalismo liberado.jpg,EL CAPITALISMO LIBERADO,ANDREW BERNSTEIN,Arthur Seldon - Capitalismo.pdf,Capitalismo,Arthur Seldon,   👀 TEMAS\   💱 ECONOMÍA\ 💹 Capitalismo y Libre Mercado\ Capitalismo\Arthur Seldon - Capitalismo.pdf,El capitalismo liberado.jpg,D:\Documentos\Acracia\Biblioteca Acracia\  😬 Libros FALTANTES\El capitalismo liberado.jpg,D:\Documentos\Acracia\Biblioteca Acracia\   👀 TEMAS\   💱 ECONOMÍA\ 💹 Capitalismo y Libre Mercado\ Capitalismo\Arthur Seldon - Capitalismo.pdf,0.9,,,,
no_match,0.0,,El comunismo neoliberal_.jpg,EL COMUNISMO NEOLIBERAL,SEBASTIÁN IZQUIERDO,,,,,El comunismo neoliberal_.jpg,D:\Documentos\Acracia\Biblioteca Acracia\  😬 Libros FALTANTES\El comunismo neoliberal_.jpg,,0.9,,,,
no_match,0.0,,El Diario Henry David Thoreau.jpg,El Diario,Henry David Thoreau,,,,,El Diario Henry David Thoreau.jpg,D:\Documentos\Acracia\Biblioteca Acracia\  😬 Libros FALTANTES\El Diario Henry David Thoreau.jpg,,0.9,,,,
no_match,0.0,,El futuro anárquico y el anarcocapitalismo_.jpg,El futuro anárquico y el anarcocapitalismo,Ravikumar Kurup,,,,,El futuro anárquico y el anarcocapitalismo_.jpg,D:\Documentos\Acracia\Biblioteca Acracia\  😬 Libros FALTANTES\El futuro anárquico y el anarcocapitalismo_.jpg,,0.9,,,,
no_match,0.0,,El lapiz milagroso.jpg,El lápiz milagroso,Connor Boyack,,,,,El lapiz milagroso.jpg,D:\Documentos\Acracia\Biblioteca Acracia\  😬 Libros FALTANTES\El lapiz milagroso.jpg,,0.9,,,,
no_match,0.0,,El libro negro del indigenismo_.jpg,EL LIBRO NEGRO DEL INDIGENISMO,Cristián Rodrigo Iturralde,,,,,El libro negro del indigenismo_.jpg,D:\Documentos\Acracia\Biblioteca Acracia\  😬 Libros FALTANTES\El libro negro del indigenismo_.jpg,,0.9,,,,
no_match,0.0,,El origen del Poder en occidente.gif,El origen del poder de Occidente,Carlos Alberto Patiño Villa,,,,,El origen del Poder en occidente.gif,D:\Documentos\Acracia\Biblioteca Acracia\  😬 Libros FALTANTES\El origen del Poder en occidente.gif,,0.9,,,,
no_match,0.0,,El Poder de la Destrucción Creativa.jpg,El poder de la destrucción creativa,PHILIPPE AGHION; CÉLINE ANTONIN; SIMON BUNEL,,,,,El Poder de la Destrucción Creativa.jpg,D:\Documentos\Acracia\Biblioteca Acracia\  😬 Libros FALTANTES\El Poder de la Destrucción Creativa.jpg,,0.9,,,,
no_match,0.0,,El surgimiento de la libertad moderna_.jpg,El surgimiento de la libertad moderna,Paul Laurent,,,,,El surgimiento de la libertad moderna_.jpg,D:\Documentos\Acracia\Biblioteca Acracia\  😬 Libros FALTANTES\El surgimiento de la libertad moderna_.jpg,,0.9,,,,
no_match,0.0,,En defensa del optimismo.jpg,EN DEFENSA DEL OPTIMISMO,Gonzalo Rojas-May,,,,,En defensa del optimismo.jpg,D:\Documentos\Acracia\Biblioteca Acracia\  😬 Libros FALTANTES\En defensa del optimismo.jpg,,0.9,,,,
no_match,0.0,,En Defensa del Trabajo.gif,En defensa del trabajo,Thomas Hodgskin,,,,,En Defensa del Trabajo.gif,D:\Documentos\Acracia\Biblioteca Acracia\  😬 Libros FALTANTES\En Defensa del Trabajo.gif,,0.9,,,,
no_match,0.0,,A gold new deal.jpg,A Gold New Deal,"MIKE TER MAAT, EDITOR",,,,,En Inglés\A gold new deal.jpg,D:\Documentos\Acracia\Biblioteca Acracia\  😬 Libros FALTANTES\En Inglés\A gold new deal.jpg,,0.9,,,,
no_match,0.0,,Abolishing the State_ Embracing Freedom Market.jpg,Abolishing the State,ANDY REVEN,,,,,En Inglés\Abolishing the State_ Embracing Freedom Market.jpg,D:\Documentos\Acracia\Biblioteca Acracia\  😬 Libros FALTANTES\En Inglés\Abolishing the State_ Embracing Freedom Market.jpg,,0.9,,,,
no_match,0.0,,Act of Sedition_ A definitive refutation of Statism.jpg,Act of Sedition,Jason A. DeMartino,,,,,En Inglés\Act of Sedition_ A definitive refutation of Statism.jpg,D:\Documentos\Acracia\Biblioteca Acracia\  😬 Libros FALTANTES\En Inglés\Act of Sedition_ A definitive refutation of Statism.jpg,,0.9,,,,
no_match,0.0,,Agorism_ Philosophy of Peaceful Revolution_.jpg,Agorism: The Philosophy of Peaceful Revolution,Francis Williams,,,,,En Inglés\Agorism_ Philosophy of Peaceful Revolution_.jpg,D:\Documentos\Acracia\Biblioteca Acracia\  😬 Libros FALTANTES\En Inglés\Agorism_ Philosophy of Peaceful Revolution_.jpg,,0.9,,,,
no_match,0.0,,"AI Anarchy, inc_.jpg","AI Anarchy, Inc.",PATRICK SCHWERDTFEGER,,,,,"En Inglés\AI Anarchy, inc_.jpg","D:\Documentos\Acracia\Biblioteca Acracia\  😬 Libros FALTANTES\En Inglés\AI Anarchy, inc_.jpg",,0.9,,,,
no_match,0.0,,Anarchy Exposed.jpg,ANARCHY EXPOSED,Shepard the Voluntaryist; Larken Rose,,,,,En Inglés\Anarchy Exposed.jpg,D:\Documentos\Acracia\Biblioteca Acracia\  😬 Libros FALTANTES\En Inglés\Anarchy Exposed.jpg,,0.9,,,,
no_match,0.0,,Dignity & Decency.jpg,Dignity & Decency,Sterlin Lujan,,,,,En Inglés\Dignity & Decency.jpg,D:\Documentos\Acracia\Biblioteca Acracia\  😬 Libros FALTANTES\En Inglés\Dignity & Decency.jpg,,0.9,,,,
no_match,0.0,,Enviromental Ethics.jpg,ENVIRONMENTAL ETHICS,David Schmidtz; Dan C. Shahar,,,,,En Inglés\Enviromental Ethics.jpg,D:\Documentos\Acracia\Biblioteca Acracia\  😬 Libros FALTANTES\En Inglés\Enviromental Ethics.jpg,,0.9,,,,
no_match,0.0,,Explorations in The Theory of Anarchy.jpg,Explorations in The Theory of Anarchy,Gordon Tullock,,,,,En Inglés\Explorations in The Theory of Anarchy.jpg,D:\Documentos\Acracia\Biblioteca Acracia\  😬 Libros FALTANTES\En Inglés\Explorations in The Theory of Anarchy.jpg,,0.9,,,,
no_match,0.0,,Freedom and Security Scott McPherson.jpg,The Right to Keep and Bear Arms,Scott McPherson,,,,,En Inglés\Freedom and Security Scott McPherson.jpg,D:\Documentos\Acracia\Biblioteca Acracia\  😬 Libros FALTANTES\En Inglés\Freedom and Security Scott McPherson.jpg,,0.9,,,,
no_match,0.0,,G1EhwuOWkAA6v6j.jpeg,THE ECONOMIC ANATOMY OF A DRUG WAR,DAVID W. RASMUSSEN; BRUCE L. BENSON,,,,,En Inglés\G1EhwuOWkAA6v6j.jpeg,D:\Documentos\Acracia\Biblioteca Acracia\  😬 Libros FALTANTES\En Inglés\G1EhwuOWkAA6v6j.jpeg,,0.9,,,,
no_match,0.0,,IMG_20250415_153913.jpg,The Austrian School of Economics,Renaud Fillieule,,,,,En Inglés\IMG_20250415_153913.jpg,D:\Documentos\Acracia\Biblioteca Acracia\  😬 Libros FALTANTES\En Inglés\IMG_20250415_153913.jpg,,0.9,,,,
no_match,0.0,,IMG_20250416_162656.jpg,modern,Brian Doherty,,,,,En Inglés\IMG_20250416_162656.jpg,D:\Documentos\Acracia\Biblioteca Acracia\  😬 Libros FALTANTES\En Inglés\IMG_20250416_162656.jpg,,0.9,,,,
no_match,0.0,,IMG_20250610_094836.jpg,The Adventures of Huckleberry Infinity,David Friedman,,,,,En Inglés\IMG_20250610_094836.jpg,D:\Documentos\Acracia\Biblioteca Acracia\  😬 Libros FALTANTES\En Inglés\IMG_20250610_094836.jpg,,0.9,,,,
no_match,0.0,,IMG_20250610_094903.jpg,VICTIM'S RIGHTS,GARY NORTH,,,,,En Inglés\IMG_20250610_094903.jpg,D:\Documentos\Acracia\Biblioteca Acracia\  😬 Libros FALTANTES\En Inglés\IMG_20250610_094903.jpg,,0.9,,,,
no_match,0.0,,IMG_20250610_095110.jpg,Dolarización,Emilio Ocampo; Nicolás Cachanosky,,,,,En Inglés\IMG_20250610_095110.jpg,D:\Documentos\Acracia\Biblioteca Acracia\  😬 Libros FALTANTES\En Inglés\IMG_20250610_095110.jpg,,0.9,,,,
no_match,0.0,,IMG_20250610_100119.jpg,"ANARCOCAPITALISMO, ANARCO LIBERALISMO, ANARCO LIBERTARISMO",Daniel Müller,,,,,En Inglés\IMG_20250610_100119.jpg,D:\Documentos\Acracia\Biblioteca Acracia\  😬 Libros FALTANTES\En Inglés\IMG_20250610_100119.jpg,,0.9,,,,
no_match,0.0,,IMG_20250610_100618.jpg,"ABUNDANCE, GENEROSITY, AND THE STATE",Jörg Guido Hülsmann,,,,,En Inglés\IMG_20250610_100618.jpg,D:\Documentos\Acracia\Biblioteca Acracia\  😬 Libros FALTANTES\En Inglés\IMG_20250610_100618.jpg,,0.9,,,,
no_match,0.0,,IMG_20250610_100725.jpg,CRONYISM,PATRICK NEWMAN,,,,,En Inglés\IMG_20250610_100725.jpg,D:\Documentos\Acracia\Biblioteca Acracia\  😬 Libros FALTANTES\En Inglés\IMG_20250610_100725.jpg,,0.9,,,,
no_match,0.0,,IMG_20250610_100842.jpg,An Axiological Process Ethics,REM B. EDWARDS,,,,,En Inglés\IMG_20250610_100842.jpg,D:\Documentos\Acracia\Biblioteca Acracia\  😬 Libros FALTANTES\En Inglés\IMG_20250610_100842.jpg,,0.9,,,,
no_match,0.0,,IMG_20250610_115540.jpg,SHOGUN'S GHOST,Ken Schoolland,,,,,En Inglés\IMG_20250610_115540.jpg,D:\Documentos\Acracia\Biblioteca Acracia\  😬 Libros FALTANTES\En Inglés\IMG_20250610_115540.jpg,,0.9,,,,
no_match,0.0,,IMG_20250610_115623.jpg,AM I IN DANGER?,,,,,,En Inglés\IMG_20250610_115623.jpg,D:\Documentos\Acracia\Biblioteca Acracia\  😬 Libros FALTANTES\En Inglés\IMG_20250610_115623.jpg,,0.7,,,,
no_match,0.0,,IMG_20250610_115703.jpg,A NEW HISTORY OF LEVIATHAN,RONALD RADOSH; MURRAY N. ROTHBARD,,,,,En Inglés\IMG_20250610_115703.jpg,D:\Documentos\Acracia\Biblioteca Acracia\  😬 Libros FALTANTES\En Inglés\IMG_20250610_115703.jpg,,0.9,,,,
no_match,84.7,,IMG_20250610_115757.jpg,VOLUNTARYIST,,Watner - Essential Voluntaryist.pdf,The Essential Voluntaryist,Carl Watner,    🤓 AUTORES\   CATEGORÍAS\  🌗 Ancaps-Voluntaristas\Carl Watner\Watner - Essential Voluntaryist.pdf,En Inglés\IMG_20250610_115757.jpg,D:\Documentos\Acracia\Biblioteca Acracia\  😬 Libros FALTANTES\En Inglés\IMG_20250610_115757.jpg,D:\Documentos\Acracia\Biblioteca Acracia\    🤓 AUTORES\   CATEGORÍAS\  🌗 Ancaps-Voluntaristas\Carl Watner\Watner - Essential Voluntaryist.pdf,0.7,,,,
no_match,0.0,,IMG_20250610_115957.jpg,THE CAMP OF THE SAINTS,Jean Raspail,,,,,En Inglés\IMG_20250610_115957.jpg,D:\Documentos\Acracia\Biblioteca Acracia\  😬 Libros FALTANTES\En Inglés\IMG_20250610_115957.jpg,,0.9,,,,
no_match,0.0,,IMG_20250610_120638.jpg,PHILOSOPHICAL VOLUNTARYISM,JACK LLOYD,,,,,En Inglés\IMG_20250610_120638.jpg,D:\Documentos\Acracia\Biblioteca Acracia\  😬 Libros FALTANTES\En Inglés\IMG_20250610_120638.jpg,,0.9,,,,
no_match,0.0,,IMG_20250610_120736.jpg,THE UNSCHOOLED ADVENTURES OF JACK AND PHO,,,,,,En Inglés\IMG_20250610_120736.jpg,D:\Documentos\Acracia\Biblioteca Acracia\  😬 Libros FALTANTES\En Inglés\IMG_20250610_120736.jpg,,0.7,,,,
no_match,0.0,,IMG_20250610_121208.jpg,LIFE,JEFFREY TUCKER,,,,,En Inglés\IMG_20250610_121208.jpg,D:\Documentos\Acracia\Biblioteca Acracia\  😬 Libros FALTANTES\En Inglés\IMG_20250610_121208.jpg,,0.9,,,,
no_match,0.0,,IMG_20250610_121311.jpg,Natural Property Rights,ERIC R. CLAEYS,,,,,En Inglés\IMG_20250610_121311.jpg,D:\Documentos\Acracia\Biblioteca Acracia\  😬 Libros FALTANTES\En Inglés\IMG_20250610_121311.jpg,,0.9,,,,
no_match,0.0,,IMG_20250610_122018.jpg,A Little Book on Libertarianism,N. Brent Mattingly,,,,,En Inglés\IMG_20250610_122018.jpg,D:\Documentos\Acracia\Biblioteca Acracia\  😬 Libros FALTANTES\En Inglés\IMG_20250610_122018.jpg,,0.9,,,,
no_match,0.0,,IMG_20250610_122548.jpg,COMMON LAW LIBERALISM,JOHN HASNAS,,,,,En Inglés\IMG_20250610_122548.jpg,D:\Documentos\Acracia\Biblioteca Acracia\  😬 Libros FALTANTES\En Inglés\IMG_20250610_122548.jpg,,0.9,,,,
no_match,0.0,,IMG_20250610_122723.jpg,Anarcho-Capitalism,Harley Rossi,,,,,En Inglés\IMG_20250610_122723.jpg,D:\Documentos\Acracia\Biblioteca Acracia\  😬 Libros FALTANTES\En Inglés\IMG_20250610_122723.jpg,,0.9,,,,
no_match,83.1,,IMG_20250610_122843.jpg,Por qué el Estado,Milton Friedman,El Estado en El Tercer Milenio.pdf,El Estado,,   👀 TEMAS\ 🏰 HISTORIA\Países\🇱🇮 Liechtenstein\El Estado en El Tercer Milenio.pdf,En Inglés\IMG_20250610_122843.jpg,D:\Documentos\Acracia\Biblioteca Acracia\  😬 Libros FALTANTES\En Inglés\IMG_20250610_122843.jpg,D:\Documentos\Acracia\Biblioteca Acracia\   👀 TEMAS\ 🏰 HISTORIA\Países\🇱🇮 Liechtenstein\El Estado en El Tercer Milenio.pdf,0.9, Scott - Lo que ve el Estado.pdf,89.0,Jasay - El Estado La Logica del Poder Politico.pdf,83.1
no_match,0.0,,IMG_20250610_122950.jpg,Mainline Economics,Peter J. Boettke; Stefanie Haefele-Balch; Virgil Henry Storr,,,,,En Inglés\IMG_20250610_122950.jpg,D:\Documentos\Acracia\Biblioteca Acracia\  😬 Libros FALTANTES\En Inglés\IMG_20250610_122950.jpg,,0.9,,,,
no_match,0.0,,IMG_20250610_124238.jpg,Applied Mainline Economics,Matthew D. Mitchell; Peter J. Boettke,,,,,En Inglés\IMG_20250610_124238.jpg,D:\Documentos\Acracia\Biblioteca Acracia\  😬 Libros FALTANTES\En Inglés\IMG_20250610_124238.jpg,,0.9,,,,
review,99.8,22.2,IMG_20250610_124334.jpg,LECTURAS DE ECONOMÍA POLÍTICA,Jesús Huerta de Soto,Huerta - Lecturas de Economía Política Vol 2.pdf,Lecturas de Economía Política Vol 2,rodolfo,    🤓 AUTORES\   CATEGORÍAS\  🌗 Ancaps-Voluntaristas\  Jesús Huerta de Soto\Huerta - Lecturas de Economía Política Vol 2.pdf,En Inglés\IMG_20250610_124334.jpg,D:\Documentos\Acracia\Biblioteca Acracia\  😬 Libros FALTANTES\En Inglés\IMG_20250610_124334.jpg,D:\Documentos\Acracia\Biblioteca Acracia\    🤓 AUTORES\   CATEGORÍAS\  🌗 Ancaps-Voluntaristas\  Jesús Huerta de Soto\Huerta - Lecturas de Economía Política Vol 2.pdf,0.9,,,,
no_match,0.0,,IMG_20250610_124614.jpg,Anarcho-Capitalism,Harley Rossi,,,,,En Inglés\IMG_20250610_124614.jpg,D:\Documentos\Acracia\Biblioteca Acracia\  😬 Libros FALTANTES\En Inglés\IMG_20250610_124614.jpg,,0.9,,,,
no_match,0.0,,IMG_20250610_124921.jpg,DOCTOR X,MAÑAS & LEDESMA; FERNANDO CAUDEVILLA,,,,,En Inglés\IMG_20250610_124921.jpg,D:\Documentos\Acracia\Biblioteca Acracia\  😬 Libros FALTANTES\En Inglés\IMG_20250610_124921.jpg,,0.9,,,,
no_match,0.0,,IMG_20250610_125000.jpg,EVERYONE IS AN ENTREPRENEUR,GREGORY V. DIEHL,,,,,En Inglés\IMG_20250610_125000.jpg,D:\Documentos\Acracia\Biblioteca Acracia\  😬 Libros FALTANTES\En Inglés\IMG_20250610_125000.jpg,,0.9,,,,
no_match,81.2,12.5,IMG_20250610_125034.jpg,The Effective Libertarian,Charles Barr,Narveson - The Libertarian Idea.pdf,The Libertarian Idea,Jfly,    🤓 AUTORES\   CATEGORÍAS\  🌗 Ancaps-Voluntaristas\ Jan Narveson\Narveson - The Libertarian Idea.pdf,En Inglés\IMG_20250610_125034.jpg,D:\Documentos\Acracia\Biblioteca Acracia\  😬 Libros FALTANTES\En Inglés\IMG_20250610_125034.jpg,D:\Documentos\Acracia\Biblioteca Acracia\    🤓 AUTORES\   CATEGORÍAS\  🌗 Ancaps-Voluntaristas\ Jan Narveson\Narveson - The Libertarian Idea.pdf,0.9,,,,
no_match,0.0,,IMG_20250610_125119.jpg,Offended Freedom,CAROLIN AMLINGER; OLIVER NACHTWEY,,,,,En Inglés\IMG_20250610_125119.jpg,D:\Documentos\Acracia\Biblioteca Acracia\  😬 Libros FALTANTES\En Inglés\IMG_20250610_125119.jpg,,0.9,,,,
no_match,0.0,,IMG_20250610_125239.jpg,Bramble Government,Gordan Runyan,,,,,En Inglés\IMG_20250610_125239.jpg,D:\Documentos\Acracia\Biblioteca Acracia\  😬 Libros FALTANTES\En Inglés\IMG_20250610_125239.jpg,,0.9,,,,
no_match,0.0,,IMG_20250610_125342.jpg,ESSAYS ON LIBERALISM AND THE ECONOMY,F.A. HAYEK; Paul Lewis,,,,,En Inglés\IMG_20250610_125342.jpg,D:\Documentos\Acracia\Biblioteca Acracia\  😬 Libros FALTANTES\En Inglés\IMG_20250610_125342.jpg,,0.9,,,,
no_match,84.8,37.8,IMG_20250610_125420.jpg,LOS LIBERALES,Ezequiel Ogueta,Panfletos liberales IV (Carlos Rodríguez Braun).pdf,Panfletos liberales IV,Carlos Rodríguez Braun,      😱 NUEVO 2026\ 🗓️ NUEVO 2025\  📅 MESES 2025\ Junio\Panfletos liberales IV (Carlos Rodríguez Braun).pdf,En Inglés\IMG_20250610_125420.jpg,D:\Documentos\Acracia\Biblioteca Acracia\  😬 Libros FALTANTES\En Inglés\IMG_20250610_125420.jpg,D:\Documentos\Acracia\Biblioteca Acracia\      😱 NUEVO 2026\ 🗓️ NUEVO 2025\  📅 MESES 2025\ Junio\Panfletos liberales IV (Carlos Rodríguez Braun).pdf,0.9,Panfletos liberales III (Carlos Rodríguez Braun).pdf,83.6,,
no_match,0.0,,IMG_20250610_125508.jpg,LOS FUNDAMENTOS IDEOLÓGICOS DEL SOCIALISMO BOLIVARIANO,ALEJANDRO PERDOMO FERMÍN,,,,,En Inglés\IMG_20250610_125508.jpg,D:\Documentos\Acracia\Biblioteca Acracia\  😬 Libros FALTANTES\En Inglés\IMG_20250610_125508.jpg,,0.9,,,,
no_match,0.0,,IMG_20250610_140523.png,LIBERALISM AND CRONYISM,RANDALL G. HOLCOMBE; ANDREA M. CASTILLO,,,,,En Inglés\IMG_20250610_140523.png,D:\Documentos\Acracia\Biblioteca Acracia\  😬 Libros FALTANTES\En Inglés\IMG_20250610_140523.png,,0.9,,,,
no_match,0.0,,IMG_20250610_140531.jpg,False Dawn,GEORGE SELGIN,,,,,En Inglés\IMG_20250610_140531.jpg,D:\Documentos\Acracia\Biblioteca Acracia\  😬 Libros FALTANTES\En Inglés\IMG_20250610_140531.jpg,,0.9,,,,
no_match,0.0,,IMG_20250610_140543.jpg,A Concise History of the Common Law,Theodore F. T. Plucknett,,,,,En Inglés\IMG_20250610_140543.jpg,D:\Documentos\Acracia\Biblioteca Acracia\  😬 Libros FALTANTES\En Inglés\IMG_20250610_140543.jpg,,1.0,,,,
no_match,0.0,,IMG_20250610_140603.png,THE STRUGGLE FOR LIBERTY,Ralph Raico; Ryan McMaken,,,,,En Inglés\IMG_20250610_140603.png,D:\Documentos\Acracia\Biblioteca Acracia\  😬 Libros FALTANTES\En Inglés\IMG_20250610_140603.png,,0.9,,,,
no_match,0.0,,IMG_20250610_140653.jpg,The Anarchist-Individualist Origins of Italian Fascism,,,,,,En Inglés\IMG_20250610_140653.jpg,D:\Documentos\Acracia\Biblioteca Acracia\  😬 Libros FALTANTES\En Inglés\IMG_20250610_140653.jpg,,0.8,,,,
no_match,0.0,,IMG_20250610_141236.jpg,Une Brève Histoire de l'Homme,Hans-Hermann Hoppe,,,,,En Inglés\IMG_20250610_141236.jpg,D:\Documentos\Acracia\Biblioteca Acracia\  😬 Libros FALTANTES\En Inglés\IMG_20250610_141236.jpg,,0.9,,,,
no_match,0.0,,IMG_20250610_141311.jpg,NARCOPATISMO,Laurent de Sutter,,,,,En Inglés\IMG_20250610_141311.jpg,D:\Documentos\Acracia\Biblioteca Acracia\  😬 Libros FALTANTES\En Inglés\IMG_20250610_141311.jpg,,0.9,,,,
no_match,0.0,,IMG_20250610_141531.jpg,ECONOMIC IGNORANCE,DOMINIK JURAK,,,,,En Inglés\IMG_20250610_141531.jpg,D:\Documentos\Acracia\Biblioteca Acracia\  😬 Libros FALTANTES\En Inglés\IMG_20250610_141531.jpg,,0.9,,,,
no_match,85.6,36.7,IMG_20250610_141626.jpg,Gun Control,Darius Werden; Anthony Gregory; Kelly Sue; Nathan Goodenow; Logan Marie Glitterworth,Libertarian Gun Control.pdf,Libertarian Gun Control,Ian Ayres and Fredrick E. Vars,   👀 TEMAS\➕ TEMAS VARIOS\  🔫 Armas\Libertarian Gun Control.pdf,En Inglés\IMG_20250610_141626.jpg,D:\Documentos\Acracia\Biblioteca Acracia\  😬 Libros FALTANTES\En Inglés\IMG_20250610_141626.jpg,D:\Documentos\Acracia\Biblioteca Acracia\   👀 TEMAS\➕ TEMAS VARIOS\  🔫 Armas\Libertarian Gun Control.pdf,0.9,,,,
no_match,0.0,,IMG_20250610_141653.jpg,Against All Nations & Borders,Charles W. Johnson,,,,,En Inglés\IMG_20250610_141653.jpg,D:\Documentos\Acracia\Biblioteca Acracia\  😬 Libros FALTANTES\En Inglés\IMG_20250610_141653.jpg,,0.9,,,,
no_match,0.0,,IMG_20250610_141714.jpg,Libertarian Feminism: Can this marriage be saved?,Charles W. Johnson,,,,,En Inglés\IMG_20250610_141714.jpg,D:\Documentos\Acracia\Biblioteca Acracia\  😬 Libros FALTANTES\En Inglés\IMG_20250610_141714.jpg,,0.9,,,,
no_match,0.0,,IMG_20250610_141803.jpg,Liberty and Security in an Anarchical World Volume I,Brandon Christensen,,,,,En Inglés\IMG_20250610_141803.jpg,D:\Documentos\Acracia\Biblioteca Acracia\  😬 Libros FALTANTES\En Inglés\IMG_20250610_141803.jpg,,0.9,,,,
auto,100.0,100.0,IMG_20250610_142508.jpg,THE STOIC CAPITALIST,ROBERT ROSENKRANZ, The Stoic Capitalist (Robert Rosenkranz).pdf,The Stoic Capitalist,Robert Rosenkranz,      😱 NUEVO 2026\ 🗓️ NUEVO 2025\  📅 MESES 2025\ Junio\ The Stoic Capitalist (Robert Rosenkranz).pdf,En Inglés\IMG_20250610_142508.jpg,D:\Documentos\Acracia\Biblioteca Acracia\  😬 Libros FALTANTES\En Inglés\IMG_20250610_142508.jpg,D:\Documentos\Acracia\Biblioteca Acracia\      😱 NUEVO 2026\ 🗓️ NUEVO 2025\  📅 MESES 2025\ Junio\ The Stoic Capitalist (Robert Rosenkranz).pdf,1.0,,,,
no_match,0.0,,IMG_20250610_143057.jpg,Good Intentions,BOB ZEIDMAN,,,,,En Inglés\IMG_20250610_143057.jpg,D:\Documentos\Acracia\Biblioteca Acracia\  😬 Libros FALTANTES\En Inglés\IMG_20250610_143057.jpg,,0.9,,,,
no_match,0.0,,IMG_20250610_143242.jpg,THE FUTURE IS DECENTRALIZED,Breck Grainger,,,,,En Inglés\IMG_20250610_143242.jpg,D:\Documentos\Acracia\Biblioteca Acracia\  😬 Libros FALTANTES\En Inglés\IMG_20250610_143242.jpg,,0.9,,,,
no_match,0.0,,IMG_20250610_143400.jpg,Freestate California,Wayne C. Grantham,,,,,En Inglés\IMG_20250610_143400.jpg,D:\Documentos\Acracia\Biblioteca Acracia\  😬 Libros FALTANTES\En Inglés\IMG_20250610_143400.jpg,,0.9,,,,
no_match,0.0,,IMG_20250610_143809.jpg,INDIVISIBLE,TROY GRICE,,,,,En Inglés\IMG_20250610_143809.jpg,D:\Documentos\Acracia\Biblioteca Acracia\  😬 Libros FALTANTES\En Inglés\IMG_20250610_143809.jpg,,0.9,,,,
no_match,0.0,,IMG_20250610_143836.jpg,Oathkeeper,Troy Grice,,,,,En Inglés\IMG_20250610_143836.jpg,D:\Documentos\Acracia\Biblioteca Acracia\  😬 Libros FALTANTES\En Inglés\IMG_20250610_143836.jpg,,0.9,,,,
no_match,0.0,,IMG_20250610_144232.jpg,The Essence of Hayek,Chiaki Nishiyama; Kurt R. Leube,,,,,En Inglés\IMG_20250610_144232.jpg,D:\Documentos\Acracia\Biblioteca Acracia\  😬 Libros FALTANTES\En Inglés\IMG_20250610_144232.jpg,,0.9,,,,
no_match,0.0,,IMG_20250610_152532.jpg,RECAPITALISM,ADAM GALLAGHER,,,,,En Inglés\IMG_20250610_152532.jpg,D:\Documentos\Acracia\Biblioteca Acracia\  😬 Libros FALTANTES\En Inglés\IMG_20250610_152532.jpg,,0.9,,,,
no_match,0.0,,IMG_20250610_152606.jpg,Trulbert!,Mitch Berg,,,,,En Inglés\IMG_20250610_152606.jpg,D:\Documentos\Acracia\Biblioteca Acracia\  😬 Libros FALTANTES\En Inglés\IMG_20250610_152606.jpg,,0.9,,,,
no_match,0.0,,IMG_20250610_160647.jpg,The Great Hope,Lawrence W. Reed,,,,,En Inglés\IMG_20250610_160647.jpg,D:\Documentos\Acracia\Biblioteca Acracia\  😬 Libros FALTANTES\En Inglés\IMG_20250610_160647.jpg,,0.9,,,,
no_match,0.0,,IMG_20250610_192707.jpg,The Ego and His Own,John Henry Mackay,,,,,En Inglés\IMG_20250610_192707.jpg,D:\Documentos\Acracia\Biblioteca Acracia\  😬 Libros FALTANTES\En Inglés\IMG_20250610_192707.jpg,,0.9,,,,
no_match,0.0,,IMG_20250707_180045.jpg,Net Neutrality Compendium,Luca Belli; Primavera De Filippi (eds.),,,,,En Inglés\IMG_20250707_180045.jpg,D:\Documentos\Acracia\Biblioteca Acracia\  😬 Libros FALTANTES\En Inglés\IMG_20250707_180045.jpg,,0.9,,,,
no_match,0.0,,IMG_20250707_180126.jpg,How to harness the value of Bitcoin,Juraj Bednár,,,,,En Inglés\IMG_20250707_180126.jpg,D:\Documentos\Acracia\Biblioteca Acracia\  😬 Libros FALTANTES\En Inglés\IMG_20250707_180126.jpg,,0.9,,,,
no_match,0.0,,IMG_20250707_180142.jpg,THE ORANGE FLASH OF FREEDOM,Juraj Bednár,,,,,En Inglés\IMG_20250707_180142.jpg,D:\Documentos\Acracia\Biblioteca Acracia\  😬 Libros FALTANTES\En Inglés\IMG_20250707_180142.jpg,,0.9,,,,
no_match,0.0,,IMG_20250707_180205.jpg,Cryptocurrencies,Juraj Bednár,,,,,En Inglés\IMG_20250707_180205.jpg,D:\Documentos\Acracia\Biblioteca Acracia\  😬 Libros FALTANTES\En Inglés\IMG_20250707_180205.jpg,,0.9,,,,
no_match,0.0,,IMG_20250707_180253.jpg,AnarchoSF #1,Rich Dana,,,,,En Inglés\IMG_20250707_180253.jpg,D:\Documentos\Acracia\Biblioteca Acracia\  😬 Libros FALTANTES\En Inglés\IMG_20250707_180253.jpg,,0.8,,,,
no_match,0.0,,IMG_20250707_180309.jpg,The Empire of Commerce,Cássio Peixoto; Modesto Da Silva,,,,,En Inglés\IMG_20250707_180309.jpg,D:\Documentos\Acracia\Biblioteca Acracia\  😬 Libros FALTANTES\En Inglés\IMG_20250707_180309.jpg,,0.9,,,,
no_match,0.0,,IMG_20250707_180335.jpg,The Evolution of Human Co-operation,Charles Stanish,,,,,En Inglés\IMG_20250707_180335.jpg,D:\Documentos\Acracia\Biblioteca Acracia\  😬 Libros FALTANTES\En Inglés\IMG_20250707_180335.jpg,,0.9,,,,
no_match,0.0,,IMG_20250707_180402.jpg,Anarchy and Peace,Truth Seeker,,,,,En Inglés\IMG_20250707_180402.jpg,D:\Documentos\Acracia\Biblioteca Acracia\  😬 Libros FALTANTES\En Inglés\IMG_20250707_180402.jpg,,0.9,,,,
no_match,0.0,,IMG_20250707_180422.jpg,THE FREEDOM FOREST,,,,,,En Inglés\IMG_20250707_180422.jpg,D:\Documentos\Acracia\Biblioteca Acracia\  😬 Libros FALTANTES\En Inglés\IMG_20250707_180422.jpg,,0.7,,,,
no_match,0.0,,IMG_20250707_180458.jpg,Anarchy,Vygintas Varnas,,,,,En Inglés\IMG_20250707_180458.jpg,D:\Documentos\Acracia\Biblioteca Acracia\  😬 Libros FALTANTES\En Inglés\IMG_20250707_180458.jpg,,0.9,,,,
no_match,0.0,,IMG_20250707_180523.jpg,CRYPTO ANARCHY,LUIS GARCIA,,,,,En Inglés\IMG_20250707_180523.jpg,D:\Documentos\Acracia\Biblioteca Acracia\  😬 Libros FALTANTES\En Inglés\IMG_20250707_180523.jpg,,0.9,,,,
no_match,0.0,,IMG_20250707_180538.jpg,Crypto Anarchy,,,,,,En Inglés\IMG_20250707_180538.jpg,D:\Documentos\Acracia\Biblioteca Acracia\  😬 Libros FALTANTES\En Inglés\IMG_20250707_180538.jpg,,0.7,,,,
no_match,0.0,,IMG_20250707_180611.jpg,THE BLOCKCHAIN CODE,DAVE KINSEY,,,,,En Inglés\IMG_20250707_180611.jpg,D:\Documentos\Acracia\Biblioteca Acracia\  😬 Libros FALTANTES\En Inglés\IMG_20250707_180611.jpg,,0.9,,,,
no_match,0.0,,IMG_20250707_180643.jpg,Bitism,Leon Tusk,,,,,En Inglés\IMG_20250707_180643.jpg,D:\Documentos\Acracia\Biblioteca Acracia\  😬 Libros FALTANTES\En Inglés\IMG_20250707_180643.jpg,,0.9,,,,
no_match,0.0,,IMG_20250707_181028.jpg,THE BLOCKCHAIN REVOLUTION,ANDREW UPDEGROVE,,,,,En Inglés\IMG_20250707_181028.jpg,D:\Documentos\Acracia\Biblioteca Acracia\  😬 Libros FALTANTES\En Inglés\IMG_20250707_181028.jpg,,0.9,,,,
no_match,0.0,,IMG_20250707_181107.jpg,THE RISE OF CRYPTOPOLIS,LEONARDO ARAUJO,,,,,En Inglés\IMG_20250707_181107.jpg,D:\Documentos\Acracia\Biblioteca Acracia\  😬 Libros FALTANTES\En Inglés\IMG_20250707_181107.jpg,,0.9,,,,
no_match,0.0,,IMG_20250707_181127.jpg,THE ANARCHIST'S CRYPTO COOKBOOK,,,,,,En Inglés\IMG_20250707_181127.jpg,D:\Documentos\Acracia\Biblioteca Acracia\  😬 Libros FALTANTES\En Inglés\IMG_20250707_181127.jpg,,0.7,,,,
no_match,0.0,,IMG_20250707_181217.jpg,Recuperar la humanidad,Maria,,,,,En Inglés\IMG_20250707_181217.jpg,D:\Documentos\Acracia\Biblioteca Acracia\  😬 Libros FALTANTES\En Inglés\IMG_20250707_181217.jpg,,0.8,,,,
no_match,0.0,,IMG_20250707_181248.jpg,THE 20 LAWS OF AI POWER,JUSTIN GOLDSTON PHD,,,,,En Inglés\IMG_20250707_181248.jpg,D:\Documentos\Acracia\Biblioteca Acracia\  😬 Libros FALTANTES\En Inglés\IMG_20250707_181248.jpg,,0.9,,,,
no_match,0.0,,IMG_20250707_181310.jpg,The Freedom Fund,Justin Goldston PhD,,,,,En Inglés\IMG_20250707_181310.jpg,D:\Documentos\Acracia\Biblioteca Acracia\  😬 Libros FALTANTES\En Inglés\IMG_20250707_181310.jpg,,0.9,,,,
no_match,0.0,,IMG_20250707_220703.jpg,Being Sovereign,Jim Davidson,,,,,En Inglés\IMG_20250707_220703.jpg,D:\Documentos\Acracia\Biblioteca Acracia\  😬 Libros FALTANTES\En Inglés\IMG_20250707_220703.jpg,,0.9,,,,
no_match,0.0,,IMG_20250707_220718.jpg,cc me,Bitcoin Belle,,,,,En Inglés\IMG_20250707_220718.jpg,D:\Documentos\Acracia\Biblioteca Acracia\  😬 Libros FALTANTES\En Inglés\IMG_20250707_220718.jpg,,0.8,,,,
no_match,81.9,,IMG_20250707_220739.jpg,DEBATING LIBERTARIANISM,SAMUEL FREEMAN; JASON BRENNAN,Green Libertarianism(1).pdf,Green libertarianism,,   👀 TEMAS\➕ TEMAS VARIOS\ 🌱 Medio Ambiente\En inglés\Green Libertarianism(1).pdf,En Inglés\IMG_20250707_220739.jpg,D:\Documentos\Acracia\Biblioteca Acracia\  😬 Libros FALTANTES\En Inglés\IMG_20250707_220739.jpg,D:\Documentos\Acracia\Biblioteca Acracia\   👀 TEMAS\➕ TEMAS VARIOS\ 🌱 Medio Ambiente\En inglés\Green Libertarianism(1).pdf,0.9,,,,
no_match,95.3,,IMG_20250707_220757.jpg,Libertarianism,Jessica Flanigan; Christopher Freiman,Green Libertarianism(1).pdf,Green libertarianism,,   👀 TEMAS\➕ TEMAS VARIOS\ 🌱 Medio Ambiente\En inglés\Green Libertarianism(1).pdf,En Inglés\IMG_20250707_220757.jpg,D:\Documentos\Acracia\Biblioteca Acracia\  😬 Libros FALTANTES\En Inglés\IMG_20250707_220757.jpg,D:\Documentos\Acracia\Biblioteca Acracia\   👀 TEMAS\➕ TEMAS VARIOS\ 🌱 Medio Ambiente\En inglés\Green Libertarianism(1).pdf,0.9,,,,
no_match,95.6,,IMG_20250707_221039.jpg,Anarcocapitalismo,Bruno Ferreira,Anarcocapitalismo ¿Qué es_.pdf,▷ Anarcocapitalismo ¿Qué es?,,   👀 TEMAS\    💛 LIBERTAD\ 🌗 Anarco-Capitalismo\Artículos\Anarcocapitalismo ¿Qué es_.pdf,En Inglés\IMG_20250707_221039.jpg,D:\Documentos\Acracia\Biblioteca Acracia\  😬 Libros FALTANTES\En Inglés\IMG_20250707_221039.jpg,D:\Documentos\Acracia\Biblioteca Acracia\   👀 TEMAS\    💛 LIBERTAD\ 🌗 Anarco-Capitalismo\Artículos\Anarcocapitalismo ¿Qué es_.pdf,0.9,Anarcocapitalismo Espacial (Presentación).pdf,93.5, Bastos - Sobre el Anarcocapitalismo.pdf,93.5
no_match,0.0,,IMG_20250707_221213.jpg,THE FALSE PROMISE,Mark Winters,,,,,En Inglés\IMG_20250707_221213.jpg,D:\Documentos\Acracia\Biblioteca Acracia\  😬 Libros FALTANTES\En Inglés\IMG_20250707_221213.jpg,,0.9,,,,
no_match,80.0,12.5,IMG_20250707_221230.jpg,Freedom Unbound,ANDY REVEN, Kokesh - Freedom.pdf,Freedom,Kokesh,    🤓 AUTORES\   CATEGORÍAS\  🌗 Ancaps-Voluntaristas\z. ➕ LIBERTARIOS\Adam Kokesh\ Kokesh - Freedom.pdf,En Inglés\IMG_20250707_221230.jpg,D:\Documentos\Acracia\Biblioteca Acracia\  😬 Libros FALTANTES\En Inglés\IMG_20250707_221230.jpg,D:\Documentos\Acracia\Biblioteca Acracia\    🤓 AUTORES\   CATEGORÍAS\  🌗 Ancaps-Voluntaristas\z. ➕ LIBERTARIOS\Adam Kokesh\ Kokesh - Freedom.pdf,0.9,,,,
no_match,0.0,,IMG_20250708_162130.jpg,PROOF of PROTEST,,,,,,En Inglés\IMG_20250708_162130.jpg,D:\Documentos\Acracia\Biblioteca Acracia\  😬 Libros FALTANTES\En Inglés\IMG_20250708_162130.jpg,,0.7,,,,
no_match,0.0,,IMG_20250708_162243.jpg,DECENTRALIZED CITIZEN SCIENCE,,,,,,En Inglés\IMG_20250708_162243.jpg,D:\Documentos\Acracia\Biblioteca Acracia\  😬 Libros FALTANTES\En Inglés\IMG_20250708_162243.jpg,,0.7,,,,
no_match,0.0,,IMG_20250708_162436.jpg,REINTERPRETING LIBERTARIANISM,Łukasz Dominiak; Igor Wysocki; Stanisław Wójtowicz; Dawid Megger,,,,,En Inglés\IMG_20250708_162436.jpg,D:\Documentos\Acracia\Biblioteca Acracia\  😬 Libros FALTANTES\En Inglés\IMG_20250708_162436.jpg,,0.9,,,,
no_match,0.0,,IMG_20250708_162457.jpg,ANARCHY and CHRISTIANITY,Jacques Ellul; Geoffrey W. Bromiley; David Gill,,,,,En Inglés\IMG_20250708_162457.jpg,D:\Documentos\Acracia\Biblioteca Acracia\  😬 Libros FALTANTES\En Inglés\IMG_20250708_162457.jpg,,0.9,,,,
no_match,0.0,,IMG_20250708_232834.jpg,THE SWALLOWER,MAXIMILIAN CROSS,,,,,En Inglés\IMG_20250708_232834.jpg,D:\Documentos\Acracia\Biblioteca Acracia\  😬 Libros FALTANTES\En Inglés\IMG_20250708_232834.jpg,,0.9,,,,
no_match,0.0,,IMG_20250708_232856.jpg,Introduction to the Libertarian Party,Wes Benedict,,,,,En Inglés\IMG_20250708_232856.jpg,D:\Documentos\Acracia\Biblioteca Acracia\  😬 Libros FALTANTES\En Inglés\IMG_20250708_232856.jpg,,0.9,,,,
no_match,0.0,,IMG_20250708_232923.jpg,THE CONSERVATARIAN MANIFESTO,CHARLES C. W. COOKE,,,,,En Inglés\IMG_20250708_232923.jpg,D:\Documentos\Acracia\Biblioteca Acracia\  😬 Libros FALTANTES\En Inglés\IMG_20250708_232923.jpg,,0.9,,,,
no_match,0.0,,IMG_20250708_232951.jpg,Libertarian Capitalism,Luis Fernando Tejada Yepes,,,,,En Inglés\IMG_20250708_232951.jpg,D:\Documentos\Acracia\Biblioteca Acracia\  😬 Libros FALTANTES\En Inglés\IMG_20250708_232951.jpg,,0.9,,,,
no_match,0.0,,IMG_20250708_233010.jpg,My libertarian journal,,,,,,En Inglés\IMG_20250708_233010.jpg,D:\Documentos\Acracia\Biblioteca Acracia\  😬 Libros FALTANTES\En Inglés\IMG_20250708_233010.jpg,,0.8,,,,
no_match,0.0,,IMG_20250708_233037.jpg,UNRULED,Sol Roth,,,,,En Inglés\IMG_20250708_233037.jpg,D:\Documentos\Acracia\Biblioteca Acracia\  😬 Libros FALTANTES\En Inglés\IMG_20250708_233037.jpg,,0.9,,,,
no_match,0.0,,IMG_20250708_233053.jpg,Understanding the Austrian School of Economics in 10 Days,Nikolaus Stahl,,,,,En Inglés\IMG_20250708_233053.jpg,D:\Documentos\Acracia\Biblioteca Acracia\  😬 Libros FALTANTES\En Inglés\IMG_20250708_233053.jpg,,0.9,,,,
no_match,0.0,,IMG_20250708_233107.jpg,"The Austrian School of Economics in the ideology of Javier Milei, President of Argentina",Luis Fernando Tejada Yepes; Luis Tejada,,,,,En Inglés\IMG_20250708_233107.jpg,D:\Documentos\Acracia\Biblioteca Acracia\  😬 Libros FALTANTES\En Inglés\IMG_20250708_233107.jpg,,0.8,,,,
no_match,0.0,,IMG_20250922_130610.jpg,Building Community,"James S. Gruber, PhD, PE",,,,,En Inglés\IMG_20250922_130610.jpg,D:\Documentos\Acracia\Biblioteca Acracia\  😬 Libros FALTANTES\En Inglés\IMG_20250922_130610.jpg,,0.9,,,,
no_match,0.0,,IMG_20250922_130813.jpg,Psycho-Cybernetics,Maxwell Maltz,,,,,En Inglés\IMG_20250922_130813.jpg,D:\Documentos\Acracia\Biblioteca Acracia\  😬 Libros FALTANTES\En Inglés\IMG_20250922_130813.jpg,,0.9,,,,
no_match,0.0,,IMG_20250922_130918.jpg,HAYEK,EDITED BY THOMAS J. DILORENZO,,,,,En Inglés\IMG_20250922_130918.jpg,D:\Documentos\Acracia\Biblioteca Acracia\  😬 Libros FALTANTES\En Inglés\IMG_20250922_130918.jpg,,0.9,,,,
no_match,0.0,,IMG_20250922_131447.jpg,THE BITCOIN GUIDEBOOK,Ian DeMartino,,,,,En Inglés\IMG_20250922_131447.jpg,D:\Documentos\Acracia\Biblioteca Acracia\  😬 Libros FALTANTES\En Inglés\IMG_20250922_131447.jpg,,0.9,,,,
no_match,0.0,,IMG_20250923_132604.jpg,COMMON INTEREST COMMUNITIES,"Stephen E. Barton; Carol J. Silverman, Editors",,,,,En Inglés\IMG_20250923_132604.jpg,D:\Documentos\Acracia\Biblioteca Acracia\  😬 Libros FALTANTES\En Inglés\IMG_20250923_132604.jpg,,0.9,,,,
no_match,0.0,,IMG_20250923_132616.jpg,The Condominium Concept,Peter M. Dunbar,,,,,En Inglés\IMG_20250923_132616.jpg,D:\Documentos\Acracia\Biblioteca Acracia\  😬 Libros FALTANTES\En Inglés\IMG_20250923_132616.jpg,,0.9,,,,
no_match,0.0,,IMG_20250923_132638.jpg,CONDOMINIUM GOVERNANCE AND LAW IN GLOBAL URBAN CONTEXT,Randy K. Lippert; Stefan Treffers,,,,,En Inglés\IMG_20250923_132638.jpg,D:\Documentos\Acracia\Biblioteca Acracia\  😬 Libros FALTANTES\En Inglés\IMG_20250923_132638.jpg,,0.9,,,,
no_match,0.0,,IMG_20250923_132710.jpg,"Protecting Apartments, Condominiums, and Gated Communities","Michael A. Silva, CPP, CSC",,,,,En Inglés\IMG_20250923_132710.jpg,D:\Documentos\Acracia\Biblioteca Acracia\  😬 Libros FALTANTES\En Inglés\IMG_20250923_132710.jpg,,0.9,,,,
no_match,0.0,,IMG_20250923_132728.jpg,Gated Communities,Rowland Atkinson; Sarah Blandy,,,,,En Inglés\IMG_20250923_132728.jpg,D:\Documentos\Acracia\Biblioteca Acracia\  😬 Libros FALTANTES\En Inglés\IMG_20250923_132728.jpg,,0.9,,,,
no_match,0.0,,IMG_20250923_132751.jpg,The ABCs of HOAs,SCOTT P. BRADY,,,,,En Inglés\IMG_20250923_132751.jpg,D:\Documentos\Acracia\Biblioteca Acracia\  😬 Libros FALTANTES\En Inglés\IMG_20250923_132751.jpg,,0.9,,,,
no_match,0.0,,IMG_20250923_132806.jpg,HOUSING CO-OPERATIVES,JOHN HANDS,,,,,En Inglés\IMG_20250923_132806.jpg,D:\Documentos\Acracia\Biblioteca Acracia\  😬 Libros FALTANTES\En Inglés\IMG_20250923_132806.jpg,,0.9,,,,
no_match,0.0,,IMG_20250923_132824.jpg,Why Community Land Trusts?: The Philosophy Behind an Unconventional Form of Tenure,John Emmeus Davis; Lee Alper; María E. Hernández-Torres,,,,,En Inglés\IMG_20250923_132824.jpg,D:\Documentos\Acracia\Biblioteca Acracia\  😬 Libros FALTANTES\En Inglés\IMG_20250923_132824.jpg,,0.9,,,,
no_match,0.0,,IMG_20250923_132843.jpg,ON COMMON GROUND,John Emmeus Davis; Line Algoed; María E. Hernández-Torrales,,,,,En Inglés\IMG_20250923_132843.jpg,D:\Documentos\Acracia\Biblioteca Acracia\  😬 Libros FALTANTES\En Inglés\IMG_20250923_132843.jpg,,0.9,,,,
no_match,0.0,,IMG_20250923_132903.jpg,Westmoreland and Portland Places,Julius K. Hunter,,,,,En Inglés\IMG_20250923_132903.jpg,D:\Documentos\Acracia\Biblioteca Acracia\  😬 Libros FALTANTES\En Inglés\IMG_20250923_132903.jpg,,0.9,,,,
no_match,0.0,,Jesus and The Abolitionists.jpg,JESUS,TERRY J. STOKES,,,,,En Inglés\Jesus and The Abolitionists.jpg,D:\Documentos\Acracia\Biblioteca Acracia\  😬 Libros FALTANTES\En Inglés\Jesus and The Abolitionists.jpg,,0.9,,,,
no_match,80.5,,Libertarianism Brochure.jpg,Libertarianism Brochure,Elijah M,Green Libertarianism(1).pdf,Green libertarianism,,   👀 TEMAS\➕ TEMAS VARIOS\ 🌱 Medio Ambiente\En inglés\Green Libertarianism(1).pdf,En Inglés\Libertarianism Brochure.jpg,D:\Documentos\Acracia\Biblioteca Acracia\  😬 Libros FALTANTES\En Inglés\Libertarianism Brochure.jpg,D:\Documentos\Acracia\Biblioteca Acracia\   👀 TEMAS\➕ TEMAS VARIOS\ 🌱 Medio Ambiente\En inglés\Green Libertarianism(1).pdf,0.9,,,,
no_match,0.0,,Liberty for Real Dialogues.jpg,Liberty For Real,,,,,,En Inglés\Liberty for Real Dialogues.jpg,D:\Documentos\Acracia\Biblioteca Acracia\  😬 Libros FALTANTES\En Inglés\Liberty for Real Dialogues.jpg,,0.7,,,,
no_match,0.0,,Manifiesto of The Free Humans.jpg,MANIFESTO OF THE FREE HUMANS,JOHN VIBES; DERRICK BROZE,,,,,En Inglés\Manifiesto of The Free Humans.jpg,D:\Documentos\Acracia\Biblioteca Acracia\  😬 Libros FALTANTES\En Inglés\Manifiesto of The Free Humans.jpg,,0.9,,,,
no_match,0.0,,Marx & Satan.jpg,MARX & SATAN,Richard Wurmbrand,,,,,En Inglés\Marx & Satan.jpg,D:\Documentos\Acracia\Biblioteca Acracia\  😬 Libros FALTANTES\En Inglés\Marx & Satan.jpg,,0.9,,,,
no_match,0.0,,Money Talks.jpg,Money Talks,Peter Kellogg; David Friedman,,,,,En Inglés\Money Talks.jpg,D:\Documentos\Acracia\Biblioteca Acracia\  😬 Libros FALTANTES\En Inglés\Money Talks.jpg,,0.9,,,,
no_match,0.0,,"National-Anarchism, Heroes & Villains.jpg",National-Anarchism,Edited by Troy Southgate,,,,,"En Inglés\National-Anarchism, Heroes & Villains.jpg","D:\Documentos\Acracia\Biblioteca Acracia\  😬 Libros FALTANTES\En Inglés\National-Anarchism, Heroes & Villains.jpg",,0.8,,,,
no_match,0.0,,Panorama of a State.jpg,PANORAMA OF A STATE,VALENTINO BINET,,,,,En Inglés\Panorama of a State.jpg,D:\Documentos\Acracia\Biblioteca Acracia\  😬 Libros FALTANTES\En Inglés\Panorama of a State.jpg,,0.9,,,,
no_match,0.0,,Principles of the Liberalism.jpg,Principles of the Liberalism,,,,,,En Inglés\Principles of the Liberalism.jpg,D:\Documentos\Acracia\Biblioteca Acracia\  😬 Libros FALTANTES\En Inglés\Principles of the Liberalism.jpg,,0.7,,,,
auto,100.0,100.0,Screenshot_2025-07-07-18-09-14-829_com.android.chrome.jpg,Crypto-Politics,Linda Monsees,Crypto-Politics  Encryption and Democratic Practices in the Digital Era (Linda Monsees).pdf,Crypto-Politics,Linda Monsees;,      😱 NUEVO 2026\ 🗓️ NUEVO 2025\  📅 MESES 2025\Julio\Crypto-Politics  Encryption and Democratic Practices in the Digital Era (Linda Monsees).pdf,En Inglés\Screenshot_2025-07-07-18-09-14-829_com.android.chrome.jpg,D:\Documentos\Acracia\Biblioteca Acracia\  😬 Libros FALTANTES\En Inglés\Screenshot_2025-07-07-18-09-14-829_com.android.chrome.jpg,D:\Documentos\Acracia\Biblioteca Acracia\      😱 NUEVO 2026\ 🗓️ NUEVO 2025\  📅 MESES 2025\Julio\Crypto-Politics  Encryption and Democratic Practices in the Digital Era (Linda Monsees).pdf,0.9,Crypto Politics_Notes on Sociotechnical Imaginaries of Governance in Blockchain Based Technologies.pdf,100.0,,
no_match,0.0,,Taxation is Theft.jpg,TAXATION IS THEFT,DAN BEHRMAN,,,,,En Inglés\Taxation is Theft.jpg,D:\Documentos\Acracia\Biblioteca Acracia\  😬 Libros FALTANTES\En Inglés\Taxation is Theft.jpg,,0.9,,,,
no_match,0.0,,The Essentials of Formal Axiology.jpg,The Essentials of Formal Axiology,Rem B. Edwards,,,,,En Inglés\The Essentials of Formal Axiology.jpg,D:\Documentos\Acracia\Biblioteca Acracia\  😬 Libros FALTANTES\En Inglés\The Essentials of Formal Axiology.jpg,,0.9,,,,
no_match,0.0,,The Future is Descentralized and Open Source.jpg,The Future IS,Jason A. Jansson,,,,,En Inglés\The Future is Descentralized and Open Source.jpg,D:\Documentos\Acracia\Biblioteca Acracia\  😬 Libros FALTANTES\En Inglés\The Future is Descentralized and Open Source.jpg,,0.9,,,,
no_match,0.0,,Valuemetrics.jpg,Valuemetrics*,Frank G. Forrest,,,,,En Inglés\Valuemetrics.jpg,D:\Documentos\Acracia\Biblioteca Acracia\  😬 Libros FALTANTES\En Inglés\Valuemetrics.jpg,,0.9,,,,
no_match,0.0,,Equidad de Libre Mercado - John Tomasi.jpg,Equidad,John Tomasi,,,,,Equidad de Libre Mercado - John Tomasi.jpg,D:\Documentos\Acracia\Biblioteca Acracia\  😬 Libros FALTANTES\Equidad de Libre Mercado - John Tomasi.jpg,,0.9,,,,
auto,100.0,,Escuela austriaca de economía para principiantes_.jpg,Escuela Austriaca de Economía,Michael D. Smith,La escuela austriaca de economía.pdf,La escuela austriaca de economía,,   👀 TEMAS\   💱 ECONOMÍA\ 📚 Escuelas\ Escuela Austriaca\Artículos\La escuela austriaca de economía.pdf,Escuela austriaca de economía para principiantes_.jpg,D:\Documentos\Acracia\Biblioteca Acracia\  😬 Libros FALTANTES\Escuela austriaca de economía para principiantes_.jpg,D:\Documentos\Acracia\Biblioteca Acracia\   👀 TEMAS\   💱 ECONOMÍA\ 📚 Escuelas\ Escuela Austriaca\Artículos\La escuela austriaca de economía.pdf,0.9,La Escuela Austriaca _de Economía.pdf,97.6,Escuela Austriaca de Economía.pdf,100.0
no_match,0.0,,Escuelas Anarquistas.webp,ESCUELAS ANARQUISTAS,,,,,,Escuelas Anarquistas.webp,D:\Documentos\Acracia\Biblioteca Acracia\  😬 Libros FALTANTES\Escuelas Anarquistas.webp,,0.8,,,,
no_match,0.0,,Explorando los principios del capitalismo_.jpg,EXPLORANDO,,,,,,Explorando los principios del capitalismo_.jpg,D:\Documentos\Acracia\Biblioteca Acracia\  😬 Libros FALTANTES\Explorando los principios del capitalismo_.jpg,,0.7,,,,
no_match,0.0,,Extinción_.jpg,Extincion,Jaime Antonio Ponce,,,,,Extinción_.jpg,D:\Documentos\Acracia\Biblioteca Acracia\  😬 Libros FALTANTES\Extinción_.jpg,,0.9,,,,
no_match,0.0,,F. A. Hayek Dos ensayos sobre economía y moral.jpg,F. A. Hayek,Daniel Mansuy; Matías Petersen,,,,,F. A. Hayek Dos ensayos sobre economía y moral.jpg,D:\Documentos\Acracia\Biblioteca Acracia\  😬 Libros FALTANTES\F. A. Hayek Dos ensayos sobre economía y moral.jpg,,0.9,,,,
no_match,0.0,,Ethical Intuitionism and Its Critics - Grant C. Sterling.jpg,ETHICAL INTUITIONISM AND ITS CRITICS,Grant C. Sterling,,,,,Filosofía\Ethical Intuitionism and Its Critics - Grant C. Sterling.jpg,D:\Documentos\Acracia\Biblioteca Acracia\  😬 Libros FALTANTES\Filosofía\Ethical Intuitionism and Its Critics - Grant C. Sterling.jpg,,0.9,,,,
no_match,0.0,,G. E. Moore_s Intuitionism. A highly implausible meta-ethical position - Mark Costello.jpg,G. E. Moore's Intuitionism,Mark Costello,,,,,Filosofía\G. E. Moore_s Intuitionism. A highly implausible meta-ethical position - Mark Costello.jpg,D:\Documentos\Acracia\Biblioteca Acracia\  😬 Libros FALTANTES\Filosofía\G. E. Moore_s Intuitionism. A highly implausible meta-ethical position - Mark Costello.jpg,,0.9,,,,
no_match,0.0,,"Los presupuestos de la falacia naturalista, una revisión crítica.jpg",LOS PRESUPUESTOS DE LA FALACIA NATURALISTA,Esperanza Guisan,,,,,"Filosofía\Los presupuestos de la falacia naturalista, una revisión crítica.jpg","D:\Documentos\Acracia\Biblioteca Acracia\  😬 Libros FALTANTES\Filosofía\Los presupuestos de la falacia naturalista, una revisión crítica.jpg",,0.9,,,,
no_match,0.0,,The New Intuitionism.jpg,THE NEW INTUITIONISM,Robert Audi; Carla Bagnoli; Roger Crisp; Peter Graham; Ralph Kennedy; Christopher B. Kulp; Clayton Littlejohn; Hugh J. McCann; Walter Sinnott-Armstrong; Jill Graper Hernandez,,,,,Filosofía\The New Intuitionism.jpg,D:\Documentos\Acracia\Biblioteca Acracia\  😬 Libros FALTANTES\Filosofía\The New Intuitionism.jpg,,0.9,,,,
no_match,0.0,,Breve historia de la libertad - David Schmidtz y Jason Brennan.webp,BREVE HISTORIA DE LA LIBERTAD,DAVID SCHMIDTZ; JASON BRENNAN,,,,,fpp\Breve historia de la libertad - David Schmidtz y Jason Brennan.webp,D:\Documentos\Acracia\Biblioteca Acracia\  😬 Libros FALTANTES\fpp\Breve historia de la libertad - David Schmidtz y Jason Brennan.webp,,0.9,,,,
review,90.3,33.3,El mito del Estado emprendedor - Deirdre McCloskey y Alberto Mingardi.png,El mito del estado emprendedor,Deirdre Nansen McCloskey; Alberto Mingardi,Mitos y Realidades Estado Emprendedor.pdf,EL ESTADO EMPRENDEDOR,Instituto Juan de Mariana,      😱 NUEVO 2026\🗓️ 2023-2024\ Nuevo 2023\Enero-Junio\Mayo\Mitos y Realidades Estado Emprendedor.pdf,fpp\El mito del Estado emprendedor - Deirdre McCloskey y Alberto Mingardi.png,D:\Documentos\Acracia\Biblioteca Acracia\  😬 Libros FALTANTES\fpp\El mito del Estado emprendedor - Deirdre McCloskey y Alberto Mingardi.png,D:\Documentos\Acracia\Biblioteca Acracia\      😱 NUEVO 2026\🗓️ 2023-2024\ Nuevo 2023\Enero-Junio\Mayo\Mitos y Realidades Estado Emprendedor.pdf,0.9,¿El Estado Emprendedor-.pdf,90.3, El mito del Estado (Ernst Cassirer).pdf,86.2
no_match,80.1,38.5,La filosofía de la violencia - Jorge Millas.png,La filosofía de la violencia,Jorge Millas,Ken Schoolland - La Filosofia de la Libertad.pdf,La Filosofía de la Libertad,Ken Schoolland,   👀 TEMAS\    💛 LIBERTAD\   🛡️Libertarismo\Ken Schoolland - La Filosofia de la Libertad.pdf,fpp\La filosofía de la violencia - Jorge Millas.png,D:\Documentos\Acracia\Biblioteca Acracia\  😬 Libros FALTANTES\fpp\La filosofía de la violencia - Jorge Millas.png,D:\Documentos\Acracia\Biblioteca Acracia\   👀 TEMAS\    💛 LIBERTAD\   🛡️Libertarismo\Ken Schoolland - La Filosofia de la Libertad.pdf,0.9,,,,
no_match,0.0,,Por qué esta bien querer ser rico.jpg,POR QUÉ ESTÁ BIEN QUERER,JASON BRENNAN,,,,,fpp\Por qué esta bien querer ser rico.jpg,D:\Documentos\Acracia\Biblioteca Acracia\  😬 Libros FALTANTES\fpp\Por qué esta bien querer ser rico.jpg,,0.9,,,,
no_match,0.0,,Fronteras abiertas - Bryan Caplan.jpg,Fronteras abiertas,Bryan Caplan; Zach Weinersmith,,,,,Fronteras abiertas - Bryan Caplan.jpg,D:\Documentos\Acracia\Biblioteca Acracia\  😬 Libros FALTANTES\Fronteras abiertas - Bryan Caplan.jpg,,0.9,,,,
no_match,0.0,,Fundamentos de la banca central y de la libertad bancaria_.jpg,FUNDAMENTOS DE LA BANCA CENTRAL Y DE LA LIBERTAD BANCARIA,VERA C. SMITH,,,,,Fundamentos de la banca central y de la libertad bancaria_.jpg,D:\Documentos\Acracia\Biblioteca Acracia\  😬 Libros FALTANTES\Fundamentos de la banca central y de la libertad bancaria_.jpg,,0.9,,,,
no_match,0.0,,G1YtaaWXwAAzZHk.jpeg,La religión WOKE,Jean-François Braunstein,,,,,G1YtaaWXwAAzZHk.jpeg,D:\Documentos\Acracia\Biblioteca Acracia\  😬 Libros FALTANTES\G1YtaaWXwAAzZHk.jpeg,,0.9,,,,
no_match,0.0,,Greguerias Liberales.jpg,GREGUERÍAS LIBERALES,CARLOS RODRÍGUEZ BRAUN; RAFA SANUDO,,,,,Greguerias Liberales.jpg,D:\Documentos\Acracia\Biblioteca Acracia\  😬 Libros FALTANTES\Greguerias Liberales.jpg,,0.9,,,,
no_match,0.0,,Guerra y construcción del Estado en Colombia_.jpg,Guerra y construcción del Estado en Colombia,CARLOS ALBERTO PATIÑO VILLA,,,,,Guerra y construcción del Estado en Colombia_.jpg,D:\Documentos\Acracia\Biblioteca Acracia\  😬 Libros FALTANTES\Guerra y construcción del Estado en Colombia_.jpg,,0.9,,,,
no_match,0.0,,"Humanos, máquinas y política.jpg","HUMANOS, MÁQUINAS Y POLÍTICA",COLECTIVO CARCASA,,,,,"Humanos, máquinas y política.jpg","D:\Documentos\Acracia\Biblioteca Acracia\  😬 Libros FALTANTES\Humanos, máquinas y política.jpg",,0.9,,,,
no_match,0.0,,Ideario anarquista.jpg,IDEARIO ANARQUISTA,"PROUDHON, BAKUNIN, KROPOTKIN y otros",,,,,Ideario anarquista.jpg,D:\Documentos\Acracia\Biblioteca Acracia\  😬 Libros FALTANTES\Ideario anarquista.jpg,,0.9,,,,
no_match,0.0,,IMG_20250610_101040.jpg,LOS GEMELOS TUTTLE Y LA CRIATURA DE LA ISLA JEKYLL,CONNOR BOYACK,,,,,IMG_20250610_101040.jpg,D:\Documentos\Acracia\Biblioteca Acracia\  😬 Libros FALTANTES\IMG_20250610_101040.jpg,,0.9,,,,
no_match,83.3,33.3,IMG_20250610_143507.jpg,O PEQUENO É POSSÍVEL,MIGUEL ANXO BASTOS,Bastos - Lo Pequeño es Posible.pdf,Lo Pequeño es Posible,Bastos,Bastos - Lo Pequeño es Posible.pdf,IMG_20250610_143507.jpg,D:\Documentos\Acracia\Biblioteca Acracia\  😬 Libros FALTANTES\IMG_20250610_143507.jpg,D:\Documentos\Acracia\Biblioteca Acracia\Bastos - Lo Pequeño es Posible.pdf,0.9,,,,
no_match,0.0,,IMG_20250707_220624.jpg,La destrucción creadora,Antología anarquista de octubre,,,,,IMG_20250707_220624.jpg,D:\Documentos\Acracia\Biblioteca Acracia\  😬 Libros FALTANTES\IMG_20250707_220624.jpg,,0.9,,,,
no_match,84.4,25.6,IMG_20250707_221001.jpg,MANIFIESTO,Yen Ortega,"Manifiesto capitalista (Luis O. Kelso, Mortimer J. Adler).pdf",Manifiesto capitalista,"Luis O. Kelso, Mortimer J. Adler","      😱 NUEVO 2026\🗓️ 2023-2024\ Nuevo 2023\ Julio-Diciembre\  Diciembre\Manifiesto capitalista (Luis O. Kelso, Mortimer J. Adler).pdf",IMG_20250707_221001.jpg,D:\Documentos\Acracia\Biblioteca Acracia\  😬 Libros FALTANTES\IMG_20250707_221001.jpg,"D:\Documentos\Acracia\Biblioteca Acracia\      😱 NUEVO 2026\🗓️ 2023-2024\ Nuevo 2023\ Julio-Diciembre\  Diciembre\Manifiesto capitalista (Luis O. Kelso, Mortimer J. Adler).pdf",0.9,,,,
no_match,88.4,25.0,IMG_20250707_221025.jpg,Límites del Anarco-Capitalismo,Antonio Jesús Tejada Martínez, Vernaglione - El Anarco-Capitalismo.pdf,El Anarco-Capitalismo,Vernaglione,     ✍️ EDITORIAL Acraci\ 🔡 Traducciones\ Vernaglione - El Anarco-Capitalismo.pdf,IMG_20250707_221025.jpg,D:\Documentos\Acracia\Biblioteca Acracia\  😬 Libros FALTANTES\IMG_20250707_221025.jpg,D:\Documentos\Acracia\Biblioteca Acracia\     ✍️ EDITORIAL Acraci\ 🔡 Traducciones\ Vernaglione - El Anarco-Capitalismo.pdf,0.9,Huerta - Dios y el Anarco-Capitalismo.pdf,81.1,,
no_match,0.0,,IMG_20250707_221112.jpg,LA JUSTICIA SUBVERTIDA,SYDNEY D'AGVILO,,,,,IMG_20250707_221112.jpg,D:\Documentos\Acracia\Biblioteca Acracia\  😬 Libros FALTANTES\IMG_20250707_221112.jpg,,0.9,,,,
no_match,0.0,,IMG_20250707_221134.jpg,EL RÉGIMEN DEMOCRÁTICO,SYDNEY D'AGVILO,,,,,IMG_20250707_221134.jpg,D:\Documentos\Acracia\Biblioteca Acracia\  😬 Libros FALTANTES\IMG_20250707_221134.jpg,,0.9,,,,
no_match,82.5,20.7,IMG_20250707_221153.jpg,LA ECONOMÍA DE LA LIBERTAD,SYDNEY D'AGVILO,Ken Schoolland - La Filosofia de la Libertad.pdf,La Filosofía de la Libertad,Ken Schoolland,   👀 TEMAS\    💛 LIBERTAD\   🛡️Libertarismo\Ken Schoolland - La Filosofia de la Libertad.pdf,IMG_20250707_221153.jpg,D:\Documentos\Acracia\Biblioteca Acracia\  😬 Libros FALTANTES\IMG_20250707_221153.jpg,D:\Documentos\Acracia\Biblioteca Acracia\   👀 TEMAS\    💛 LIBERTAD\   🛡️Libertarismo\Ken Schoolland - La Filosofia de la Libertad.pdf,0.9,,,,
no_match,0.0,,IMG_20250708_161621.jpg,FRIEDRICH HAYEK: INDIVIDUALISMO Y ORDEN ESPONTÁNEO,Alí Javier Suárez Brito,,,,,IMG_20250708_161621.jpg,D:\Documentos\Acracia\Biblioteca Acracia\  😬 Libros FALTANTES\IMG_20250708_161621.jpg,,0.9,,,,
no_match,0.0,,IMG_20250708_162544.jpg,LA PARABOLA DE LAS VACAS,DANIEL MÜLLER,,,,,IMG_20250708_162544.jpg,D:\Documentos\Acracia\Biblioteca Acracia\  😬 Libros FALTANTES\IMG_20250708_162544.jpg,,0.9,,,,
no_match,0.0,,IMG_20250922_130401.jpg,Private Neighborhoods,Robert H. Nelson,,,,,IMG_20250922_130401.jpg,D:\Documentos\Acracia\Biblioteca Acracia\  😬 Libros FALTANTES\IMG_20250922_130401.jpg,,0.9,,,,
no_match,0.0,,IMG_20250922_130827.jpg,Market Process & The Decline in Abject Poverty,Jason A. DeMartino,,,,,IMG_20250922_130827.jpg,D:\Documentos\Acracia\Biblioteca Acracia\  😬 Libros FALTANTES\IMG_20250922_130827.jpg,,0.9,,,,
no_match,0.0,,IMG_20250922_130901.jpg,LA PLANIFICACIÓN GUBERNAMENTAL,Henry Hazlitt,,,,,IMG_20250922_130901.jpg,D:\Documentos\Acracia\Biblioteca Acracia\  😬 Libros FALTANTES\IMG_20250922_130901.jpg,,0.9,,,,
no_match,0.0,,IMG_20250922_131229.jpg,ECOLOGÍA LIBERAL,José Ramón Arévalo Sierra,,,,,IMG_20250922_131229.jpg,D:\Documentos\Acracia\Biblioteca Acracia\  😬 Libros FALTANTES\IMG_20250922_131229.jpg,,0.9,,,,
no_match,0.0,,IMG_20250922_131243.jpg,Free City,Ricardo Manuel Rojas,,,,,IMG_20250922_131243.jpg,D:\Documentos\Acracia\Biblioteca Acracia\  😬 Libros FALTANTES\IMG_20250922_131243.jpg,,0.9,,,,
no_match,0.0,,IMG_20250922_131313.jpg,SER LIBERTO,Francesc Soler Llagostera,,,,,IMG_20250922_131313.jpg,D:\Documentos\Acracia\Biblioteca Acracia\  😬 Libros FALTANTES\IMG_20250922_131313.jpg,,0.9,,,,
no_match,0.0,,IMG_20250922_131331.jpg,BREVE REFUTACIÓN DEL PENSAMIENTO LIBERTARIO,JUAN SEBASTIÁN IZQUIERDO ALMARZA,,,,,IMG_20250922_131331.jpg,D:\Documentos\Acracia\Biblioteca Acracia\  😬 Libros FALTANTES\IMG_20250922_131331.jpg,,0.9,,,,
no_match,0.0,,IMG_20250922_131405.jpg,DESHACER EL CUERPO,JOSEFINA ARAOS; DANIEL MANSUY; CATALINA SILES; MANFRED SVENSSON,,,,,IMG_20250922_131405.jpg,D:\Documentos\Acracia\Biblioteca Acracia\  😬 Libros FALTANTES\IMG_20250922_131405.jpg,,0.9,,,,
no_match,94.0,50.0,IMG_20250922_131426.jpg,SOCIALISMO,Manuel Llamas, Hülsman - Socialismo Nazi.pdf,Socialismo Nazi,Hülsman,     ✍️ EDITORIAL Acraci\🖼️ Diseños\ Hülsman - Socialismo Nazi.pdf,IMG_20250922_131426.jpg,D:\Documentos\Acracia\Biblioteca Acracia\  😬 Libros FALTANTES\IMG_20250922_131426.jpg,D:\Documentos\Acracia\Biblioteca Acracia\     ✍️ EDITORIAL Acraci\🖼️ Diseños\ Hülsman - Socialismo Nazi.pdf,0.9, Hoppe - Socialismo Conservador.pdf,84.4,,
no_match,0.0,,IMG_20250922_131512.jpg,Un Homme de conviction,Alexandre Hébert,,,,,IMG_20250922_131512.jpg,D:\Documentos\Acracia\Biblioteca Acracia\  😬 Libros FALTANTES\IMG_20250922_131512.jpg,,0.9,,,,
no_match,0.0,,IMG_20251002_184507.jpg,Anfisbena,Cristian Moreno,,,,,IMG_20251002_184507.jpg,D:\Documentos\Acracia\Biblioteca Acracia\  😬 Libros FALTANTES\IMG_20251002_184507.jpg,,0.9,,,,
no_match,88.8,24.1,Imperialismo Clases sociales_.jpg,Imperialismo,Joseph A. Schumpeter; Fabián Estapé; Vicente Girbau,Tullock - Imperialismo Económico.pdf,Imperialismo Económico,Ashkarcito,   👀 TEMAS\   🏛️ ESTATISMO\ Tipos de Estatismos\🏢 Corporativismo\Tullock - Imperialismo Económico.pdf,Imperialismo Clases sociales_.jpg,D:\Documentos\Acracia\Biblioteca Acracia\  😬 Libros FALTANTES\Imperialismo Clases sociales_.jpg,D:\Documentos\Acracia\Biblioteca Acracia\   👀 TEMAS\   🏛️ ESTATISMO\ Tipos de Estatismos\🏢 Corporativismo\Tullock - Imperialismo Económico.pdf,0.9,,,,
no_match,0.0,,Inmigración y emprendimiento_.jpg,INMIGRACIÓN Y EMPRENDIMIENTO,MAURICIO ROJAS,,,,,Inmigración y emprendimiento_.jpg,D:\Documentos\Acracia\Biblioteca Acracia\  😬 Libros FALTANTES\Inmigración y emprendimiento_.jpg,,0.9,,,,
no_match,100.0,40.0, _Capitalismo Espacial - Walter Block.png__300x0.jpg,CAPITALISMO ESPACIAL,PETER LOTHIAN NELSON; WALTER E. BLOCK,Block y Lothian - Capitalismo Espacial.pdf,Capitalismo Espacial,Block y Lothian,    🤓 AUTORES\   CATEGORÍAS\  🌗 Ancaps-Voluntaristas\  Walter Block\Block y Lothian - Capitalismo Espacial.pdf,INNISFREE\ _Capitalismo Espacial - Walter Block.png__300x0.jpg,D:\Documentos\Acracia\Biblioteca Acracia\  😬 Libros FALTANTES\INNISFREE\ _Capitalismo Espacial - Walter Block.png__300x0.jpg,D:\Documentos\Acracia\Biblioteca Acracia\    🤓 AUTORES\   CATEGORÍAS\  🌗 Ancaps-Voluntaristas\  Walter Block\Block y Lothian - Capitalismo Espacial.pdf,1.0,Anarcocapitalismo Espacial (Presentación).pdf,89.6,Arthur Seldon - Capitalismo.pdf,84.0
no_match,0.0,, _Caplan - Razones Egoístas para Tener Hijos.jpg,Razones egoístas para tener más hijos,Bryan Caplan,,,,,INNISFREE\ _Caplan - Razones Egoístas para Tener Hijos.jpg,D:\Documentos\Acracia\Biblioteca Acracia\  😬 Libros FALTANTES\INNISFREE\ _Caplan - Razones Egoístas para Tener Hijos.jpg,,1.0,,,,
auto,96.2,100.0, _Defendiendo lo Indefendible III.webp,DEFENDIENDO LO INDEFENDIBLE III,WALTER BLOCK,Block - Defendiendo lo indefendible I.pdf,Defendiendo lo indefendible,Walter Block,   👀 TEMAS\    💛 LIBERTAD\ 🌗 Anarco-Capitalismo\Block - Defendiendo lo indefendible I.pdf,INNISFREE\ _Defendiendo lo Indefendible III.webp,D:\Documentos\Acracia\Biblioteca Acracia\  😬 Libros FALTANTES\INNISFREE\ _Defendiendo lo Indefendible III.webp,D:\Documentos\Acracia\Biblioteca Acracia\   👀 TEMAS\    💛 LIBERTAD\ 🌗 Anarco-Capitalismo\Block - Defendiendo lo indefendible I.pdf,0.9,Block - Defendiendo lo indefendible.pdf,96.2,,
no_match,0.0,, _Feminimo Individualista.png,Feminismo individualista,Voltairine de Cleyre,,,,,INNISFREE\ _Feminimo Individualista.png,D:\Documentos\Acracia\Biblioteca Acracia\  😬 Libros FALTANTES\INNISFREE\ _Feminimo Individualista.png,,0.9,,,,
no_match,0.0,, _Individualismo y Orden Económico - Hayek.jpg,Individualismo y orden económico,Friedrich A. Hayek,,,,,INNISFREE\ _Individualismo y Orden Económico - Hayek.jpg,D:\Documentos\Acracia\Biblioteca Acracia\  😬 Libros FALTANTES\INNISFREE\ _Individualismo y Orden Económico - Hayek.jpg,,0.9,,,,
no_match,0.0,, _La Colonización de Mar - Patri Friedman.png,La colonización del mar,Joe Quirk; Patri Friedman,,,,,INNISFREE\ _La Colonización de Mar - Patri Friedman.png,D:\Documentos\Acracia\Biblioteca Acracia\  😬 Libros FALTANTES\INNISFREE\ _La Colonización de Mar - Patri Friedman.png,,0.9,,,,
no_match,100.0,18.2, _Libertad Individual (Benjamin Tucker).jpg,Libertad,BENJAMIN TUCKER,Capella - Libertad.pdf,Libertad,Capella,   👀 TEMAS\    💛 LIBERTAD\Capella - Libertad.pdf,INNISFREE\ _Libertad Individual (Benjamin Tucker).jpg,D:\Documentos\Acracia\Biblioteca Acracia\  😬 Libros FALTANTES\INNISFREE\ _Libertad Individual (Benjamin Tucker).jpg,D:\Documentos\Acracia\Biblioteca Acracia\   👀 TEMAS\    💛 LIBERTAD\Capella - Libertad.pdf,0.9,Libertad negativa.pdf,85.2,Moneda y libertad.pdf,85.2
no_match,0.0,, _Una Bella Anarquía - Jeffrey Tucker.jpg,UNA BELLA ANARQUÍA,Jeffrey Tucker,,,,,INNISFREE\ _Una Bella Anarquía - Jeffrey Tucker.jpg,D:\Documentos\Acracia\Biblioteca Acracia\  😬 Libros FALTANTES\INNISFREE\ _Una Bella Anarquía - Jeffrey Tucker.jpg,,0.9,,,,
no_match,0.0,, Manual Libertario - José Luis Montesinos.jpg,MANUAL LIBERTARIO,JOSÉ LUIS MONTESINOS; Juan Pina,,,,,INNISFREE\ Manual Libertario - José Luis Montesinos.jpg,D:\Documentos\Acracia\Biblioteca Acracia\  😬 Libros FALTANTES\INNISFREE\ Manual Libertario - José Luis Montesinos.jpg,,0.9,,,,
no_match,81.7,27.3,Capitalismo para Niños - Karl Hess.jpg,Capitalismo para niños,Karl Hess,Arthur Seldon - Capitalismo.pdf,Capitalismo,Arthur Seldon,   👀 TEMAS\   💱 ECONOMÍA\ 💹 Capitalismo y Libre Mercado\ Capitalismo\Arthur Seldon - Capitalismo.pdf,INNISFREE\Capitalismo para Niños - Karl Hess.jpg,D:\Documentos\Acracia\Biblioteca Acracia\  😬 Libros FALTANTES\INNISFREE\Capitalismo para Niños - Karl Hess.jpg,D:\Documentos\Acracia\Biblioteca Acracia\   👀 TEMAS\   💱 ECONOMÍA\ 💹 Capitalismo y Libre Mercado\ Capitalismo\Arthur Seldon - Capitalismo.pdf,0.9,,,,
no_match,0.0,,El Estado contra los Negros.jpg,EL ESTADO CONTRA LOS NEGROS,WALTER E. WILLIAMS,,,,,INNISFREE\El Estado contra los Negros.jpg,D:\Documentos\Acracia\Biblioteca Acracia\  😬 Libros FALTANTES\INNISFREE\El Estado contra los Negros.jpg,,1.0,,,,
no_match,0.0,,el Mito del Socialismo Nórdido.webp,EL MITO DEL SOCIALISMO NÓRDICO,Nima Sanandaji,,,,,INNISFREE\el Mito del Socialismo Nórdido.webp,D:\Documentos\Acracia\Biblioteca Acracia\  😬 Libros FALTANTES\INNISFREE\el Mito del Socialismo Nórdido.webp,,0.9,,,,
no_match,0.0,,Escuela Neutral.webp,ESCUELA NEUTRAL,RICARDO MELLA,,,,,INNISFREE\Escuela Neutral.webp,D:\Documentos\Acracia\Biblioteca Acracia\  😬 Libros FALTANTES\INNISFREE\Escuela Neutral.webp,,0.9,,,,
no_match,0.0,,fd8000_84b9c991c6bc4441a394ded6b45bb204~mv2.webp,2069,Óscar López,,,,,INNISFREE\fd8000_84b9c991c6bc4441a394ded6b45bb204~mv2.webp,D:\Documentos\Acracia\Biblioteca Acracia\  😬 Libros FALTANTES\INNISFREE\fd8000_84b9c991c6bc4441a394ded6b45bb204~mv2.webp,,0.9,,,,
no_match,0.0,,Juego de Tronos. Anarquía versus Monarquía.jpg,JUEGO DE TRONOS,,,,,,INNISFREE\Juego de Tronos. Anarquía versus Monarquía.jpg,D:\Documentos\Acracia\Biblioteca Acracia\  😬 Libros FALTANTES\INNISFREE\Juego de Tronos. Anarquía versus Monarquía.jpg,,0.7,,,,
no_match,0.0,,Las antinomias entre el individuo y la sociedad — Georges Palante.jpg,LAS ANTIMONIAS ENTRE EL INDIVIDUO Y LA SOCIEDAD,GEORGES PALANTE,,,,,INNISFREE\Las antinomias entre el individuo y la sociedad — Georges Palante.jpg,D:\Documentos\Acracia\Biblioteca Acracia\  😬 Libros FALTANTES\INNISFREE\Las antinomias entre el individuo y la sociedad — Georges Palante.jpg,,0.9,,,,
no_match,0.0,,Libertad o Confinamiento.webp,Libertad o confinamiento,Jeffrey Tucker,,,,,INNISFREE\Libertad o Confinamiento.webp,D:\Documentos\Acracia\Biblioteca Acracia\  😬 Libros FALTANTES\INNISFREE\Libertad o Confinamiento.webp,,0.9,,,,
no_match,0.0,,Paraísos fiscales e infiernos tributarios — Martín Litwak.webp,PARAISOS FISCALES E INFERNOS TRIBUTARIOS,MARTIN LITWAK,,,,,INNISFREE\Paraísos fiscales e infiernos tributarios — Martín Litwak.webp,D:\Documentos\Acracia\Biblioteca Acracia\  😬 Libros FALTANTES\INNISFREE\Paraísos fiscales e infiernos tributarios — Martín Litwak.webp,,0.9,,,,
no_match,0.0,,Protocolo Malatesta.jpg,PROTOCOLO MALATESTA,PEDRO ARTURO AGUIRRE,,,,,INNISFREE\Protocolo Malatesta.jpg,D:\Documentos\Acracia\Biblioteca Acracia\  😬 Libros FALTANTES\INNISFREE\Protocolo Malatesta.jpg,,0.9,,,,
no_match,0.0,,Instituciones Industriales - Spencer.jpg,INSTITUCIONES INDUSTRIALES,Herbert Spencer,,,,,Instituciones Industriales - Spencer.jpg,D:\Documentos\Acracia\Biblioteca Acracia\  😬 Libros FALTANTES\Instituciones Industriales - Spencer.jpg,,0.9,,,,
no_match,0.0,,Introducción al autoestrangulamiento del Estado del bienestar_.jpg,INTRODUCCIÓN AL AUTOESTRANGULAMIENTO,MARCOS G.D.,,,,,Introducción al autoestrangulamiento del Estado del bienestar_.jpg,D:\Documentos\Acracia\Biblioteca Acracia\  😬 Libros FALTANTES\Introducción al autoestrangulamiento del Estado del bienestar_.jpg,,0.9,,,,
no_match,0.0,,La amenaza de huelga_.jpg,LA AMENAZA DE HUELGA,William H. Hutt,,,,,La amenaza de huelga_.jpg,D:\Documentos\Acracia\Biblioteca Acracia\  😬 Libros FALTANTES\La amenaza de huelga_.jpg,,0.9,,,,
no_match,0.0,,La batalla cultural_.jpg,LA BATALLA CULTURAL,CRISTIAN MORENO,,,,,La batalla cultural_.jpg,D:\Documentos\Acracia\Biblioteca Acracia\  😬 Libros FALTANTES\La batalla cultural_.jpg,,0.9,,,,
no_match,0.0,,La crisis del colectivismo.jpg,LA CRISIS DEL COLECTIVISMO,WILHELM RÖPKE,,,,,La crisis del colectivismo.jpg,D:\Documentos\Acracia\Biblioteca Acracia\  😬 Libros FALTANTES\La crisis del colectivismo.jpg,,0.9,,,,
no_match,0.0,,La era Milei - Philipp Bagus.jpg,La era Milei,Philipp Bagus,,,,,La era Milei - Philipp Bagus.jpg,D:\Documentos\Acracia\Biblioteca Acracia\  😬 Libros FALTANTES\La era Milei - Philipp Bagus.jpg,,0.9,,,,
no_match,0.0,,La era Milei Philip Bagus.jpg,La era Milei,Philipp Bagus,,,,,La era Milei Philip Bagus.jpg,D:\Documentos\Acracia\Biblioteca Acracia\  😬 Libros FALTANTES\La era Milei Philip Bagus.jpg,,0.9,,,,
auto,100.0,,La Escuela Austriaca de Economía para Principiantes_.jpg,Escuela Austriaca de Economía,,Escuela Austriaca de Economía.pdf,La Escuela austriaca de economía,Juan Pablo Radziunas Pulido,   👀 TEMAS\   💱 ECONOMÍA\ 📚 Escuelas\ Escuela Austriaca\Artículos\Escuela Austriaca de Economía.pdf,La Escuela Austriaca de Economía para Principiantes_.jpg,D:\Documentos\Acracia\Biblioteca Acracia\  😬 Libros FALTANTES\La Escuela Austriaca de Economía para Principiantes_.jpg,D:\Documentos\Acracia\Biblioteca Acracia\   👀 TEMAS\   💱 ECONOMÍA\ 📚 Escuelas\ Escuela Austriaca\Artículos\Escuela Austriaca de Economía.pdf,0.7,J.C Cachanosky - La Escuela Austriaca.pdf,100.0,La escuela austriaca de economía.pdf,100.0
no_match,0.0,,"LA EVOLUCIÓN DE LA ECONOMÍA, Modelos de economía y tipos de mercado.jpg",LA EVOLUCION DE LA ECONOMÍA,SYDNEY D'AGVILO,,,,,"LA EVOLUCIÓN DE LA ECONOMÍA, Modelos de economía y tipos de mercado.jpg","D:\Documentos\Acracia\Biblioteca Acracia\  😬 Libros FALTANTES\LA EVOLUCIÓN DE LA ECONOMÍA, Modelos de economía y tipos de mercado.jpg",,0.9,,,,
no_match,0.0,,La innovación em Silicon Valley.jpg,LA INNOVACIÓN EN SILICON VALLEY,Diego F. Wartjes,,,,,La innovación em Silicon Valley.jpg,D:\Documentos\Acracia\Biblioteca Acracia\  😬 Libros FALTANTES\La innovación em Silicon Valley.jpg,,0.9,,,,
auto,100.0,66.7,La ley de hierro de la oligarquía_.jpg,La ley de hierro de la oligarquía,Dalmacio Negro, Dalmacio - La ley de hierro de la oligarquía.pdf,La ley de hierro de la oligarquía,Dalmacio Negro Pavón, Dalmacio - La ley de hierro de la oligarquía.pdf,La ley de hierro de la oligarquía_.jpg,D:\Documentos\Acracia\Biblioteca Acracia\  😬 Libros FALTANTES\La ley de hierro de la oligarquía_.jpg,D:\Documentos\Acracia\Biblioteca Acracia\ Dalmacio - La ley de hierro de la oligarquía.pdf,0.9,,,,
no_match,0.0,,"La libertad, liberal o libertaria.jpg","La libertad, ¿liberal o libertaria?",RAYMOND ARON,,,,,"La libertad, liberal o libertaria.jpg","D:\Documentos\Acracia\Biblioteca Acracia\  😬 Libros FALTANTES\La libertad, liberal o libertaria.jpg",,0.9,,,,
no_match,100.0,,La singularidad tecnológica_.jpg,LA SINGULARIDAD TECNOLÓGICA,MURRAY SHANAHAN,La singularidad tecnológica y el desafio posthumano.pdf,La singularidad tecnológica,,   👀 TEMAS\➕ TEMAS VARIOS\ 🤖 Tecnología\Futurismo\Artículos\La singularidad tecnológica y el desafio posthumano.pdf,La singularidad tecnológica_.jpg,D:\Documentos\Acracia\Biblioteca Acracia\  😬 Libros FALTANTES\La singularidad tecnológica_.jpg,D:\Documentos\Acracia\Biblioteca Acracia\   👀 TEMAS\➕ TEMAS VARIOS\ 🤖 Tecnología\Futurismo\Artículos\La singularidad tecnológica y el desafio posthumano.pdf,0.9,LA SINGULARIDAD TECNOLÓGICA_¿Mito o nueva frontera de lo humano_.pdf,100.0,La singularidad_tecnológica_ el debate_acerca de su posibilidad.pdf,84.3
no_match,0.0,,La sociedad degenerada_.jpg,LA SOCIEDAD DEGENERADA,SYDNEY D'AGVILO,,,,,La sociedad degenerada_.jpg,D:\Documentos\Acracia\Biblioteca Acracia\  😬 Libros FALTANTES\La sociedad degenerada_.jpg,,0.9,,,,
no_match,0.0,,"La Teoria Austriaca del Valor, el Capital y el Interes.jpg","LA TEORÍA AUSTRIACA DEL VALOR, EL CAPITAL Y EL INTERÉS",Klaus H. Hennings,,,,,"La Teoria Austriaca del Valor, el Capital y el Interes.jpg","D:\Documentos\Acracia\Biblioteca Acracia\  😬 Libros FALTANTES\La Teoria Austriaca del Valor, el Capital y el Interes.jpg",,0.9,,,,
no_match,80.1,,La teoría de la economía_.jpg,LA TEORÍA DE LA ECONOMÍA,Wilhelm Röpke,Crítica de la teoría económica neoclásica.pdf,Crítica de la teoría económica,,   👀 TEMAS\   💱 ECONOMÍA\ 📚 Escuelas\ Neoclásica\Crítica de la teoría económica neoclásica.pdf,La teoría de la economía_.jpg,D:\Documentos\Acracia\Biblioteca Acracia\  😬 Libros FALTANTES\La teoría de la economía_.jpg,D:\Documentos\Acracia\Biblioteca Acracia\   👀 TEMAS\   💱 ECONOMÍA\ 📚 Escuelas\ Neoclásica\Crítica de la teoría económica neoclásica.pdf,0.9,,,,
no_match,0.0,,La Teoría Interválica en Economía.jpg,LA TEORÍA INTERVÁLICA EN ECONOMÍA: EL MERCADO LIBRE,SYDNEY D'AGVILO,,,,,La Teoría Interválica en Economía.jpg,D:\Documentos\Acracia\Biblioteca Acracia\  😬 Libros FALTANTES\La Teoría Interválica en Economía.jpg,,0.9,,,,
no_match,0.0,,La Tiranía de los Imbéciles - Carlos Prallong.jpg,LA TIRANÍA DE LOS IMBÉCILES,CARLOS PRALLONG,,,,,La Tiranía de los Imbéciles - Carlos Prallong.jpg,D:\Documentos\Acracia\Biblioteca Acracia\  😬 Libros FALTANTES\La Tiranía de los Imbéciles - Carlos Prallong.jpg,,0.9,,,,
no_match,80.5,,Liberalismo en debate.jpg,Liberalismo en debate,Sebastián Hernán Erasun,El_liberalismo_radical_de_Jose_Victorino.pdf,El liberalismo,,      😱 NUEVO 2026\🗓️ 2023-2024\ Nuevo 2023\ Julio-Diciembre\ Noviembre\El_liberalismo_radical_de_Jose_Victorino.pdf,Liberalismo en debate.jpg,D:\Documentos\Acracia\Biblioteca Acracia\  😬 Libros FALTANTES\Liberalismo en debate.jpg,D:\Documentos\Acracia\Biblioteca Acracia\      😱 NUEVO 2026\🗓️ 2023-2024\ Nuevo 2023\ Julio-Diciembre\ Noviembre\El_liberalismo_radical_de_Jose_Victorino.pdf,0.9,Quispe - Liberalismo.pdf,82.8,,
no_match,98.4,,Liberalismo para la Generación Z.jpg,LIBERALISMO,FRAN MARTOS,El_liberalismo_radical_de_Jose_Victorino.pdf,El liberalismo,,      😱 NUEVO 2026\🗓️ 2023-2024\ Nuevo 2023\ Julio-Diciembre\ Noviembre\El_liberalismo_radical_de_Jose_Victorino.pdf,Liberalismo para la Generación Z.jpg,D:\Documentos\Acracia\Biblioteca Acracia\  😬 Libros FALTANTES\Liberalismo para la Generación Z.jpg,D:\Documentos\Acracia\Biblioteca Acracia\      😱 NUEVO 2026\🗓️ 2023-2024\ Nuevo 2023\ Julio-Diciembre\ Noviembre\El_liberalismo_radical_de_Jose_Victorino.pdf,0.9,Quispe - Liberalismo.pdf,100.0,Moras y Gardella - ¿Qué es el Liberalismo_.pdf,87.8
no_match,83.2,29.6,Libertarianismo & Anarcocapitalismo_.jpg,LIBERTARIANISMO & ANARCOCAPITALISMO,Camilo Thudium; Vargas dos Santos,J.M.Oliver - El Nuevo Libertarianismo Anarcocapitalista.PDF,El Nuevo Libertarianismo Anarcocapitalista,Icecream PDF Converter,   👀 TEMAS\    💛 LIBERTAD\ 🌗 Anarco-Capitalismo\J.M.Oliver - El Nuevo Libertarianismo Anarcocapitalista.PDF,Libertarianismo & Anarcocapitalismo_.jpg,D:\Documentos\Acracia\Biblioteca Acracia\  😬 Libros FALTANTES\Libertarianismo & Anarcocapitalismo_.jpg,D:\Documentos\Acracia\Biblioteca Acracia\   👀 TEMAS\    💛 LIBERTAD\ 🌗 Anarco-Capitalismo\J.M.Oliver - El Nuevo Libertarianismo Anarcocapitalista.PDF,0.9,,,,
no_match,82.2,9.4,Los Argumentos de la Libertad.webp,LOS ARGUMENTOS DE LA LIBERTAD,Karina Mariani; Cynthia Molinari; Diana Mondino; Alba Pérez Romero; María Zaldivar,Hayek - Los Fundamentos de la Libertad.pdf,Los Fundamentos de la Libertad,Usuario,   👀 TEMAS\ 👥 SOCIEDAD\Conservadurismo\Hayek - Los Fundamentos de la Libertad.pdf,Los Argumentos de la Libertad.webp,D:\Documentos\Acracia\Biblioteca Acracia\  😬 Libros FALTANTES\Los Argumentos de la Libertad.webp,D:\Documentos\Acracia\Biblioteca Acracia\   👀 TEMAS\ 👥 SOCIEDAD\Conservadurismo\Hayek - Los Fundamentos de la Libertad.pdf,0.9,,,,
no_match,0.0,,Los límites del Keynesianismo.jpg,Los límites del keynesianismo,DOMINIC ALEXANDER,,,,,Los límites del Keynesianismo.jpg,D:\Documentos\Acracia\Biblioteca Acracia\  😬 Libros FALTANTES\Los límites del Keynesianismo.jpg,,0.9,,,,
no_match,0.0,,Los Mellizos Tuttle en Español_.jpg,Los Mellizos Tuttle y el Destino del Futuro,Connor Boyack,,,,,Los Mellizos Tuttle en Español_.jpg,D:\Documentos\Acracia\Biblioteca Acracia\  😬 Libros FALTANTES\Los Mellizos Tuttle en Español_.jpg,,0.9,,,,
no_match,0.0,,Manifiesto del Movimiento Nacional-Anarquista.webp,MANIFIESTO DEL MOVIMIENTO NACIONAL-ANARQUISTA,TROY SOUTHGATE,,,,,Manifiesto del Movimiento Nacional-Anarquista.webp,D:\Documentos\Acracia\Biblioteca Acracia\  😬 Libros FALTANTES\Manifiesto del Movimiento Nacional-Anarquista.webp,,0.9,,,,
review,88.5,,Manual de desobediencia civil_ como la lucha no-violenta será decisiva en este siglo.jpg,MANUAL DE DESOBEDIENCIA CIVIL,Mark Engler; Paul Engler, Desobediencia civil y no-violencia.pdf,Desobediencia civil,,   👀 TEMAS\ 🗝️ ESTRATEGIA\ Desobediencia civil y no-violencia.pdf,Manual de desobediencia civil_ como la lucha no-violenta será decisiva en este siglo.jpg,D:\Documentos\Acracia\Biblioteca Acracia\  😬 Libros FALTANTES\Manual de desobediencia civil_ como la lucha no-violenta será decisiva en este siglo.jpg,D:\Documentos\Acracia\Biblioteca Acracia\   👀 TEMAS\ 🗝️ ESTRATEGIA\ Desobediencia civil y no-violencia.pdf,0.9,Desobediencia civil (William E. Scheuerman).pdf,88.5,,
no_match,0.0,,Adam Smith_ 300 años_.jpg,ESTUDIOS PÚBLICOS,ADAM SMITH,,,,,Más\Adam Smith_ 300 años_.jpg,D:\Documentos\Acracia\Biblioteca Acracia\  😬 Libros FALTANTES\Más\Adam Smith_ 300 años_.jpg,,0.9,,,,
no_match,100.0,,Adam Smith_ El hombre y sus obras.jpg,ADAM SMITH,E. G. WEST,Laissez faire.pdf,Adam Smith.,,   👀 TEMAS\   💱 ECONOMÍA\ 💹 Capitalismo y Libre Mercado\  Libre Mercado\Laissez faire.pdf,Más\Adam Smith_ El hombre y sus obras.jpg,D:\Documentos\Acracia\Biblioteca Acracia\  😬 Libros FALTANTES\Más\Adam Smith_ El hombre y sus obras.jpg,D:\Documentos\Acracia\Biblioteca Acracia\   👀 TEMAS\   💱 ECONOMÍA\ 💹 Capitalismo y Libre Mercado\  Libre Mercado\Laissez faire.pdf,0.9,Rothbard - El Mito de Adam Smith.pdf,85.5,,
no_match,0.0,,Al rescate de un liberalismo perdido_.jpg,AL RESCATE DE UN LIBERALISMO PERDIDO,IGNACIO DE POSADAS MONTERO,,,,,Más\Al rescate de un liberalismo perdido_.jpg,D:\Documentos\Acracia\Biblioteca Acracia\  😬 Libros FALTANTES\Más\Al rescate de un liberalismo perdido_.jpg,,0.9,,,,
no_match,0.0,,Análisis Económico del Derecho - Martín Krause.jpg,Análisis Económico del Derecho,Martin Krause; Ricardo M. Rojas; Eduardo Stordeur; Eliana M. Santantangelo; Eleonora Urrutia; Federico G. M. Sosa Valle; Pablo A. Iannello; Augusto C. Lapeyre; Ernesto G. Kilhne,,,,,Más\Análisis Económico del Derecho - Martín Krause.jpg,D:\Documentos\Acracia\Biblioteca Acracia\  😬 Libros FALTANTES\Más\Análisis Económico del Derecho - Martín Krause.jpg,,0.9,,,,
no_match,0.0,,Apología del Liberalismo Económico.webp,APOLOGÍA DEL LIBERALISMO ECONÓMICO,JUAN FRANCISCO RAMOS MEJÍA (H),,,,,Más\Apología del Liberalismo Económico.webp,D:\Documentos\Acracia\Biblioteca Acracia\  😬 Libros FALTANTES\Más\Apología del Liberalismo Económico.webp,,0.9,,,,
no_match,0.0,,Bases liberales para un gobierno liberal.jpg,Bases liberales para un programa de gobierno,Alvaro C. Alsogaray,,,,,Más\Bases liberales para un gobierno liberal.jpg,D:\Documentos\Acracia\Biblioteca Acracia\  😬 Libros FALTANTES\Más\Bases liberales para un gobierno liberal.jpg,,0.9,,,,
no_match,0.0,,Camino Libertario y Anarquista.jpg,Camino Libertario y Anarquista,Sigfrido Losada Torreiro,,,,,Más\Camino Libertario y Anarquista.jpg,D:\Documentos\Acracia\Biblioteca Acracia\  😬 Libros FALTANTES\Más\Camino Libertario y Anarquista.jpg,,0.9,,,,
no_match,0.0,,CIUDAD-CENTRAL.jpg,CIUDAD CENTRAL,Carlos Losada,,,,,Más\CIUDAD-CENTRAL.jpg,D:\Documentos\Acracia\Biblioteca Acracia\  😬 Libros FALTANTES\Más\CIUDAD-CENTRAL.jpg,,0.9,,,,
no_match,100.0,20.0,CONTRA LA IZQUIERDA.jpg,CONTRA LA IZQUIERDA,Carlos López Díaz; Francisco José Contreras, Rockwell - Contra la Izquierda.pdf,Contra la Izquierda,Rockwell,    🤓 AUTORES\   CATEGORÍAS\  🌗 Ancaps-Voluntaristas\ Lew Rockwell\ Rockwell - Contra la Izquierda.pdf,Más\CONTRA LA IZQUIERDA.jpg,D:\Documentos\Acracia\Biblioteca Acracia\  😬 Libros FALTANTES\Más\CONTRA LA IZQUIERDA.jpg,D:\Documentos\Acracia\Biblioteca Acracia\    🤓 AUTORES\   CATEGORÍAS\  🌗 Ancaps-Voluntaristas\ Lew Rockwell\ Rockwell - Contra la Izquierda.pdf,0.9,Lew Rockwell - contra la izquierda.pdf,100.0,Contra la manipulación de la izquierda (Javier Giral Palasí).pdf,82.9
no_match,0.0,,Del Microcosmos al Macrocosmos.jpg,Del Microcosmos al Macrocosmos,Serhat Demir,,,,,Más\Del Microcosmos al Macrocosmos.jpg,D:\Documentos\Acracia\Biblioteca Acracia\  😬 Libros FALTANTES\Más\Del Microcosmos al Macrocosmos.jpg,,0.9,,,,
no_match,0.0,,Del Objetivismo de Ayn Rand a los cómics de Steve Ditko.jpg,Del Objetivismo de Ayn Rand a los cómics de Steve Ditko,Héctor Caño,,,,,Más\Del Objetivismo de Ayn Rand a los cómics de Steve Ditko.jpg,D:\Documentos\Acracia\Biblioteca Acracia\  😬 Libros FALTANTES\Más\Del Objetivismo de Ayn Rand a los cómics de Steve Ditko.jpg,,1.0,,,,
no_match,0.0,,"Dinero, codicia y Dios.jpg","DINERO, CODICIA Y DIOS",JAY W. RICHARDS,,,,,"Más\Dinero, codicia y Dios.jpg","D:\Documentos\Acracia\Biblioteca Acracia\  😬 Libros FALTANTES\Más\Dinero, codicia y Dios.jpg",,0.9,,,,
no_match,0.0,,Divagaciones de un Liberal Solitario_.jpg,DIVAGACIONES DE UN LIBERAL SOLITARIO,Enrique Arenz,,,,,Más\Divagaciones de un Liberal Solitario_.jpg,D:\Documentos\Acracia\Biblioteca Acracia\  😬 Libros FALTANTES\Más\Divagaciones de un Liberal Solitario_.jpg,,0.9,,,,
no_match,85.2,,Economía para cualquiera.jpg,ECONOMÍA,SEBASTIÁN IZQUIERDO,Economía familiar.pdf,ECONOMÍA FAMILIAR,,➕ MÁS\👦 Infantiles\Economía familiar.pdf,Más\Economía para cualquiera.jpg,D:\Documentos\Acracia\Biblioteca Acracia\  😬 Libros FALTANTES\Más\Economía para cualquiera.jpg,D:\Documentos\Acracia\Biblioteca Acracia\➕ MÁS\👦 Infantiles\Economía familiar.pdf,0.9,Finanzas para Ninos.pdf,85.2,,
no_match,100.0,,Educación ¿Estatal o particular_.jpg,EDUCACIÓN,John Bennett,Educación Financiera Infantil.pdf,Educación,,➕ MÁS\👦 Infantiles\Educación Financiera Infantil.pdf,Más\Educación ¿Estatal o particular_.jpg,D:\Documentos\Acracia\Biblioteca Acracia\  😬 Libros FALTANTES\Más\Educación ¿Estatal o particular_.jpg,D:\Documentos\Acracia\Biblioteca Acracia\➕ MÁS\👦 Infantiles\Educación Financiera Infantil.pdf,0.9,,,,
no_match,0.0,,El Colapso de las Naciones Leopold Kohr.webp,EL COLAPSO DE LAS NACIONES,Leopold Kohr,,,,,Más\El Colapso de las Naciones Leopold Kohr.webp,D:\Documentos\Acracia\Biblioteca Acracia\  😬 Libros FALTANTES\Más\El Colapso de las Naciones Leopold Kohr.webp,,0.9,,,,
no_match,0.0,,El futuro_.jpg,EL FUTURO,Nick Montfort,,,,,Más\El futuro_.jpg,D:\Documentos\Acracia\Biblioteca Acracia\  😬 Libros FALTANTES\Más\El futuro_.jpg,,0.9,,,,
no_match,0.0,,El lado oscuro de los libertarios.jpg,EL LADO OSCURO DE LOS LIBERTARIOS,PABLO VILLIZZIANTO,,,,,Más\El lado oscuro de los libertarios.jpg,D:\Documentos\Acracia\Biblioteca Acracia\  😬 Libros FALTANTES\Más\El lado oscuro de los libertarios.jpg,,0.9,,,,
no_match,86.6,,El Liberalismo Mexicano.jpg,EL LIBERALISMO MEXICANO,JESUS REYES HEROLES,El_liberalismo_radical_de_Jose_Victorino.pdf,El liberalismo,,      😱 NUEVO 2026\🗓️ 2023-2024\ Nuevo 2023\ Julio-Diciembre\ Noviembre\El_liberalismo_radical_de_Jose_Victorino.pdf,Más\El Liberalismo Mexicano.jpg,D:\Documentos\Acracia\Biblioteca Acracia\  😬 Libros FALTANTES\Más\El Liberalismo Mexicano.jpg,D:\Documentos\Acracia\Biblioteca Acracia\      😱 NUEVO 2026\🗓️ 2023-2024\ Nuevo 2023\ Julio-Diciembre\ Noviembre\El_liberalismo_radical_de_Jose_Victorino.pdf,0.9,Quispe - Liberalismo.pdf,80.6,,
no_match,0.0,,El liberalismo y los límites de la justicia_.jpg,El liberalismo y los límites de la justicia,Michael Sandel,,,,,Más\El liberalismo y los límites de la justicia_.jpg,D:\Documentos\Acracia\Biblioteca Acracia\  😬 Libros FALTANTES\Más\El liberalismo y los límites de la justicia_.jpg,,0.9,,,,
no_match,0.0,,El modelo de la casa.jpg,EL MODELO DE LA CASA,Eduardo Ergueta; B. Keith Simerson,,,,,Más\El modelo de la casa.jpg,D:\Documentos\Acracia\Biblioteca Acracia\  😬 Libros FALTANTES\Más\El modelo de la casa.jpg,,0.9,,,,
no_match,0.0,,El Retorno del Superhombre - Warren Orbaugh.jpg,El retorno del superhombre,WARREN ORBAUGH,,,,,Más\El Retorno del Superhombre - Warren Orbaugh.jpg,D:\Documentos\Acracia\Biblioteca Acracia\  😬 Libros FALTANTES\Más\El Retorno del Superhombre - Warren Orbaugh.jpg,,0.9,,,,
no_match,0.0,,El telón de acero.jpg,El telón de acero,Anne Applebaum,,,,,Más\El telón de acero.jpg,D:\Documentos\Acracia\Biblioteca Acracia\  😬 Libros FALTANTES\Más\El telón de acero.jpg,,0.9,,,,
no_match,0.0,,El-octubre-chileno.jpg,El octubre chileno,Benjamín Ugalde; Felipe Schwember; Valentina Verbal; otros,,,,,Más\El-octubre-chileno.jpg,D:\Documentos\Acracia\Biblioteca Acracia\  😬 Libros FALTANTES\Más\El-octubre-chileno.jpg,,0.9,,,,
no_match,0.0,,En el acuario de Facebook_.jpg,EN EL ACUARIO DE FACEBOOK,Ippolita,,,,,Más\En el acuario de Facebook_.jpg,D:\Documentos\Acracia\Biblioteca Acracia\  😬 Libros FALTANTES\Más\En el acuario de Facebook_.jpg,,0.9,,,,
no_match,0.0,,Ensayos en homenaje a Martin Krause.jpg,ENSAYOS EN HOMENAJE DE,MARTIN KRAUSE,,,,,Más\Ensayos en homenaje a Martin Krause.jpg,D:\Documentos\Acracia\Biblioteca Acracia\  😬 Libros FALTANTES\Más\Ensayos en homenaje a Martin Krause.jpg,,0.8,,,,
no_match,0.0,,IMG_20250415_154039.jpg,LA NUEVA DERECHA,Antonella Marty,,,,,Más\IMG_20250415_154039.jpg,D:\Documentos\Acracia\Biblioteca Acracia\  😬 Libros FALTANTES\Más\IMG_20250415_154039.jpg,,0.9,,,,
no_match,0.0,,IMG_20250610_095039.jpg,La gran hambruna en la China de Mao,Frank Dikötter,,,,,Más\IMG_20250610_095039.jpg,D:\Documentos\Acracia\Biblioteca Acracia\  😬 Libros FALTANTES\Más\IMG_20250610_095039.jpg,,0.9,,,,
no_match,0.0,,IMG_20250610_122526.jpg,CHE,NICOLÁS MARQUEZ,,,,,Más\IMG_20250610_122526.jpg,D:\Documentos\Acracia\Biblioteca Acracia\  😬 Libros FALTANTES\Más\IMG_20250610_122526.jpg,,0.9,,,,
no_match,0.0,,IMG_20250610_143911.jpg,LA DERECHA LIBERAL SÍ EXISTE,Hernán Larraín Matte,,,,,Más\IMG_20250610_143911.jpg,D:\Documentos\Acracia\Biblioteca Acracia\  😬 Libros FALTANTES\Más\IMG_20250610_143911.jpg,,0.9,,,,
no_match,0.0,,IMG_20250610_161254.jpg,Historia del Globalismo,Daniel López,,,,,Más\IMG_20250610_161254.jpg,D:\Documentos\Acracia\Biblioteca Acracia\  😬 Libros FALTANTES\Más\IMG_20250610_161254.jpg,,0.9,,,,
no_match,0.0,,IMG_20250610_192636.jpg,Nacionalismo Contra Globalismo,Alfredo Jalife-Rahme,,,,,Más\IMG_20250610_192636.jpg,D:\Documentos\Acracia\Biblioteca Acracia\  😬 Libros FALTANTES\Más\IMG_20250610_192636.jpg,,0.9,,,,
no_match,0.0,,IMG_20250610_192841.jpg,EL FENÓMENO MILEI,Alberto Mayol,,,,,Más\IMG_20250610_192841.jpg,D:\Documentos\Acracia\Biblioteca Acracia\  😬 Libros FALTANTES\Más\IMG_20250610_192841.jpg,,0.9,,,,
no_match,0.0,,Ingeniería social.jpg,ingeniería,SERGIO MELZNER,,,,,Más\Ingeniería social.jpg,D:\Documentos\Acracia\Biblioteca Acracia\  😬 Libros FALTANTES\Más\Ingeniería social.jpg,,0.9,,,,
no_match,0.0,,La Envidia Igualitaria - Gonzalo Fernandez de la Mora.jpg,LA ENVIDIA IGUALITARIA,Gonzalo Fernández de la Mora; Pedro C. González Cuevas,,,,,Más\La Envidia Igualitaria - Gonzalo Fernandez de la Mora.jpg,D:\Documentos\Acracia\Biblioteca Acracia\  😬 Libros FALTANTES\Más\La Envidia Igualitaria - Gonzalo Fernandez de la Mora.jpg,,0.9,,,,
no_match,0.0,,La Posverdad Socialista.jpg,LA POSVERDAD SOCIALISTA,Alberto Benegas Lynch (h),,,,,Más\La Posverdad Socialista.jpg,D:\Documentos\Acracia\Biblioteca Acracia\  😬 Libros FALTANTES\Más\La Posverdad Socialista.jpg,,0.9,,,,
no_match,0.0,,La-igualdad-liberal-3a-1.jpg,LA IGUALDAD LIBERAL,Lucia Santa Cruz,,,,,Más\La-igualdad-liberal-3a-1.jpg,D:\Documentos\Acracia\Biblioteca Acracia\  😬 Libros FALTANTES\Más\La-igualdad-liberal-3a-1.jpg,,1.0,,,,
no_match,0.0,,la-libertad-de-emision-del-dinero-bancario.jpg,LA LIBERTAD DE EMISIÓN DEL DINERO BANCARIO,GEORGE A. SELGIN; José Antonio de Aguirre,,,,,Más\la-libertad-de-emision-del-dinero-bancario.jpg,D:\Documentos\Acracia\Biblioteca Acracia\  😬 Libros FALTANTES\Más\la-libertad-de-emision-del-dinero-bancario.jpg,,0.9,,,,
no_match,0.0,,Las Oligarquías Reinantes - Alberto Benegas Lynch.jpg,Las oligarquías reinantes,Alberto Benegas Lynch (h),,,,,Más\Las Oligarquías Reinantes - Alberto Benegas Lynch.jpg,D:\Documentos\Acracia\Biblioteca Acracia\  😬 Libros FALTANTES\Más\Las Oligarquías Reinantes - Alberto Benegas Lynch.jpg,,0.9,,,,
no_match,0.0,,Las raíces totalitarias del fracaso argentino.jpg,LAS RAÍCES TOTALITARIAS DEL FRACASO ARGENTINO,Meir Zylberberg,,,,,Más\Las raíces totalitarias del fracaso argentino.jpg,D:\Documentos\Acracia\Biblioteca Acracia\  😬 Libros FALTANTES\Más\Las raíces totalitarias del fracaso argentino.jpg,,0.9,,,,
no_match,0.0,,Lecciones de historia del pensamiento político_.jpg,Lecciones de historia del pensamiento político,Michael Oakeshott; Francisco Javier López Alonso,,,,,Más\Lecciones de historia del pensamiento político_.jpg,D:\Documentos\Acracia\Biblioteca Acracia\  😬 Libros FALTANTES\Más\Lecciones de historia del pensamiento político_.jpg,,0.9,,,,
no_match,0.0,,Liberalismo e inteligencia artificial_.jpg,Liberalismo e inteligencia artificial,Jorge Palomino,,,,,Más\Liberalismo e inteligencia artificial_.jpg,D:\Documentos\Acracia\Biblioteca Acracia\  😬 Libros FALTANTES\Más\Liberalismo e inteligencia artificial_.jpg,,0.9,,,,
no_match,98.4,,Liberalismo vs. Socialismo_.jpg,LIBERALISMO,FERNANDO BROM,El_liberalismo_radical_de_Jose_Victorino.pdf,El liberalismo,,      😱 NUEVO 2026\🗓️ 2023-2024\ Nuevo 2023\ Julio-Diciembre\ Noviembre\El_liberalismo_radical_de_Jose_Victorino.pdf,Más\Liberalismo vs. Socialismo_.jpg,D:\Documentos\Acracia\Biblioteca Acracia\  😬 Libros FALTANTES\Más\Liberalismo vs. Socialismo_.jpg,D:\Documentos\Acracia\Biblioteca Acracia\      😱 NUEVO 2026\🗓️ 2023-2024\ Nuevo 2023\ Julio-Diciembre\ Noviembre\El_liberalismo_radical_de_Jose_Victorino.pdf,0.9,Quispe - Liberalismo.pdf,100.0,Huerta - Liberalismo VS Anarco-Capitalismo.pdf,91.7
no_match,80.6,22.2,Liberalismo-para-padres.jpg,Liberalismo para padres,ROBERTO ZAPATA UGSTAD,Quispe - Liberalismo.pdf,Liberalismo,Quispe,      😱 NUEVO 2026\🗓️ 2023-2024\ Nuevo 2024\ Enero-Junio\Marzo - Abril\Quispe - Liberalismo.pdf,Más\Liberalismo-para-padres.jpg,D:\Documentos\Acracia\Biblioteca Acracia\  😬 Libros FALTANTES\Más\Liberalismo-para-padres.jpg,D:\Documentos\Acracia\Biblioteca Acracia\      😱 NUEVO 2026\🗓️ 2023-2024\ Nuevo 2024\ Enero-Junio\Marzo - Abril\Quispe - Liberalismo.pdf,0.9,,,,
no_match,0.0,,Liberté manifeste.jpg,Liberté Manifeste,Stéphane Geyres,,,,,Más\Liberté manifeste.jpg,D:\Documentos\Acracia\Biblioteca Acracia\  😬 Libros FALTANTES\Más\Liberté manifeste.jpg,,0.9,,,,
no_match,0.0,,Libro Faltante.png,Libertad y socialismo,Jean Gustave Courcelle-Seneuil,,,,,Más\Libro Faltante.png,D:\Documentos\Acracia\Biblioteca Acracia\  😬 Libros FALTANTES\Más\Libro Faltante.png,,0.9,,,,
no_match,0.0,,Lo que todavía no se vé_.jpg,LO QUE TODAVÍA NO SE VE,GABRIEL RODRIGUEZ,,,,,Más\Lo que todavía no se vé_.jpg,D:\Documentos\Acracia\Biblioteca Acracia\  😬 Libros FALTANTES\Más\Lo que todavía no se vé_.jpg,,0.9,,,,
no_match,0.0,,Los Aparatos Estatales nos Aplastan.jpg,LOS APARATOS ESTATALES NOS APLASTAN,Alberto Benegas Lynch (h),,,,,Más\Los Aparatos Estatales nos Aplastan.jpg,D:\Documentos\Acracia\Biblioteca Acracia\  😬 Libros FALTANTES\Más\Los Aparatos Estatales nos Aplastan.jpg,,0.9,,,,
no_match,84.8,26.7,Los Liberales somos Progresivos.jpg,LOS LIBERALES,Alberto Benegas Lynch (h),Panfletos liberales IV (Carlos Rodríguez Braun).pdf,Panfletos liberales IV,Carlos Rodríguez Braun,      😱 NUEVO 2026\ 🗓️ NUEVO 2025\  📅 MESES 2025\ Junio\Panfletos liberales IV (Carlos Rodríguez Braun).pdf,Más\Los Liberales somos Progresivos.jpg,D:\Documentos\Acracia\Biblioteca Acracia\  😬 Libros FALTANTES\Más\Los Liberales somos Progresivos.jpg,D:\Documentos\Acracia\Biblioteca Acracia\      😱 NUEVO 2026\ 🗓️ NUEVO 2025\  📅 MESES 2025\ Junio\Panfletos liberales IV (Carlos Rodríguez Braun).pdf,0.9,Panfletos liberales III (Carlos Rodríguez Braun).pdf,83.6,,
no_match,0.0,,Manual de la perfecta libertaria.jpg,MANUAL DE LA PERFECTA LIBERTARIA,Natalia Rey Navarro,,,,,Más\Manual de la perfecta libertaria.jpg,D:\Documentos\Acracia\Biblioteca Acracia\  😬 Libros FALTANTES\Más\Manual de la perfecta libertaria.jpg,,1.0,,,,
no_match,0.0,,Marxismo y socialismo libertario.jpg,Marxismo y Socialismo Libertario,Daniel Guerin,,,,,Más\Marxismo y socialismo libertario.jpg,D:\Documentos\Acracia\Biblioteca Acracia\  😬 Libros FALTANTES\Más\Marxismo y socialismo libertario.jpg,,0.9,,,,
no_match,85.3,34.5,Moral y capitalismo_.jpg,MORAL Y CAPITALISMO,HENRI DU PASSAGE,Arthur Seldon - Capitalismo.pdf,Capitalismo,Arthur Seldon,   👀 TEMAS\   💱 ECONOMÍA\ 💹 Capitalismo y Libre Mercado\ Capitalismo\Arthur Seldon - Capitalismo.pdf,Más\Moral y capitalismo_.jpg,D:\Documentos\Acracia\Biblioteca Acracia\  😬 Libros FALTANTES\Más\Moral y capitalismo_.jpg,D:\Documentos\Acracia\Biblioteca Acracia\   👀 TEMAS\   💱 ECONOMÍA\ 💹 Capitalismo y Libre Mercado\ Capitalismo\Arthur Seldon - Capitalismo.pdf,0.9,Bondone - Capitalismo y Moneda.pdf,80.0,,
no_match,0.0,,Nómada Capitalista.jpg,NÓMADA CAPITALISTA,ANDREW HENDERSON,,,,,Más\Nómada Capitalista.jpg,D:\Documentos\Acracia\Biblioteca Acracia\  😬 Libros FALTANTES\Más\Nómada Capitalista.jpg,,0.9,,,,
no_match,0.0,,Objetivismo_ La Filosofía Benevolente - Warren Orbalich.jpg,OBJETIVISMO: LA FILOSOFÍA BENEVOLE,WARREN ORBAUGH,,,,,Más\Objetivismo_ La Filosofía Benevolente - Warren Orbalich.jpg,D:\Documentos\Acracia\Biblioteca Acracia\  😬 Libros FALTANTES\Más\Objetivismo_ La Filosofía Benevolente - Warren Orbalich.jpg,,0.9,,,,
no_match,0.0,,Organizaciones exitosas_.jpg,Organizaciones Exitosas,Alejandro Mori,,,,,Más\Organizaciones exitosas_.jpg,D:\Documentos\Acracia\Biblioteca Acracia\  😬 Libros FALTANTES\Más\Organizaciones exitosas_.jpg,,0.9,,,,
no_match,0.0,,Patear el Tablero.webp,Patear el tablero,Santiago Berger; Luis Zibecchi,,,,,Más\Patear el Tablero.webp,D:\Documentos\Acracia\Biblioteca Acracia\  😬 Libros FALTANTES\Más\Patear el Tablero.webp,,0.9,,,,
no_match,81.0,,Proceso al liberalismo.jpg,Proceso al liberalismo,Alain de Benoist; Jesús Sebastián Lorente,El_liberalismo_radical_de_Jose_Victorino.pdf,El liberalismo,,      😱 NUEVO 2026\🗓️ 2023-2024\ Nuevo 2023\ Julio-Diciembre\ Noviembre\El_liberalismo_radical_de_Jose_Victorino.pdf,Más\Proceso al liberalismo.jpg,D:\Documentos\Acracia\Biblioteca Acracia\  😬 Libros FALTANTES\Más\Proceso al liberalismo.jpg,D:\Documentos\Acracia\Biblioteca Acracia\      😱 NUEVO 2026\🗓️ 2023-2024\ Nuevo 2023\ Julio-Diciembre\ Noviembre\El_liberalismo_radical_de_Jose_Victorino.pdf,0.9,Quispe - Liberalismo.pdf,81.7,,
no_match,0.0,,Qué significa ser conservador_.jpg,QUÉ SIGNIFICA SER CONSERVADOR,RUSSELL KIRK; César Vidal,,,,,Más\Qué significa ser conservador_.jpg,D:\Documentos\Acracia\Biblioteca Acracia\  😬 Libros FALTANTES\Más\Qué significa ser conservador_.jpg,,0.9,,,,
no_match,0.0,,relatos-polixxticamente-incorrectos.jpg,RELATOS POLÍTICAMENTE INCORRECTOS,SANCHO DE CARDONA,,,,,Más\relatos-polixxticamente-incorrectos.jpg,D:\Documentos\Acracia\Biblioteca Acracia\  😬 Libros FALTANTES\Más\relatos-polixxticamente-incorrectos.jpg,,0.9,,,,
no_match,0.0,,Rumbo a la Libertad - Alvaro Vargas Llosa.jpg,Rumbo a la libertad,Álvaro Vargas Llosa,,,,,Más\Rumbo a la Libertad - Alvaro Vargas Llosa.jpg,D:\Documentos\Acracia\Biblioteca Acracia\  😬 Libros FALTANTES\Más\Rumbo a la Libertad - Alvaro Vargas Llosa.jpg,,0.9,,,,
no_match,0.0,,Screenshot_2023-06-14-00-25-22-680_com.instagram.android.jpg,Bibliografía sobre la pena de muerte,Joel Feinberg; David Boonin; William Bailey; Louis Pojman; Jeffrey Reiman; John Dworkin; Stephen Nathanson; David Oderberg; Michael Huemer,,,,,Más\Screenshot_2023-06-14-00-25-22-680_com.instagram.android.jpg,D:\Documentos\Acracia\Biblioteca Acracia\  😬 Libros FALTANTES\Más\Screenshot_2023-06-14-00-25-22-680_com.instagram.android.jpg,,0.8,,,,
no_match,0.0,,Sentido Común y Liberalismo Filosófico.jpg,Sentido Común y Liberalismo Filosófico,José Hernández Prado; José María Vigil; Antonio Caso,,,,,Más\Sentido Común y Liberalismo Filosófico.jpg,D:\Documentos\Acracia\Biblioteca Acracia\  😬 Libros FALTANTES\Más\Sentido Común y Liberalismo Filosófico.jpg,,0.9,,,,
no_match,0.0,,Teoría de genero_.jpg,TEORÍA DE GÉNERO,Bérénice Levet,,,,,Más\Teoría de genero_.jpg,D:\Documentos\Acracia\Biblioteca Acracia\  😬 Libros FALTANTES\Más\Teoría de genero_.jpg,,0.9,,,,
no_match,0.0,,Teoría económica subjetiva solidaria.jpg,Teoría económica subjetiva solidaria,Carlos Alberto Bondone; Juan Ramón Rallo,,,,,Más\Teoría económica subjetiva solidaria.jpg,D:\Documentos\Acracia\Biblioteca Acracia\  😬 Libros FALTANTES\Más\Teoría económica subjetiva solidaria.jpg,,0.9,,,,
no_match,0.0,,Un modelo liberal.jpg,UN MODELO LIBERAL,Juan Ramón Rallo,,,,,Más\Un modelo liberal.jpg,D:\Documentos\Acracia\Biblioteca Acracia\  😬 Libros FALTANTES\Más\Un modelo liberal.jpg,,0.9,,,,
no_match,0.0,,Vacas sagradas en la mira.jpg,Vacas sagradas,Alberto Benegas Lynch (h),,,,,Más\Vacas sagradas en la mira.jpg,D:\Documentos\Acracia\Biblioteca Acracia\  😬 Libros FALTANTES\Más\Vacas sagradas en la mira.jpg,,0.9,,,,
no_match,0.0,,O verdadeiro localismo.jpg,O verdadeiro localismo,Karl Hess; Agoristas Brasileiros,,,,,O verdadeiro localismo.jpg,D:\Documentos\Acracia\Biblioteca Acracia\  😬 Libros FALTANTES\O verdadeiro localismo.jpg,,0.9,,,,
no_match,0.0,,81ft8kPcMNS._SY466_.jpg,ATT FÖRSTÅ ALTERNATIVHÖGERN,Jonas Nilsson; Anton Stigermark,,,,,Otros Idiomas\81ft8kPcMNS._SY466_.jpg,D:\Documentos\Acracia\Biblioteca Acracia\  😬 Libros FALTANTES\Otros Idiomas\81ft8kPcMNS._SY466_.jpg,,0.9,,,,
no_match,0.0,,61-v2FD1P0L._SY425_.jpg,Libertärer Paternalismus,ROBERT NEUMANN,,,,,Otros Idiomas\Alemán\61-v2FD1P0L._SY425_.jpg,D:\Documentos\Acracia\Biblioteca Acracia\  😬 Libros FALTANTES\Otros Idiomas\Alemán\61-v2FD1P0L._SY425_.jpg,,0.9,,,,
no_match,0.0,,81s-1mOKIjS._SY466_.jpg,ANARKO-FASCISM,JONAS NILSSON,,,,,Otros Idiomas\Alemán\81s-1mOKIjS._SY466_.jpg,D:\Documentos\Acracia\Biblioteca Acracia\  😬 Libros FALTANTES\Otros Idiomas\Alemán\81s-1mOKIjS._SY466_.jpg,,0.9,,,,
no_match,0.0,,Agoristische Klassentheorie.jpg,AGORISTISCHE KLASSENTHEORIE,Wally Conger; Samuel Edward Konkin III; Brad Spangler,,,,,Otros Idiomas\Alemán\Agoristische Klassentheorie.jpg,D:\Documentos\Acracia\Biblioteca Acracia\  😬 Libros FALTANTES\Otros Idiomas\Alemán\Agoristische Klassentheorie.jpg,,0.9,,,,
no_match,0.0,,"Anti-Politik, Eine Sammlung agoristischer Texte.jpg",ANTI-POLITIK,Sal Mayweather,,,,,"Otros Idiomas\Alemán\Anti-Politik, Eine Sammlung agoristischer Texte.jpg","D:\Documentos\Acracia\Biblioteca Acracia\  😬 Libros FALTANTES\Otros Idiomas\Alemán\Anti-Politik, Eine Sammlung agoristischer Texte.jpg",,0.9,,,,
no_match,0.0,,Bakunin und Mises in eine Front.jpg,Bakunin und Mises in eine Front!?,Michael von Prolliuss; Stefan Blankertz,,,,,Otros Idiomas\Alemán\Bakunin und Mises in eine Front.jpg,D:\Documentos\Acracia\Biblioteca Acracia\  😬 Libros FALTANTES\Otros Idiomas\Alemán\Bakunin und Mises in eine Front.jpg,,0.9,,,,
no_match,0.0,,Ein liberales Manifest. Sieben Prinzipien und einige Klarstellungen.jpg,Ein liberales Manifest,MICHAEL VON PROLLIUS,,,,,Otros Idiomas\Alemán\Ein liberales Manifest. Sieben Prinzipien und einige Klarstellungen.jpg,D:\Documentos\Acracia\Biblioteca Acracia\  😬 Libros FALTANTES\Otros Idiomas\Alemán\Ein liberales Manifest. Sieben Prinzipien und einige Klarstellungen.jpg,,0.9,,,,
no_match,0.0,,"Frei statt Staat. Selbsteigentum, Ethik und die Verfassung der Privatrechtsgesellschaft.jpg",FREI STATT STAAT!,Peter J. Preusse,,,,,"Otros Idiomas\Alemán\Frei statt Staat. Selbsteigentum, Ethik und die Verfassung der Privatrechtsgesellschaft.jpg","D:\Documentos\Acracia\Biblioteca Acracia\  😬 Libros FALTANTES\Otros Idiomas\Alemán\Frei statt Staat. Selbsteigentum, Ethik und die Verfassung der Privatrechtsgesellschaft.jpg",,0.9,,,,
no_match,0.0,,"Gegen Politik, Über die Regierung und die geordnete Anarchie.jpg",Gegen Politik,Anthony de Jasay,,,,,"Otros Idiomas\Alemán\Gegen Politik, Über die Regierung und die geordnete Anarchie.jpg","D:\Documentos\Acracia\Biblioteca Acracia\  😬 Libros FALTANTES\Otros Idiomas\Alemán\Gegen Politik, Über die Regierung und die geordnete Anarchie.jpg",,0.9,,,,
no_match,0.0,,"Handeln und Erkennen, zur Kritik des Empirismus am Beispiel der Philosophie David Humes.jpg",Handeln und Erkennen,Hans-Hermann Hoppe,,,,,"Otros Idiomas\Alemán\Handeln und Erkennen, zur Kritik des Empirismus am Beispiel der Philosophie David Humes.jpg","D:\Documentos\Acracia\Biblioteca Acracia\  😬 Libros FALTANTES\Otros Idiomas\Alemán\Handeln und Erkennen, zur Kritik des Empirismus am Beispiel der Philosophie David Humes.jpg",,0.9,,,,
no_match,100.0,31.6,"Ludwig von Mises - Ein Lexikon, Von A wie Anarchismus bis Z wie Zwang.jpg",LUDWIG VON MISES,Michael Ladwig,Mises - Burocracia.pdf,Ludwig von Mises,Mises,   👀 TEMAS\   🏛️ ESTATISMO\Mises - Burocracia.pdf,"Otros Idiomas\Alemán\Ludwig von Mises - Ein Lexikon, Von A wie Anarchismus bis Z wie Zwang.jpg","D:\Documentos\Acracia\Biblioteca Acracia\  😬 Libros FALTANTES\Otros Idiomas\Alemán\Ludwig von Mises - Ein Lexikon, Von A wie Anarchismus bis Z wie Zwang.jpg",D:\Documentos\Acracia\Biblioteca Acracia\   👀 TEMAS\   🏛️ ESTATISMO\Mises - Burocracia.pdf,0.9,Mises - Burocracia.pdf,100.0,Mises - Caos Planificado.pdf,85.9
no_match,0.0,,"Manifest der neuen Libertären, Und die Geschichte der Bewegung in den USA.jpg",Manifest der neuen Libertären,Samuel Edward Konkin III,,,,,"Otros Idiomas\Alemán\Manifest der neuen Libertären, Und die Geschichte der Bewegung in den USA.jpg","D:\Documentos\Acracia\Biblioteca Acracia\  😬 Libros FALTANTES\Otros Idiomas\Alemán\Manifest der neuen Libertären, Und die Geschichte der Bewegung in den USA.jpg",,0.9,,,,
no_match,0.0,,Über den Demokratischen Undergang and die Wege aus der Ausweglosigkeit - Hoppe.jpg,Über den demokratischen Untergang und die Wege aus der Auswegslosigkeit,Hans-Hermann Hoppe,,,,,Otros Idiomas\Alemán\Über den Demokratischen Undergang and die Wege aus der Ausweglosigkeit - Hoppe.jpg,D:\Documentos\Acracia\Biblioteca Acracia\  😬 Libros FALTANTES\Otros Idiomas\Alemán\Über den Demokratischen Undergang and die Wege aus der Ausweglosigkeit - Hoppe.jpg,,0.9,,,,
no_match,0.0,,De l_instruction obligatoire.jpg,De l'instruction obligatoire,Frédéric Passy; Gustave de Molinari,,,,,Otros Idiomas\Francés\De l_instruction obligatoire.jpg,D:\Documentos\Acracia\Biblioteca Acracia\  😬 Libros FALTANTES\Otros Idiomas\Francés\De l_instruction obligatoire.jpg,,0.9,,,,
no_match,0.0,,Du réveil des consciences à la résistance civile.jpg,du RÉVEIL des CONSCIENCES,Derrick Broze; John Vibes,,,,,Otros Idiomas\Francés\Du réveil des consciences à la résistance civile.jpg,D:\Documentos\Acracia\Biblioteca Acracia\  😬 Libros FALTANTES\Otros Idiomas\Francés\Du réveil des consciences à la résistance civile.jpg,,0.9,,,,
no_match,0.0,,Esquisse de l’organisation politique et économique de la société future.jpg,Esquisse de l'organisation politique et économique de la société future,Gustave de MOLINARI,,,,,Otros Idiomas\Francés\Esquisse de l’organisation politique et économique de la société future.jpg,D:\Documentos\Acracia\Biblioteca Acracia\  😬 Libros FALTANTES\Otros Idiomas\Francés\Esquisse de l’organisation politique et économique de la société future.jpg,,0.9,,,,
no_match,0.0,,L_avenir anarchique et l_anarcho-capitalisme - Le monde néogandhien - Ravikumar Kurup.jpg,L'avenir anarchique et l'anarcho-capitalisme - Le monde néogandhien,Ravikumar Kurup,,,,,Otros Idiomas\Francés\L_avenir anarchique et l_anarcho-capitalisme - Le monde néogandhien - Ravikumar Kurup.jpg,D:\Documentos\Acracia\Biblioteca Acracia\  😬 Libros FALTANTES\Otros Idiomas\Francés\L_avenir anarchique et l_anarcho-capitalisme - Le monde néogandhien - Ravikumar Kurup.jpg,,0.9,,,,
no_match,0.0,,"La Grande Fiction, Partie II.jpg",LA GRANDE FICTION,HANS-HERMANN HOPPE,,,,,"Otros Idiomas\Francés\La Grande Fiction, Partie II.jpg","D:\Documentos\Acracia\Biblioteca Acracia\  😬 Libros FALTANTES\Otros Idiomas\Francés\La Grande Fiction, Partie II.jpg",,0.9,,,,
no_match,0.0,,Les soirées de la rue Saint-Lazare_ entretiens sur les lois économiques et la défense de la propriété - Gustave de Molinari.jpg,LES SOIRÉES DE LA RUE SAINT-LAZARE: ENTRETIENS SUR LES LOIS ÉCONOMIQUES ET LA DÉFENSE DE LA PROPRIÉTÉ,GUSTAVE DE MOLINARI,,,,,Otros Idiomas\Francés\Les soirées de la rue Saint-Lazare_ entretiens sur les lois économiques et la défense de la propriété - Gustave de Molinari.jpg,D:\Documentos\Acracia\Biblioteca Acracia\  😬 Libros FALTANTES\Otros Idiomas\Francés\Les soirées de la rue Saint-Lazare_ entretiens sur les lois économiques et la défense de la propriété - Gustave de Molinari.jpg,,0.9,,,,
no_match,0.0,,"Libres d_Images, Aphorismes de Liberté mis en images.jpg",Libres d'Images,Stéphane Geyres,,,,,"Otros Idiomas\Francés\Libres d_Images, Aphorismes de Liberté mis en images.jpg","D:\Documentos\Acracia\Biblioteca Acracia\  😬 Libros FALTANTES\Otros Idiomas\Francés\Libres d_Images, Aphorismes de Liberté mis en images.jpg",,0.9,,,,
no_match,0.0,,Oeuvres complètes de Gustave de Molinari_ Volume 1.jpg,ŒUVRES COMPLÈTES,GUSTAVE DE MOLINARI,,,,,Otros Idiomas\Francés\Oeuvres complètes de Gustave de Molinari_ Volume 1.jpg,D:\Documentos\Acracia\Biblioteca Acracia\  😬 Libros FALTANTES\Otros Idiomas\Francés\Oeuvres complètes de Gustave de Molinari_ Volume 1.jpg,,0.9,,,,
no_match,0.0,,De staat voorbij.jpg,De STAAT voorbij,KAREL BECKMAN,,,,,Otros Idiomas\Holandes\De staat voorbij.jpg,D:\Documentos\Acracia\Biblioteca Acracia\  😬 Libros FALTANTES\Otros Idiomas\Holandes\De staat voorbij.jpg,,0.9,,,,
no_match,95.6,,IMG_20250610_152642.jpg,ANARCOCAPITALISMO,ATOS HENRIQUE FERNANDES,Anarcocapitalismo ¿Qué es_.pdf,▷ Anarcocapitalismo ¿Qué es?,,   👀 TEMAS\    💛 LIBERTAD\ 🌗 Anarco-Capitalismo\Artículos\Anarcocapitalismo ¿Qué es_.pdf,Otros Idiomas\IMG_20250610_152642.jpg,D:\Documentos\Acracia\Biblioteca Acracia\  😬 Libros FALTANTES\Otros Idiomas\IMG_20250610_152642.jpg,D:\Documentos\Acracia\Biblioteca Acracia\   👀 TEMAS\    💛 LIBERTAD\ 🌗 Anarco-Capitalismo\Artículos\Anarcocapitalismo ¿Qué es_.pdf,0.9,"Carreiro, Daniel - Introducción al Anarcocapitalismo.pdf",93.5,Anarcocapitalismo Espacial (Presentación).pdf,93.5
no_match,0.0,,IMG_20250610_160818.jpg,Jesus é um anarquista,James Redford,,,,,Otros Idiomas\IMG_20250610_160818.jpg,D:\Documentos\Acracia\Biblioteca Acracia\  😬 Libros FALTANTES\Otros Idiomas\IMG_20250610_160818.jpg,,0.9,,,,
no_match,0.0,,IMG_20250610_161235.jpg,O Guia de Ação da Aliança de Libertários do Acre,Luís Henrique da Silva,,,,,Otros Idiomas\IMG_20250610_161235.jpg,D:\Documentos\Acracia\Biblioteca Acracia\  😬 Libros FALTANTES\Otros Idiomas\IMG_20250610_161235.jpg,,0.9,,,,
no_match,0.0,,50 classici del pensiero liberale e libertario.jpg,50,Guglielmo Piombini,,,,,Otros Idiomas\Italiano\50 classici del pensiero liberale e libertario.jpg,D:\Documentos\Acracia\Biblioteca Acracia\  😬 Libros FALTANTES\Otros Idiomas\Italiano\50 classici del pensiero liberale e libertario.jpg,,0.9,,,,
no_match,0.0,,Abbasso lo Stato e la Democrazia.jpg,Abbasso lo Stato e la Democrazia,Hans-Hermann HOPPE; Carlo Lottieri; Raimondo Cubeddu; Luca Fursi; Davide Gordon; Novello Papafava,,,,,Otros Idiomas\Italiano\Abbasso lo Stato e la Democrazia.jpg,D:\Documentos\Acracia\Biblioteca Acracia\  😬 Libros FALTANTES\Otros Idiomas\Italiano\Abbasso lo Stato e la Democrazia.jpg,,0.9,,,,
no_match,0.0,,"Addio vecchie monete, è l’ora di Bitcoin.jpg",Addio vecchie monete,Giovanni Birindelli; Gerardo Coco,,,,,"Otros Idiomas\Italiano\Addio vecchie monete, è l’ora di Bitcoin.jpg","D:\Documentos\Acracia\Biblioteca Acracia\  😬 Libros FALTANTES\Otros Idiomas\Italiano\Addio vecchie monete, è l’ora di Bitcoin.jpg",,0.9,,,,
no_match,100.0,,Anthony de Jasay (Classici contemporanei Vol. 3).jpg,Anthony de Jasay,Giacomo Brioni,Anthony de Jasay.pdf,Anthony de Jasay,,    🤓 AUTORES\   CATEGORÍAS\  🌗 Ancaps-Voluntaristas\ Anthony de Jasay\Anthony de Jasay.pdf,Otros Idiomas\Italiano\Anthony de Jasay (Classici contemporanei Vol. 3).jpg,D:\Documentos\Acracia\Biblioteca Acracia\  😬 Libros FALTANTES\Otros Idiomas\Italiano\Anthony de Jasay (Classici contemporanei Vol. 3).jpg,D:\Documentos\Acracia\Biblioteca Acracia\    🤓 AUTORES\   CATEGORÍAS\  🌗 Ancaps-Voluntaristas\ Anthony de Jasay\Anthony de Jasay.pdf,0.9,,,,
no_match,0.0,,Collettivismo e libertà economica.webp,Collettivismo e libertà economica,Bruno Leoni,,,,,Otros Idiomas\Italiano\Collettivismo e libertà economica.webp,D:\Documentos\Acracia\Biblioteca Acracia\  😬 Libros FALTANTES\Otros Idiomas\Italiano\Collettivismo e libertà economica.webp,,0.9,,,,
no_match,98.9,19.0,DAVID BOAZ – LIBERTARISMO.jpg,Libertarismo,David Boaz, Vernaglione - El Libertarismo.pdf,El Libertarismo,Vernaglione,   👀 TEMAS\    💛 LIBERTAD\ Vernaglione - El Libertarismo.pdf,Otros Idiomas\Italiano\DAVID BOAZ – LIBERTARISMO.jpg,D:\Documentos\Acracia\Biblioteca Acracia\  😬 Libros FALTANTES\Otros Idiomas\Italiano\DAVID BOAZ – LIBERTARISMO.jpg,D:\Documentos\Acracia\Biblioteca Acracia\   👀 TEMAS\    💛 LIBERTAD\ Vernaglione - El Libertarismo.pdf,0.9, Kuznicki - Libertarismo Kantiano.pdf,90.0, Rothbard - Mitos del Libertarismo.pdf,88.8
no_match,0.0,,Duos Pontes.jpg,DUOS PONTES,Bruno Leoni,,,,,Otros Idiomas\Italiano\Duos Pontes.jpg,D:\Documentos\Acracia\Biblioteca Acracia\  😬 Libros FALTANTES\Otros Idiomas\Italiano\Duos Pontes.jpg,,0.9,,,,
no_match,83.3,21.1,Etica Hacker e Anarco-Capitalismo.jpg,ETICA HACKER E ANARCO-CAPITALISMO,IPPOLITA, Vernaglione - El Anarco-Capitalismo.pdf,El Anarco-Capitalismo,Vernaglione,     ✍️ EDITORIAL Acraci\ 🔡 Traducciones\ Vernaglione - El Anarco-Capitalismo.pdf,Otros Idiomas\Italiano\Etica Hacker e Anarco-Capitalismo.jpg,D:\Documentos\Acracia\Biblioteca Acracia\  😬 Libros FALTANTES\Otros Idiomas\Italiano\Etica Hacker e Anarco-Capitalismo.jpg,D:\Documentos\Acracia\Biblioteca Acracia\     ✍️ EDITORIAL Acraci\ 🔡 Traducciones\ Vernaglione - El Anarco-Capitalismo.pdf,0.9,,,,
no_match,0.0,,GUGLIELMO PIOMBINI – L’EPOPEA LIBERTARIA DEL FAR WEST - Guglielmo Piombini.jpg,L'epopea libertaria del Far West,Guglielmo Piombini; Terry Anderson; P.J. Hill,,,,,Otros Idiomas\Italiano\GUGLIELMO PIOMBINI – L’EPOPEA LIBERTARIA DEL FAR WEST - Guglielmo Piombini.jpg,D:\Documentos\Acracia\Biblioteca Acracia\  😬 Libros FALTANTES\Otros Idiomas\Italiano\GUGLIELMO PIOMBINI – L’EPOPEA LIBERTARIA DEL FAR WEST - Guglielmo Piombini.jpg,,0.9,,,,
no_match,0.0,,Il diritto come pretesa individuale.jpg,Il diritto come pretesa individuale,Bruno Leoni,,,,,Otros Idiomas\Italiano\Il diritto come pretesa individuale.jpg,D:\Documentos\Acracia\Biblioteca Acracia\  😬 Libros FALTANTES\Otros Idiomas\Italiano\Il diritto come pretesa individuale.jpg,,0.9,,,,
no_match,0.0,,Il diritto come pretesa.jpg,Il diritto come pretesa,Bruno Leoni,,,,,Otros Idiomas\Italiano\Il diritto come pretesa.jpg,D:\Documentos\Acracia\Biblioteca Acracia\  😬 Libros FALTANTES\Otros Idiomas\Italiano\Il diritto come pretesa.jpg,,0.9,,,,
no_match,0.0,,Il federalismo libertario.jpg,Il federalismo libertario,Camillo Berneri,,,,,Otros Idiomas\Italiano\Il federalismo libertario.jpg,D:\Documentos\Acracia\Biblioteca Acracia\  😬 Libros FALTANTES\Otros Idiomas\Italiano\Il federalismo libertario.jpg,,0.9,,,,
no_match,0.0,,Il pensiero libertario contemporaneo.jpg,Il pensiero libertario,Carlo Lottieri,,,,,Otros Idiomas\Italiano\Il pensiero libertario contemporaneo.jpg,D:\Documentos\Acracia\Biblioteca Acracia\  😬 Libros FALTANTES\Otros Idiomas\Italiano\Il pensiero libertario contemporaneo.jpg,,0.9,,,,
no_match,0.0,,"La libertà del lavoro. Scritti su concorrenza, sciopero e serrata.jpg",La libertà del lavoro,Bruno Leoni; Carlo Lottieri; Sergio Ricossa,,,,,"Otros Idiomas\Italiano\La libertà del lavoro. Scritti su concorrenza, sciopero e serrata.jpg","D:\Documentos\Acracia\Biblioteca Acracia\  😬 Libros FALTANTES\Otros Idiomas\Italiano\La libertà del lavoro. Scritti su concorrenza, sciopero e serrata.jpg",,0.9,,,,
no_match,0.0,,La Libertà necessaria. Vademecum del libertario liberato.jpg,La Libertà necessaria,,,,,,Otros Idiomas\Italiano\La Libertà necessaria. Vademecum del libertario liberato.jpg,D:\Documentos\Acracia\Biblioteca Acracia\  😬 Libros FALTANTES\Otros Idiomas\Italiano\La Libertà necessaria. Vademecum del libertario liberato.jpg,,0.7,,,,
no_match,0.0,,La teoria politica di Bruno Leoni.jpg,LA TEORIA POLITICA DI BRUNO LEONI,a cura di Antonio Masala; introduzione di Angelo Panebianco,,,,,Otros Idiomas\Italiano\La teoria politica di Bruno Leoni.jpg,D:\Documentos\Acracia\Biblioteca Acracia\  😬 Libros FALTANTES\Otros Idiomas\Italiano\La teoria politica di Bruno Leoni.jpg,,0.9,,,,
no_match,0.0,,Lezioni di dottrina dello stato.jpg,Lezioni di dottrina dello Stato,Bruno Leoni; Raffaele De Mucci; Lorenzo Infantino,,,,,Otros Idiomas\Italiano\Lezioni di dottrina dello stato.jpg,D:\Documentos\Acracia\Biblioteca Acracia\  😬 Libros FALTANTES\Otros Idiomas\Italiano\Lezioni di dottrina dello stato.jpg,,0.9,,,,
no_match,0.0,,"Libero commercio, Cos’è e come ci rende tutti più ricchi.jpg",LIBERO COMMERCIO,DONALD J. BOUDREAUX,,,,,"Otros Idiomas\Italiano\Libero commercio, Cos’è e come ci rende tutti più ricchi.jpg","D:\Documentos\Acracia\Biblioteca Acracia\  😬 Libros FALTANTES\Otros Idiomas\Italiano\Libero commercio, Cos’è e come ci rende tutti più ricchi.jpg",,0.9,,,,
no_match,0.0,,LiLibIt.net. Utopia di un cybermovimento liberale e libertario.jpg,LiLibIt.net,Sergio Fumich,,,,,Otros Idiomas\Italiano\LiLibIt.net. Utopia di un cybermovimento liberale e libertario.jpg,D:\Documentos\Acracia\Biblioteca Acracia\  😬 Libros FALTANTES\Otros Idiomas\Italiano\LiLibIt.net. Utopia di un cybermovimento liberale e libertario.jpg,,0.9,,,,
no_match,0.0,,"Lo Stato (Mercato, Diritto e Libertà).jpg",Libertà,Anthony de Jasay,,,,,"Otros Idiomas\Italiano\Lo Stato (Mercato, Diritto e Libertà).jpg","D:\Documentos\Acracia\Biblioteca Acracia\  😬 Libros FALTANTES\Otros Idiomas\Italiano\Lo Stato (Mercato, Diritto e Libertà).jpg",,0.9,,,,
no_match,98.9,,Murray N. Rothbard (Classici contemporanei Vol. 5).jpg,MURRAY N. ROTHBARD,Roberta Adelaide Modugno,  Murray Rothbard.pdf,Murray Rothbard,,    🤓 AUTORES\   CATEGORÍAS\  🌗 Ancaps-Voluntaristas\  Murray Rothbard\  Murray Rothbard.pdf,Otros Idiomas\Italiano\Murray N. Rothbard (Classici contemporanei Vol. 5).jpg,D:\Documentos\Acracia\Biblioteca Acracia\  😬 Libros FALTANTES\Otros Idiomas\Italiano\Murray N. Rothbard (Classici contemporanei Vol. 5).jpg,D:\Documentos\Acracia\Biblioteca Acracia\    🤓 AUTORES\   CATEGORÍAS\  🌗 Ancaps-Voluntaristas\  Murray Rothbard\  Murray Rothbard.pdf,0.9,Rothbard - Más allá del ser y el deber ser.pdf,100.0,"Rothbard - Historia de la Ciencia, Los Wighs se vuelven locos.pdf",99.2
no_match,0.0,,"Opere complete. III, Lezioni di filosofia del diritto e di dottrina dello Stato.jpg",OPERE COMPLETE,Bruno Leoni,,,,,"Otros Idiomas\Italiano\Opere complete. III, Lezioni di filosofia del diritto e di dottrina dello Stato.jpg","D:\Documentos\Acracia\Biblioteca Acracia\  😬 Libros FALTANTES\Otros Idiomas\Italiano\Opere complete. III, Lezioni di filosofia del diritto e di dottrina dello Stato.jpg",,0.9,,,,
no_match,0.0,,Per un liberalismo integrale.jpg,Per un liberalismo integrale,Bruno Leoni; Roberta Adelaide Modugno; Diana Thermes,,,,,Otros Idiomas\Italiano\Per un liberalismo integrale.jpg,D:\Documentos\Acracia\Biblioteca Acracia\  😬 Libros FALTANTES\Otros Idiomas\Italiano\Per un liberalismo integrale.jpg,,0.9,,,,
no_match,0.0,,Per un Libertarismo vincente. Strategie politiche e culturali.jpg,Per un libertarismo vincente,Beniamino Di Martino,,,,,Otros Idiomas\Italiano\Per un Libertarismo vincente. Strategie politiche e culturali.jpg,D:\Documentos\Acracia\Biblioteca Acracia\  😬 Libros FALTANTES\Otros Idiomas\Italiano\Per un Libertarismo vincente. Strategie politiche e culturali.jpg,,0.9,,,,
no_match,0.0,,Sciopero e serrata.jpg,Sciopero e serrata,Bruno Leoni,,,,,Otros Idiomas\Italiano\Sciopero e serrata.jpg,D:\Documentos\Acracia\Biblioteca Acracia\  😬 Libros FALTANTES\Otros Idiomas\Italiano\Sciopero e serrata.jpg,,0.9,,,,
no_match,0.0,,Scritti di scienza politica e teoria del diritto.jpg,Scritti,Bruno Leoni,,,,,Otros Idiomas\Italiano\Scritti di scienza politica e teoria del diritto.jpg,D:\Documentos\Acracia\Biblioteca Acracia\  😬 Libros FALTANTES\Otros Idiomas\Italiano\Scritti di scienza politica e teoria del diritto.jpg,,0.9,,,,
no_match,0.0,,Une réponse juive à l_anarcho-capitalisme_ Judéo-économie - Richard Sitbon.jpg,Une réponse juive à l'anarcho-capitalisme,Richard SITBON,,,,,Otros Idiomas\Italiano\Une réponse juive à l_anarcho-capitalisme_ Judéo-économie - Richard Sitbon.jpg,D:\Documentos\Acracia\Biblioteca Acracia\  😬 Libros FALTANTES\Otros Idiomas\Italiano\Une réponse juive à l_anarcho-capitalisme_ Judéo-économie - Richard Sitbon.jpg,,0.9,,,,
no_match,0.0,,"Éclairs de Liberté, Recueil.jpg",Éclairs de Liberté,Stéphane Geyres,,,,,"Otros Idiomas\Italiano\Éclairs de Liberté, Recueil.jpg","D:\Documentos\Acracia\Biblioteca Acracia\  😬 Libros FALTANTES\Otros Idiomas\Italiano\Éclairs de Liberté, Recueil.jpg",,0.9,,,,
no_match,0.0,,Libertá e instituzioni nella cittá volontaria.jpg,Libertà e istituzioni nella città volontaria,Grazia Brunetta; Stefano Moroni,,,,,Otros Idiomas\Libertá e instituzioni nella cittá volontaria.jpg,D:\Documentos\Acracia\Biblioteca Acracia\  😬 Libros FALTANTES\Otros Idiomas\Libertá e instituzioni nella cittá volontaria.jpg,,0.9,,,,
no_match,84.4,,O Manifesto Libertário.jpg,O Manifesto Libertário,David Boaz,BREVE MANIFIESTO LIBERTARIO.pdf,BREVE MANIFIESTO LIBERTARIO,,      😱 NUEVO 2026\🗓️ 2023-2024\ Nuevo 2023\ Julio-Diciembre\  Diciembre\BREVE MANIFIESTO LIBERTARIO.pdf,Otros Idiomas\Portugués\O Manifesto Libertário.jpg,D:\Documentos\Acracia\Biblioteca Acracia\  😬 Libros FALTANTES\Otros Idiomas\Portugués\O Manifesto Libertário.jpg,D:\Documentos\Acracia\Biblioteca Acracia\      😱 NUEVO 2026\🗓️ 2023-2024\ Nuevo 2023\ Julio-Diciembre\  Diciembre\BREVE MANIFIESTO LIBERTARIO.pdf,0.9,El Manifiesto Libertario - Resumen.pdf,88.7, Rothbard - El Manifiesto Libertario.pdf,88.7
no_match,0.0,,"Red Teaming, théorie des jeux, panpsychisme et perception quantique - Ravikumar Kurup.jpg","Red Teaming, théorie des jeux, panpsychisme et perception quantique",Ravikumar Kurup; Parameswara Achutha Kurup,,,,,"Otros Idiomas\Red Teaming, théorie des jeux, panpsychisme et perception quantique - Ravikumar Kurup.jpg","D:\Documentos\Acracia\Biblioteca Acracia\  😬 Libros FALTANTES\Otros Idiomas\Red Teaming, théorie des jeux, panpsychisme et perception quantique - Ravikumar Kurup.jpg",,0.9,,,,
no_match,98.9,,"Murray Rothbard, Liberteryen Gelenekte ve Siyaset Felsefesindeki Yeri.jpg",Murray N. Rothbard,Ahmet Taner,  Murray Rothbard.pdf,Murray Rothbard,,    🤓 AUTORES\   CATEGORÍAS\  🌗 Ancaps-Voluntaristas\  Murray Rothbard\  Murray Rothbard.pdf,"Otros Idiomas\Turco\Murray Rothbard, Liberteryen Gelenekte ve Siyaset Felsefesindeki Yeri.jpg","D:\Documentos\Acracia\Biblioteca Acracia\  😬 Libros FALTANTES\Otros Idiomas\Turco\Murray Rothbard, Liberteryen Gelenekte ve Siyaset Felsefesindeki Yeri.jpg",D:\Documentos\Acracia\Biblioteca Acracia\    🤓 AUTORES\   CATEGORÍAS\  🌗 Ancaps-Voluntaristas\  Murray Rothbard\  Murray Rothbard.pdf,0.9,"Murray Rothbard by Gerard Casey, John Meado.pdf",98.9,Rothbard - Más allá del ser y el deber ser.pdf,100.0
no_match,0.0,,"Pequeños estados, grandes posibilidades_.jpg",ESTADOS PEQUEÑOS. GRANDES POSIBILIDADES,ANDREAS MARQUART; PHILIPP BAGUS,,,,,"Pequeños estados, grandes posibilidades_.jpg","D:\Documentos\Acracia\Biblioteca Acracia\  😬 Libros FALTANTES\Pequeños estados, grandes posibilidades_.jpg",,0.9,,,,
no_match,0.0,,Por qué está bien querer ser rico.jpg,POR QUÉ ESTÁ BIEN QUERER,JASON BRENNAN,,,,,Por qué está bien querer ser rico.jpg,D:\Documentos\Acracia\Biblioteca Acracia\  😬 Libros FALTANTES\Por qué está bien querer ser rico.jpg,,0.9,,,,
no_match,0.0,,Proudhon Federalismo y Mutualismo Anarquistas.jpg,Proudhon,Florentino Iglesias,,,,,Proudhon Federalismo y Mutualismo Anarquistas.jpg,D:\Documentos\Acracia\Biblioteca Acracia\  😬 Libros FALTANTES\Proudhon Federalismo y Mutualismo Anarquistas.jpg,,0.9,,,,
no_match,0.0,,Proyecto de Estado Demarquía y Monarquía_.jpg,Demarquía y Minarquismo,Luis Alejandro Sellis Zeballos,,,,,Proyecto de Estado Demarquía y Monarquía_.jpg,D:\Documentos\Acracia\Biblioteca Acracia\  😬 Libros FALTANTES\Proyecto de Estado Demarquía y Monarquía_.jpg,,0.9,,,,
no_match,0.0,,Radiografía del Progre Woke.jpg,Radiografía del Progre Woke,Javier Bengoa,,,,,Radiografía del Progre Woke.jpg,D:\Documentos\Acracia\Biblioteca Acracia\  😬 Libros FALTANTES\Radiografía del Progre Woke.jpg,,0.9,,,,
no_match,0.0,,Secretos a Voces.jpg,Secretos a Voces,Ken Knabb,,,,,Secretos a Voces.jpg,D:\Documentos\Acracia\Biblioteca Acracia\  😬 Libros FALTANTES\Secretos a Voces.jpg,,0.9,,,,
no_match,84.1,12.5,Spencer - Instituciones Sociales.png,INSTITUCIONES SOCIALES,H. Spencer,Benson - Las Instituciones y la Evolución Espontánea de la Moralidad.pdf,Las instituciones,Galilei,   👀 TEMAS\    💛 LIBERTAD\⚖️ Ética y Moral\Temas Éticos Varios\  General\Benson - Las Instituciones y la Evolución Espontánea de la Moralidad.pdf,Spencer - Instituciones Sociales.png,D:\Documentos\Acracia\Biblioteca Acracia\  😬 Libros FALTANTES\Spencer - Instituciones Sociales.png,D:\Documentos\Acracia\Biblioteca Acracia\   👀 TEMAS\    💛 LIBERTAD\⚖️ Ética y Moral\Temas Éticos Varios\  General\Benson - Las Instituciones y la Evolución Espontánea de la Moralidad.pdf,0.9,Bruce Benson - Las Instituciones y la Evolución Espontánea de la Moralidad.pdf,84.1,,
no_match,94.5,,Teoría del Estado en tiempos de la cuarta revolución industrial_.jpg,Teoría del Estado,José Ricardo Pierpauli,El-Sistema-Publico-de-Pensiones-Conquista-Social-o-Expropiacion-de-la-Responsabilidad-Individual.pdf,Trabajo Teoria del Estado,,      😱 NUEVO 2026\El-Sistema-Publico-de-Pensiones-Conquista-Social-o-Expropiacion-de-la-Responsabilidad-Individual.pdf,Teoría del Estado en tiempos de la cuarta revolución industrial_.jpg,D:\Documentos\Acracia\Biblioteca Acracia\  😬 Libros FALTANTES\Teoría del Estado en tiempos de la cuarta revolución industrial_.jpg,D:\Documentos\Acracia\Biblioteca Acracia\      😱 NUEVO 2026\El-Sistema-Publico-de-Pensiones-Conquista-Social-o-Expropiacion-de-la-Responsabilidad-Individual.pdf,0.9, Murphy - La Teoria del Caos. Derecho y Defensa Privada.pdf,83.1,,
no_match,94.0,21.4,Transhumanismo y ciudades de quince minutos_.jpg,Transhumanismo,José Ricardo Pierpauli, Gillis - Anarco-Transhumanismo.pdf,Anarco-Transhumanismo,Gillis,     ✍️ EDITORIAL Acraci\ Gillis - Anarco-Transhumanismo.pdf,Transhumanismo y ciudades de quince minutos_.jpg,D:\Documentos\Acracia\Biblioteca Acracia\  😬 Libros FALTANTES\Transhumanismo y ciudades de quince minutos_.jpg,D:\Documentos\Acracia\Biblioteca Acracia\     ✍️ EDITORIAL Acraci\ Gillis - Anarco-Transhumanismo.pdf,0.9,,,,
no_match,0.0,,Un anarquista de derechas (Luis Antonio de Villenas).jpeg,BAROJA,Luis Antonio de Villena,,,,,Un anarquista de derechas (Luis Antonio de Villenas).jpeg,D:\Documentos\Acracia\Biblioteca Acracia\  😬 Libros FALTANTES\Un anarquista de derechas (Luis Antonio de Villenas).jpeg,,0.9,,,,
no_match,0.0,,Un libertario quasi cristiano.jpg,Un libertario quasi cristiano,Murray N. Rothbard; Beniamino Di Martino,,,,,Un libertario quasi cristiano.jpg,D:\Documentos\Acracia\Biblioteca Acracia\  😬 Libros FALTANTES\Un libertario quasi cristiano.jpg,,0.9,,,,
no_match,0.0,,Un mundo contaminado - José Benegas_.jpg,UN MUNDO CONTAMINADO,JOSÉ BENEGAS,,,,,Un mundo contaminado - José Benegas_.jpg,D:\Documentos\Acracia\Biblioteca Acracia\  😬 Libros FALTANTES\Un mundo contaminado - José Benegas_.jpg,,0.9,,,,
no_match,0.0,,Una Evolución al Nacional Anarquismo.webp,UNA EVOLUCIÓN AL NACIONAL-ANARQUISMO,LEÓN DARÍO ZURBANO GUTIÉRREZ,,,,,Una Evolución al Nacional Anarquismo.webp,D:\Documentos\Acracia\Biblioteca Acracia\  😬 Libros FALTANTES\Una Evolución al Nacional Anarquismo.webp,,0.9,,,,
no_match,0.0,,Una reflexión sobre el anarquismo gitano - Rafael Buhigas.gif,UNA REFLEXIÓN SOBRE EL ANARQUISMO GITANO,Rafael Buhigas,,,,,Una reflexión sobre el anarquismo gitano - Rafael Buhigas.gif,D:\Documentos\Acracia\Biblioteca Acracia\  😬 Libros FALTANTES\Una reflexión sobre el anarquismo gitano - Rafael Buhigas.gif,,0.9,,,,
no_match,0.0,,Utopia Salvaje - Darcy Ribeiro.jpg,UTOPIA SALVAJE,darcy ribeiro,,,,,Utopia Salvaje - Darcy Ribeiro.jpg,D:\Documentos\Acracia\Biblioteca Acracia\  😬 Libros FALTANTES\Utopia Salvaje - Darcy Ribeiro.jpg,,0.9,,,,
no_match,0.0,,¿Anarquismo Gitano_.jpg,¿Anarquismo gitano?,Silvia Agüero Fernández; Nicolás Jiménez González,,,,,¿Anarquismo Gitano_.jpg,D:\Documentos\Acracia\Biblioteca Acracia\  😬 Libros FALTANTES\¿Anarquismo Gitano_.jpg,,0.9,,,,
